{"type":"FeatureCollection","features":[{"type":"Feature","geometry":{"type":"Polygon","coordinates":[[[28.05823,36.39771],[28.05828,36.39785],[28.05845,36.39805],[28.05849,36.39811],[28.05851,36.39826],[28.05841,36.39839],[28.05819,36.39903],[28.05823,36.39912],[28.05831,36.3991],[28.05843,36.39889],[28.05859,36.39846],[28.05865,36.39832],[28.05863,36.39814],[28.05856,36.39794],[28.05844,36.39794],[28.05834,36.39783],[28.05826,36.39767],[28.05822,36.39769],[28.05823,36.39771]]]},"properties":{}},{"type":"Feature","geometry":{"type":"Polygon","coordinates":[[[28.21132,36.35728],[28.21134,36.35731],[28.21137,36.35734],[28.21143,36.35736],[28.21147,36.35736],[28.21151,36.35736],[28.21154,36.35735],[28.21149,36.35726],[28.21148,36.35725],[28.21146,36.35724],[28.21144,36.35724],[28.21132,36.35728]]]},"properties":{"name":"Children Pool"}},{"type":"Feature","geometry":{"type":"Polygon","coordinates":[[[28.20977,36.36332],[28.20993,36.36335],[28.21007,36.36316],[28.20993,36.36308],[28.20977,36.36332]]]},"properties":{}},{"type":"Feature","geometry":{"type":"Polygon","coordinates":[[[28.21036,36.3641],[28.21031,36.36412],[28.2102,36.36415],[28.21016,36.36415],[28.21012,36.36423],[28.21014,36.36427],[28.21021,36.36426],[28.21034,36.36416],[28.21038,36.36411],[28.21036,36.3641]]]},"properties":{}},{"type":"Feature","geometry":{"type":"Polygon","coordinates":[[[28.20977,36.36355],[28.20983,36.3638],[28.20993,36.36393],[28.20995,36.36395],[28.21007,36.36403],[28.21022,36.36407],[28.21037,36.36404],[28.21031,36.36395],[28.21011,36.36389],[28.21003,36.36374],[28.20998,36.36359],[28.20997,36.36355],[28.20987,36.36352],[28.20977,36.36355]]]},"properties":{}},{"type":"Feature","geometry":{"type":"Polygon","coordinates":[[[28.21238,36.36401],[28.21246,36.36395],[28.2124,36.3639],[28.21232,36.36396],[28.21234,36.36397],[28.21237,36.364],[28.21238,36.36401]]]},"properties":{}},{"type":"Feature","geometry":{"type":"Polygon","coordinates":[[[28.21092,36.36494],[28.21088,36.36495],[28.21069,36.36482],[28.21068,36.36479],[28.21078,36.36469],[28.2108,36.36469],[28.21101,36.36483],[28.21101,36.36486],[28.21092,36.36494]]]},"properties":{}},{"type":"Feature","geometry":{"type":"Polygon","coordinates":[[[28.21883,36.36875],[28.21882,36.36873],[28.21879,36.36872],[28.21877,36.36872],[28.21874,36.36872],[28.21872,36.36873],[28.2187,36.36875],[28.21869,36.36877],[28.21869,36.36879],[28.2187,36.3688],[28.21871,36.36882],[28.21873,36.36883],[28.21876,36.36884],[28.21878,36.36884],[28.2188,36.36883],[28.21882,36.36882],[28.21884,36.36881],[28.21884,36.36879],[28.21884,36.36877],[28.21883,36.36875]]]},"properties":{}},{"type":"Feature","geometry":{"type":"Polygon","coordinates":[[[28.21808,36.36928],[28.218,36.36933],[28.21798,36.36929],[28.21798,36.36926],[28.21799,36.36924],[28.218,36.36922],[28.218,36.3692],[28.21799,36.36917],[28.21794,36.36914],[28.21791,36.36911],[28.21789,36.36908],[28.21788,36.36904],[28.21789,36.36899],[28.21792,36.36895],[28.21795,36.36892],[28.218,36.36889],[28.21804,36.36888],[28.21809,36.36889],[28.21814,36.36891],[28.21818,36.36891],[28.21821,36.36891],[28.21825,36.3689],[28.21828,36.36887],[28.21831,36.36886],[28.21835,36.36886],[28.21839,36.36887],[28.21841,36.36889],[28.21843,36.36892],[28.21844,36.36894],[28.21846,36.36896],[28.2185,36.36896],[28.21853,36.36896],[28.21855,36.36898],[28.21857,36.369],[28.21851,36.36903],[28.21848,36.369],[28.21842,36.36896],[28.21837,36.36894],[28.2183,36.36895],[28.21824,36.36895],[28.21818,36.36898],[28.21816,36.36895],[28.21812,36.36898],[28.21808,36.36902],[28.21806,36.36906],[28.21803,36.36911],[28.21803,36.36916],[28.21806,36.36924],[28.21808,36.36928]]]},"properties":{}},{"type":"Feature","geometry":{"type":"Polygon","coordinates":[[[28.24398,36.3882],[28.24397,36.38818],[28.24395,36.38816],[28.24392,36.38815],[28.24389,36.38815],[28.24386,36.38816],[28.24384,36.38818],[28.24382,36.3882],[28.24382,36.38823],[28.24384,36.38825],[28.24386,36.38827],[28.24389,36.38828],[28.24392,36.38828],[28.24395,36.38827],[28.24397,36.38825],[28.24398,36.38822],[28.24398,36.3882]]]},"properties":{}},{"type":"Feature","geometry":{"type":"Polygon","coordinates":[[[28.2421,36.38855],[28.24209,36.38853],[28.24206,36.38851],[28.24203,36.3885],[28.242,36.3885],[28.24197,36.38851],[28.24194,36.38853],[28.24193,36.38855],[28.24193,36.38858],[28.24194,36.38861],[28.24197,36.38863],[28.242,36.38864],[28.24203,36.38864],[28.24206,36.38862],[28.24209,36.38861],[28.2421,36.38858],[28.2421,36.38855]]]},"properties":{}},{"type":"Feature","geometry":{"type":"Polygon","coordinates":[[[28.24364,36.38781],[28.24363,36.38779],[28.2436,36.38777],[28.24358,36.38776],[28.24354,36.38776],[28.24352,36.38777],[28.24349,36.38779],[28.24348,36.38781],[28.24348,36.38784],[28.2435,36.38786],[28.24352,36.38788],[28.24355,36.38789],[28.24358,36.38789],[28.24361,36.38788],[28.24363,36.38786],[28.24364,36.38784],[28.24364,36.38781]]]},"properties":{}},{"type":"Feature","geometry":{"type":"Polygon","coordinates":[[[28.24383,36.38792],[28.24382,36.3879],[28.2438,36.38788],[28.24377,36.38787],[28.24374,36.38787],[28.24371,36.38788],[28.24369,36.3879],[28.24367,36.38792],[28.24367,36.38795],[28.24369,36.38797],[28.24371,36.38799],[28.24374,36.388],[28.24377,36.388],[28.2438,36.38799],[28.24382,36.38797],[28.24383,36.38795],[28.24383,36.38792]]]},"properties":{}},{"type":"Feature","geometry":{"type":"Polygon","coordinates":[[[28.24272,36.3894],[28.24269,36.38934],[28.24263,36.38929],[28.24256,36.38927],[28.24248,36.38927],[28.24241,36.3893],[28.24235,36.38934],[28.24232,36.3894],[28.24232,36.38947],[28.24235,36.38953],[28.24241,36.38957],[28.24248,36.3896],[28.24256,36.38959],[28.24264,36.38957],[28.24269,36.38952],[28.24272,36.38946],[28.24272,36.3894]]]},"properties":{}},{"type":"Feature","geometry":{"type":"Polygon","coordinates":[[[28.24233,36.38914],[28.2423,36.38908],[28.24224,36.38903],[28.24216,36.38901],[28.24208,36.38901],[28.24201,36.38903],[28.24195,36.38908],[28.24192,36.38914],[28.24192,36.38921],[28.24196,36.38927],[28.24201,36.38931],[28.24209,36.38933],[28.24217,36.38933],[28.24224,36.38931],[28.2423,36.38926],[28.24233,36.3892],[28.24233,36.38914]]]},"properties":{}},{"type":"Feature","geometry":{"type":"Polygon","coordinates":[[[28.19857,36.42697],[28.19853,36.42701],[28.19849,36.42701],[28.19846,36.42697],[28.19847,36.42693],[28.19847,36.42686],[28.1985,36.42685],[28.19852,36.42683],[28.19859,36.42683],[28.19859,36.42685],[28.19864,36.42685],[28.19864,36.42681],[28.19861,36.42679],[28.19869,36.42669],[28.19882,36.42676],[28.19873,36.42687],[28.19873,36.4269],[28.19875,36.42692],[28.1987,36.42698],[28.19857,36.42697]]]},"properties":{}},{"type":"Feature","geometry":{"type":"Polygon","coordinates":[[[28.19639,36.42531],[28.19642,36.42535],[28.19637,36.42538],[28.19633,36.42537],[28.19629,36.42533],[28.19624,36.4253],[28.19614,36.42527],[28.19613,36.42523],[28.19615,36.42519],[28.19619,36.42517],[28.19621,36.42513],[28.19618,36.42509],[28.19614,36.42507],[28.19611,36.42504],[28.19612,36.425],[28.19619,36.42498],[28.19623,36.42501],[28.19626,36.42505],[28.19631,36.42506],[28.19637,36.42506],[28.1964,36.4251],[28.19638,36.42514],[28.19636,36.42518],[28.19633,36.42518],[28.19628,36.42516],[28.19625,36.42518],[28.19622,36.42522],[28.19626,36.42526],[28.1963,36.42528],[28.19636,36.42529],[28.19639,36.42531]]]},"properties":{}},{"type":"Feature","geometry":{"type":"Polygon","coordinates":[[[28.19529,36.42304],[28.19532,36.42304],[28.19533,36.42301],[28.1953,36.423],[28.19529,36.42304]]]},"properties":{}},{"type":"Feature","geometry":{"type":"Polygon","coordinates":[[[28.19526,36.42252],[28.19529,36.4225],[28.19527,36.42249],[28.19524,36.42251],[28.19526,36.42252]]]},"properties":{}},{"type":"Feature","geometry":{"type":"Polygon","coordinates":[[[28.19528,36.42255],[28.19532,36.42252],[28.19531,36.42251],[28.19527,36.42254],[28.19528,36.42255]]]},"properties":{}},{"type":"Feature","geometry":{"type":"Polygon","coordinates":[[[28.19521,36.42248],[28.19524,36.42246],[28.19526,36.42247],[28.19523,36.42249],[28.19521,36.42248]]]},"properties":{}},{"type":"Feature","geometry":{"type":"Polygon","coordinates":[[[28.19519,36.42302],[28.19524,36.42302],[28.19525,36.42297],[28.1952,36.42297],[28.19519,36.42302]]]},"properties":{}},{"type":"Feature","geometry":{"type":"Polygon","coordinates":[[[28.19595,36.42254],[28.19599,36.42251],[28.19593,36.42245],[28.19588,36.42248],[28.19595,36.42254]]]},"properties":{}},{"type":"Feature","geometry":{"type":"Polygon","coordinates":[[[28.19451,36.42232],[28.19464,36.42236],[28.19467,36.4223],[28.19454,36.42226],[28.19451,36.42232]]]},"properties":{}},{"type":"Feature","geometry":{"type":"Polygon","coordinates":[[[28.19542,36.4226],[28.19545,36.42258],[28.19542,36.42256],[28.1954,36.42258],[28.19542,36.4226]]]},"properties":{}},{"type":"Feature","geometry":{"type":"Polygon","coordinates":[[[28.19831,36.42656],[28.19838,36.42657],[28.19841,36.4265],[28.19852,36.42653],[28.19854,36.42643],[28.19832,36.4264],[28.19831,36.42656]]]},"properties":{}},{"type":"Feature","geometry":{"type":"Polygon","coordinates":[[[28.2006,36.42727],[28.20062,36.42727],[28.20065,36.42727],[28.20066,36.42726],[28.20067,36.42725],[28.20068,36.42723],[28.20068,36.42722],[28.20067,36.42721],[28.20066,36.42719],[28.20064,36.42718],[28.20063,36.42718],[28.20061,36.42718],[28.20059,36.42719],[28.20058,36.4272],[28.20057,36.42721],[28.20057,36.42723],[28.20057,36.42724],[28.20058,36.42726],[28.2006,36.42727]]]},"properties":{}},{"type":"Feature","geometry":{"type":"Polygon","coordinates":[[[28.23105,36.40877],[28.23104,36.40873],[28.23111,36.40877],[28.23119,36.40879],[28.23122,36.40884],[28.23128,36.40886],[28.23128,36.4089],[28.23127,36.40893],[28.23126,36.409],[28.23128,36.40905],[28.23127,36.40909],[28.23123,36.40911],[28.23123,36.40913],[28.23122,36.40919],[28.2312,36.40922],[28.23117,36.4092],[28.23113,36.4092],[28.23111,36.40921],[28.23109,36.40922],[28.2311,36.40924],[28.23111,36.40926],[28.23111,36.40927],[28.23113,36.40928],[28.23114,36.40928],[28.23116,36.40927],[28.23117,36.40928],[28.23118,36.40929],[28.23118,36.40931],[28.23118,36.40933],[28.23116,36.40937],[28.23112,36.40939],[28.23106,36.40938],[28.23103,36.40939],[28.231,36.40939],[28.23099,36.40937],[28.23101,36.40934],[28.23102,36.40932],[28.23103,36.40929],[28.23104,36.40924],[28.23106,36.40917],[28.23109,36.40914],[28.23111,36.40911],[28.23111,36.4091],[28.23108,36.4091],[28.23105,36.40908],[28.23109,36.40907],[28.23113,36.40907],[28.23115,36.40903],[28.23115,36.409],[28.23115,36.40895],[28.23115,36.40892],[28.23113,36.40889],[28.23112,36.40886],[28.23109,36.40884],[28.23106,36.40881],[28.23105,36.40877]]]},"properties":{}},{"type":"Feature","geometry":{"type":"Polygon","coordinates":[[[28.22183,36.44734],[28.22199,36.44739],[28.222,36.44736],[28.22197,36.44735],[28.22198,36.44733],[28.22189,36.4473],[28.22188,36.44732],[28.22184,36.44731],[28.22183,36.44734]]]},"properties":{}},{"type":"Feature","geometry":{"type":"Polygon","coordinates":[[[28.22227,36.44754],[28.22227,36.44754],[28.22226,36.44754],[28.22226,36.44753],[28.22225,36.44754],[28.22224,36.44754],[28.22224,36.44754],[28.22223,36.44755],[28.22223,36.44755],[28.22223,36.44756],[28.22224,36.44756],[28.22224,36.44757],[28.22225,36.44757],[28.22225,36.44757],[28.22226,36.44757],[28.22227,36.44757],[28.22227,36.44756],[28.22227,36.44756],[28.22228,36.44755],[28.22227,36.44754]]]},"properties":{}},{"type":"Feature","geometry":{"type":"Polygon","coordinates":[[[28.22502,36.45041],[28.22501,36.4504],[28.225,36.45039],[28.225,36.45038],[28.22501,36.45038],[28.22501,36.45037],[28.22502,36.45036],[28.22503,36.45036],[28.22504,36.45036],[28.22505,36.45037],[28.22506,36.45037],[28.22506,36.45038],[28.22506,36.45039],[28.22506,36.4504],[28.22506,36.4504],[28.22505,36.45041],[28.22504,36.45041],[28.22503,36.45041],[28.22502,36.45041]]]},"properties":{}},{"type":"Feature","geometry":{"type":"Polygon","coordinates":[[[27.55759,36.68356],[27.55759,36.68352],[27.55749,36.68353],[27.55748,36.68354],[27.55748,36.68355],[27.5575,36.68356],[27.5575,36.68357],[27.55755,36.68356],[27.55756,36.68356],[27.55759,36.68356]]]},"properties":{}},{"type":"Feature","geometry":{"type":"Polygon","coordinates":[[[27.55954,36.68252],[27.55952,36.68249],[27.5595,36.68246],[27.5595,36.68243],[27.55952,36.68242],[27.55954,36.68243],[27.55958,36.68245],[27.55961,36.68248],[27.55962,36.6825],[27.55962,36.68252],[27.5596,36.68254],[27.55957,36.68255],[27.55954,36.68252]]]},"properties":{}},{"type":"Feature","geometry":{"type":"Polygon","coordinates":[[[27.55653,36.68808],[27.55659,36.68809],[27.5566,36.68801],[27.55654,36.688],[27.55653,36.68808]]]},"properties":{}},{"type":"Feature","geometry":{"type":"Polygon","coordinates":[[[27.55859,36.68656],[27.55872,36.68655],[27.55872,36.6865],[27.5586,36.68651],[27.5586,36.68654],[27.55859,36.68654],[27.55859,36.68656]]]},"properties":{}},{"type":"Feature","geometry":{"type":"Polygon","coordinates":[[[27.55617,36.70732],[27.55624,36.70736],[27.55627,36.70734],[27.5562,36.7073],[27.55617,36.70732]]]},"properties":{}},{"type":"Feature","geometry":{"type":"Polygon","coordinates":[[[27.55821,36.70652],[27.55821,36.70654],[27.55823,36.70654],[27.55826,36.70654],[27.55827,36.70654],[27.55828,36.70654],[27.55828,36.70653],[27.55831,36.70653],[27.55832,36.70651],[27.55831,36.7065],[27.5583,36.70649],[27.55822,36.7065],[27.55821,36.70652]]]},"properties":{}},{"type":"Feature","geometry":{"type":"Polygon","coordinates":[[[27.62135,36.77243],[27.6213,36.77241],[27.62127,36.77236],[27.62133,36.7723],[27.62141,36.77226],[27.62157,36.77222],[27.62172,36.77216],[27.62164,36.77224],[27.62155,36.77228],[27.62149,36.77234],[27.62142,36.77239],[27.62135,36.77243]]]},"properties":{}},{"type":"Feature","geometry":{"type":"Polygon","coordinates":[[[27.55672,37.01183],[27.55671,37.01175],[27.55676,37.01168],[27.55689,37.01169],[27.55696,37.01174],[27.55695,37.01181],[27.55686,37.01187],[27.55672,37.01183]]]},"properties":{}},{"type":"Feature","geometry":{"type":"Polygon","coordinates":[[[27.64639,37.01756],[27.64636,37.01755],[27.64633,37.01756],[27.6463,37.01757],[27.64628,37.01759],[27.64627,37.01762],[27.64627,37.01764],[27.64628,37.01767],[27.6463,37.01769],[27.64633,37.0177],[27.64636,37.0177],[27.64639,37.0177],[27.64642,37.01769],[27.64644,37.01767],[27.64645,37.01765],[27.64646,37.01763],[27.64645,37.01761],[27.64644,37.01759],[27.64642,37.01757],[27.64639,37.01756]]]},"properties":{}},{"type":"Feature","geometry":{"type":"Polygon","coordinates":[[[27.66077,37.01995],[27.66067,37.01988],[27.66069,37.01979],[27.66083,37.01979],[27.66099,37.01985],[27.66099,37.01992],[27.66091,37.01998],[27.66077,37.01995]]]},"properties":{}},{"type":"Feature","geometry":{"type":"Polygon","coordinates":[[[27.67704,37.02683],[27.67702,37.02686],[27.67698,37.02691],[27.67693,37.0269],[27.67697,37.02694],[27.67698,37.02697],[27.67705,37.02698],[27.6771,37.02699],[27.67714,37.02699],[27.67718,37.02699],[27.67721,37.02697],[27.67724,37.02694],[27.67725,37.02691],[27.67725,37.02688],[27.67724,37.02685],[27.67722,37.02683],[27.67719,37.02681],[27.67715,37.0268],[27.67711,37.0268],[27.67707,37.02681],[27.67704,37.02683]]]},"properties":{}},{"type":"Feature","geometry":{"type":"Polygon","coordinates":[[[27.56371,37.03223],[27.56349,37.03223],[27.56336,37.03231],[27.56329,37.03242],[27.56326,37.0325],[27.56329,37.03256],[27.56335,37.03259],[27.56342,37.03262],[27.56352,37.03262],[27.56362,37.03258],[27.56372,37.03251],[27.56381,37.03242],[27.56371,37.03223]]]},"properties":{}},{"type":"Feature","geometry":{"type":"Polygon","coordinates":[[[27.57693,37.03354],[27.57701,37.03351],[27.57709,37.03347],[27.57709,37.03342],[27.57704,37.03338],[27.57697,37.03338],[27.57685,37.03338],[27.57677,37.03341],[27.57675,37.03346],[27.57676,37.0335],[27.57678,37.03354],[27.57685,37.03355],[27.57693,37.03354]]]},"properties":{}},{"type":"Feature","geometry":{"type":"Polygon","coordinates":[[[27.55002,37.08051],[27.55006,37.08037],[27.55014,37.08032],[27.55021,37.08029],[27.55028,37.08022],[27.55037,37.08016],[27.55047,37.08007],[27.55057,37.07974],[27.55053,37.07969],[27.55039,37.07969],[27.55026,37.07973],[27.55015,37.07981],[27.55005,37.07998],[27.54997,37.08016],[27.54995,37.08034],[27.54995,37.08045],[27.54996,37.0805],[27.55002,37.08051]]]},"properties":{}},{"type":"Feature","geometry":{"type":"Polygon","coordinates":[[[27.57438,37.07882],[27.57431,37.07882],[27.57425,37.07885],[27.5742,37.07888],[27.57418,37.07893],[27.57417,37.07898],[27.57418,37.07903],[27.57422,37.07908],[27.57427,37.07911],[27.57433,37.07912],[27.5744,37.07912],[27.57445,37.0791],[27.5745,37.07908],[27.57453,37.07904],[27.57455,37.07899],[27.57455,37.07895],[27.57453,37.0789],[27.57449,37.07886],[27.57444,37.07883],[27.57438,37.07882]]]},"properties":{}},{"type":"Feature","geometry":{"type":"Polygon","coordinates":[[[27.58276,37.04437],[27.58259,37.04432],[27.58259,37.04428],[27.58246,37.04432],[27.58244,37.0444],[27.58252,37.04445],[27.58264,37.04451],[27.58267,37.04447],[27.58272,37.04448],[27.58276,37.04437]]]},"properties":{}},{"type":"Feature","geometry":{"type":"Polygon","coordinates":[[[27.6156,37.05745],[27.61585,37.05747],[27.61591,37.05745],[27.61594,37.0574],[27.61595,37.05732],[27.61587,37.05725],[27.61579,37.0572],[27.61569,37.05716],[27.61562,37.05718],[27.61557,37.0572],[27.61554,37.05734],[27.61555,37.05742],[27.6156,37.05745]]]},"properties":{}},{"type":"Feature","geometry":{"type":"Polygon","coordinates":[[[27.6166,37.05155],[27.61659,37.05158],[27.61656,37.0516],[27.61653,37.05162],[27.6165,37.05163],[27.61646,37.05163],[27.61642,37.05162],[27.61639,37.0516],[27.61637,37.05157],[27.61636,37.05154],[27.61637,37.05151],[27.61639,37.05148],[27.61642,37.05146],[27.61646,37.05144],[27.6165,37.05144],[27.61653,37.05145],[27.61656,37.05147],[27.61659,37.05149],[27.6166,37.05152],[27.6166,37.05155]]]},"properties":{}},{"type":"Feature","geometry":{"type":"Polygon","coordinates":[[[27.58653,37.0655],[27.58654,37.06535],[27.5865,37.06522],[27.5862,37.06516],[27.58607,37.06515],[27.586,37.0651],[27.58586,37.06513],[27.58584,37.06522],[27.5859,37.06531],[27.58605,37.06534],[27.58609,37.06549],[27.58634,37.06563],[27.58646,37.06559],[27.58653,37.0655]]]},"properties":{}},{"type":"Feature","geometry":{"type":"Polygon","coordinates":[[[27.58008,37.07096],[27.5802,37.07089],[27.58026,37.07077],[27.5802,37.07069],[27.58009,37.07064],[27.57997,37.07063],[27.57988,37.07066],[27.5798,37.07073],[27.57979,37.07083],[27.57984,37.07089],[27.57993,37.07094],[27.58008,37.07096]]]},"properties":{}},{"type":"Feature","geometry":{"type":"Polygon","coordinates":[[[27.60585,37.06698],[27.60569,37.06704],[27.60562,37.0671],[27.60563,37.06721],[27.60552,37.06749],[27.60556,37.06754],[27.60556,37.06762],[27.60572,37.06767],[27.60588,37.06765],[27.60599,37.06759],[27.60612,37.06743],[27.60612,37.06728],[27.60615,37.06721],[27.60613,37.0671],[27.6061,37.06705],[27.60599,37.06696],[27.60585,37.06698]]]},"properties":{}},{"type":"Feature","geometry":{"type":"Polygon","coordinates":[[[27.68049,37.04106],[27.68051,37.04104],[27.68052,37.04101],[27.68052,37.04099],[27.6805,37.04096],[27.68048,37.04094],[27.68045,37.04093],[27.68041,37.04092],[27.68038,37.04093],[27.68035,37.04094],[27.68033,37.04096],[27.68031,37.04099],[27.68031,37.04101],[27.68032,37.04104],[27.68034,37.04106],[27.68037,37.04108],[27.6804,37.04109],[27.68043,37.04109],[27.68046,37.04108],[27.68049,37.04106]]]},"properties":{}},{"type":"Feature","geometry":{"type":"Polygon","coordinates":[[[27.66023,37.05997],[27.66028,37.06015],[27.6606,37.06026],[27.66087,37.0604],[27.661,37.06041],[27.66107,37.06024],[27.6613,37.06011],[27.66141,37.05979],[27.66127,37.0597],[27.66131,37.05955],[27.66118,37.05942],[27.66109,37.0594],[27.66104,37.05945],[27.66094,37.05944],[27.66085,37.05935],[27.66069,37.05936],[27.6606,37.05944],[27.66043,37.05979],[27.66023,37.05997]]]},"properties":{}},{"type":"Feature","geometry":{"type":"Polygon","coordinates":[[[27.61778,37.08802],[27.61774,37.0878],[27.61758,37.08748],[27.61736,37.0874],[27.6172,37.08752],[27.61681,37.08757],[27.61677,37.08767],[27.6168,37.08792],[27.61697,37.08807],[27.61717,37.0882],[27.61725,37.08838],[27.61747,37.08845],[27.61762,37.08841],[27.61778,37.08802]]]},"properties":{}},{"type":"Feature","geometry":{"type":"Polygon","coordinates":[[[27.86226,36.60956],[27.86229,36.60959],[27.86233,36.60959],[27.86238,36.60958],[27.8624,36.60955],[27.86241,36.60952],[27.8624,36.6095],[27.86238,36.60949],[27.86234,36.60949],[27.86231,36.60949],[27.86227,36.60952],[27.86226,36.60955],[27.86226,36.60956]]]},"properties":{}},{"type":"Feature","geometry":{"type":"Polygon","coordinates":[[[27.69351,36.71652],[27.6936,36.71693],[27.69381,36.7169],[27.69372,36.71649],[27.69351,36.71652]]]},"properties":{}},{"type":"Feature","geometry":{"type":"Polygon","coordinates":[[[27.6932,36.71696],[27.69311,36.71656],[27.69331,36.71653],[27.69339,36.71693],[27.6932,36.71696]]]},"properties":{}},{"type":"Feature","geometry":{"type":"Polygon","coordinates":[[[27.69422,36.71654],[27.69424,36.71653],[27.69426,36.71652],[27.69428,36.71651],[27.69431,36.71651],[27.69433,36.71651],[27.69435,36.71652],[27.69438,36.71652],[27.6944,36.71653],[27.69441,36.71655],[27.69443,36.71656],[27.69444,36.71658],[27.69444,36.7166],[27.69444,36.71662],[27.69444,36.71664],[27.69444,36.71665],[27.69442,36.71667],[27.69441,36.71669],[27.69439,36.7167],[27.69437,36.71671],[27.69435,36.71672],[27.69433,36.71672],[27.69431,36.71672],[27.69428,36.71672],[27.69426,36.71671],[27.69424,36.7167],[27.69422,36.71669],[27.6942,36.71668],[27.69419,36.71666],[27.69418,36.71664],[27.69418,36.71662],[27.69418,36.71661],[27.69419,36.71659],[27.69419,36.71657],[27.69421,36.71655],[27.69422,36.71654]]]},"properties":{}},{"type":"Feature","geometry":{"type":"Polygon","coordinates":[[[27.69388,36.71657],[27.69389,36.71655],[27.69392,36.71655],[27.69394,36.71654],[27.69396,36.71654],[27.69399,36.71654],[27.69401,36.71654],[27.69403,36.71655],[27.69405,36.71656],[27.69407,36.71657],[27.69408,36.71659],[27.69409,36.71661],[27.6941,36.71663],[27.6941,36.71664],[27.6941,36.71666],[27.69409,36.71668],[27.69408,36.7167],[27.69407,36.71671],[27.69405,36.71673],[27.69403,36.71674],[27.69401,36.71674],[27.69398,36.71675],[27.69396,36.71675],[27.69394,36.71675],[27.69391,36.71674],[27.69389,36.71673],[27.69387,36.71672],[27.69386,36.7167],[27.69385,36.71669],[27.69384,36.71667],[27.69383,36.71665],[27.69384,36.71663],[27.69384,36.71661],[27.69385,36.7166],[27.69386,36.71658],[27.69388,36.71657]]]},"properties":{}},{"type":"Feature","geometry":{"type":"Polygon","coordinates":[[[28.00348,36.59189],[28.00349,36.59177],[28.00354,36.59171],[28.00362,36.59169],[28.00373,36.5917],[28.00379,36.59176],[28.00378,36.59186],[28.00366,36.59191],[28.00348,36.59189]]]},"properties":{"name":"Kıran Gölü"}},{"type":"Feature","geometry":{"type":"Polygon","coordinates":[[[28.03483,36.59886],[28.03478,36.59884],[28.03483,36.59881],[28.03487,36.59884],[28.03483,36.59886]]]},"properties":{}},{"type":"Feature","geometry":{"type":"Polygon","coordinates":[[[28.08494,36.61212],[28.08475,36.61187],[28.08458,36.61181],[28.08447,36.61171],[28.08446,36.61167],[28.08449,36.61159],[28.08462,36.61149],[28.08474,36.61149],[28.08492,36.61157],[28.08497,36.61165],[28.08499,36.61179],[28.08505,36.61183],[28.08509,36.61178],[28.08513,36.61169],[28.08523,36.6116],[28.08529,36.61159],[28.08538,36.61165],[28.08539,36.6117],[28.08528,36.61181],[28.08526,36.61185],[28.08528,36.61202],[28.08524,36.6121],[28.08511,36.61218],[28.08504,36.61217],[28.08494,36.61212]]]},"properties":{}},{"type":"Feature","geometry":{"type":"Polygon","coordinates":[[[28.04056,36.69314],[28.04045,36.69308],[28.0405,36.69301],[28.04062,36.69307],[28.04056,36.69314]]]},"properties":{}},{"type":"Feature","geometry":{"type":"Polygon","coordinates":[[[28.04047,36.69325],[28.04055,36.69315],[28.04046,36.6931],[28.04038,36.6932],[28.04047,36.69325]]]},"properties":{}},{"type":"Feature","geometry":{"type":"Polygon","coordinates":[[[28.06487,36.67539],[28.06485,36.67534],[28.06489,36.67515],[28.06493,36.67509],[28.06495,36.67503],[28.06498,36.67495],[28.065,36.67488],[28.065,36.67479],[28.06499,36.67471],[28.06496,36.67463],[28.06492,36.67456],[28.06492,36.67454],[28.06496,36.67453],[28.065,36.67453],[28.06506,36.67454],[28.06509,36.67456],[28.06509,36.67461],[28.06512,36.67466],[28.06515,36.67471],[28.06516,36.67479],[28.06516,36.67487],[28.06514,36.67489],[28.06512,36.67491],[28.06512,36.67494],[28.06511,36.67496],[28.06506,36.67498],[28.06504,36.67501],[28.065,36.67513],[28.06497,36.67525],[28.06494,36.67533],[28.06493,36.67537],[28.06487,36.67539]]]},"properties":{}},{"type":"Feature","geometry":{"type":"Polygon","coordinates":[[[27.68582,36.71947],[27.68589,36.71941],[27.68594,36.71935],[27.68593,36.7193],[27.68597,36.71922],[27.686,36.71917],[27.686,36.71913],[27.68601,36.71911],[27.68606,36.7191],[27.68612,36.71908],[27.68616,36.71905],[27.68618,36.71902],[27.68621,36.71902],[27.68628,36.71901],[27.68633,36.71901],[27.68627,36.71907],[27.6863,36.71908],[27.68644,36.71905],[27.68652,36.71902],[27.68665,36.71911],[27.6868,36.71919],[27.68691,36.71927],[27.68695,36.71936],[27.68697,36.71942],[27.68699,36.71944],[27.68701,36.71955],[27.68703,36.71956],[27.68696,36.71962],[27.6869,36.71964],[27.68677,36.71969],[27.6867,36.7197],[27.68667,36.71971],[27.68647,36.71981],[27.68633,36.71976],[27.68624,36.7197],[27.68616,36.71963],[27.68604,36.71958],[27.68592,36.71953],[27.68585,36.7195],[27.68582,36.71947]]]},"properties":{}},{"type":"Feature","geometry":{"type":"Polygon","coordinates":[[[27.6869,36.71969],[27.68696,36.71976],[27.68704,36.71982],[27.68705,36.7198],[27.68705,36.71979],[27.68701,36.71968],[27.68697,36.71964],[27.68692,36.71967],[27.6869,36.71969]]]},"properties":{}},{"type":"Feature","geometry":{"type":"Polygon","coordinates":[[[27.68736,36.72182],[27.68738,36.72179],[27.68739,36.72179],[27.68744,36.72181],[27.68741,36.72185],[27.68736,36.72182]]]},"properties":{}},{"type":"Feature","geometry":{"type":"Polygon","coordinates":[[[27.69447,36.71675],[27.69448,36.71676],[27.69449,36.71676],[27.6945,36.71676],[27.69451,36.71677],[27.69452,36.71678],[27.69452,36.71679],[27.69452,36.7168],[27.69451,36.71681],[27.69451,36.71682],[27.6945,36.71683],[27.69449,36.71683],[27.69447,36.71683],[27.69446,36.71683],[27.69445,36.71683],[27.69444,36.71682],[27.69443,36.71681],[27.69443,36.7168],[27.69442,36.71679],[27.69442,36.71678],[27.69443,36.71677],[27.69444,36.71677],[27.69445,36.71676],[27.69446,36.71676],[27.69447,36.71675]]]},"properties":{}},{"type":"Feature","geometry":{"type":"Polygon","coordinates":[[[27.77587,36.78202],[27.77588,36.78173],[27.7756,36.78175],[27.77557,36.782],[27.77587,36.78202]]]},"properties":{}},{"type":"Feature","geometry":{"type":"Polygon","coordinates":[[[27.77876,36.78318],[27.77877,36.78306],[27.77863,36.78291],[27.77844,36.78289],[27.77826,36.783],[27.77807,36.78314],[27.77804,36.78325],[27.77814,36.78332],[27.77837,36.78331],[27.77857,36.78326],[27.77876,36.78318]]]},"properties":{}},{"type":"Feature","geometry":{"type":"Polygon","coordinates":[[[28.1185,36.62848],[28.11877,36.62858],[28.11974,36.62801],[28.11965,36.62789],[28.11957,36.62787],[28.11928,36.62799],[28.11903,36.62804],[28.11867,36.62805],[28.1186,36.62812],[28.1185,36.62848]]]},"properties":{}},{"type":"Feature","geometry":{"type":"Polygon","coordinates":[[[28.11534,36.63417],[28.11532,36.63408],[28.11533,36.63401],[28.1154,36.63391],[28.11544,36.63385],[28.1156,36.63382],[28.11577,36.6338],[28.1159,36.63387],[28.11602,36.63392],[28.11606,36.63389],[28.11615,36.63391],[28.11613,36.63396],[28.11625,36.63403],[28.11633,36.63409],[28.11633,36.63418],[28.11626,36.63425],[28.11621,36.63433],[28.11613,36.6344],[28.11606,36.63444],[28.11598,36.63448],[28.11589,36.63448],[28.11568,36.63436],[28.11558,36.63428],[28.11545,36.63422],[28.11534,36.63417]]]},"properties":{}},{"type":"Feature","geometry":{"type":"Polygon","coordinates":[[[28.11721,36.63368],[28.11723,36.63355],[28.11721,36.63343],[28.11725,36.63337],[28.11738,36.63339],[28.11748,36.63344],[28.11758,36.63346],[28.11767,36.63348],[28.11766,36.63356],[28.11755,36.63366],[28.11744,36.63372],[28.11735,36.63375],[28.11725,36.63371],[28.11721,36.63368]]]},"properties":{}},{"type":"Feature","geometry":{"type":"Polygon","coordinates":[[[28.12998,36.75544],[28.13006,36.75529],[28.1301,36.75518],[28.13017,36.75519],[28.13022,36.75531],[28.13026,36.75539],[28.13024,36.75554],[28.13015,36.75578],[28.13008,36.75613],[28.13005,36.75631],[28.13006,36.7566],[28.13003,36.75701],[28.13013,36.75733],[28.1303,36.75781],[28.13045,36.75823],[28.13049,36.75848],[28.13052,36.75881],[28.13054,36.75893],[28.13045,36.75889],[28.1304,36.75897],[28.13041,36.75902],[28.13012,36.75894],[28.13,36.75857],[28.1298,36.75785],[28.12977,36.75727],[28.12977,36.75686],[28.12978,36.75631],[28.12989,36.75579],[28.12993,36.7556],[28.12998,36.75544]]]},"properties":{}},{"type":"Feature","geometry":{"type":"Polygon","coordinates":[[[28.2015,36.75562],[28.20156,36.75562],[28.2016,36.75564],[28.20164,36.75566],[28.20166,36.75569],[28.20167,36.75573],[28.20169,36.75578],[28.20168,36.75582],[28.20165,36.75586],[28.20161,36.75588],[28.20157,36.7559],[28.2015,36.7559],[28.20145,36.7559],[28.2014,36.75587],[28.20137,36.75584],[28.20134,36.75582],[28.20133,36.75578],[28.20133,36.75573],[28.20134,36.75569],[28.20137,36.75565],[28.20141,36.75563],[28.20146,36.75562],[28.2015,36.75562]]]},"properties":{}},{"type":"Feature","geometry":{"type":"Polygon","coordinates":[[[28.20449,36.75799],[28.20458,36.75802],[28.20462,36.75795],[28.20453,36.75793],[28.20449,36.75799]]]},"properties":{}},{"type":"Feature","geometry":{"type":"Polygon","coordinates":[[[28.11214,36.77026],[28.11229,36.7704],[28.11239,36.77033],[28.11224,36.77019],[28.11214,36.77026]]]},"properties":{}},{"type":"Feature","geometry":{"type":"Polygon","coordinates":[[[28.10988,36.77041],[28.10987,36.77032],[28.10992,36.77025],[28.10998,36.77028],[28.10994,36.77041],[28.10988,36.77041]]]},"properties":{}},{"type":"Feature","geometry":{"type":"Polygon","coordinates":[[[28.13004,36.80936],[28.12977,36.80924],[28.12964,36.80915],[28.12951,36.80913],[28.12913,36.80884],[28.1289,36.80855],[28.129,36.80848],[28.12892,36.80825],[28.12865,36.80805],[28.12836,36.80794],[28.12765,36.80772],[28.12715,36.80736],[28.12661,36.80698],[28.12592,36.80639],[28.1251,36.80598],[28.12468,36.80577],[28.12451,36.80573],[28.1244,36.80556],[28.12445,36.80548],[28.12441,36.80539],[28.12466,36.80529],[28.12429,36.80519],[28.12411,36.80543],[28.12417,36.80559],[28.12416,36.80585],[28.12428,36.80617],[28.12443,36.8063],[28.12456,36.80648],[28.12467,36.80655],[28.1247,36.80651],[28.12476,36.80645],[28.12468,36.80633],[28.12479,36.80625],[28.12504,36.80633],[28.12539,36.80639],[28.12588,36.80667],[28.12667,36.8073],[28.12729,36.80766],[28.12741,36.80784],[28.12835,36.80811],[28.12862,36.80822],[28.12863,36.80839],[28.12875,36.8087],[28.12899,36.80897],[28.12946,36.80927],[28.12985,36.80944],[28.13023,36.80976],[28.13053,36.80989],[28.13089,36.80999],[28.13125,36.80998],[28.13137,36.81005],[28.13177,36.81007],[28.13206,36.8101],[28.13248,36.81023],[28.13257,36.81027],[28.13262,36.81051],[28.13264,36.81061],[28.13254,36.81075],[28.13263,36.8109],[28.13261,36.81097],[28.13268,36.8111],[28.13281,36.81126],[28.13298,36.81134],[28.13325,36.81157],[28.13336,36.81163],[28.13339,36.81164],[28.13345,36.81164],[28.13318,36.81146],[28.13305,36.81135],[28.13304,36.81128],[28.13287,36.8112],[28.13289,36.81111],[28.13276,36.81106],[28.13275,36.81089],[28.13274,36.81077],[28.13271,36.81049],[28.13268,36.81025],[28.13248,36.81015],[28.13204,36.80996],[28.13176,36.80994],[28.13134,36.8098],[28.13093,36.80977],[28.13073,36.80981],[28.13034,36.80968],[28.13004,36.80936]]]},"properties":{}},{"type":"Feature","geometry":{"type":"Polygon","coordinates":[[[28.2591,36.7673],[28.25912,36.76729],[28.25914,36.76728],[28.25916,36.76727],[28.25918,36.76726],[28.2592,36.76726],[28.25923,36.76726],[28.25925,36.76726],[28.25927,36.76726],[28.2593,36.76727],[28.25932,36.76728],[28.25934,36.76729],[28.25935,36.76731],[28.25936,36.76732],[28.25937,36.76734],[28.25938,36.76736],[28.25938,36.76738],[28.25938,36.7674],[28.25938,36.76742],[28.25937,36.76744],[28.25936,36.76745],[28.25934,36.76747],[28.25933,36.76748],[28.25931,36.76749],[28.25929,36.7675],[28.25926,36.76751],[28.25924,36.76751],[28.25922,36.76751],[28.25919,36.76751],[28.25917,36.76751],[28.25915,36.7675],[28.25913,36.76749],[28.25911,36.76748],[28.25909,36.76746],[28.25908,36.76745],[28.25907,36.76743],[28.25906,36.76741],[28.25906,36.76739],[28.25906,36.76737],[28.25907,36.76735],[28.25907,36.76734],[28.25909,36.76732],[28.2591,36.7673]]]},"properties":{}},{"type":"Feature","geometry":{"type":"Polygon","coordinates":[[[28.14499,36.91937],[28.14488,36.91931],[28.1447,36.91928],[28.14455,36.91929],[28.14443,36.91922],[28.14424,36.91902],[28.14414,36.91867],[28.14398,36.91849],[28.14385,36.91839],[28.144,36.91834],[28.144,36.91817],[28.14399,36.91804],[28.14403,36.91796],[28.14421,36.91796],[28.14424,36.91781],[28.14428,36.91768],[28.14428,36.9176],[28.14418,36.91756],[28.14404,36.91754],[28.14393,36.91756],[28.14383,36.9176],[28.14367,36.91758],[28.14354,36.91753],[28.14342,36.91737],[28.1433,36.91721],[28.14322,36.91707],[28.1432,36.91694],[28.1432,36.91677],[28.14322,36.91664],[28.14326,36.91657],[28.14337,36.91642],[28.14343,36.91622],[28.14343,36.91608],[28.14342,36.91593],[28.14332,36.91573],[28.14342,36.91573],[28.14348,36.91592],[28.14349,36.91606],[28.14351,36.91619],[28.14351,36.91628],[28.14349,36.91639],[28.14344,36.91651],[28.14337,36.91661],[28.14333,36.91673],[28.1433,36.91687],[28.1433,36.91702],[28.14335,36.91712],[28.14349,36.91722],[28.14353,36.91729],[28.14353,36.91739],[28.14363,36.91746],[28.14379,36.91751],[28.1439,36.9175],[28.14401,36.91745],[28.14419,36.91745],[28.14435,36.91756],[28.14441,36.91775],[28.1444,36.91798],[28.14429,36.91824],[28.14433,36.91839],[28.14435,36.91851],[28.14448,36.91867],[28.14457,36.9188],[28.14459,36.91895],[28.14461,36.91907],[28.14478,36.9192],[28.14505,36.91924],[28.14526,36.91927],[28.1452,36.91942],[28.14499,36.91937]]]},"properties":{"name":"Koca Ayın Deresi"}},{"type":"Feature","geometry":{"type":"Polygon","coordinates":[[[28.16379,36.90547],[28.16383,36.90555],[28.16407,36.90552],[28.16431,36.90555],[28.16451,36.90555],[28.16456,36.90551],[28.16462,36.90545],[28.16458,36.90537],[28.16443,36.90536],[28.16431,36.90534],[28.16418,36.90533],[28.16404,36.90523],[28.16394,36.90526],[28.16392,36.90534],[28.16384,36.90545],[28.16379,36.90547]]]},"properties":{}},{"type":"Feature","geometry":{"type":"Polygon","coordinates":[[[28.16448,36.90572],[28.16425,36.90574],[28.16392,36.90576],[28.16357,36.90585],[28.16329,36.90577],[28.16379,36.90547],[28.16383,36.90555],[28.16407,36.90552],[28.16431,36.90555],[28.16451,36.90555],[28.16448,36.90572]]]},"properties":{}},{"type":"Feature","geometry":{"type":"Polygon","coordinates":[[[28.16787,36.90838],[28.16792,36.90814],[28.16796,36.90765],[28.16773,36.90755],[28.16729,36.90728],[28.16678,36.90737],[28.16677,36.90714],[28.16677,36.90711],[28.16687,36.90682],[28.16709,36.90676],[28.16742,36.90689],[28.16753,36.90672],[28.16776,36.90663],[28.16802,36.90667],[28.16836,36.90685],[28.16869,36.90683],[28.16928,36.90709],[28.1694,36.90732],[28.1696,36.90752],[28.16991,36.9076],[28.17032,36.90769],[28.17061,36.90766],[28.17085,36.90753],[28.17118,36.9077],[28.17141,36.90779],[28.17114,36.9078],[28.17094,36.90767],[28.1708,36.90767],[28.17064,36.90774],[28.17052,36.9078],[28.17014,36.90783],[28.17012,36.90789],[28.1702,36.90806],[28.1702,36.90825],[28.17012,36.90847],[28.16987,36.90866],[28.17008,36.90844],[28.17007,36.90821],[28.17002,36.90801],[28.16993,36.90779],[28.16975,36.90766],[28.16934,36.90754],[28.16913,36.90756],[28.16887,36.9076],[28.16844,36.90773],[28.16873,36.90773],[28.1689,36.90785],[28.16916,36.90786],[28.16884,36.90793],[28.16881,36.90802],[28.16877,36.90808],[28.16879,36.90814],[28.16894,36.90813],[28.16902,36.90814],[28.16908,36.90816],[28.16922,36.90827],[28.16909,36.90825],[28.16901,36.90818],[28.16884,36.90818],[28.16873,36.90815],[28.1687,36.90807],[28.16874,36.90795],[28.16839,36.90791],[28.16831,36.90796],[28.16856,36.908],[28.16864,36.90808],[28.16854,36.90809],[28.16837,36.90809],[28.16827,36.90809],[28.16822,36.90815],[28.16834,36.90823],[28.16827,36.90826],[28.16811,36.9082],[28.16795,36.90825],[28.16787,36.90838]]]},"properties":{}},{"type":"Feature","geometry":{"type":"Polygon","coordinates":[[[28.16709,36.9062],[28.16689,36.90633],[28.16663,36.90647],[28.16649,36.9066],[28.16607,36.90671],[28.16579,36.90689],[28.16558,36.90702],[28.16545,36.90717],[28.16534,36.90731],[28.16517,36.90746],[28.16511,36.90755],[28.16482,36.90739],[28.16511,36.90727],[28.16525,36.90712],[28.16545,36.90687],[28.16564,36.90681],[28.16567,36.9068],[28.166,36.90663],[28.16629,36.90659],[28.16643,36.90655],[28.16652,36.90642],[28.16673,36.90632],[28.16696,36.90619],[28.16709,36.9062]]]},"properties":{}},{"type":"Feature","geometry":{"type":"Polygon","coordinates":[[[28.16448,36.90572],[28.16476,36.90577],[28.16497,36.9058],[28.16509,36.90578],[28.16511,36.90589],[28.165,36.906],[28.16488,36.90614],[28.1647,36.90634],[28.1646,36.90643],[28.16478,36.90651],[28.165,36.9065],[28.16534,36.90654],[28.16543,36.90659],[28.16543,36.90667],[28.16545,36.90678],[28.16545,36.90687],[28.16564,36.90681],[28.16558,36.90676],[28.16558,36.90665],[28.16573,36.90655],[28.16589,36.90648],[28.16591,36.90637],[28.16577,36.90611],[28.16579,36.906],[28.16573,36.90604],[28.16572,36.90614],[28.16572,36.90626],[28.1658,36.90637],[28.1658,36.90644],[28.16569,36.90645],[28.1655,36.90644],[28.16525,36.90642],[28.16505,36.90635],[28.16495,36.90633],[28.16514,36.90601],[28.16519,36.90587],[28.16525,36.90578],[28.16535,36.90575],[28.16557,36.90579],[28.1657,36.90577],[28.1657,36.90573],[28.16553,36.90575],[28.16549,36.90556],[28.16555,36.90538],[28.16559,36.90516],[28.16559,36.90489],[28.16555,36.90469],[28.16561,36.90459],[28.16543,36.90457],[28.16536,36.90461],[28.16543,36.90476],[28.16549,36.90491],[28.16544,36.90509],[28.16548,36.90529],[28.16543,36.90542],[28.16516,36.90554],[28.16495,36.9056],[28.16481,36.90563],[28.16474,36.90564],[28.16468,36.90553],[28.16463,36.90536],[28.16445,36.90528],[28.1643,36.90526],[28.16414,36.90513],[28.16416,36.90499],[28.16431,36.90492],[28.16444,36.90492],[28.16441,36.90486],[28.1643,36.90483],[28.16413,36.90483],[28.16397,36.90497],[28.16383,36.90508],[28.16368,36.90523],[28.16355,36.90535],[28.16336,36.90546],[28.16318,36.90559],[28.16315,36.90566],[28.16322,36.90572],[28.16329,36.90577],[28.16379,36.90547],[28.16384,36.90545],[28.16392,36.90534],[28.16394,36.90526],[28.16404,36.90523],[28.16418,36.90533],[28.16431,36.90534],[28.16443,36.90536],[28.16458,36.90537],[28.16462,36.90545],[28.16456,36.90551],[28.16451,36.90555],[28.16448,36.90572]]]},"properties":{}},{"type":"Feature","geometry":{"type":"Polygon","coordinates":[[[28.16329,36.90577],[28.16337,36.90585],[28.1634,36.90587],[28.16336,36.90602],[28.16336,36.90611],[28.16325,36.90617],[28.16312,36.90635],[28.16343,36.90634],[28.16354,36.90647],[28.16404,36.90672],[28.16426,36.90683],[28.16454,36.90688],[28.16464,36.90707],[28.16468,36.90714],[28.1647,36.90719],[28.16473,36.90723],[28.16477,36.90726],[28.16479,36.90734],[28.16482,36.90739],[28.16511,36.90727],[28.16525,36.90712],[28.16545,36.90687],[28.16545,36.90678],[28.16543,36.90667],[28.16543,36.90659],[28.16534,36.90654],[28.165,36.9065],[28.16478,36.90651],[28.1646,36.90643],[28.1647,36.90634],[28.16488,36.90614],[28.165,36.906],[28.16511,36.90589],[28.16509,36.90578],[28.16497,36.9058],[28.16476,36.90577],[28.16448,36.90572],[28.16425,36.90574],[28.16392,36.90576],[28.16357,36.90585],[28.16329,36.90577]]]},"properties":{}},{"type":"Feature","geometry":{"type":"Polygon","coordinates":[[[28.16511,36.90755],[28.16517,36.90746],[28.16534,36.90731],[28.16545,36.90717],[28.16558,36.90702],[28.16579,36.90689],[28.16607,36.90671],[28.16649,36.9066],[28.16663,36.90647],[28.16689,36.90633],[28.16709,36.9062],[28.16726,36.90659],[28.16735,36.9068],[28.16742,36.90689],[28.16709,36.90676],[28.16687,36.90682],[28.16677,36.90714],[28.16678,36.90737],[28.16662,36.9075],[28.16631,36.90778],[28.16599,36.90777],[28.16556,36.90802],[28.16549,36.90773],[28.1653,36.90772],[28.16511,36.90755]]]},"properties":{}},{"type":"Feature","geometry":{"type":"Polygon","coordinates":[[[28.15768,36.90749],[28.15782,36.90757],[28.15805,36.90758],[28.15819,36.9077],[28.15839,36.90773],[28.15852,36.90779],[28.15858,36.90789],[28.15853,36.90801],[28.15855,36.90814],[28.15867,36.9082],[28.15886,36.90825],[28.15891,36.90827],[28.15901,36.9083],[28.1591,36.90837],[28.15923,36.90848],[28.15935,36.90858],[28.15946,36.90862],[28.15963,36.90861],[28.15978,36.90858],[28.15988,36.90861],[28.15988,36.90872],[28.15968,36.90884],[28.15972,36.9087],[28.15961,36.90866],[28.15944,36.90866],[28.15932,36.90863],[28.15911,36.90849],[28.15903,36.9084],[28.1589,36.90831],[28.15868,36.90827],[28.15854,36.9082],[28.15847,36.90809],[28.15846,36.908],[28.15851,36.90794],[28.15854,36.90789],[28.15846,36.9078],[28.15821,36.90774],[28.1581,36.90765],[28.15804,36.90761],[28.15779,36.90759],[28.15768,36.90749]]]},"properties":{"name":"Küçük Ayın Stream"}},{"type":"Feature","geometry":{"type":"Polygon","coordinates":[[[28.16823,36.90701],[28.16845,36.90714],[28.16865,36.90723],[28.16887,36.90735],[28.16906,36.90736],[28.16905,36.90721],[28.16888,36.90694],[28.16857,36.90694],[28.16823,36.90701]]]},"properties":{}},{"type":"Feature","geometry":{"type":"Polygon","coordinates":[[[28.16809,36.90715],[28.16834,36.9072],[28.16866,36.9073],[28.16881,36.90735],[28.16876,36.90744],[28.1686,36.90746],[28.16837,36.90745],[28.16819,36.90741],[28.16804,36.90735],[28.16794,36.90729],[28.16809,36.90715]]]},"properties":{}},{"type":"Feature","geometry":{"type":"Polygon","coordinates":[[[28.16805,36.90761],[28.16822,36.90749],[28.16839,36.90747],[28.16845,36.90751],[28.16833,36.90759],[28.16805,36.90761]]]},"properties":{}},{"type":"Feature","geometry":{"type":"Polygon","coordinates":[[[28.16758,36.90728],[28.16788,36.90728],[28.16794,36.90721],[28.16774,36.90717],[28.16765,36.90715],[28.16758,36.90728]]]},"properties":{}},{"type":"Feature","geometry":{"type":"Polygon","coordinates":[[[28.16963,36.90889],[28.16953,36.90878],[28.16943,36.90873],[28.16929,36.90869],[28.16915,36.90868],[28.16891,36.90873],[28.16883,36.90873],[28.16873,36.90866],[28.16861,36.90858],[28.16854,36.90852],[28.16848,36.90844],[28.16839,36.90842],[28.16819,36.90844],[28.16792,36.90856],[28.16786,36.90849],[28.16787,36.90838],[28.16795,36.90825],[28.16811,36.9082],[28.16827,36.90826],[28.16834,36.90823],[28.16822,36.90815],[28.16827,36.90809],[28.16837,36.90809],[28.16854,36.90809],[28.16864,36.90808],[28.16856,36.908],[28.16831,36.90796],[28.16839,36.90791],[28.16874,36.90795],[28.1687,36.90807],[28.16873,36.90815],[28.16884,36.90818],[28.16901,36.90818],[28.16909,36.90825],[28.16922,36.90827],[28.16908,36.90816],[28.16902,36.90814],[28.16894,36.90813],[28.16879,36.90814],[28.16877,36.90808],[28.16881,36.90802],[28.16884,36.90793],[28.16916,36.90786],[28.1689,36.90785],[28.16873,36.90773],[28.16844,36.90773],[28.16887,36.9076],[28.16913,36.90756],[28.16934,36.90754],[28.16975,36.90766],[28.16993,36.90779],[28.17002,36.90801],[28.17007,36.90821],[28.17008,36.90844],[28.16987,36.90866],[28.16963,36.90889]]]},"properties":{}},{"type":"Feature","geometry":{"type":"Polygon","coordinates":[[[28.16963,36.90889],[28.16938,36.90906],[28.16921,36.90922],[28.16899,36.90933],[28.16902,36.90918],[28.16897,36.90913],[28.16884,36.9091],[28.16884,36.909],[28.16888,36.90893],[28.1689,36.90886],[28.16886,36.90889],[28.1688,36.90903],[28.16877,36.90914],[28.16897,36.90918],[28.16893,36.90928],[28.16888,36.90931],[28.16863,36.90936],[28.16839,36.90934],[28.1684,36.90917],[28.16844,36.909],[28.16825,36.90906],[28.16808,36.90885],[28.16802,36.90877],[28.1681,36.90865],[28.16817,36.90849],[28.16839,36.90847],[28.16873,36.90871],[28.16882,36.90876],[28.16892,36.90877],[28.16908,36.90873],[28.1692,36.90873],[28.16932,36.90874],[28.16945,36.90877],[28.16963,36.90889]]]},"properties":{}},{"type":"Feature","geometry":{"type":"Polygon","coordinates":[[[28.16825,36.90906],[28.16844,36.909],[28.1684,36.90917],[28.16839,36.90934],[28.16863,36.90936],[28.16888,36.90931],[28.16893,36.90928],[28.16897,36.90918],[28.16877,36.90914],[28.1688,36.90903],[28.16886,36.90889],[28.1689,36.90886],[28.16888,36.90893],[28.16884,36.909],[28.16884,36.9091],[28.16897,36.90913],[28.16902,36.90918],[28.16899,36.90933],[28.16866,36.9094],[28.16844,36.90951],[28.16837,36.90953],[28.16832,36.9093],[28.16831,36.90923],[28.16828,36.90915],[28.16825,36.90906]]]},"properties":{}},{"type":"Feature","geometry":{"type":"Polygon","coordinates":[[[28.16802,36.90877],[28.16794,36.90866],[28.16792,36.90856],[28.16819,36.90844],[28.16839,36.90842],[28.16848,36.90844],[28.16854,36.90852],[28.16861,36.90858],[28.16873,36.90866],[28.16883,36.90873],[28.16891,36.90873],[28.16915,36.90868],[28.16929,36.90869],[28.16943,36.90873],[28.16953,36.90878],[28.16963,36.90889],[28.16945,36.90877],[28.16932,36.90874],[28.1692,36.90873],[28.16908,36.90873],[28.16892,36.90877],[28.16882,36.90876],[28.16873,36.90871],[28.16839,36.90847],[28.16817,36.90849],[28.1681,36.90865],[28.16802,36.90877]]]},"properties":{}},{"type":"Feature","geometry":{"type":"Polygon","coordinates":[[[28.24429,36.82481],[28.24428,36.82486],[28.24429,36.82491],[28.24431,36.82494],[28.24432,36.82496],[28.24437,36.825],[28.24443,36.82502],[28.2445,36.82503],[28.24457,36.82501],[28.24462,36.82498],[28.24467,36.82494],[28.24469,36.82489],[28.24468,36.82483],[28.24466,36.82478],[28.24461,36.82474],[28.24456,36.82471],[28.24449,36.8247],[28.24443,36.82471],[28.24437,36.82473],[28.24432,36.82476],[28.24429,36.82481]]]},"properties":{"name":"Dolphin-Park / Dolphin Therapy Center in Marmaris"}},{"type":"Feature","geometry":{"type":"Polygon","coordinates":[[[28.24572,36.83374],[28.24569,36.83371],[28.24556,36.83379],[28.24558,36.83382],[28.24572,36.83374]]]},"properties":{}},{"type":"Feature","geometry":{"type":"Polygon","coordinates":[[[28.28622,36.84697],[28.28614,36.8469],[28.28616,36.84685],[28.2861,36.84681],[28.28609,36.84677],[28.28613,36.84677],[28.28621,36.84681],[28.28652,36.84686],[28.28659,36.84692],[28.28665,36.84695],[28.28673,36.84696],[28.28676,36.84701],[28.28673,36.84704],[28.28655,36.84703],[28.28643,36.84702],[28.28622,36.84697]]]},"properties":{}},{"type":"Feature","geometry":{"type":"Polygon","coordinates":[[[28.26804,36.85535],[28.26808,36.85539],[28.26812,36.85537],[28.26815,36.85536],[28.26785,36.85504],[28.26775,36.8548],[28.26763,36.85472],[28.26744,36.85469],[28.26704,36.85452],[28.26694,36.85447],[28.26688,36.85442],[28.26685,36.85439],[28.26681,36.85434],[28.26679,36.85431],[28.26641,36.85331],[28.2664,36.85323],[28.2664,36.85315],[28.26668,36.85215],[28.26664,36.85212],[28.26659,36.85209],[28.2663,36.85317],[28.26629,36.85324],[28.26631,36.85333],[28.26634,36.85344],[28.26641,36.85362],[28.26643,36.85373],[28.26643,36.85379],[28.26653,36.8538],[28.26671,36.85433],[28.26674,36.85437],[28.26676,36.85441],[28.26682,36.85447],[28.26689,36.85451],[28.26741,36.85472],[28.26758,36.85476],[28.26767,36.85482],[28.26778,36.85507],[28.26804,36.85535]]]},"properties":{}},{"type":"Feature","geometry":{"type":"Polygon","coordinates":[[[28.27073,36.85473],[28.27079,36.85474],[28.2708,36.85422],[28.27078,36.85382],[28.27063,36.85332],[28.27059,36.85332],[28.27056,36.85333],[28.27073,36.85382],[28.27074,36.85423],[28.27073,36.85473]]]},"properties":{}},{"type":"Feature","geometry":{"type":"Polygon","coordinates":[[[28.26821,36.85559],[28.26818,36.85559],[28.26813,36.85559],[28.26835,36.85661],[28.26845,36.85708],[28.26845,36.85721],[28.2683,36.85772],[28.26816,36.85821],[28.26813,36.8585],[28.26849,36.85952],[28.26852,36.85953],[28.26858,36.85954],[28.2682,36.8585],[28.26822,36.85823],[28.26854,36.85719],[28.26821,36.85559]]]},"properties":{}},{"type":"Feature","geometry":{"type":"Polygon","coordinates":[[[28.27028,36.85473],[28.27032,36.85472],[28.27032,36.85451],[28.27029,36.85448],[28.27026,36.8545],[28.27028,36.85451],[28.27028,36.85455],[28.27024,36.85457],[28.27024,36.85463],[28.27024,36.8547],[28.27028,36.85473]]]},"properties":{"name":"Su"}},{"type":"Feature","geometry":{"type":"Polygon","coordinates":[[[28.27047,36.8545],[28.27054,36.8545],[28.27062,36.8545],[28.27063,36.85442],[28.27054,36.85442],[28.27041,36.85442],[28.27041,36.85445],[28.27047,36.8545]]]},"properties":{}},{"type":"Feature","geometry":{"type":"Polygon","coordinates":[[[28.2673,36.85508],[28.26735,36.85507],[28.26737,36.85505],[28.26737,36.85498],[28.2674,36.85496],[28.26744,36.85495],[28.26747,36.85492],[28.26746,36.85489],[28.26743,36.85487],[28.26738,36.85487],[28.26733,36.8549],[28.26732,36.85494],[28.2673,36.85496],[28.26726,36.85498],[28.26726,36.85506],[28.2673,36.85508]]]},"properties":{}},{"type":"Feature","geometry":{"type":"Polygon","coordinates":[[[28.27774,36.85344],[28.27737,36.85387],[28.27733,36.85386],[28.27697,36.85435],[28.27679,36.85444],[28.27673,36.85452],[28.27641,36.8552],[28.27615,36.85532],[28.27575,36.85542],[28.27543,36.85558],[28.27523,36.85563],[28.27498,36.85555],[28.27481,36.85556],[28.27465,36.8556],[28.27447,36.85566],[28.27426,36.85577],[28.27425,36.8558],[28.27427,36.85582],[28.27462,36.85565],[28.27486,36.85565],[28.27508,36.85572],[28.27531,36.85572],[28.27554,36.85563],[28.27575,36.85554],[28.27597,36.85547],[28.27629,36.85542],[28.27665,36.85527],[28.27684,36.85494],[28.27695,36.85463],[28.27707,36.85451],[28.27739,36.85457],[28.27772,36.85404],[28.27764,36.85401],[28.27802,36.85357],[28.27774,36.85344]]]},"properties":{}},{"type":"Feature","geometry":{"type":"Polygon","coordinates":[[[28.29036,36.85686],[28.29037,36.85687],[28.29038,36.85689],[28.29039,36.85691],[28.29039,36.85692],[28.29038,36.85694],[28.29037,36.85696],[28.29035,36.85697],[28.29033,36.85698],[28.29031,36.85698],[28.29028,36.85698],[28.29026,36.85697],[28.29024,36.85696],[28.29023,36.85695],[28.29022,36.85693],[28.29022,36.85691],[28.29022,36.8569],[28.29022,36.85688],[28.29024,36.85686],[28.29025,36.85685],[28.29027,36.85684],[28.2903,36.85684],[28.29032,36.85684],[28.29034,36.85685],[28.29036,36.85686]]]},"properties":{}},{"type":"Feature","geometry":{"type":"Polygon","coordinates":[[[28.2902,36.85674],[28.29022,36.85676],[28.29023,36.85677],[28.29023,36.85679],[28.29023,36.85681],[28.29022,36.85683],[28.29021,36.85684],[28.2902,36.85685],[28.29017,36.85686],[28.29015,36.85686],[28.29013,36.85686],[28.29011,36.85686],[28.29009,36.85685],[28.29008,36.85683],[28.29007,36.85682],[28.29006,36.8568],[28.29006,36.85678],[28.29007,36.85676],[28.29008,36.85675],[28.2901,36.85674],[28.29012,36.85673],[28.29014,36.85673],[28.29016,36.85673],[28.29019,36.85673],[28.2902,36.85674]]]},"properties":{}},{"type":"Feature","geometry":{"type":"Polygon","coordinates":[[[28.29048,36.85565],[28.29052,36.85563],[28.29056,36.85561],[28.2906,36.85559],[28.29065,36.85559],[28.2907,36.85559],[28.29075,36.8556],[28.29079,36.85562],[28.29083,36.85564],[28.29086,36.85567],[28.29089,36.8557],[28.29091,36.85574],[28.29091,36.85577],[28.29091,36.85581],[28.2909,36.85585],[28.29089,36.85589],[28.29086,36.85592],[28.29083,36.85595],[28.29079,36.85597],[28.29074,36.85598],[28.2907,36.85599],[28.29065,36.85599],[28.2906,36.85599],[28.29056,36.85598],[28.29051,36.85596],[28.29048,36.85593],[28.29045,36.8559],[28.29043,36.85587],[28.29041,36.85583],[28.29041,36.85579],[28.29041,36.85575],[28.29043,36.85571],[28.29045,36.85568],[28.29048,36.85565]]]},"properties":{}},{"type":"Feature","geometry":{"type":"Polygon","coordinates":[[[28.28983,36.85569],[28.28987,36.85567],[28.28991,36.85565],[28.28995,36.85564],[28.29,36.85563],[28.29005,36.85563],[28.2901,36.85564],[28.29014,36.85566],[28.29018,36.85568],[28.29021,36.85571],[28.29024,36.85574],[28.29026,36.85578],[28.29026,36.85581],[28.29026,36.85585],[28.29025,36.85589],[28.29024,36.85593],[28.29021,36.85596],[28.29018,36.85599],[28.29014,36.85601],[28.29009,36.85603],[28.29005,36.85603],[28.29,36.85604],[28.28995,36.85603],[28.2899,36.85602],[28.28986,36.856],[28.28983,36.85597],[28.2898,36.85594],[28.28978,36.85591],[28.28976,36.85587],[28.28976,36.85583],[28.28976,36.85579],[28.28978,36.85576],[28.2898,36.85572],[28.28983,36.85569]]]},"properties":{}},{"type":"Feature","geometry":{"type":"Polygon","coordinates":[[[28.28984,36.85621],[28.28988,36.85619],[28.28992,36.85617],[28.28996,36.85616],[28.29001,36.85615],[28.29006,36.85615],[28.29011,36.85616],[28.29015,36.85618],[28.29019,36.8562],[28.29022,36.85623],[28.29025,36.85626],[28.29027,36.8563],[28.29027,36.85634],[28.29027,36.85637],[28.29027,36.85641],[28.29025,36.85645],[28.29022,36.85648],[28.29019,36.85651],[28.29015,36.85653],[28.2901,36.85655],[28.29006,36.85655],[28.29001,36.85656],[28.28996,36.85655],[28.28992,36.85654],[28.28987,36.85652],[28.28984,36.85649],[28.28981,36.85646],[28.28979,36.85643],[28.28977,36.85639],[28.28977,36.85635],[28.28977,36.85631],[28.28979,36.85628],[28.28981,36.85624],[28.28984,36.85621]]]},"properties":{}},{"type":"Feature","geometry":{"type":"Polygon","coordinates":[[[28.2915,36.85664],[28.29153,36.85662],[28.29157,36.8566],[28.29161,36.85659],[28.29165,36.85658],[28.29169,36.85659],[28.29173,36.85659],[28.29176,36.85661],[28.2918,36.85663],[28.29183,36.85665],[28.29185,36.85668],[28.29186,36.85671],[28.29187,36.85674],[28.29187,36.85677],[28.29186,36.85681],[28.29185,36.85684],[28.29182,36.85686],[28.2918,36.85689],[28.29176,36.85691],[28.29172,36.85692],[28.29168,36.85693],[28.29164,36.85693],[28.2916,36.85692],[28.29157,36.85691],[28.29153,36.8569],[28.2915,36.85687],[28.29147,36.85685],[28.29146,36.85682],[28.29144,36.85679],[28.29144,36.85675],[28.29144,36.85672],[28.29146,36.85669],[28.29148,36.85666],[28.2915,36.85664]]]},"properties":{}},{"type":"Feature","geometry":{"type":"Polygon","coordinates":[[[28.29107,36.857],[28.29111,36.85698],[28.29114,36.85697],[28.29118,36.85696],[28.29122,36.85695],[28.29126,36.85695],[28.2913,36.85696],[28.29134,36.85698],[28.29137,36.85699],[28.2914,36.85702],[28.29142,36.85705],[28.29144,36.85708],[28.29144,36.85711],[28.29144,36.85714],[28.29143,36.85717],[28.29142,36.8572],[28.2914,36.85723],[28.29137,36.85725],[28.29134,36.85727],[28.2913,36.85729],[28.29126,36.85729],[28.29122,36.8573],[28.29118,36.85729],[28.29114,36.85728],[28.2911,36.85726],[28.29107,36.85724],[28.29105,36.85722],[28.29103,36.85719],[28.29102,36.85716],[28.29101,36.85712],[28.29102,36.85709],[28.29103,36.85706],[28.29105,36.85703],[28.29107,36.857]]]},"properties":{}},{"type":"Feature","geometry":{"type":"Polygon","coordinates":[[[28.29047,36.85657],[28.29059,36.85647],[28.29054,36.85644],[28.29096,36.85609],[28.29137,36.8564],[28.29099,36.85672],[28.29075,36.85654],[28.2906,36.85667],[28.29047,36.85657]]]},"properties":{}},{"type":"Feature","geometry":{"type":"Polygon","coordinates":[[[28.22379,36.885],[28.22392,36.88509],[28.22405,36.88497],[28.22392,36.88488],[28.22379,36.885]]]},"properties":{}},{"type":"Feature","geometry":{"type":"Polygon","coordinates":[[[28.23526,36.90264],[28.23517,36.90263],[28.23511,36.90258],[28.23503,36.90247],[28.23493,36.9024],[28.23489,36.90227],[28.23476,36.90222],[28.23469,36.90213],[28.23526,36.902],[28.23531,36.90206],[28.2353,36.90214],[28.23528,36.90218],[28.23523,36.90223],[28.23519,36.90226],[28.23518,36.90229],[28.23522,36.90236],[28.23521,36.90241],[28.23525,36.90245],[28.23527,36.90246],[28.23521,36.90252],[28.23527,36.90255],[28.23531,36.90259],[28.23526,36.90264]]]},"properties":{}},{"type":"Feature","geometry":{"type":"Polygon","coordinates":[[[28.24201,36.91912],[28.24196,36.91914],[28.24193,36.91917],[28.24191,36.91921],[28.24191,36.91925],[28.24192,36.91929],[28.24195,36.91932],[28.24199,36.91934],[28.24204,36.91935],[28.24209,36.91935],[28.24213,36.91934],[28.24217,36.91932],[28.2422,36.91928],[28.24221,36.91925],[28.24221,36.91921],[28.24219,36.91917],[28.24216,36.91914],[28.24211,36.91912],[28.24206,36.91911],[28.24201,36.91912]]]},"properties":{}},{"type":"Feature","geometry":{"type":"Polygon","coordinates":[[[28.27936,36.9137],[28.27943,36.91377],[28.27898,36.91402],[28.27892,36.91395],[28.27936,36.9137]]]},"properties":{}},{"type":"Feature","geometry":{"type":"Polygon","coordinates":[[[28.27951,36.91386],[28.27957,36.91393],[28.27913,36.91418],[28.27907,36.91411],[28.27951,36.91386]]]},"properties":{}},{"type":"Feature","geometry":{"type":"Polygon","coordinates":[[[28.27923,36.91356],[28.27929,36.91363],[28.27885,36.91388],[28.27878,36.91381],[28.27923,36.91356]]]},"properties":{}},{"type":"Feature","geometry":{"type":"Polygon","coordinates":[[[28.31265,36.8287],[28.31301,36.82888],[28.31324,36.82917],[28.31359,36.82955],[28.31391,36.8298],[28.31439,36.83004],[28.31498,36.8303],[28.31518,36.83048],[28.31547,36.83071],[28.31551,36.8305],[28.3153,36.83047],[28.31519,36.83028],[28.31498,36.83022],[28.31464,36.83007],[28.31446,36.82992],[28.31433,36.8299],[28.31416,36.82971],[28.31382,36.82955],[28.31382,36.82946],[28.31362,36.82915],[28.3134,36.82907],[28.31338,36.82897],[28.3134,36.82892],[28.31316,36.82872],[28.31276,36.82854],[28.31265,36.8287]]]},"properties":{}},{"type":"Feature","geometry":{"type":"Polygon","coordinates":[[[28.36641,36.83775],[28.36695,36.83778],[28.36693,36.83808],[28.36664,36.83807],[28.36666,36.83783],[28.36641,36.83782],[28.36641,36.83775]]]},"properties":{}},{"type":"Feature","geometry":{"type":"Polygon","coordinates":[[[28.39748,36.83567],[28.39749,36.83569],[28.3975,36.83571],[28.39751,36.83573],[28.39751,36.83575],[28.3975,36.83576],[28.39749,36.83578],[28.39747,36.83579],[28.39745,36.8358],[28.39743,36.83581],[28.3974,36.83581],[28.39738,36.8358],[28.39736,36.83579],[28.39717,36.83567],[28.39715,36.83566],[28.39714,36.83564],[28.39713,36.83562],[28.39713,36.8356],[28.39714,36.83558],[28.39715,36.83556],[28.39717,36.83555],[28.39719,36.83554],[28.39721,36.83554],[28.39724,36.83554],[28.39726,36.83554],[28.39728,36.83555],[28.39748,36.83567]]]},"properties":{}},{"type":"Feature","geometry":{"type":"Polygon","coordinates":[[[28.3973,36.83589],[28.39732,36.83588],[28.39733,36.83588],[28.39734,36.83587],[28.39736,36.83587],[28.39737,36.83588],[28.39738,36.83588],[28.3974,36.83589],[28.3974,36.8359],[28.39741,36.83591],[28.39741,36.83592],[28.3974,36.83594],[28.3974,36.83595],[28.39739,36.83595],[28.39737,36.83596],[28.39736,36.83596],[28.39734,36.83596],[28.39733,36.83596],[28.39732,36.83596],[28.3973,36.83595],[28.3973,36.83594],[28.39729,36.83593],[28.39729,36.83591],[28.3973,36.8359],[28.3973,36.83589]]]},"properties":{}},{"type":"Feature","geometry":{"type":"Polygon","coordinates":[[[28.39766,36.83581],[28.39768,36.83582],[28.39768,36.83583],[28.39769,36.83584],[28.3977,36.83585],[28.3977,36.83586],[28.39769,36.83588],[28.39769,36.83589],[28.39768,36.8359],[28.39767,36.83591],[28.39766,36.83592],[28.39764,36.83592],[28.39763,36.83593],[28.39761,36.83593],[28.39759,36.83592],[28.39758,36.83592],[28.39757,36.83591],[28.39755,36.8359],[28.39754,36.83589],[28.39754,36.83588],[28.39753,36.83587],[28.39753,36.83586],[28.39754,36.83584],[28.39754,36.83583],[28.39755,36.83582],[28.39756,36.83581],[28.39757,36.8358],[28.39759,36.8358],[28.3976,36.8358],[28.39762,36.8358],[28.39763,36.8358],[28.39765,36.8358],[28.39766,36.83581]]]},"properties":{}},{"type":"Feature","geometry":{"type":"Polygon","coordinates":[[[28.38217,36.84992],[28.38217,36.84991],[28.38219,36.84991],[28.3822,36.8499],[28.38221,36.8499],[28.38223,36.84991],[28.38224,36.84991],[28.38225,36.84992],[28.38225,36.84993],[28.38226,36.84994],[28.38226,36.84995],[28.38225,36.84996],[28.38225,36.84997],[28.38224,36.84998],[28.38223,36.84998],[28.38221,36.84998],[28.3822,36.84998],[28.38219,36.84998],[28.38217,36.84998],[28.38216,36.84997],[28.38216,36.84996],[28.38215,36.84995],[28.38215,36.84994],[28.38216,36.84993],[28.38217,36.84992]]]},"properties":{}},{"type":"Feature","geometry":{"type":"Polygon","coordinates":[[[28.3823,36.84986],[28.38225,36.84966],[28.38225,36.84964],[28.38225,36.84962],[28.38226,36.8496],[28.38228,36.84958],[28.3823,36.84957],[28.38232,36.84957],[28.38235,36.84956],[28.38238,36.84957],[28.3824,36.84958],[28.38242,36.84959],[28.38243,36.84961],[28.38244,36.84963],[28.38249,36.84983],[28.38249,36.84985],[28.38249,36.84987],[28.38248,36.84989],[28.38246,36.8499],[28.38244,36.84991],[28.38242,36.84992],[28.38239,36.84992],[28.38236,36.84992],[28.38234,36.84991],[28.38232,36.84989],[28.38231,36.84988],[28.3823,36.84986]]]},"properties":{}},{"type":"Feature","geometry":{"type":"Polygon","coordinates":[[[28.38241,36.84999],[28.38243,36.84998],[28.38245,36.84998],[28.38247,36.84998],[28.38249,36.84999],[28.38251,36.85],[28.38252,36.85001],[28.38253,36.85003],[28.38254,36.85004],[28.38253,36.85006],[28.38253,36.85008],[28.38251,36.85009],[28.3825,36.8501],[28.38248,36.85011],[28.38245,36.85011],[28.38243,36.85011],[28.38241,36.8501],[28.3824,36.85009],[28.38238,36.85008],[28.38237,36.85006],[28.38237,36.85004],[28.38237,36.85003],[28.38238,36.85001],[28.38239,36.85],[28.38241,36.84999]]]},"properties":{}},{"type":"Feature","geometry":{"type":"Polygon","coordinates":[[[28.44644,36.88188],[28.44644,36.88187],[28.44641,36.88183],[28.44639,36.88183],[28.44638,36.88182],[28.44637,36.8818],[28.44636,36.88179],[28.44636,36.88178],[28.44636,36.88176],[28.44637,36.88175],[28.44638,36.88173],[28.44639,36.88172],[28.44641,36.88172],[28.44643,36.88171],[28.44645,36.88172],[28.44647,36.88172],[28.44652,36.88174],[28.44656,36.88177],[28.44659,36.88181],[28.44661,36.88185],[28.44661,36.88188],[28.44644,36.88188]]]},"properties":{}},{"type":"Feature","geometry":{"type":"Polygon","coordinates":[[[28.44645,36.88191],[28.44661,36.8819],[28.44662,36.88194],[28.44663,36.88196],[28.44665,36.88198],[28.44666,36.88199],[28.44667,36.88201],[28.44667,36.88205],[28.44667,36.88206],[28.44667,36.88208],[28.44667,36.8821],[28.44666,36.88212],[28.44665,36.88213],[28.44663,36.88215],[28.44662,36.88216],[28.4466,36.88217],[28.44658,36.88218],[28.44656,36.88219],[28.44654,36.8822],[28.44652,36.8822],[28.4465,36.8822],[28.44647,36.8822],[28.44645,36.8822],[28.44643,36.88219],[28.44641,36.88218],[28.44639,36.88217],[28.44637,36.88216],[28.44636,36.88215],[28.44635,36.88213],[28.44634,36.88212],[28.44633,36.8821],[28.44632,36.88208],[28.44632,36.88205],[28.44634,36.88203],[28.44636,36.88201],[28.44639,36.88199],[28.44642,36.88197],[28.44644,36.88194],[28.44645,36.88191]]]},"properties":{}},{"type":"Feature","geometry":{"type":"Polygon","coordinates":[[[28.44666,36.8819],[28.44666,36.88189],[28.44666,36.88188],[28.44667,36.88188],[28.44667,36.88187],[28.44668,36.88187],[28.44669,36.88187],[28.4467,36.88187],[28.44671,36.88187],[28.44672,36.88188],[28.44672,36.88188],[28.44672,36.88189],[28.44673,36.8819],[28.44672,36.8819],[28.44672,36.88191],[28.44671,36.88192],[28.44671,36.88192],[28.4467,36.88192],[28.44669,36.88192],[28.44668,36.88192],[28.44667,36.88192],[28.44667,36.88192],[28.44666,36.88191],[28.44666,36.8819],[28.44666,36.8819]]]},"properties":{}},{"type":"Feature","geometry":{"type":"Polygon","coordinates":[[[28.45631,36.88325],[28.45632,36.88324],[28.45633,36.88324],[28.45634,36.88324],[28.45636,36.88324],[28.45637,36.88324],[28.45638,36.88325],[28.45639,36.88326],[28.45639,36.88327],[28.4564,36.88328],[28.45639,36.88329],[28.45639,36.8833],[28.45638,36.8833],[28.45637,36.88331],[28.45636,36.88332],[28.45635,36.88332],[28.45634,36.88332],[28.45632,36.88331],[28.45631,36.88331],[28.4563,36.8833],[28.4563,36.88329],[28.4563,36.88328],[28.4563,36.88327],[28.4563,36.88326],[28.45631,36.88325]]]},"properties":{}},{"type":"Feature","geometry":{"type":"Polygon","coordinates":[[[28.45614,36.88334],[28.45615,36.88333],[28.45616,36.88332],[28.45618,36.88332],[28.45619,36.88332],[28.45621,36.88332],[28.45622,36.88333],[28.45623,36.88334],[28.45623,36.88335],[28.45624,36.88336],[28.45624,36.88337],[28.45623,36.88338],[28.45622,36.88339],[28.45621,36.8834],[28.4562,36.8834],[28.45619,36.88341],[28.45617,36.88341],[28.45616,36.8834],[28.45615,36.8834],[28.45614,36.88339],[28.45613,36.88338],[28.45613,36.88337],[28.45613,36.88336],[28.45613,36.88334],[28.45614,36.88334]]]},"properties":{}},{"type":"Feature","geometry":{"type":"Polygon","coordinates":[[[27.69186,37.00316],[27.69188,37.00312],[27.69204,37.00322],[27.69214,37.00319],[27.69215,37.00335],[27.69226,37.0036],[27.69242,37.00385],[27.69253,37.00409],[27.6923,37.00378],[27.69219,37.00365],[27.69205,37.00342],[27.69198,37.00324],[27.69186,37.00316]]]},"properties":{}},{"type":"Feature","geometry":{"type":"Polygon","coordinates":[[[27.69306,37.00287],[27.69305,37.00273],[27.69303,37.00266],[27.69308,37.00269],[27.69312,37.00271],[27.69311,37.00285],[27.69311,37.00298],[27.69306,37.00317],[27.69299,37.00329],[27.69289,37.00346],[27.69285,37.00368],[27.69292,37.00392],[27.69302,37.00417],[27.69313,37.00429],[27.69322,37.00438],[27.69295,37.00416],[27.69284,37.00389],[27.69281,37.0037],[27.69282,37.00351],[27.69302,37.00313],[27.69302,37.00299],[27.69306,37.00287]]]},"properties":{}},{"type":"Feature","geometry":{"type":"Polygon","coordinates":[[[27.69572,37.0207],[27.69566,37.02059],[27.69572,37.02049],[27.69581,37.02043],[27.69591,37.02043],[27.69602,37.02046],[27.69606,37.02051],[27.69601,37.02061],[27.69591,37.02067],[27.6958,37.02072],[27.69572,37.0207]]]},"properties":{}},{"type":"Feature","geometry":{"type":"Polygon","coordinates":[[[27.70996,37.02759],[27.70986,37.0275],[27.70983,37.02741],[27.70997,37.0274],[27.71007,37.02747],[27.7101,37.02756],[27.71003,37.0276],[27.70996,37.02759]]]},"properties":{}},{"type":"Feature","geometry":{"type":"Polygon","coordinates":[[[27.76225,37.00789],[27.76223,37.00784],[27.76226,37.00781],[27.76232,37.00783],[27.76232,37.00787],[27.76229,37.00788],[27.76225,37.00789]]]},"properties":{}},{"type":"Feature","geometry":{"type":"Polygon","coordinates":[[[27.68925,37.04035],[27.68932,37.04032],[27.68934,37.04024],[27.68931,37.04019],[27.68921,37.04016],[27.68914,37.04017],[27.68908,37.04023],[27.68909,37.04029],[27.68915,37.04032],[27.68919,37.04036],[27.68925,37.04035]]]},"properties":{}},{"type":"Feature","geometry":{"type":"Polygon","coordinates":[[[27.73524,37.03188],[27.73518,37.03178],[27.7352,37.03171],[27.73537,37.0317],[27.7355,37.03178],[27.73539,37.0319],[27.73524,37.03188]]]},"properties":{}},{"type":"Feature","geometry":{"type":"Polygon","coordinates":[[[27.74187,37.03266],[27.74173,37.03266],[27.74162,37.03263],[27.74156,37.03258],[27.74156,37.0325],[27.74158,37.03241],[27.74163,37.03232],[27.7418,37.03232],[27.74193,37.03236],[27.74201,37.03245],[27.74203,37.03254],[27.742,37.0326],[27.74196,37.03263],[27.74187,37.03266]]]},"properties":{}},{"type":"Feature","geometry":{"type":"Polygon","coordinates":[[[27.69488,37.09037],[27.69461,37.09031],[27.69447,37.09039],[27.69447,37.09053],[27.69474,37.09061],[27.69488,37.09037]]]},"properties":{}},{"type":"Feature","geometry":{"type":"Polygon","coordinates":[[[27.77108,37.08898],[27.77115,37.08899],[27.7712,37.08898],[27.77122,37.08894],[27.77122,37.08888],[27.77119,37.08884],[27.77116,37.08882],[27.7711,37.08881],[27.77106,37.08881],[27.77102,37.08883],[27.77102,37.08887],[27.77102,37.0889],[27.77102,37.08895],[27.77105,37.08897],[27.77108,37.08898]]]},"properties":{}},{"type":"Feature","geometry":{"type":"Polygon","coordinates":[[[27.7936,37.07395],[27.79347,37.074],[27.79345,37.07408],[27.7935,37.07417],[27.79366,37.07418],[27.79377,37.07413],[27.79378,37.07405],[27.79369,37.07398],[27.7936,37.07395]]]},"properties":{}},{"type":"Feature","geometry":{"type":"Polygon","coordinates":[[[27.79415,37.07351],[27.79405,37.07363],[27.79404,37.07375],[27.79415,37.07383],[27.7943,37.07383],[27.79444,37.07372],[27.79443,37.07359],[27.79433,37.07352],[27.79415,37.07351]]]},"properties":{}},{"type":"Feature","geometry":{"type":"Polygon","coordinates":[[[27.78734,37.07921],[27.78738,37.07922],[27.78742,37.07921],[27.78744,37.07918],[27.78744,37.07916],[27.78743,37.07913],[27.7874,37.07911],[27.78736,37.0791],[27.78733,37.07908],[27.78731,37.07908],[27.78729,37.0791],[27.78729,37.07911],[27.78728,37.07913],[27.78728,37.07916],[27.7873,37.07919],[27.78734,37.07921]]]},"properties":{}},{"type":"Feature","geometry":{"type":"Polygon","coordinates":[[[27.78931,37.08325],[27.78936,37.08326],[27.78941,37.08323],[27.78943,37.08319],[27.78943,37.08317],[27.78942,37.08313],[27.78939,37.08312],[27.78935,37.08311],[27.78935,37.08309],[27.78933,37.08309],[27.78928,37.0831],[27.78925,37.08312],[27.78922,37.08315],[27.78921,37.08317],[27.78921,37.08321],[27.78925,37.08324],[27.78931,37.08325]]]},"properties":{}},{"type":"Feature","geometry":{"type":"Polygon","coordinates":[[[27.81172,37.08177],[27.81156,37.08189],[27.81153,37.08203],[27.8116,37.08216],[27.81181,37.08223],[27.81198,37.08221],[27.81209,37.08209],[27.81209,37.08194],[27.81199,37.08182],[27.81181,37.08177],[27.81172,37.08177]]]},"properties":{}},{"type":"Feature","geometry":{"type":"Polygon","coordinates":[[[27.8515,37.05291],[27.85143,37.05285],[27.85146,37.05274],[27.85158,37.05272],[27.85167,37.05275],[27.85161,37.05287],[27.8515,37.05291]]]},"properties":{}},{"type":"Feature","geometry":{"type":"Polygon","coordinates":[[[27.84652,37.06285],[27.84663,37.06271],[27.84673,37.06266],[27.84677,37.06276],[27.84667,37.0629],[27.84652,37.06285]]]},"properties":{}},{"type":"Feature","geometry":{"type":"Polygon","coordinates":[[[27.89609,37.05975],[27.89392,37.05859],[27.89362,37.0585],[27.89331,37.05834],[27.89311,37.05815],[27.89287,37.05811],[27.89249,37.05812],[27.89238,37.05838],[27.89227,37.05859],[27.89174,37.05873],[27.89112,37.05853],[27.891,37.05856],[27.89076,37.05853],[27.89055,37.0588],[27.89025,37.05887],[27.88987,37.05864],[27.88967,37.05888],[27.88955,37.05915],[27.88907,37.05911],[27.88903,37.05933],[27.88881,37.05942],[27.88833,37.05934],[27.88782,37.05949],[27.88757,37.05915],[27.88738,37.05913],[27.88727,37.05903],[27.88715,37.05907],[27.88692,37.05926],[27.88675,37.05968],[27.88606,37.05983],[27.88575,37.05977],[27.88539,37.05927],[27.88502,37.0591],[27.8848,37.05876],[27.88453,37.0587],[27.88426,37.05865],[27.88389,37.05858],[27.88372,37.05877],[27.88346,37.05879],[27.88316,37.05879],[27.88303,37.05853],[27.88248,37.05848],[27.88218,37.05849],[27.88182,37.05836],[27.88137,37.05833],[27.88198,37.05856],[27.88259,37.05901],[27.88281,37.05925],[27.88305,37.05923],[27.8833,37.05913],[27.88361,37.05933],[27.88429,37.05927],[27.88434,37.0595],[27.88447,37.05991],[27.88524,37.06038],[27.88525,37.06056],[27.88539,37.06069],[27.88565,37.06061],[27.88599,37.06074],[27.88625,37.06071],[27.88655,37.0608],[27.8871,37.06079],[27.88727,37.06074],[27.88767,37.06086],[27.88857,37.06089],[27.88921,37.06103],[27.88936,37.06111],[27.88972,37.06096],[27.88993,37.06083],[27.89082,37.06059],[27.89142,37.06068],[27.89185,37.06082],[27.89224,37.0608],[27.89282,37.06086],[27.89323,37.06111],[27.89356,37.06111],[27.89369,37.06121],[27.89387,37.06108],[27.89404,37.06102],[27.89409,37.06085],[27.89534,37.06051],[27.8957,37.06053],[27.89598,37.0604],[27.89612,37.0602],[27.89611,37.06005],[27.89609,37.05975]]]},"properties":{}},{"type":"Feature","geometry":{"type":"Polygon","coordinates":[[[27.7919,37.08407],[27.79194,37.08406],[27.79197,37.08403],[27.79198,37.08401],[27.79196,37.08398],[27.79194,37.08397],[27.79189,37.08398],[27.79187,37.08398],[27.79186,37.08399],[27.79185,37.08402],[27.79185,37.08405],[27.79188,37.08406],[27.7919,37.08407]]]},"properties":{}},{"type":"Feature","geometry":{"type":"Polygon","coordinates":[[[27.79065,37.08507],[27.79069,37.08511],[27.79071,37.08514],[27.7907,37.08516],[27.79067,37.08519],[27.79062,37.0852],[27.79058,37.0852],[27.79054,37.08517],[27.79052,37.08513],[27.79053,37.0851],[27.79055,37.08507],[27.7906,37.08507],[27.79065,37.08507]]]},"properties":{}},{"type":"Feature","geometry":{"type":"Polygon","coordinates":[[[28.09509,37.03522],[28.09451,37.03458],[28.09523,37.03364],[28.09652,37.03258],[28.09688,37.03168],[28.09696,37.03105],[28.09714,37.03108],[28.09746,37.03144],[28.09782,37.03175],[28.09798,37.03234],[28.09822,37.03286],[28.09851,37.03329],[28.09906,37.03391],[28.0989,37.03406],[28.09816,37.03382],[28.09714,37.03404],[28.09661,37.03469],[28.09595,37.03523],[28.09535,37.03529],[28.09509,37.03522]]]},"properties":{}},{"type":"Feature","geometry":{"type":"Polygon","coordinates":[[[27.90109,37.03626],[27.90079,37.03658],[27.90091,37.03616],[27.90109,37.03626]]]},"properties":{}},{"type":"Feature","geometry":{"type":"Polygon","coordinates":[[[27.89991,37.03658],[27.89987,37.0369],[27.89934,37.03683],[27.89991,37.03658]]]},"properties":{}},{"type":"Feature","geometry":{"type":"Polygon","coordinates":[[[27.90102,37.037],[27.90144,37.03657],[27.90123,37.03644],[27.90081,37.03687],[27.90102,37.037]]]},"properties":{}},{"type":"Feature","geometry":{"type":"Polygon","coordinates":[[[28.2873,36.94729],[28.28775,36.94801],[28.28822,36.94865],[28.29113,36.94808],[28.29086,36.94779],[28.29063,36.94711],[28.29031,36.94657],[28.28981,36.94618],[28.28926,36.94614],[28.28891,36.94569],[28.28891,36.94493],[28.28917,36.94455],[28.28975,36.94426],[28.29015,36.94432],[28.29045,36.94447],[28.29089,36.94432],[28.29116,36.94409],[28.29147,36.94424],[28.29114,36.94458],[28.29123,36.94471],[28.29201,36.9445],[28.29208,36.94471],[28.29211,36.94501],[28.29261,36.94574],[28.29305,36.94591],[28.29294,36.94606],[28.29289,36.9462],[28.29298,36.94625],[28.29311,36.9462],[28.29361,36.94633],[28.29389,36.94669],[28.29396,36.94712],[28.29359,36.94737],[28.29293,36.94783],[28.29231,36.94839],[28.2923,36.94844],[28.29214,36.94858],[28.29223,36.94865],[28.29239,36.94862],[28.2928,36.94841],[28.29341,36.94812],[28.29369,36.94789],[28.29383,36.94789],[28.29418,36.94758],[28.29426,36.94742],[28.29438,36.94743],[28.29451,36.94758],[28.2947,36.94755],[28.29486,36.94739],[28.29464,36.94694],[28.29465,36.94685],[28.29455,36.94674],[28.29444,36.94677],[28.29435,36.94672],[28.29411,36.94641],[28.29428,36.94628],[28.29453,36.9463],[28.29449,36.94642],[28.29465,36.9466],[28.29487,36.94667],[28.29511,36.94674],[28.29527,36.94673],[28.29526,36.94659],[28.29518,36.94657],[28.29513,36.9465],[28.29491,36.9464],[28.29465,36.94621],[28.29417,36.94582],[28.29359,36.94555],[28.29316,36.9454],[28.293,36.94519],[28.29288,36.94431],[28.29321,36.94455],[28.29396,36.94456],[28.29402,36.94434],[28.29387,36.94383],[28.29321,36.94339],[28.29292,36.94278],[28.29337,36.94301],[28.29381,36.9434],[28.29411,36.94326],[28.29428,36.94375],[28.29478,36.94393],[28.29522,36.94455],[28.29621,36.94445],[28.29611,36.94478],[28.29646,36.94479],[28.29651,36.94513],[28.29693,36.94517],[28.29731,36.94538],[28.29748,36.94513],[28.2979,36.9452],[28.29802,36.94544],[28.29768,36.94572],[28.29779,36.94593],[28.29795,36.94593],[28.29811,36.94576],[28.29858,36.94599],[28.29873,36.94632],[28.29858,36.94672],[28.29882,36.94682],[28.29878,36.94699],[28.29917,36.94721],[28.29928,36.94748],[28.29966,36.94755],[28.29987,36.94788],[28.30036,36.9479],[28.30047,36.94818],[28.30066,36.94837],[28.30083,36.94861],[28.30124,36.94891],[28.30144,36.94883],[28.30153,36.94851],[28.30221,36.94853],[28.30304,36.94842],[28.30339,36.94861],[28.30313,36.9483],[28.30237,36.94833],[28.30202,36.94816],[28.30129,36.948],[28.30076,36.94749],[28.30073,36.94727],[28.30022,36.94684],[28.30023,36.9465],[28.3001,36.94629],[28.30051,36.94574],[28.30014,36.9454],[28.30038,36.94511],[28.30053,36.94521],[28.3006,36.94547],[28.30085,36.9455],[28.30096,36.94519],[28.30119,36.94502],[28.30151,36.94517],[28.30181,36.94507],[28.30243,36.94516],[28.30375,36.94494],[28.30376,36.94454],[28.30301,36.94434],[28.30253,36.94433],[28.30169,36.94368],[28.30107,36.94375],[28.3009,36.9435],[28.30055,36.94364],[28.30003,36.94324],[28.29971,36.94316],[28.29944,36.94294],[28.29947,36.94242],[28.29868,36.942],[28.2981,36.94156],[28.29766,36.94117],[28.29767,36.94075],[28.29792,36.94045],[28.29775,36.93974],[28.29816,36.93937],[28.29937,36.93888],[28.29985,36.939],[28.30014,36.9389],[28.30002,36.93841],[28.30104,36.93816],[28.3011,36.93852],[28.30161,36.9384],[28.30153,36.93883],[28.3019,36.93915],[28.30297,36.93973],[28.30264,36.94017],[28.30294,36.94024],[28.30296,36.94065],[28.30348,36.94064],[28.30353,36.94086],[28.3033,36.94119],[28.30373,36.94143],[28.30359,36.94193],[28.30414,36.94199],[28.30388,36.94282],[28.30351,36.94312],[28.30402,36.94347],[28.30383,36.94393],[28.30383,36.94424],[28.30448,36.94406],[28.30464,36.94434],[28.30493,36.94452],[28.30489,36.94492],[28.3056,36.94528],[28.30588,36.94515],[28.30615,36.94535],[28.30683,36.94538],[28.30697,36.94561],[28.30744,36.94551],[28.30783,36.9459],[28.30822,36.94568],[28.30844,36.94577],[28.30815,36.94611],[28.30842,36.94636],[28.30838,36.94675],[28.30872,36.9465],[28.30897,36.94671],[28.30954,36.94653],[28.31031,36.94694],[28.31029,36.94724],[28.31081,36.94721],[28.311,36.94736],[28.31128,36.94734],[28.3111,36.94711],[28.31166,36.94685],[28.31247,36.94669],[28.31288,36.94702],[28.31406,36.94703],[28.31447,36.9468],[28.3147,36.94667],[28.31497,36.94676],[28.31539,36.94672],[28.3156,36.94687],[28.31537,36.94713],[28.31555,36.94717],[28.3159,36.94683],[28.3158,36.94668],[28.31557,36.94649],[28.31595,36.94603],[28.31631,36.94496],[28.3176,36.94452],[28.31888,36.94415],[28.32093,36.94276],[28.32158,36.94245],[28.32151,36.94203],[28.32252,36.94123],[28.32324,36.94126],[28.32367,36.94144],[28.32378,36.94245],[28.32423,36.94336],[28.32382,36.94361],[28.32237,36.94387],[28.32169,36.94416],[28.3213,36.94449],[28.3212,36.945],[28.32138,36.94547],[28.32174,36.94574],[28.32234,36.94592],[28.32248,36.94621],[28.32337,36.94614],[28.32374,36.94588],[28.3242,36.94586],[28.3242,36.94556],[28.32475,36.9453],[28.32527,36.94537],[28.32586,36.94556],[28.32653,36.94562],[28.3267,36.94557],[28.3272,36.94594],[28.3277,36.94629],[28.32785,36.9463],[28.3277,36.94605],[28.32706,36.94546],[28.32598,36.94496],[28.32544,36.94473],[28.32432,36.94474],[28.32375,36.94499],[28.3236,36.94531],[28.32316,36.94556],[28.32271,36.94543],[28.32217,36.94524],[28.32201,36.94484],[28.32251,36.94456],[28.32362,36.9444],[28.32452,36.94403],[28.3251,36.94366],[28.32499,36.9432],[28.32465,36.94249],[28.32459,36.94188],[28.32482,36.9417],[28.32448,36.94162],[28.32446,36.94129],[28.32481,36.94099],[28.32486,36.94065],[28.32419,36.94073],[28.32389,36.94041],[28.32302,36.94035],[28.32148,36.94086],[28.32049,36.94152],[28.31926,36.94261],[28.31812,36.94318],[28.31757,36.94319],[28.31702,36.94289],[28.31631,36.94315],[28.31565,36.94301],[28.31428,36.94301],[28.31335,36.94355],[28.31126,36.94376],[28.3103,36.94353],[28.31009,36.94223],[28.30933,36.94206],[28.30846,36.94136],[28.308,36.94118],[28.30833,36.94073],[28.30892,36.94066],[28.30866,36.94031],[28.30731,36.93984],[28.30747,36.93948],[28.30664,36.93936],[28.3064,36.9385],[28.30574,36.9384],[28.30567,36.93772],[28.30605,36.9375],[28.30616,36.93695],[28.30485,36.93709],[28.30462,36.93741],[28.3043,36.93754],[28.30397,36.93674],[28.30388,36.9357],[28.30274,36.93412],[28.30304,36.9363],[28.30257,36.93675],[28.301,36.93636],[28.30048,36.9365],[28.3001,36.93698],[28.29931,36.93711],[28.29903,36.93743],[28.29828,36.93781],[28.29752,36.93774],[28.29632,36.93846],[28.29564,36.93868],[28.29509,36.93906],[28.29467,36.93952],[28.29498,36.93986],[28.29482,36.94006],[28.29403,36.94001],[28.29303,36.93939],[28.29272,36.93898],[28.29179,36.93861],[28.29173,36.9379],[28.29224,36.93725],[28.29212,36.93695],[28.29136,36.93672],[28.29117,36.93726],[28.29019,36.93731],[28.29012,36.93748],[28.28951,36.93781],[28.28911,36.93848],[28.28887,36.93856],[28.28856,36.93861],[28.28802,36.93847],[28.28785,36.93855],[28.28728,36.93835],[28.28704,36.93824],[28.28645,36.93856],[28.28594,36.93854],[28.28593,36.93894],[28.28545,36.939],[28.28535,36.93948],[28.2841,36.9403],[28.28414,36.94062],[28.28528,36.94064],[28.28604,36.94134],[28.28768,36.94287],[28.28748,36.94319],[28.28643,36.9438],[28.28602,36.94436],[28.2861,36.94479],[28.28568,36.94542],[28.28561,36.9458],[28.28617,36.94673],[28.2873,36.94729]]]},"properties":{"name":"Marmaris Baraj Gölü"}},{"type":"Feature","geometry":{"type":"Polygon","coordinates":[[[28.28544,36.94968],[28.28524,36.94955],[28.28512,36.94951],[28.28501,36.94944],[28.28495,36.94935],[28.28496,36.94929],[28.28504,36.94929],[28.28519,36.94935],[28.28533,36.9494],[28.28551,36.94944],[28.28577,36.94952],[28.28584,36.94956],[28.28586,36.94959],[28.28595,36.94962],[28.28603,36.94965],[28.28612,36.94969],[28.2862,36.94972],[28.28626,36.94975],[28.28628,36.94981],[28.28628,36.94996],[28.28628,36.95001],[28.28619,36.95005],[28.28609,36.95009],[28.28602,36.95009],[28.28588,36.95002],[28.28584,36.94993],[28.28578,36.94985],[28.28572,36.94981],[28.28565,36.94977],[28.28544,36.94968]]]},"properties":{}},{"type":"Feature","geometry":{"type":"Polygon","coordinates":[[[28.2721,36.96921],[28.27212,36.96924],[28.27215,36.96925],[28.27217,36.96925],[28.2722,36.96925],[28.27234,36.96904],[28.27235,36.96901],[28.27234,36.96899],[28.27233,36.96898],[28.27231,36.96897],[28.27227,36.96898],[28.27225,36.96898],[28.2721,36.96921]]]},"properties":{}},{"type":"Feature","geometry":{"type":"Polygon","coordinates":[[[28.27348,36.97519],[28.2736,36.97512],[28.27363,36.97511],[28.27364,36.97512],[28.27365,36.97513],[28.27365,36.97515],[28.27363,36.97517],[28.27352,36.97524],[28.27348,36.97519]]]},"properties":{}},{"type":"Feature","geometry":{"type":"Polygon","coordinates":[[[28.28698,36.9525],[28.28708,36.95253],[28.28694,36.95282],[28.28684,36.95279],[28.28698,36.9525]]]},"properties":{}},{"type":"Feature","geometry":{"type":"Polygon","coordinates":[[[28.25188,36.98976],[28.25183,36.98975],[28.25178,36.98972],[28.2518,36.98967],[28.25192,36.9896],[28.25197,36.98956],[28.25203,36.98954],[28.25217,36.98953],[28.2522,36.98955],[28.25221,36.98959],[28.25226,36.98961],[28.25233,36.98962],[28.25234,36.98964],[28.25231,36.98968],[28.25228,36.98969],[28.25225,36.98966],[28.25221,36.98965],[28.25211,36.98964],[28.25207,36.98965],[28.25203,36.98967],[28.252,36.98969],[28.25196,36.98972],[28.25193,36.98975],[28.25188,36.98976]]]},"properties":{}},{"type":"Feature","geometry":{"type":"Polygon","coordinates":[[[28.2551,36.98739],[28.25509,36.98736],[28.25508,36.98734],[28.25507,36.98733],[28.25511,36.98733],[28.25512,36.9873],[28.25513,36.98727],[28.25516,36.98728],[28.25515,36.98732],[28.25514,36.98736],[28.25514,36.9874],[28.25514,36.98747],[28.25511,36.98751],[28.25508,36.98762],[28.25506,36.98769],[28.25505,36.98776],[28.25503,36.9878],[28.25497,36.98787],[28.25493,36.98794],[28.25488,36.98798],[28.2548,36.98798],[28.25471,36.98797],[28.25466,36.98794],[28.25471,36.98791],[28.25477,36.98793],[28.25487,36.98792],[28.25492,36.98789],[28.25496,36.98774],[28.25497,36.98769],[28.25497,36.98763],[28.25497,36.98758],[28.25502,36.98759],[28.25504,36.98752],[28.25508,36.98747],[28.2551,36.98739]]]},"properties":{}},{"type":"Feature","geometry":{"type":"Polygon","coordinates":[[[28.26216,36.97956],[28.26216,36.97959],[28.26216,36.97963],[28.26217,36.97964],[28.26219,36.97964],[28.26221,36.97964],[28.26223,36.97964],[28.26223,36.97961],[28.26222,36.97959],[28.26223,36.97957],[28.26222,36.97955],[28.26219,36.97956],[28.26216,36.97956]]]},"properties":{}},{"type":"Feature","geometry":{"type":"Polygon","coordinates":[[[28.30849,36.99227],[28.30845,36.99229],[28.30843,36.99232],[28.30842,36.99235],[28.30842,36.99239],[28.30844,36.99242],[28.30847,36.99245],[28.30851,36.99246],[28.30856,36.99247],[28.3086,36.99246],[28.30864,36.99244],[28.30867,36.99242],[28.30869,36.99238],[28.30869,36.99235],[28.30868,36.99231],[28.30865,36.99228],[28.30862,36.99226],[28.30857,36.99225],[28.30853,36.99225],[28.30849,36.99227]]]},"properties":{}},{"type":"Feature","geometry":{"type":"Polygon","coordinates":[[[28.14716,37.04618],[28.14716,37.04621],[28.14715,37.04623],[28.14713,37.04624],[28.14711,37.04626],[28.14708,37.04626],[28.14705,37.04626],[28.14703,37.04625],[28.14701,37.04623],[28.14699,37.04621],[28.14699,37.04619],[28.147,37.04617],[28.14701,37.04615],[28.14703,37.04613],[28.14706,37.04613],[28.14709,37.04612],[28.14711,37.04613],[28.14714,37.04614],[28.14715,37.04616],[28.14716,37.04618]]]},"properties":{}},{"type":"Feature","geometry":{"type":"Polygon","coordinates":[[[28.15983,37.07741],[28.15982,37.07735],[28.15978,37.07731],[28.1597,37.07732],[28.15965,37.07738],[28.15967,37.07744],[28.15972,37.07747],[28.15979,37.07747],[28.15983,37.07741]]]},"properties":{}},{"type":"Feature","geometry":{"type":"Polygon","coordinates":[[[28.2625,37.07553],[28.26241,37.07543],[28.26241,37.07525],[28.26278,37.0753],[28.26292,37.07547],[28.26272,37.07556],[28.2625,37.07553]]]},"properties":{}},{"type":"Feature","geometry":{"type":"Polygon","coordinates":[[[28.25196,37.08408],[28.25194,37.08386],[28.25207,37.08376],[28.25229,37.0838],[28.25252,37.08379],[28.25266,37.08391],[28.25254,37.08406],[28.25218,37.08401],[28.25196,37.08408]]]},"properties":{}},{"type":"Feature","geometry":{"type":"Polygon","coordinates":[[[28.32964,37.03062],[28.32941,37.0298],[28.32904,37.02909],[28.32892,37.02827],[28.3299,37.02777],[28.33088,37.02731],[28.33214,37.02933],[28.32964,37.03062]]]},"properties":{}},{"type":"Feature","geometry":{"type":"Polygon","coordinates":[[[28.32991,37.03134],[28.33038,37.03149],[28.33107,37.03121],[28.33174,37.03108],[28.33248,37.03087],[28.33263,37.03073],[28.33279,37.03101],[28.33284,37.03108],[28.33292,37.03119],[28.33334,37.03111],[28.33342,37.03154],[28.33325,37.03191],[28.33247,37.03199],[28.33172,37.03206],[28.33095,37.03225],[28.33022,37.03226],[28.33001,37.03217],[28.32988,37.03169],[28.32991,37.03134]]]},"properties":{}},{"type":"Feature","geometry":{"type":"Polygon","coordinates":[[[28.34063,37.03122],[28.34073,37.03102],[28.34082,37.03088],[28.34075,37.03059],[28.34087,37.03049],[28.34096,37.03033],[28.34079,37.03023],[28.34068,37.03008],[28.34053,37.02989],[28.34011,37.02969],[28.33962,37.0294],[28.33931,37.02925],[28.33888,37.02909],[28.33872,37.029],[28.33892,37.02899],[28.33925,37.02914],[28.33944,37.02922],[28.33976,37.02942],[28.33993,37.0295],[28.34027,37.02973],[28.34052,37.02984],[28.34067,37.02996],[28.34091,37.03024],[28.34103,37.03035],[28.34095,37.03047],[28.34082,37.03063],[28.34088,37.03076],[28.34084,37.03096],[28.34075,37.03118],[28.34063,37.03122]]]},"properties":{}},{"type":"Feature","geometry":{"type":"Polygon","coordinates":[[[28.51395,37.00899],[28.51389,37.00908],[28.51381,37.00925],[28.51368,37.00938],[28.51366,37.00959],[28.51372,37.00976],[28.51377,37.00997],[28.51387,37.01005],[28.51399,37.01],[28.51404,37.00995],[28.51413,37.00989],[28.51425,37.00969],[28.51431,37.00967],[28.51438,37.00957],[28.51446,37.00952],[28.51458,37.00929],[28.51452,37.00903],[28.51395,37.00899]]]},"properties":{}},{"type":"Feature","geometry":{"type":"Polygon","coordinates":[[[28.32833,37.05029],[28.32849,37.05071],[28.32884,37.05128],[28.32905,37.05168],[28.32898,37.05214],[28.32933,37.05251],[28.32992,37.05293],[28.33053,37.05324],[28.33124,37.05351],[28.33172,37.05371],[28.3325,37.05451],[28.33279,37.05459],[28.3333,37.05482],[28.33381,37.05549],[28.33412,37.05561],[28.3348,37.05566],[28.33548,37.05565],[28.33409,37.05477],[28.33335,37.05333],[28.33437,37.05278],[28.33378,37.05218],[28.33258,37.0513],[28.3328,37.05022],[28.33229,37.0497],[28.32833,37.05029]]]},"properties":{}},{"type":"Feature","geometry":{"type":"Polygon","coordinates":[[[28.63364,36.80619],[28.63369,36.80585],[28.63372,36.80521],[28.63379,36.80475],[28.63471,36.80383],[28.63508,36.80317],[28.63562,36.80272],[28.6362,36.80229],[28.63655,36.80215],[28.63741,36.80187],[28.63763,36.80128],[28.6379,36.80113],[28.63829,36.80121],[28.63857,36.80136],[28.63911,36.80147],[28.6395,36.80142],[28.64134,36.80074],[28.64382,36.80051],[28.64587,36.79964],[28.64649,36.79884],[28.64749,36.79723],[28.64886,36.79595],[28.65115,36.79328],[28.65321,36.79269],[28.65448,36.79271],[28.65533,36.79302],[28.65624,36.79296],[28.65706,36.79283],[28.65747,36.79216],[28.65607,36.79094],[28.65465,36.78982],[28.65245,36.78957],[28.6517,36.78953],[28.65051,36.79094],[28.64992,36.79201],[28.64937,36.79263],[28.64388,36.79632],[28.63604,36.79375],[28.63401,36.79373],[28.63192,36.79076],[28.63464,36.78945],[28.6311,36.78698],[28.62832,36.7885],[28.61878,36.79595],[28.61344,36.79847],[28.61298,36.80039],[28.61215,36.80132],[28.61171,36.80175],[28.61165,36.80191],[28.612,36.80258],[28.61108,36.80224],[28.61056,36.80251],[28.61044,36.80265],[28.61057,36.80283],[28.61139,36.80387],[28.61032,36.80307],[28.60964,36.80294],[28.60908,36.80325],[28.60776,36.80273],[28.60775,36.80318],[28.60794,36.80336],[28.60776,36.80367],[28.60736,36.80364],[28.6067,36.80367],[28.6058,36.80369],[28.6055,36.80344],[28.60499,36.8043],[28.60471,36.8042],[28.60424,36.80437],[28.60416,36.80399],[28.60378,36.80397],[28.60289,36.80465],[28.60242,36.80536],[28.60192,36.80649],[28.60133,36.8066],[28.60078,36.80782],[28.60203,36.80818],[28.60294,36.80814],[28.60562,36.80969],[28.60772,36.81004],[28.60839,36.80916],[28.60908,36.80899],[28.60923,36.81017],[28.61012,36.81053],[28.61082,36.81061],[28.61184,36.81069],[28.6113,36.81146],[28.61047,36.81254],[28.60948,36.81347],[28.60938,36.81431],[28.61099,36.81502],[28.61209,36.81591],[28.61058,36.81859],[28.60963,36.82077],[28.61137,36.82171],[28.61291,36.82189],[28.6138,36.82198],[28.61458,36.82198],[28.61508,36.82237],[28.6159,36.82262],[28.6161,36.82292],[28.61646,36.8232],[28.61792,36.82369],[28.61806,36.82349],[28.61897,36.82232],[28.61958,36.82067],[28.62009,36.82039],[28.62092,36.82042],[28.62113,36.82025],[28.62135,36.82035],[28.62165,36.8205],[28.62173,36.82054],[28.62182,36.82063],[28.62188,36.82079],[28.62197,36.82077],[28.62203,36.82068],[28.62215,36.82067],[28.62237,36.82078],[28.62259,36.82086],[28.6232,36.82099],[28.62336,36.82107],[28.62369,36.8212],[28.62393,36.82128],[28.62432,36.82143],[28.62447,36.82153],[28.62454,36.82156],[28.62463,36.82163],[28.62488,36.82184],[28.6257,36.82206],[28.62697,36.82188],[28.62702,36.82162],[28.62707,36.82149],[28.62719,36.82137],[28.62721,36.82093],[28.6271,36.82036],[28.62692,36.82027],[28.62682,36.82005],[28.62725,36.8195],[28.628,36.819],[28.6281,36.81871],[28.62821,36.8186],[28.6282,36.81839],[28.63078,36.81714],[28.63184,36.81671],[28.6335,36.817],[28.63389,36.81443],[28.6369,36.81332],[28.63746,36.81248],[28.63736,36.8114],[28.63768,36.81034],[28.63746,36.80927],[28.63596,36.80845],[28.63538,36.80838],[28.63466,36.80802],[28.634,36.80672],[28.63364,36.80619]]]},"properties":{}},{"type":"Feature","geometry":{"type":"Polygon","coordinates":[[[28.63322,36.78198],[28.63433,36.78145],[28.63496,36.78082],[28.63584,36.78013],[28.63635,36.77919],[28.63637,36.77804],[28.63557,36.77764],[28.63515,36.77711],[28.63459,36.77686],[28.63415,36.7772],[28.63316,36.77734],[28.63264,36.77715],[28.63232,36.77732],[28.63219,36.77804],[28.63167,36.77896],[28.63169,36.77922],[28.63182,36.77938],[28.63152,36.77986],[28.63117,36.78061],[28.63121,36.78164],[28.63154,36.78194],[28.63177,36.78212],[28.6324,36.78217],[28.63322,36.78198]]]},"properties":{"name":"Sulungur Gölü"}},{"type":"Feature","geometry":{"type":"Polygon","coordinates":[[[28.64534,36.80531],[28.64648,36.80555],[28.64654,36.80516],[28.64654,36.80511],[28.64671,36.80504],[28.64681,36.80504],[28.64674,36.80498],[28.64661,36.80502],[28.64651,36.80506],[28.64648,36.80504],[28.64624,36.8051],[28.64573,36.80516],[28.64535,36.80521],[28.64534,36.80531]]]},"properties":{}},{"type":"Feature","geometry":{"type":"Polygon","coordinates":[[[28.53679,36.86689],[28.53685,36.86687],[28.53693,36.86681],[28.53695,36.86675],[28.53695,36.86669],[28.53692,36.86664],[28.53687,36.86661],[28.53682,36.8666],[28.53674,36.86661],[28.53669,36.86663],[28.53663,36.86667],[28.53661,36.86671],[28.53661,36.86677],[28.53663,36.86682],[28.53667,36.86686],[28.53671,36.86688],[28.53679,36.86689]]]},"properties":{"name":"Yangın Havuzu"}},{"type":"Feature","geometry":{"type":"Polygon","coordinates":[[[28.61776,36.82449],[28.61836,36.82486],[28.61876,36.82484],[28.61904,36.82474],[28.61934,36.82486],[28.61957,36.82476],[28.61998,36.82456],[28.62023,36.82438],[28.62043,36.82424],[28.62056,36.82407],[28.62066,36.82387],[28.62071,36.82373],[28.62057,36.82345],[28.62007,36.82326],[28.61947,36.82301],[28.61806,36.82349],[28.61792,36.82369],[28.61782,36.82396],[28.61767,36.82405],[28.61763,36.8242],[28.61767,36.82438],[28.61776,36.82449]]]},"properties":{}},{"type":"Feature","geometry":{"type":"Polygon","coordinates":[[[28.52879,36.91361],[28.52884,36.91359],[28.52886,36.91358],[28.52889,36.91356],[28.5289,36.91352],[28.5289,36.91347],[28.52889,36.91343],[28.52886,36.9134],[28.52881,36.91337],[28.52876,36.91336],[28.5287,36.91337],[28.52866,36.91339],[28.52863,36.91342],[28.52861,36.91347],[28.52861,36.91351],[28.52863,36.91356],[28.52866,36.91359],[28.5287,36.91361],[28.52875,36.91362],[28.52879,36.91361]]]},"properties":{"name":"Yangın Havuzu"}},{"type":"Feature","geometry":{"type":"Polygon","coordinates":[[[28.6574,36.88096],[28.66003,36.88199],[28.65776,36.88549],[28.65777,36.88566],[28.65779,36.88582],[28.65781,36.88599],[28.65785,36.88615],[28.6579,36.88632],[28.65797,36.88648],[28.65804,36.88663],[28.65812,36.88679],[28.65822,36.88694],[28.65832,36.88709],[28.65844,36.88723],[28.65856,36.88737],[28.6587,36.8875],[28.65884,36.88763],[28.65899,36.88775],[28.65915,36.88786],[28.65932,36.88797],[28.65949,36.88806],[28.65967,36.88815],[28.65986,36.88824],[28.66005,36.88831],[28.66013,36.88833],[28.66022,36.88834],[28.6603,36.88835],[28.66038,36.88834],[28.66047,36.88833],[28.66055,36.88831],[28.66062,36.88828],[28.66069,36.88824],[28.66075,36.8882],[28.66081,36.88815],[28.66085,36.8881],[28.66089,36.88804],[28.66092,36.88799],[28.66094,36.88793],[28.66104,36.88791],[28.66114,36.88791],[28.66124,36.88791],[28.66134,36.88791],[28.66143,36.88793],[28.66155,36.88795],[28.66165,36.88798],[28.66176,36.88802],[28.66186,36.88807],[28.66195,36.88812],[28.66204,36.88819],[28.66211,36.88826],[28.66218,36.88833],[28.66224,36.88841],[28.66229,36.88849],[28.66233,36.88858],[28.66236,36.88867],[28.66237,36.88876],[28.66238,36.88885],[28.66238,36.88894],[28.66422,36.89003],[28.66651,36.89116],[28.66666,36.89119],[28.6668,36.89122],[28.66695,36.89124],[28.6671,36.89125],[28.66726,36.89125],[28.66741,36.89124],[28.66756,36.89122],[28.6677,36.89119],[28.66785,36.89115],[28.66799,36.89111],[28.66813,36.89105],[28.66826,36.89099],[28.66839,36.89092],[28.66851,36.89084],[28.66862,36.89076],[28.66925,36.89101],[28.66989,36.89126],[28.67053,36.8915],[28.67118,36.89173],[28.67183,36.89196],[28.67249,36.89218],[28.67307,36.89236],[28.67365,36.89254],[28.67423,36.89271],[28.67482,36.89287],[28.67541,36.89303],[28.6755,36.89324],[28.6756,36.89345],[28.67571,36.89365],[28.67583,36.89385],[28.67596,36.89405],[28.67609,36.89424],[28.67618,36.89435],[28.67626,36.89445],[28.67643,36.89465],[28.67661,36.89485],[28.67679,36.89505],[28.67699,36.89524],[28.67717,36.89542],[28.67737,36.89559],[28.67757,36.89576],[28.67777,36.89593],[28.67823,36.89591],[28.67831,36.8959],[28.67838,36.89588],[28.67845,36.89585],[28.67852,36.89582],[28.67857,36.89578],[28.67862,36.89574],[28.67866,36.8957],[28.67869,36.89565],[28.68196,36.89603],[28.6891,36.89758],[28.68977,36.89857],[28.69022,36.89923],[28.68933,36.89958],[28.68929,36.89963],[28.68926,36.89967],[28.68924,36.89973],[28.68923,36.89977],[28.68923,36.89982],[28.68923,36.89991],[28.68925,36.89999],[28.68927,36.90008],[28.6893,36.90016],[28.68933,36.90024],[28.68938,36.90031],[28.68943,36.90038],[28.68949,36.90045],[28.68974,36.90032],[28.69019,36.90107],[28.69012,36.90118],[28.69005,36.90128],[28.68997,36.90137],[28.68988,36.90146],[28.6898,36.90153],[28.68971,36.9016],[28.68962,36.90166],[28.68953,36.90171],[28.68943,36.90176],[28.68946,36.90203],[28.68951,36.90229],[28.68956,36.90255],[28.68963,36.9028],[28.68971,36.90306],[28.68971,36.90323],[28.68971,36.90339],[28.6897,36.90356],[28.68967,36.90373],[28.68964,36.90389],[28.6896,36.90405],[28.68955,36.9042],[28.68949,36.90436],[28.68943,36.90451],[28.68935,36.90465],[28.68927,36.9048],[28.68924,36.90489],[28.68922,36.90497],[28.6892,36.90506],[28.6892,36.90515],[28.68921,36.90524],[28.68924,36.90533],[28.68925,36.90538],[28.68927,36.90542],[28.68929,36.90551],[28.68931,36.9056],[28.68932,36.90569],[28.68932,36.90579],[28.6893,36.90588],[28.68928,36.90598],[28.68925,36.90608],[28.68921,36.90627],[28.68917,36.90647],[28.68916,36.90656],[28.68916,36.90665],[28.68916,36.90674],[28.68918,36.90682],[28.6892,36.90692],[28.68923,36.90701],[28.68898,36.90746],[28.68868,36.90735],[28.68865,36.90734],[28.68863,36.90734],[28.6886,36.90734],[28.68857,36.90735],[28.68855,36.90736],[28.68853,36.90738],[28.68852,36.90741],[28.68871,36.90796],[28.68886,36.90803],[28.689,36.9081],[28.68914,36.90818],[28.68927,36.90826],[28.6894,36.90835],[28.68952,36.90845],[28.68961,36.90854],[28.68963,36.90855],[28.68974,36.90866],[28.68984,36.90877],[28.68993,36.90889],[28.69001,36.90901],[28.69005,36.90904],[28.69009,36.90908],[28.69012,36.90913],[28.69014,36.90917],[28.69015,36.90922],[28.69016,36.90926],[28.69015,36.9093],[28.69014,36.90935],[28.69013,36.90939],[28.69018,36.90945],[28.69023,36.90951],[28.69027,36.90958],[28.6903,36.90965],[28.69032,36.90972],[28.69033,36.90979],[28.69033,36.90986],[28.69032,36.90992],[28.6903,36.90999],[28.69028,36.91005],[28.69021,36.91016],[28.69012,36.91025],[28.69003,36.91035],[28.68994,36.91044],[28.68987,36.91049],[28.68981,36.91054],[28.68967,36.91064],[28.68952,36.91073],[28.68937,36.91082],[28.68921,36.9109],[28.68907,36.91097],[28.68892,36.91103],[28.68877,36.91108],[28.68862,36.91113],[28.68846,36.91117],[28.68777,36.91143],[28.68708,36.91169],[28.68694,36.91167],[28.68689,36.91167],[28.68684,36.91166],[28.68679,36.91165],[28.68675,36.91162],[28.68671,36.91159],[28.68668,36.91156],[28.68665,36.91152],[28.68664,36.91148],[28.68663,36.91143],[28.68667,36.91138],[28.68672,36.91133],[28.68677,36.9113],[28.68684,36.91127],[28.6869,36.91124],[28.68695,36.91123],[28.687,36.91123],[28.6871,36.91121],[28.68719,36.91118],[28.68728,36.91114],[28.68737,36.9111],[28.68745,36.91105],[28.6875,36.91102],[28.68754,36.91098],[28.68764,36.91091],[28.68775,36.91085],[28.68786,36.91079],[28.68798,36.91074],[28.68807,36.9107],[28.68816,36.91067],[28.68834,36.91061],[28.68852,36.91055],[28.68875,36.91049],[28.68898,36.91044],[28.68922,36.9104],[28.68945,36.91036],[28.68949,36.91027],[28.68952,36.91018],[28.68954,36.91009],[28.68955,36.91],[28.68955,36.90991],[28.68954,36.90982],[28.68951,36.90973],[28.68948,36.90965],[28.68945,36.90957],[28.68926,36.9094],[28.6892,36.90935],[28.68907,36.90923],[28.6889,36.90906],[28.68873,36.90887],[28.68858,36.9087],[28.68843,36.90851],[28.6883,36.90833],[28.68817,36.90814],[28.6881,36.90805],[28.68802,36.90796],[28.68794,36.90788],[28.68785,36.90781],[28.68775,36.90774],[28.68764,36.90769],[28.68755,36.90762],[28.68746,36.90755],[28.68739,36.90747],[28.68732,36.90739],[28.68726,36.9073],[28.68722,36.90721],[28.68718,36.90711],[28.68716,36.90702],[28.68713,36.90693],[28.68709,36.90684],[28.68705,36.90675],[28.68699,36.90667],[28.68692,36.90658],[28.68685,36.9065],[28.68676,36.90642],[28.68666,36.90634],[28.68656,36.90628],[28.68645,36.90622],[28.68587,36.9055],[28.6855,36.90512],[28.68529,36.9049],[28.68512,36.90474],[28.68476,36.90438],[28.68438,36.90403],[28.684,36.90369],[28.6833,36.90306],[28.6829,36.90282],[28.6828,36.90282],[28.68271,36.90281],[28.68261,36.90279],[28.68252,36.90276],[28.68243,36.90273],[28.68236,36.9027],[28.6823,36.90266],[28.68217,36.9026],[28.68203,36.90254],[28.68188,36.9025],[28.68178,36.90247],[28.68167,36.90245],[28.68156,36.90243],[28.68123,36.90236],[28.68091,36.90231],[28.68057,36.90226],[28.68024,36.90221],[28.67991,36.90214],[28.67967,36.90209],[28.67943,36.90203],[28.6792,36.90197],[28.67909,36.90195],[28.67897,36.90195],[28.67886,36.90194],[28.67875,36.90195],[28.67864,36.90196],[28.67853,36.90198],[28.67842,36.90201],[28.67834,36.90203],[28.67826,36.90206],[28.67809,36.90211],[28.67792,36.90215],[28.67774,36.90217],[28.67757,36.90219],[28.67746,36.9022],[28.67735,36.9022],[28.67724,36.90219],[28.67713,36.90218],[28.67702,36.90216],[28.67692,36.90213],[28.67686,36.90211],[28.67681,36.90209],[28.67676,36.90206],[28.67673,36.90202],[28.67669,36.90198],[28.67667,36.90193],[28.67666,36.90188],[28.67665,36.90184],[28.67666,36.90179],[28.67668,36.90174],[28.6767,36.9017],[28.67667,36.90156],[28.67663,36.90144],[28.67658,36.90131],[28.67653,36.90121],[28.67648,36.9011],[28.67641,36.90101],[28.67634,36.90091],[28.6765,36.90054],[28.67645,36.90044],[28.67639,36.90034],[28.67632,36.90024],[28.67623,36.90015],[28.67614,36.90007],[28.67604,36.89999],[28.67594,36.89992],[28.67583,36.89985],[28.67571,36.89979],[28.67558,36.89974],[28.67545,36.8997],[28.67532,36.89967],[28.67518,36.89964],[28.67504,36.89963],[28.6749,36.89962],[28.67487,36.89955],[28.67484,36.89948],[28.67483,36.8994],[28.67483,36.89932],[28.67484,36.89927],[28.67483,36.89921],[28.67482,36.89915],[28.67479,36.8991],[28.67475,36.89905],[28.67471,36.89901],[28.67466,36.89897],[28.67461,36.89894],[28.67445,36.89883],[28.6743,36.89873],[28.67411,36.89861],[28.67392,36.8985],[28.67354,36.89828],[28.67341,36.8982],[28.67327,36.89813],[28.67312,36.89807],[28.67298,36.89801],[28.67282,36.89796],[28.67265,36.89791],[28.67248,36.89788],[28.67231,36.89784],[28.67213,36.89782],[28.67195,36.89781],[28.67177,36.8978],[28.67159,36.89781],[28.67142,36.89782],[28.6713,36.8977],[28.67118,36.89759],[28.67105,36.89748],[28.67091,36.89738],[28.67077,36.89729],[28.67062,36.89721],[28.67046,36.89713],[28.6703,36.89706],[28.67017,36.89702],[28.67003,36.89697],[28.6699,36.89694],[28.6695,36.89682],[28.6691,36.8967],[28.66895,36.89666],[28.6688,36.89663],[28.66865,36.8966],[28.6685,36.89658],[28.66834,36.89657],[28.66819,36.89656],[28.66805,36.89656],[28.66791,36.89657],[28.66777,36.89659],[28.66764,36.89662],[28.66751,36.89666],[28.66738,36.8967],[28.66726,36.89676],[28.66717,36.89681],[28.66708,36.89686],[28.66689,36.89696],[28.6667,36.89705],[28.6665,36.89713],[28.6663,36.89721],[28.6661,36.89728],[28.66593,36.89733],[28.66577,36.89739],[28.66561,36.89746],[28.66545,36.89753],[28.6653,36.89761],[28.66516,36.8977],[28.66502,36.89779],[28.66489,36.89788],[28.66477,36.89798],[28.66465,36.89809],[28.66453,36.8982],[28.66433,36.89827],[28.66412,36.89833],[28.6639,36.89838],[28.66369,36.89843],[28.66347,36.89847],[28.66331,36.89849],[28.66315,36.89851],[28.66298,36.89852],[28.66282,36.89852],[28.66265,36.89851],[28.66257,36.8985],[28.66249,36.89848],[28.66241,36.89846],[28.66233,36.89842],[28.66226,36.89838],[28.6622,36.89834],[28.66215,36.89828],[28.66211,36.89822],[28.66207,36.89816],[28.66205,36.89809],[28.66204,36.89803],[28.66159,36.89791],[28.66113,36.8978],[28.66067,36.89769],[28.66021,36.89759],[28.66008,36.89757],[28.65995,36.89755],[28.65982,36.89754],[28.65969,36.89754],[28.65956,36.89755],[28.65944,36.89756],[28.65931,36.89758],[28.65919,36.89761],[28.65908,36.89765],[28.65897,36.89769],[28.65886,36.89774],[28.65876,36.89761],[28.65852,36.89745],[28.65844,36.8974],[28.65834,36.89736],[28.65825,36.89733],[28.65815,36.8973],[28.65805,36.89729],[28.65795,36.89728],[28.65789,36.89727],[28.65783,36.89727],[28.65771,36.89728],[28.65759,36.89729],[28.65748,36.89731],[28.65736,36.89734],[28.65727,36.89736],[28.65718,36.8974],[28.65699,36.89745],[28.6568,36.89749],[28.6566,36.89752],[28.65643,36.89755],[28.65626,36.89757],[28.65609,36.89758],[28.65591,36.89758],[28.65579,36.89759],[28.65566,36.89761],[28.65554,36.89764],[28.65543,36.89768],[28.65532,36.89772],[28.65521,36.89778],[28.65511,36.89783],[28.65502,36.8979],[28.65494,36.89797],[28.65487,36.89805],[28.6548,36.89809],[28.65473,36.89812],[28.65465,36.89815],[28.65457,36.89816],[28.65449,36.89817],[28.65441,36.89818],[28.65431,36.89817],[28.65423,36.89816],[28.65404,36.89814],[28.65386,36.89814],[28.65368,36.89815],[28.65349,36.89816],[28.65331,36.89819],[28.65314,36.89822],[28.65298,36.89827],[28.65281,36.89832],[28.65265,36.89837],[28.6525,36.89844],[28.65235,36.89851],[28.65213,36.8985],[28.65192,36.89848],[28.6517,36.89845],[28.65154,36.89842],[28.65137,36.89839],[28.65121,36.89835],[28.65105,36.89831],[28.65099,36.89829],[28.65092,36.89827],[28.65086,36.89825],[28.6508,36.89821],[28.65076,36.89817],[28.65071,36.89813],[28.65068,36.89808],[28.65065,36.89803],[28.65063,36.89798],[28.6505,36.89795],[28.65038,36.89793],[28.65025,36.89791],[28.65012,36.89791],[28.64999,36.89791],[28.64992,36.89791],[28.64985,36.89792],[28.64971,36.89792],[28.64957,36.89792],[28.64947,36.89792],[28.64937,36.89791],[28.64926,36.89789],[28.64917,36.89787],[28.64907,36.89784],[28.64898,36.8978],[28.6489,36.89776],[28.64882,36.89771],[28.64874,36.89765],[28.64858,36.89761],[28.64841,36.89757],[28.64823,36.89754],[28.64806,36.89751],[28.64795,36.8975],[28.64785,36.8975],[28.64764,36.89749],[28.64743,36.89749],[28.64722,36.8975],[28.64709,36.89751],[28.64697,36.89753],[28.64685,36.89756],[28.64673,36.89759],[28.64662,36.89763],[28.64651,36.89768],[28.64644,36.89771],[28.64636,36.89774],[28.64628,36.89777],[28.64619,36.89778],[28.64611,36.89779],[28.64602,36.89779],[28.64594,36.89778],[28.64586,36.89776],[28.64578,36.89774],[28.6457,36.89771],[28.64564,36.89767],[28.64557,36.89763],[28.64549,36.89729],[28.64536,36.89726],[28.64523,36.89722],[28.6451,36.89718],[28.64498,36.89713],[28.64486,36.89708],[28.64475,36.89702],[28.64452,36.89691],[28.64429,36.89681],[28.64422,36.89678],[28.64415,36.89675],[28.64409,36.89671],[28.64403,36.89666],[28.64397,36.8966],[28.64392,36.89654],[28.64388,36.89648],[28.64385,36.89641],[28.64371,36.89633],[28.64357,36.89626],[28.64342,36.89619],[28.64327,36.89613],[28.64313,36.89608],[28.64298,36.89603],[28.64283,36.89599],[28.64268,36.89607],[28.64264,36.89609],[28.6426,36.8961],[28.64255,36.8961],[28.64251,36.89609],[28.64247,36.89607],[28.64243,36.89604],[28.64241,36.89601],[28.6424,36.89598],[28.64235,36.89586],[28.6423,36.89575],[28.64223,36.89564],[28.64216,36.89554],[28.64207,36.89544],[28.64199,36.89536],[28.6419,36.89528],[28.64171,36.89512],[28.64153,36.89496],[28.64141,36.89487],[28.6413,36.89477],[28.6412,36.89467],[28.64111,36.89456],[28.64103,36.89444],[28.64096,36.89432],[28.64089,36.89419],[28.64084,36.89406],[28.6408,36.89393],[28.64077,36.8938],[28.64098,36.8939],[28.6412,36.894],[28.64141,36.89409],[28.64163,36.89417],[28.64184,36.89425],[28.64206,36.89432],[28.64261,36.89408],[28.64269,36.89408],[28.64276,36.89409],[28.64283,36.89411],[28.64289,36.89413],[28.64296,36.89417],[28.64301,36.8942],[28.64306,36.89425],[28.6431,36.8943],[28.64332,36.89479],[28.64355,36.89533],[28.64357,36.89537],[28.6436,36.89541],[28.64363,36.89545],[28.64367,36.89548],[28.64372,36.8955],[28.64377,36.89552],[28.64383,36.89553],[28.64389,36.89553],[28.64395,36.89552],[28.64401,36.89551],[28.64406,36.89548],[28.6445,36.8949],[28.64455,36.89487],[28.6446,36.89484],[28.64466,36.89482],[28.64472,36.89481],[28.64478,36.8948],[28.64485,36.8948],[28.64492,36.89481],[28.64499,36.89483],[28.64505,36.89486],[28.6451,36.89492],[28.64516,36.89498],[28.64523,36.89503],[28.64531,36.89507],[28.64539,36.8951],[28.64548,36.89512],[28.64556,36.89514],[28.64564,36.89514],[28.64572,36.89514],[28.6458,36.89513],[28.64588,36.89512],[28.64595,36.89509],[28.64603,36.89506],[28.64612,36.89503],[28.64621,36.89502],[28.6463,36.89501],[28.64639,36.89501],[28.64649,36.89502],[28.64658,36.89504],[28.64666,36.89507],[28.64674,36.89511],[28.64747,36.89566],[28.64756,36.89562],[28.64766,36.89558],[28.64776,36.89555],[28.64786,36.89552],[28.64797,36.89551],[28.64807,36.89549],[28.64819,36.89549],[28.6483,36.89549],[28.64841,36.8955],[28.64852,36.89552],[28.64863,36.89554],[28.64873,36.89558],[28.64883,36.89562],[28.64893,36.89566],[28.64912,36.89575],[28.64932,36.89582],[28.64952,36.89589],[28.64957,36.89646],[28.64957,36.8965],[28.64958,36.89654],[28.6496,36.89658],[28.64963,36.89661],[28.64967,36.89664],[28.64971,36.89666],[28.64976,36.89667],[28.64981,36.89667],[28.64986,36.89667],[28.64991,36.89666],[28.64996,36.89663],[28.64999,36.89661],[28.65002,36.89657],[28.65004,36.89653],[28.65013,36.8964],[28.65022,36.89628],[28.65032,36.89615],[28.65042,36.89603],[28.65055,36.8959],[28.65069,36.89577],[28.65084,36.89564],[28.651,36.89552],[28.65115,36.8954],[28.6513,36.89527],[28.65144,36.89514],[28.65157,36.89501],[28.6516,36.89496],[28.65163,36.89491],[28.65164,36.89486],[28.65165,36.89481],[28.65165,36.89476],[28.65163,36.8947],[28.65161,36.89465],[28.65158,36.8946],[28.65153,36.89455],[28.65148,36.89451],[28.65142,36.89448],[28.65136,36.89445],[28.65124,36.89441],[28.65112,36.89437],[28.65099,36.89434],[28.65086,36.89432],[28.6508,36.89431],[28.65073,36.89431],[28.65067,36.89431],[28.65061,36.89432],[28.65055,36.89434],[28.6505,36.89435],[28.65044,36.89438],[28.65041,36.89442],[28.65037,36.89447],[28.65032,36.8945],[28.65027,36.89454],[28.65021,36.89457],[28.65015,36.89459],[28.65008,36.89461],[28.65001,36.89462],[28.64994,36.89462],[28.64986,36.89462],[28.64979,36.8946],[28.64972,36.89458],[28.64966,36.89456],[28.64954,36.8945],[28.64943,36.89444],[28.64932,36.89438],[28.64927,36.89434],[28.64922,36.89431],[28.64914,36.89425],[28.64907,36.89418],[28.64901,36.89411],[28.64896,36.89404],[28.64891,36.89396],[28.64888,36.89388],[28.64885,36.89378],[28.64882,36.89368],[28.64881,36.89358],[28.64881,36.89348],[28.64883,36.89338],[28.64885,36.89328],[28.64888,36.89318],[28.64893,36.89307],[28.64899,36.89296],[28.64906,36.89285],[28.64913,36.89275],[28.64921,36.89265],[28.64925,36.89261],[28.6493,36.89256],[28.64939,36.89249],[28.64948,36.89242],[28.64958,36.89236],[28.64969,36.89231],[28.6498,36.89227],[28.64992,36.89224],[28.65004,36.89221],[28.65022,36.89218],[28.6504,36.89215],[28.65083,36.89214],[28.65088,36.89214],[28.65094,36.89214],[28.651,36.89213],[28.65105,36.89212],[28.6511,36.8921],[28.65116,36.89207],[28.65121,36.89203],[28.65125,36.89199],[28.65128,36.89194],[28.6513,36.89189],[28.65131,36.89184],[28.65132,36.89176],[28.65132,36.89168],[28.65131,36.8916],[28.65129,36.89153],[28.65128,36.89149],[28.65126,36.89145],[28.65123,36.89138],[28.65118,36.89131],[28.65112,36.89125],[28.65105,36.89119],[28.65098,36.89115],[28.6506,36.89096],[28.65055,36.89088],[28.6505,36.8908],[28.65047,36.89071],[28.65044,36.89063],[28.65042,36.89054],[28.65041,36.89044],[28.65041,36.89034],[28.65042,36.89023],[28.65044,36.89013],[28.65047,36.89004],[28.65052,36.88994],[28.64982,36.88958],[28.64986,36.88951],[28.6499,36.88944],[28.64993,36.88936],[28.64994,36.88929],[28.64995,36.88921],[28.64995,36.88913],[28.64993,36.88906],[28.64991,36.88898],[28.64987,36.88891],[28.64982,36.88883],[28.64977,36.88877],[28.6497,36.88871],[28.64961,36.88863],[28.64952,36.88857],[28.64942,36.88851],[28.64937,36.88848],[28.64931,36.88845],[28.64923,36.88842],[28.64914,36.8884],[28.64905,36.88839],[28.64895,36.88839],[28.64886,36.88839],[28.64868,36.88841],[28.6486,36.88842],[28.64852,36.88844],[28.64844,36.88847],[28.64838,36.8885],[28.64832,36.88853],[28.64827,36.88857],[28.64822,36.88861],[28.64818,36.88866],[28.64815,36.88871],[28.64813,36.88876],[28.64812,36.88881],[28.64811,36.88886],[28.64804,36.88927],[28.6477,36.88944],[28.64736,36.88961],[28.64704,36.88979],[28.64672,36.88997],[28.64641,36.89016],[28.64583,36.89051],[28.64576,36.89053],[28.64569,36.89055],[28.64562,36.89059],[28.64556,36.89063],[28.64551,36.89067],[28.64547,36.89072],[28.64544,36.89077],[28.64541,36.89082],[28.6454,36.89087],[28.6454,36.89097],[28.64539,36.89106],[28.64538,36.89116],[28.64535,36.89126],[28.64531,36.89135],[28.64526,36.89143],[28.64521,36.89151],[28.64515,36.89159],[28.64508,36.89166],[28.645,36.89172],[28.6445,36.89202],[28.6444,36.89201],[28.6443,36.89199],[28.6442,36.89196],[28.64411,36.89193],[28.64402,36.89189],[28.64399,36.89186],[28.64395,36.89184],[28.6439,36.89182],[28.64385,36.89181],[28.64379,36.8918],[28.64374,36.8918],[28.64365,36.89184],[28.64356,36.89187],[28.64346,36.8919],[28.64337,36.89191],[28.64327,36.89192],[28.64317,36.89193],[28.64306,36.89192],[28.64295,36.89191],[28.64285,36.89189],[28.64274,36.89186],[28.64264,36.89182],[28.64209,36.89155],[28.64203,36.89154],[28.64197,36.89153],[28.64192,36.89153],[28.64186,36.89154],[28.64181,36.89155],[28.64176,36.89157],[28.6417,36.89164],[28.64163,36.89171],[28.64155,36.89177],[28.64147,36.89183],[28.64138,36.89187],[28.64129,36.89191],[28.64119,36.89194],[28.6411,36.89197],[28.641,36.89198],[28.6409,36.89199],[28.6408,36.892],[28.6407,36.89199],[28.64057,36.89198],[28.64044,36.89196],[28.64032,36.89193],[28.6402,36.8919],[28.64008,36.89186],[28.63938,36.89156],[28.63933,36.89155],[28.63929,36.89156],[28.63924,36.89156],[28.63926,36.89149],[28.63929,36.89142],[28.63933,36.89136],[28.63937,36.8913],[28.63943,36.89124],[28.63949,36.89118],[28.63956,36.89113],[28.63964,36.89109],[28.63972,36.89105],[28.63981,36.89102],[28.6399,36.891],[28.63999,36.89098],[28.64009,36.89098],[28.64018,36.89098],[28.64028,36.89099],[28.64037,36.89091],[28.64047,36.89083],[28.64055,36.89074],[28.64063,36.89065],[28.64069,36.89056],[28.64075,36.89046],[28.64081,36.89035],[28.64085,36.89025],[28.64088,36.89014],[28.6409,36.89007],[28.64091,36.89],[28.64095,36.88986],[28.64101,36.88972],[28.64107,36.88958],[28.64115,36.88944],[28.64123,36.88931],[28.64133,36.88919],[28.64141,36.88909],[28.64148,36.88899],[28.64154,36.88889],[28.6416,36.88878],[28.64164,36.88867],[28.64168,36.88856],[28.64171,36.88845],[28.64172,36.88833],[28.64173,36.88822],[28.64173,36.88811],[28.64171,36.88799],[28.64169,36.88788],[28.64166,36.88777],[28.64162,36.88767],[28.64157,36.88756],[28.64164,36.88744],[28.64171,36.88733],[28.64178,36.88721],[28.64187,36.8871],[28.64196,36.887],[28.64204,36.88692],[28.64212,36.88685],[28.64221,36.88679],[28.64231,36.88673],[28.64241,36.88668],[28.64252,36.88664],[28.64264,36.88661],[28.64272,36.88659],[28.6428,36.88658],[28.64288,36.88658],[28.64296,36.88659],[28.64304,36.88661],[28.64311,36.88663],[28.64318,36.88666],[28.64324,36.8867],[28.64341,36.8866],[28.64358,36.88649],[28.64375,36.88637],[28.6439,36.88625],[28.64405,36.88612],[28.64419,36.88599],[28.64432,36.88585],[28.64446,36.88571],[28.64461,36.88558],[28.64476,36.88545],[28.64492,36.88533],[28.64509,36.88522],[28.64526,36.88511],[28.64541,36.88503],[28.64555,36.88493],[28.64569,36.88484],[28.64582,36.88473],[28.64595,36.88462],[28.64606,36.88451],[28.64617,36.88438],[28.64627,36.88425],[28.64637,36.88412],[28.64645,36.88398],[28.64652,36.88384],[28.64716,36.88302],[28.64724,36.88297],[28.64731,36.8829],[28.64737,36.88283],[28.64742,36.88276],[28.64746,36.88268],[28.64749,36.8826],[28.64752,36.88252],[28.64753,36.88243],[28.64752,36.88235],[28.64751,36.88227],[28.64749,36.88218],[28.64747,36.88202],[28.64746,36.88186],[28.64746,36.88169],[28.64747,36.88153],[28.64749,36.88136],[28.64753,36.8812],[28.64757,36.88104],[28.64763,36.88088],[28.64763,36.88077],[28.64762,36.88067],[28.64759,36.88057],[28.64756,36.88047],[28.64751,36.88038],[28.64746,36.88029],[28.6474,36.8802],[28.64732,36.88012],[28.64724,36.88005],[28.64715,36.87998],[28.64711,36.87987],[28.64707,36.87977],[28.64703,36.87966],[28.64701,36.87955],[28.647,36.87944],[28.64699,36.87936],[28.64699,36.87928],[28.647,36.87912],[28.64702,36.87896],[28.64705,36.87881],[28.64709,36.87865],[28.64714,36.8785],[28.6472,36.87835],[28.64727,36.8782],[28.64733,36.87809],[28.6474,36.87798],[28.64748,36.87788],[28.64756,36.87777],[28.64765,36.87767],[28.64776,36.87757],[28.64787,36.87748],[28.648,36.87739],[28.64812,36.87731],[28.64826,36.87723],[28.64831,36.87716],[28.64836,36.87709],[28.64839,36.87702],[28.64842,36.87694],[28.64844,36.87686],[28.64844,36.87678],[28.64844,36.8767],[28.64843,36.87662],[28.64841,36.87654],[28.64838,36.87646],[28.64834,36.87639],[28.64829,36.87631],[28.64824,36.87626],[28.6482,36.87621],[28.64809,36.87611],[28.64798,36.87601],[28.64786,36.87593],[28.64773,36.87585],[28.64761,36.87578],[28.64749,36.87572],[28.64736,36.87567],[28.64722,36.87562],[28.64716,36.8756],[28.64711,36.87556],[28.64706,36.87553],[28.64702,36.87549],[28.64699,36.87544],[28.64696,36.87539],[28.64695,36.87534],[28.64694,36.87529],[28.64694,36.87524],[28.64695,36.87519],[28.64696,36.87514],[28.64701,36.87505],[28.64704,36.87495],[28.64706,36.87485],[28.64707,36.87476],[28.64707,36.87466],[28.64707,36.87459],[28.64706,36.87452],[28.64705,36.87439],[28.64705,36.87425],[28.64707,36.87412],[28.64709,36.874],[28.64688,36.87372],[28.64685,36.87368],[28.64684,36.87365],[28.64683,36.87361],[28.64683,36.87357],[28.64684,36.87354],[28.64686,36.8735],[28.64688,36.87347],[28.64691,36.87344],[28.64718,36.87317],[28.64719,36.87284],[28.64721,36.87251],[28.64722,36.87239],[28.64721,36.87226],[28.6472,36.87214],[28.64718,36.87202],[28.64714,36.8719],[28.64711,36.87179],[28.64706,36.87168],[28.647,36.87158],[28.64697,36.87153],[28.64694,36.87149],[28.64689,36.87145],[28.64684,36.87142],[28.64678,36.8714],[28.64672,36.87138],[28.64666,36.87138],[28.6466,36.87138],[28.64655,36.87138],[28.64644,36.8714],[28.64642,36.8714],[28.64641,36.8714],[28.64639,36.87139],[28.64638,36.87138],[28.64638,36.87136],[28.64663,36.87106],[28.64657,36.871],[28.64652,36.87093],[28.64648,36.87087],[28.64644,36.8708],[28.64642,36.87073],[28.6464,36.87067],[28.64639,36.87061],[28.64638,36.8705],[28.64637,36.87039],[28.64637,36.87027],[28.64637,36.87019],[28.64638,36.87011],[28.64641,36.87003],[28.64643,36.86995],[28.64646,36.86989],[28.6465,36.86982],[28.64654,36.86977],[28.64665,36.86958],[28.64668,36.86953],[28.64671,36.86947],[28.64673,36.8694],[28.64675,36.86934],[28.64675,36.86927],[28.64674,36.86921],[28.64673,36.86914],[28.64665,36.86909],[28.64657,36.86904],[28.64648,36.86899],[28.64636,36.86893],[28.64623,36.86888],[28.6461,36.86884],[28.64608,36.86876],[28.64608,36.86868],[28.64609,36.86861],[28.64611,36.86853],[28.64613,36.86846],[28.64617,36.86839],[28.64665,36.86773],[28.64668,36.8678],[28.64671,36.86787],[28.64676,36.86793],[28.64681,36.86799],[28.64687,36.86805],[28.64694,36.8681],[28.64701,36.86815],[28.64709,36.8682],[28.64718,36.86823],[28.64727,36.86826],[28.64737,36.86829],[28.64746,36.8683],[28.64756,36.86831],[28.64766,36.86831],[28.648,36.8683],[28.64833,36.86829],[28.64867,36.86828],[28.64901,36.86825],[28.65077,36.86782],[28.65113,36.86809],[28.65151,36.86836],[28.65191,36.86862],[28.65231,36.86888],[28.65245,36.86896],[28.65259,36.86905],[28.65272,36.86913],[28.65286,36.86924],[28.653,36.86934],[28.65312,36.86946],[28.65325,36.86957],[28.65336,36.86969],[28.65347,36.86982],[28.65351,36.87002],[28.65357,36.87021],[28.65363,36.8704],[28.65371,36.87059],[28.6538,36.87078],[28.65389,36.87096],[28.65399,36.87112],[28.65409,36.87127],[28.6542,36.87142],[28.65432,36.87157],[28.65444,36.87172],[28.65457,36.87186],[28.65501,36.87236],[28.65488,36.87287],[28.65575,36.87365],[28.65582,36.87387],[28.6559,36.87408],[28.65599,36.8743],[28.65609,36.87453],[28.6562,36.87475],[28.65632,36.87498],[28.65795,36.87605],[28.65543,36.87775],[28.65537,36.87784],[28.65532,36.87793],[28.65528,36.87803],[28.65526,36.87813],[28.65524,36.87824],[28.65523,36.87834],[28.65524,36.87845],[28.65525,36.87856],[28.65528,36.87866],[28.65579,36.8795],[28.65594,36.87954],[28.65609,36.87959],[28.65623,36.87965],[28.65637,36.87971],[28.6565,36.87978],[28.65663,36.87986],[28.65675,36.87995],[28.65686,36.88004],[28.65696,36.88014],[28.65705,36.88025],[28.65714,36.88036],[28.65721,36.88047],[28.65727,36.88059],[28.65732,36.88071],[28.65737,36.88083],[28.6574,36.88096]]]},"properties":{}},{"type":"Feature","geometry":{"type":"Polygon","coordinates":[[[28.63384,36.85304],[28.63368,36.85329],[28.63372,36.85329],[28.63377,36.85329],[28.63381,36.8533],[28.63384,36.85331],[28.63388,36.85333],[28.63392,36.85336],[28.63394,36.85339],[28.63396,36.85342],[28.63399,36.85348],[28.63401,36.85354],[28.63396,36.85377],[28.63396,36.85379],[28.63396,36.85381],[28.63398,36.85382],[28.634,36.85383],[28.63403,36.85383],[28.63405,36.85382],[28.6342,36.85366],[28.63425,36.85364],[28.6343,36.85364],[28.63435,36.85364],[28.6344,36.85364],[28.63445,36.85365],[28.6345,36.85367],[28.63454,36.8537],[28.6346,36.85374],[28.63467,36.85379],[28.63472,36.85384],[28.63472,36.85388],[28.63472,36.85392],[28.63474,36.85396],[28.63476,36.854],[28.63478,36.85403],[28.63481,36.85406],[28.63485,36.85408],[28.63489,36.8541],[28.63493,36.85411],[28.6352,36.85414],[28.63524,36.85417],[28.63527,36.85419],[28.6353,36.85423],[28.63531,36.85427],[28.63532,36.8543],[28.63531,36.85434],[28.6353,36.85438],[28.63527,36.85441],[28.63524,36.85444],[28.63513,36.85446],[28.63501,36.85448],[28.6349,36.85451],[28.63479,36.85454],[28.63468,36.85458],[28.63446,36.85456],[28.63443,36.85456],[28.6344,36.85456],[28.63437,36.85458],[28.63435,36.85459],[28.63433,36.85461],[28.63432,36.85464],[28.63432,36.85466],[28.63432,36.85469],[28.63434,36.85472],[28.6344,36.85482],[28.63436,36.85489],[28.63431,36.85495],[28.63426,36.85501],[28.63418,36.85509],[28.6341,36.85515],[28.63401,36.85521],[28.63391,36.85527],[28.63391,36.85531],[28.63391,36.85535],[28.63389,36.85539],[28.63387,36.85543],[28.63384,36.85547],[28.63381,36.8555],[28.63376,36.85553],[28.63381,36.85563],[28.63377,36.85566],[28.63375,36.85569],[28.63374,36.85571],[28.63373,36.85574],[28.63373,36.85577],[28.63373,36.85584],[28.63373,36.85591],[28.63375,36.85598],[28.63378,36.85605],[28.63382,36.85611],[28.63386,36.85617],[28.63386,36.85624],[28.63387,36.85631],[28.63389,36.85638],[28.63392,36.85645],[28.63395,36.85652],[28.63399,36.85659],[28.63404,36.85665],[28.63409,36.85671],[28.63424,36.85689],[28.63439,36.85707],[28.63441,36.85712],[28.63441,36.85717],[28.63441,36.85722],[28.6344,36.85727],[28.63438,36.85732],[28.63436,36.85736],[28.63432,36.8574],[28.63431,36.8576],[28.6343,36.85772],[28.6343,36.85784],[28.6343,36.85795],[28.63431,36.85808],[28.63433,36.8582],[28.63436,36.85832],[28.63436,36.85845],[28.63437,36.85858],[28.63438,36.8587],[28.63441,36.85882],[28.63444,36.85894],[28.63447,36.85906],[28.63457,36.8591],[28.63466,36.85915],[28.63474,36.85921],[28.63481,36.85927],[28.63487,36.85933],[28.63493,36.8594],[28.63498,36.85946],[28.63501,36.85953],[28.63505,36.8596],[28.63449,36.86002],[28.63446,36.86008],[28.63444,36.86015],[28.63443,36.86022],[28.63443,36.86029],[28.63444,36.86036],[28.63446,36.86043],[28.63449,36.86049],[28.63454,36.86058],[28.6346,36.86066],[28.63467,36.86074],[28.63474,36.86081],[28.63482,36.86088],[28.63546,36.86127],[28.63549,36.86136],[28.63554,36.86145],[28.63559,36.86153],[28.63564,36.86162],[28.63572,36.86171],[28.6358,36.8618],[28.63589,36.86189],[28.63599,36.86197],[28.6361,36.86204],[28.63621,36.8621],[28.63632,36.86216],[28.63642,36.86223],[28.63651,36.8623],[28.6366,36.86238],[28.63668,36.86246],[28.63676,36.86256],[28.63683,36.86266],[28.63689,36.86277],[28.63694,36.86288],[28.63692,36.86296],[28.6369,36.86304],[28.63691,36.86312],[28.63692,36.8632],[28.63694,36.86327],[28.63698,36.86334],[28.63702,36.86341],[28.63707,36.86347],[28.63713,36.86353],[28.63738,36.86372],[28.63763,36.86391],[28.63789,36.86409],[28.63813,36.86424],[28.63837,36.86439],[28.63862,36.86453],[28.63922,36.86486],[28.63983,36.86518],[28.64065,36.86589],[28.64078,36.86589],[28.64091,36.86591],[28.64103,36.86593],[28.64116,36.86596],[28.64128,36.866],[28.64139,36.86604],[28.64149,36.86609],[28.64159,36.86615],[28.64169,36.86621],[28.64178,36.86627],[28.642,36.86642],[28.64222,36.86657],[28.64245,36.8667],[28.64269,36.86683],[28.64282,36.86689],[28.64294,36.86695],[28.64309,36.86703],[28.64323,36.86713],[28.64336,36.86723],[28.64349,36.86734],[28.6436,36.86745],[28.64371,36.86757],[28.6438,36.8677],[28.64389,36.86783],[28.64397,36.86796],[28.64403,36.8681],[28.64408,36.86824],[28.64411,36.8683],[28.64414,36.86836],[28.64418,36.86841],[28.64422,36.86847],[28.64428,36.86851],[28.64435,36.86856],[28.64442,36.8686],[28.6445,36.86863],[28.64458,36.86865],[28.64467,36.86867],[28.64476,36.86868],[28.64608,36.86868],[28.64609,36.86861],[28.64611,36.86853],[28.64613,36.86846],[28.64617,36.86839],[28.64665,36.86773],[28.64675,36.86749],[28.64686,36.86725],[28.64698,36.86702],[28.64712,36.86679],[28.64726,36.86656],[28.64742,36.86634],[28.64759,36.86613],[28.64776,36.86592],[28.64794,36.86572],[28.64813,36.86552],[28.64833,36.86533],[28.64854,36.86514],[28.64876,36.86496],[28.64898,36.86479],[28.64862,36.86372],[28.64932,36.86379],[28.64936,36.86333],[28.64936,36.86318],[28.64938,36.86302],[28.6494,36.86287],[28.64943,36.86274],[28.64946,36.86262],[28.64974,36.86254],[28.64961,36.86181],[28.6496,36.86176],[28.6496,36.86172],[28.64961,36.86167],[28.64963,36.86163],[28.64966,36.86159],[28.64969,36.86156],[28.64973,36.86153],[28.65024,36.86123],[28.65079,36.86094],[28.65002,36.85996],[28.6494,36.86017],[28.64919,36.86015],[28.64899,36.86013],[28.64878,36.8601],[28.64858,36.86006],[28.64837,36.86002],[28.64819,36.85997],[28.64801,36.85992],[28.64793,36.8599],[28.64784,36.85987],[28.64774,36.85983],[28.64764,36.85978],[28.64754,36.85972],[28.64745,36.85966],[28.64737,36.8596],[28.64649,36.85856],[28.64618,36.85874],[28.64588,36.85891],[28.64556,36.85907],[28.64525,36.85923],[28.64492,36.85938],[28.64456,36.85954],[28.64418,36.85969],[28.64381,36.85983],[28.64353,36.85996],[28.64324,36.86009],[28.6429,36.86023],[28.64256,36.86037],[28.64228,36.86047],[28.642,36.86057],[28.64172,36.86067],[28.64163,36.86053],[28.64154,36.86038],[28.64146,36.86023],[28.64138,36.86007],[28.64132,36.8599],[28.64126,36.85974],[28.64102,36.85897],[28.64184,36.85876],[28.64183,36.85872],[28.64183,36.85867],[28.64184,36.85863],[28.64185,36.85859],[28.64188,36.85855],[28.64191,36.85851],[28.64194,36.85847],[28.64199,36.85844],[28.64204,36.85841],[28.64228,36.85831],[28.64251,36.85819],[28.64279,36.85805],[28.64307,36.8579],[28.64298,36.85789],[28.64288,36.85787],[28.6428,36.85784],[28.64271,36.85781],[28.64263,36.85777],[28.64256,36.85772],[28.6425,36.85767],[28.64244,36.8576],[28.6424,36.85754],[28.64236,36.85748],[28.64234,36.85741],[28.64232,36.85734],[28.64231,36.85727],[28.64232,36.85723],[28.64231,36.8572],[28.64231,36.85714],[28.64228,36.85708],[28.64225,36.85703],[28.64221,36.85698],[28.64216,36.85694],[28.6421,36.85687],[28.64205,36.85681],[28.64201,36.85673],[28.64198,36.85666],[28.64196,36.85659],[28.64195,36.85651],[28.64195,36.85644],[28.64196,36.85636],[28.64198,36.85629],[28.64201,36.85622],[28.64205,36.8561],[28.64208,36.85598],[28.6421,36.85586],[28.6421,36.85573],[28.6421,36.85561],[28.64212,36.85496],[28.6421,36.85426],[28.64297,36.8541],[28.64307,36.85382],[28.64315,36.85353],[28.64323,36.85325],[28.64329,36.85296],[28.64334,36.85271],[28.64338,36.85247],[28.64341,36.85222],[28.64343,36.85197],[28.64344,36.85172],[28.64347,36.85134],[28.6435,36.85095],[28.64354,36.85056],[28.64413,36.85048],[28.64419,36.84977],[28.64476,36.84974],[28.64511,36.84972],[28.64546,36.8497],[28.64544,36.84751],[28.64526,36.84753],[28.64509,36.84755],[28.64492,36.84758],[28.64475,36.84762],[28.64458,36.84767],[28.64442,36.84773],[28.64426,36.84779],[28.64413,36.84789],[28.644,36.84799],[28.64386,36.84809],[28.64372,36.84818],[28.64354,36.84828],[28.64336,36.84837],[28.64317,36.84846],[28.64313,36.84856],[28.64308,36.84866],[28.64302,36.84875],[28.64295,36.84885],[28.64287,36.84893],[28.64278,36.84901],[28.64269,36.84909],[28.64259,36.84915],[28.64248,36.84922],[28.64237,36.84927],[28.64226,36.84932],[28.64214,36.84936],[28.64208,36.84938],[28.64202,36.84938],[28.64196,36.84938],[28.64191,36.84937],[28.64186,36.84935],[28.64181,36.84932],[28.64178,36.84929],[28.64175,36.84926],[28.64172,36.84922],[28.64171,36.84917],[28.64171,36.84913],[28.64177,36.84899],[28.64182,36.84885],[28.64187,36.84871],[28.6419,36.84857],[28.64193,36.84843],[28.64194,36.84828],[28.64195,36.84813],[28.64195,36.84797],[28.64194,36.84782],[28.64192,36.84767],[28.64192,36.84763],[28.64192,36.84759],[28.64191,36.84755],[28.64188,36.84752],[28.64185,36.84749],[28.64182,36.84746],[28.64178,36.84745],[28.64173,36.84744],[28.64168,36.84743],[28.64037,36.84765],[28.63952,36.84773],[28.63786,36.84789],[28.63719,36.84806],[28.63628,36.84844],[28.63511,36.84905],[28.63514,36.84921],[28.63516,36.84938],[28.63518,36.84955],[28.63519,36.84971],[28.63519,36.84992],[28.63518,36.85014],[28.63516,36.85035],[28.63513,36.85056],[28.63509,36.85077],[28.63504,36.85099],[28.63497,36.8512],[28.6349,36.85141],[28.63482,36.85161],[28.63477,36.85172],[28.63473,36.85182],[28.63467,36.85198],[28.63461,36.85215],[28.63457,36.85232],[28.63454,36.85249],[28.63452,36.85266],[28.63452,36.85274],[28.63451,36.85283],[28.63448,36.85291],[28.63445,36.85299],[28.63441,36.85307],[28.63438,36.8531],[28.63434,36.85313],[28.6343,36.85314],[28.63426,36.85315],[28.63422,36.85315],[28.63418,36.85315],[28.63415,36.85314],[28.63411,36.85313],[28.63384,36.85304]]]},"properties":{}},{"type":"Feature","geometry":{"type":"Polygon","coordinates":[[[28.64455,36.83652],[28.64459,36.83657],[28.64463,36.83655],[28.64459,36.83649],[28.64455,36.83652]]]},"properties":{}},{"type":"Feature","geometry":{"type":"Polygon","coordinates":[[[28.64498,36.84671],[28.64497,36.84673],[28.64496,36.84674],[28.64494,36.84676],[28.64492,36.84676],[28.6449,36.84676],[28.64487,36.84676],[28.64485,36.84676],[28.64483,36.84675],[28.64482,36.84673],[28.64481,36.84671],[28.64481,36.8467],[28.64481,36.84668],[28.64486,36.84652],[28.64487,36.8465],[28.64488,36.84648],[28.6449,36.84647],[28.64492,36.84647],[28.64495,36.84646],[28.64497,36.84647],[28.64499,36.84647],[28.64501,36.84648],[28.64502,36.8465],[28.64503,36.84651],[28.64503,36.84653],[28.64503,36.84655],[28.64504,36.84653],[28.64505,36.84652],[28.64507,36.84651],[28.64509,36.8465],[28.64511,36.8465],[28.64514,36.8465],[28.64516,36.84651],[28.64518,36.84652],[28.64519,36.84653],[28.6452,36.84655],[28.6452,36.84657],[28.6452,36.84659],[28.64515,36.84675],[28.64514,36.84676],[28.64513,36.84678],[28.64511,36.84679],[28.64509,36.8468],[28.64506,36.8468],[28.64504,36.8468],[28.64502,36.84679],[28.645,36.84678],[28.64499,36.84677],[28.64498,36.84675],[28.64498,36.84673],[28.64498,36.84671]]]},"properties":{}},{"type":"Feature","geometry":{"type":"Polygon","coordinates":[[[28.64509,36.8464],[28.6451,36.84638],[28.64511,36.84637],[28.64513,36.84636],[28.64515,36.84635],[28.64517,36.84635],[28.64519,36.84635],[28.64521,36.84636],[28.64523,36.84637],[28.64524,36.84638],[28.64525,36.8464],[28.64525,36.84642],[28.64525,36.84643],[28.64524,36.84645],[28.64523,36.84646],[28.64521,36.84647],[28.64519,36.84648],[28.64517,36.84648],[28.64515,36.84648],[28.64513,36.84647],[28.64511,36.84646],[28.6451,36.84645],[28.64509,36.84643],[28.64509,36.84642],[28.64509,36.8464]]]},"properties":{}},{"type":"Feature","geometry":{"type":"Polygon","coordinates":[[[28.64492,36.84636],[28.64493,36.84635],[28.64494,36.84633],[28.64496,36.84632],[28.64498,36.84631],[28.645,36.84631],[28.64502,36.84632],[28.64504,36.84632],[28.64506,36.84633],[28.64507,36.84635],[28.64508,36.84636],[28.64508,36.84638],[28.64508,36.8464],[28.64507,36.84641],[28.64506,36.84642],[28.64504,36.84643],[28.64502,36.84644],[28.645,36.84644],[28.64498,36.84644],[28.64496,36.84643],[28.64494,36.84642],[28.64493,36.84641],[28.64492,36.84639],[28.64492,36.84638],[28.64492,36.84636]]]},"properties":{}},{"type":"Feature","geometry":{"type":"Polygon","coordinates":[[[28.64491,36.84692],[28.64492,36.84691],[28.64493,36.84689],[28.64495,36.84688],[28.64497,36.84687],[28.64499,36.84687],[28.64502,36.84687],[28.64504,36.84688],[28.64506,36.84689],[28.64507,36.84691],[28.64508,36.84692],[28.64508,36.84694],[28.64508,36.84696],[28.64507,36.84698],[28.64506,36.84699],[28.64504,36.847],[28.64502,36.84701],[28.64499,36.84701],[28.64497,36.84701],[28.64495,36.847],[28.64493,36.84699],[28.64492,36.84698],[28.64491,36.84696],[28.64491,36.84694],[28.64491,36.84692]]]},"properties":{}},{"type":"Feature","geometry":{"type":"Polygon","coordinates":[[[28.64473,36.84688],[28.64474,36.84687],[28.64475,36.84685],[28.64477,36.84684],[28.64479,36.84683],[28.64481,36.84683],[28.64484,36.84683],[28.64486,36.84684],[28.64488,36.84685],[28.64489,36.84687],[28.6449,36.84688],[28.6449,36.8469],[28.6449,36.84692],[28.64489,36.84694],[28.64488,36.84695],[28.64486,36.84696],[28.64484,36.84697],[28.64481,36.84697],[28.64479,36.84697],[28.64477,36.84696],[28.64475,36.84695],[28.64474,36.84694],[28.64473,36.84692],[28.64473,36.8469],[28.64473,36.84688]]]},"properties":{}},{"type":"Feature","geometry":{"type":"Polygon","coordinates":[[[28.62739,36.85938],[28.62749,36.85944],[28.62751,36.85952],[28.62751,36.85961],[28.62751,36.8597],[28.6275,36.85978],[28.62748,36.85985],[28.62745,36.85991],[28.62742,36.86004],[28.6274,36.86017],[28.6274,36.86027],[28.6274,36.86038],[28.6274,36.86058],[28.62741,36.86079],[28.62743,36.86097],[28.62745,36.86116],[28.62749,36.86134],[28.62753,36.86152],[28.62781,36.86175],[28.628,36.8625],[28.62823,36.86332],[28.62867,36.86332],[28.62881,36.86372],[28.62888,36.86392],[28.62914,36.86388],[28.62928,36.86385],[28.62941,36.86382],[28.62954,36.86378],[28.62967,36.86373],[28.62979,36.86367],[28.6299,36.8636],[28.62999,36.86354],[28.63008,36.86348],[28.63016,36.86341],[28.63023,36.86333],[28.63033,36.86328],[28.63043,36.86324],[28.63053,36.8632],[28.63064,36.86317],[28.63074,36.86314],[28.63084,36.86312],[28.63094,36.86311],[28.63104,36.86311],[28.63151,36.86258],[28.63165,36.86246],[28.6318,36.86234],[28.63195,36.86223],[28.63211,36.86213],[28.63221,36.86207],[28.6323,36.862],[28.63238,36.86192],[28.63245,36.86184],[28.63252,36.86175],[28.63255,36.86169],[28.63258,36.86164],[28.63263,36.86152],[28.63268,36.8614],[28.63271,36.86128],[28.63273,36.86116],[28.63275,36.86104],[28.63275,36.86096],[28.63275,36.86089],[28.63274,36.86075],[28.63273,36.86061],[28.6327,36.86047],[28.63267,36.86033],[28.63263,36.8602],[28.63259,36.86008],[28.63252,36.85983],[28.63245,36.85958],[28.63242,36.85942],[28.63239,36.85926],[28.63238,36.85909],[28.63237,36.85893],[28.63238,36.85876],[28.63239,36.85867],[28.63239,36.85858],[28.63238,36.85849],[28.63236,36.8584],[28.63233,36.85831],[28.6323,36.85823],[28.63227,36.85815],[28.63226,36.85806],[28.63225,36.85798],[28.63226,36.85789],[28.63227,36.85784],[28.63228,36.85778],[28.63229,36.85766],[28.63229,36.85754],[28.63227,36.85743],[28.63225,36.85734],[28.63223,36.85725],[28.6322,36.85717],[28.63216,36.85708],[28.63219,36.857],[28.63221,36.85691],[28.63222,36.85682],[28.63222,36.85673],[28.63221,36.85664],[28.63219,36.85655],[28.63216,36.85646],[28.63212,36.85636],[28.63204,36.85618],[28.63201,36.85612],[28.63197,36.85606],[28.63193,36.856],[28.63188,36.85595],[28.63182,36.85591],[28.63177,36.85587],[28.63173,36.85583],[28.6317,36.85579],[28.63167,36.85574],[28.63165,36.85569],[28.63164,36.85564],[28.63165,36.85558],[28.63166,36.85553],[28.63168,36.85548],[28.63172,36.85543],[28.63176,36.85539],[28.63181,36.85535],[28.63186,36.85532],[28.63192,36.8553],[28.63198,36.85528],[28.63204,36.85516],[28.63212,36.85505],[28.63216,36.85499],[28.6322,36.85492],[28.63223,36.85486],[28.63225,36.85479],[28.63227,36.85472],[28.63228,36.85465],[28.6323,36.85452],[28.63231,36.85446],[28.6323,36.85439],[28.63229,36.85433],[28.63227,36.85427],[28.63224,36.85421],[28.63221,36.85415],[28.63099,36.85524],[28.63106,36.85529],[28.63077,36.85571],[28.63067,36.85589],[28.63056,36.85608],[28.63045,36.85626],[28.63031,36.85648],[28.63015,36.85671],[28.62999,36.85693],[28.62958,36.85755],[28.62915,36.85814],[28.62905,36.85808],[28.62892,36.858],[28.62739,36.85938]]]},"properties":{}},{"type":"Feature","geometry":{"type":"Polygon","coordinates":[[[28.63508,36.92916],[28.6348,36.92958],[28.63465,36.9301],[28.63462,36.93016],[28.63458,36.93021],[28.63455,36.93026],[28.6345,36.93031],[28.63445,36.93035],[28.63428,36.9305],[28.63422,36.93062],[28.63415,36.93073],[28.63406,36.93088],[28.63396,36.93102],[28.63385,36.93116],[28.63374,36.93131],[28.63356,36.93176],[28.63297,36.9333],[28.63263,36.93408],[28.63274,36.93406],[28.63286,36.93405],[28.63298,36.93404],[28.6331,36.93405],[28.63322,36.93407],[28.63334,36.93409],[28.63345,36.93412],[28.6337,36.9342],[28.63394,36.93429],[28.63418,36.93438],[28.63426,36.93446],[28.63434,36.93454],[28.63444,36.93461],[28.63455,36.93469],[28.63467,36.93475],[28.6348,36.93481],[28.63493,36.93487],[28.63507,36.93491],[28.63536,36.93501],[28.63565,36.93511],[28.63593,36.93522],[28.63621,36.93533],[28.63626,36.93527],[28.63631,36.9352],[28.63634,36.93513],[28.63637,36.93506],[28.63638,36.935],[28.63639,36.93497],[28.63639,36.93493],[28.63639,36.93488],[28.63637,36.93483],[28.63631,36.93478],[28.63626,36.93473],[28.63622,36.93467],[28.63619,36.9346],[28.63616,36.93454],[28.63621,36.9345],[28.63626,36.93447],[28.63631,36.93444],[28.63637,36.93441],[28.63643,36.93439],[28.6365,36.93437],[28.63682,36.93447],[28.63734,36.93468],[28.63932,36.93547],[28.63948,36.93522],[28.63965,36.93497],[28.6398,36.93475],[28.63996,36.93453],[28.64008,36.93452],[28.6402,36.93453],[28.64032,36.93454],[28.64044,36.93456],[28.64056,36.93459],[28.64068,36.93463],[28.64079,36.93467],[28.6409,36.93472],[28.64088,36.9348],[28.64086,36.93489],[28.64085,36.93497],[28.64086,36.93505],[28.64087,36.93514],[28.64088,36.93523],[28.64091,36.93532],[28.64094,36.93543],[28.64096,36.93553],[28.64097,36.93564],[28.64098,36.93575],[28.64098,36.93585],[28.64067,36.93616],[28.64005,36.93652],[28.64011,36.93668],[28.64017,36.93683],[28.64025,36.93697],[28.64034,36.93713],[28.64043,36.93727],[28.64054,36.93742],[28.64065,36.93756],[28.64071,36.93762],[28.64078,36.93769],[28.64087,36.93777],[28.64097,36.93785],[28.64107,36.93793],[28.64118,36.93799],[28.6413,36.93806],[28.64142,36.93811],[28.64165,36.93822],[28.64188,36.93834],[28.6421,36.93847],[28.64231,36.9386],[28.64252,36.93874],[28.64261,36.93882],[28.64271,36.93889],[28.64285,36.93898],[28.64299,36.93906],[28.64314,36.93913],[28.64329,36.93919],[28.64345,36.93925],[28.64361,36.93929],[28.64378,36.93933],[28.64394,36.93937],[28.64411,36.93939],[28.64445,36.93896],[28.64569,36.93938],[28.64576,36.93931],[28.64596,36.93934],[28.6463,36.93821],[28.64649,36.93747],[28.64639,36.93744],[28.6463,36.93739],[28.64622,36.93734],[28.64615,36.9373],[28.64609,36.93725],[28.64604,36.9372],[28.64566,36.93667],[28.64562,36.93661],[28.64557,36.93654],[28.64551,36.93648],[28.64545,36.93643],[28.64537,36.93637],[28.64528,36.93631],[28.64519,36.93627],[28.64509,36.93623],[28.64481,36.93613],[28.64453,36.93602],[28.64416,36.93588],[28.64404,36.93584],[28.64391,36.93579],[28.6438,36.93573],[28.6437,36.93568],[28.64361,36.93562],[28.64353,36.93556],[28.64345,36.93549],[28.64341,36.93547],[28.64338,36.93544],[28.64335,36.93541],[28.64334,36.93537],[28.64333,36.93533],[28.64333,36.93529],[28.6434,36.93507],[28.64341,36.93505],[28.64343,36.93503],[28.64346,36.93501],[28.64349,36.93501],[28.64352,36.935],[28.64355,36.93501],[28.64393,36.93512],[28.64469,36.93539],[28.64601,36.93573],[28.64605,36.93569],[28.64609,36.93566],[28.64614,36.93564],[28.6462,36.93562],[28.64625,36.93561],[28.64631,36.93561],[28.64636,36.93562],[28.64644,36.93565],[28.64653,36.93567],[28.64662,36.93569],[28.64671,36.93569],[28.64679,36.93569],[28.64686,36.93568],[28.64693,36.93566],[28.647,36.93564],[28.64713,36.93561],[28.64727,36.93558],[28.6474,36.93556],[28.64754,36.93555],[28.64749,36.93544],[28.64745,36.93533],[28.64742,36.93521],[28.64739,36.93509],[28.64738,36.93498],[28.64738,36.93487],[28.64739,36.93477],[28.6474,36.93467],[28.64741,36.93462],[28.64742,36.93457],[28.64742,36.9345],[28.64742,36.93444],[28.64742,36.93437],[28.64741,36.93429],[28.64741,36.93421],[28.64742,36.93413],[28.64743,36.9341],[28.64744,36.93407],[28.64744,36.93405],[28.64743,36.93402],[28.64742,36.93399],[28.6474,36.93397],[28.64734,36.93397],[28.64728,36.93395],[28.64722,36.93393],[28.64717,36.9339],[28.64712,36.93387],[28.64709,36.93383],[28.64707,36.93378],[28.64705,36.93374],[28.64705,36.93369],[28.64705,36.93365],[28.64706,36.93353],[28.64708,36.93341],[28.64711,36.93336],[28.64714,36.93332],[28.64719,36.93328],[28.64724,36.93325],[28.64729,36.93323],[28.64736,36.93321],[28.64742,36.9332],[28.64749,36.93319],[28.64756,36.9332],[28.64772,36.93321],[28.64789,36.93323],[28.64805,36.93325],[28.64821,36.93328],[28.64834,36.93331],[28.64848,36.93335],[28.64861,36.93339],[28.64874,36.93344],[28.64871,36.93364],[28.64869,36.93385],[28.64867,36.93405],[28.64866,36.93426],[28.64866,36.93452],[28.64867,36.93478],[28.64869,36.93504],[28.64873,36.9353],[28.64878,36.9353],[28.64883,36.9353],[28.64887,36.93531],[28.64891,36.93533],[28.64895,36.93536],[28.64897,36.93539],[28.64916,36.93616],[28.65,36.93639],[28.64987,36.93708],[28.65083,36.93724],[28.65105,36.93733],[28.65127,36.93743],[28.65148,36.93753],[28.6517,36.93764],[28.65191,36.93776],[28.65202,36.93782],[28.65212,36.93789],[28.65225,36.93798],[28.65238,36.93808],[28.6525,36.93819],[28.65261,36.9383],[28.65271,36.93841],[28.65281,36.93853],[28.6529,36.93866],[28.65298,36.93878],[28.65304,36.93891],[28.65313,36.9388],[28.65322,36.9387],[28.65332,36.93861],[28.65343,36.93852],[28.65354,36.93844],[28.65364,36.93837],[28.65374,36.93831],[28.65384,36.93826],[28.65414,36.93808],[28.65444,36.93791],[28.65475,36.93775],[28.65496,36.93765],[28.65517,36.93755],[28.65527,36.93751],[28.65536,36.93748],[28.65546,36.93745],[28.65557,36.93743],[28.65567,36.93742],[28.65577,36.93742],[28.65588,36.93742],[28.65598,36.93743],[28.65608,36.93745],[28.65618,36.93747],[28.65627,36.9375],[28.65635,36.93754],[28.65643,36.93758],[28.6567,36.93768],[28.65688,36.93775],[28.65707,36.93781],[28.65712,36.93782],[28.65718,36.93782],[28.65724,36.93782],[28.6573,36.93781],[28.65737,36.93779],[28.6575,36.93777],[28.65764,36.93776],[28.65778,36.93775],[28.65792,36.93775],[28.65806,36.93776],[28.65815,36.93764],[28.65825,36.93753],[28.65834,36.93743],[28.65844,36.93734],[28.65826,36.93728],[28.65808,36.93724],[28.65789,36.9372],[28.65768,36.93716],[28.65747,36.93713],[28.65726,36.93711],[28.65658,36.93696],[28.65633,36.93688],[28.65607,36.9368],[28.65582,36.93672],[28.65551,36.93661],[28.65521,36.93649],[28.65513,36.93645],[28.65505,36.93641],[28.65498,36.93635],[28.65491,36.9363],[28.65484,36.93623],[28.65477,36.93615],[28.65471,36.93606],[28.65467,36.93598],[28.65461,36.93591],[28.65457,36.93583],[28.65453,36.93576],[28.65451,36.93568],[28.6545,36.93559],[28.65449,36.93551],[28.6545,36.93543],[28.65451,36.93537],[28.6545,36.9353],[28.65449,36.93524],[28.65447,36.93518],[28.65444,36.9351],[28.65441,36.93503],[28.65439,36.93495],[28.65438,36.93487],[28.65439,36.9348],[28.65439,36.93473],[28.65439,36.9346],[28.65438,36.93447],[28.65435,36.93435],[28.65432,36.93423],[28.65427,36.93411],[28.65417,36.93397],[28.65405,36.93383],[28.65391,36.93367],[28.65375,36.93352],[28.6537,36.93345],[28.65365,36.93337],[28.6536,36.93329],[28.65357,36.93321],[28.65355,36.93316],[28.65353,36.9331],[28.65349,36.933],[28.65344,36.93289],[28.6534,36.9328],[28.65334,36.9327],[28.65328,36.93262],[28.65321,36.93254],[28.65314,36.93246],[28.65311,36.93242],[28.65309,36.93237],[28.65307,36.93232],[28.65307,36.93228],[28.65307,36.93223],[28.65308,36.93219],[28.65296,36.93198],[28.65293,36.93192],[28.6529,36.93186],[28.65288,36.93179],[28.65288,36.93173],[28.65288,36.93167],[28.65287,36.93162],[28.65286,36.93156],[28.65284,36.93151],[28.65282,36.93146],[28.65278,36.93142],[28.65275,36.93137],[28.65272,36.93132],[28.65271,36.93127],[28.6527,36.93122],[28.65271,36.93117],[28.65272,36.93111],[28.65274,36.93106],[28.65278,36.93101],[28.65282,36.93097],[28.65271,36.93082],[28.6527,36.93075],[28.65269,36.93069],[28.65269,36.93062],[28.65269,36.93055],[28.65271,36.93047],[28.65273,36.9304],[28.65276,36.93033],[28.65277,36.93026],[28.65277,36.93019],[28.65275,36.93012],[28.65273,36.93007],[28.65271,36.93002],[28.65268,36.92998],[28.65264,36.92993],[28.65261,36.92991],[28.65258,36.92988],[28.65252,36.92983],[28.65244,36.92979],[28.65237,36.92975],[28.65229,36.92972],[28.65221,36.9297],[28.65213,36.92969],[28.65205,36.92968],[28.65179,36.92984],[28.6515,36.92981],[28.65121,36.92978],[28.65088,36.92976],[28.65055,36.92974],[28.65006,36.92969],[28.65003,36.92969],[28.65,36.9297],[28.64997,36.92972],[28.64995,36.92974],[28.64993,36.92976],[28.64992,36.92978],[28.64979,36.92976],[28.64965,36.92973],[28.64952,36.92969],[28.64943,36.92965],[28.64934,36.92961],[28.64929,36.92958],[28.64925,36.92954],[28.64921,36.9295],[28.64918,36.92945],[28.64916,36.9294],[28.64914,36.92934],[28.64914,36.92928],[28.64914,36.92923],[28.64915,36.92917],[28.64917,36.92912],[28.6492,36.92907],[28.64924,36.92902],[28.64928,36.92898],[28.64907,36.92874],[28.64912,36.92855],[28.64918,36.92836],[28.64924,36.92819],[28.6493,36.92803],[28.64927,36.92775],[28.64926,36.92768],[28.64926,36.92762],[28.64926,36.92756],[28.64928,36.9275],[28.6493,36.92745],[28.64934,36.92739],[28.64938,36.92733],[28.64943,36.92728],[28.64933,36.92715],[28.6492,36.92719],[28.64809,36.92709],[28.64764,36.92711],[28.64759,36.92714],[28.64754,36.92716],[28.64749,36.92719],[28.64746,36.92723],[28.64743,36.92727],[28.6474,36.92731],[28.64739,36.92735],[28.64738,36.9274],[28.64738,36.92744],[28.64744,36.92744],[28.6475,36.92745],[28.64756,36.92746],[28.64761,36.92748],[28.64766,36.92751],[28.64769,36.92753],[28.64772,36.92757],[28.64775,36.9276],[28.64778,36.92766],[28.64781,36.92771],[28.64782,36.92777],[28.64782,36.92784],[28.64781,36.92796],[28.6478,36.92808],[28.64778,36.9282],[28.64776,36.9283],[28.64776,36.9284],[28.64776,36.92845],[28.64776,36.9285],[28.64775,36.92859],[28.64773,36.92867],[28.64769,36.92875],[28.64765,36.92883],[28.64756,36.92902],[28.64752,36.92911],[28.64747,36.9292],[28.64742,36.92929],[28.64736,36.92938],[28.64729,36.92947],[28.647,36.92967],[28.64658,36.92988],[28.64661,36.92992],[28.64676,36.92986],[28.64679,36.92986],[28.64682,36.92987],[28.64685,36.92988],[28.64687,36.9299],[28.64689,36.92992],[28.6469,36.92994],[28.64693,36.93002],[28.64695,36.93009],[28.64697,36.93017],[28.64698,36.93027],[28.64699,36.93037],[28.64699,36.93042],[28.64699,36.93047],[28.64697,36.93053],[28.64695,36.9306],[28.64691,36.93066],[28.64689,36.93069],[28.64687,36.93072],[28.64683,36.93076],[28.64677,36.93079],[28.64672,36.93082],[28.64665,36.93084],[28.64659,36.93086],[28.64653,36.93086],[28.64648,36.93087],[28.64643,36.93086],[28.64638,36.93085],[28.64633,36.93083],[28.64628,36.9308],[28.64624,36.93077],[28.64621,36.93073],[28.64619,36.93069],[28.64618,36.93065],[28.64616,36.93057],[28.64616,36.93049],[28.64616,36.93041],[28.64616,36.93037],[28.64617,36.93033],[28.64616,36.93029],[28.64615,36.93024],[28.64614,36.93019],[28.64599,36.9302],[28.64585,36.93021],[28.6457,36.93022],[28.64555,36.93021],[28.64541,36.9302],[28.64526,36.93018],[28.64511,36.93016],[28.64504,36.93014],[28.64497,36.93013],[28.64487,36.9301],[28.64477,36.93006],[28.64467,36.93001],[28.64458,36.92996],[28.64449,36.92991],[28.64441,36.92984],[28.64394,36.9295],[28.64367,36.92909],[28.64362,36.92907],[28.64357,36.92905],[28.64352,36.92904],[28.64347,36.92903],[28.64341,36.92903],[28.64336,36.92904],[28.64331,36.92906],[28.64326,36.92908],[28.64322,36.9291],[28.64319,36.92913],[28.64316,36.92916],[28.64311,36.92923],[28.64306,36.92931],[28.64303,36.92939],[28.64302,36.92946],[28.64299,36.92953],[28.64296,36.92959],[28.64293,36.92966],[28.64288,36.92973],[28.64282,36.92979],[28.64276,36.92985],[28.64282,36.92984],[28.64289,36.92984],[28.64295,36.92985],[28.64302,36.92986],[28.64308,36.92987],[28.64315,36.9299],[28.64321,36.92994],[28.64326,36.92998],[28.64331,36.93003],[28.64334,36.93007],[28.64337,36.93012],[28.64339,36.93017],[28.64341,36.93022],[28.64341,36.93028],[28.64342,36.9304],[28.64342,36.93052],[28.64342,36.93058],[28.64342,36.93064],[28.6434,36.93073],[28.64337,36.93081],[28.64334,36.93089],[28.64329,36.93097],[28.64323,36.93104],[28.64317,36.93111],[28.64301,36.93128],[28.64286,36.93145],[28.64279,36.93154],[28.64271,36.93162],[28.64264,36.93169],[28.64256,36.93175],[28.64247,36.93181],[28.64239,36.93186],[28.64229,36.93191],[28.64231,36.93194],[28.64232,36.93198],[28.64232,36.93202],[28.64231,36.93206],[28.64229,36.9321],[28.64226,36.93213],[28.64222,36.93216],[28.64218,36.93218],[28.64211,36.93219],[28.64203,36.9322],[28.64196,36.93222],[28.64189,36.93225],[28.64183,36.93228],[28.64178,36.93233],[28.64173,36.93238],[28.64169,36.93243],[28.64166,36.93249],[28.64164,36.93254],[28.64163,36.93261],[28.64163,36.93267],[28.64164,36.93273],[28.64167,36.93283],[28.64171,36.93293],[28.64175,36.93302],[28.6418,36.93312],[28.64183,36.93317],[28.64185,36.93322],[28.64186,36.93328],[28.64187,36.93333],[28.64186,36.93339],[28.64184,36.93345],[28.64182,36.9335],[28.64178,36.93355],[28.64174,36.9336],[28.64168,36.93364],[28.64164,36.93367],[28.6416,36.93368],[28.64155,36.9337],[28.6415,36.93371],[28.64145,36.93371],[28.64139,36.93371],[28.64134,36.93371],[28.64129,36.93369],[28.64118,36.93365],[28.64107,36.93361],[28.64096,36.93356],[28.64086,36.9335],[28.64077,36.93344],[28.64067,36.93338],[28.64059,36.93331],[28.64051,36.93323],[28.64039,36.93317],[28.64027,36.9331],[28.64015,36.93302],[28.64004,36.93294],[28.63993,36.93285],[28.63979,36.93282],[28.63966,36.93279],[28.63952,36.93274],[28.63938,36.93268],[28.63931,36.93265],[28.63925,36.93262],[28.63914,36.93255],[28.63903,36.93248],[28.63893,36.9324],[28.63884,36.93232],[28.6388,36.93227],[28.63876,36.93223],[28.63867,36.93215],[28.63857,36.93208],[28.63847,36.93201],[28.63836,36.93196],[28.63824,36.93191],[28.63812,36.93187],[28.63799,36.93184],[28.63793,36.93183],[28.63786,36.93181],[28.63778,36.93179],[28.63771,36.93176],[28.63764,36.93173],[28.63757,36.93169],[28.63751,36.93166],[28.63746,36.93163],[28.63742,36.93159],[28.63739,36.93156],[28.63737,36.93152],[28.63735,36.93148],[28.63734,36.93144],[28.63733,36.93137],[28.6373,36.93129],[28.63728,36.93122],[28.63723,36.93112],[28.63717,36.93102],[28.6371,36.93092],[28.63702,36.93083],[28.63693,36.93075],[28.63677,36.93056],[28.63661,36.93039],[28.63643,36.93022],[28.63625,36.93005],[28.63609,36.92992],[28.63591,36.92979],[28.63574,36.92966],[28.63555,36.92954],[28.63546,36.92948],[28.63537,36.92942],[28.63529,36.92936],[28.63521,36.9293],[28.63514,36.92923],[28.63508,36.92916]]]},"properties":{}},{"type":"Feature","geometry":{"type":"MultiPolygon","coordinates":[[[[28.2154857,36.3617779],[28.215599,36.3616948],[28.215652,36.3616543],[28.2157877,36.3615628],[28.215773,36.3615193],[28.2157743,36.3615139],[28.2157814,36.3615074],[28.2157971,36.3615039],[28.215829,36.3614823],[28.2158317,36.3614701],[28.2158293,36.3614634],[28.215721,36.3614162],[28.2156453,36.3613487],[28.2155681,36.3612439],[28.2155474,36.3612174],[28.2155178,36.3611929],[28.215486,36.3612137],[28.2154706,36.3612344],[28.2154525,36.3612668],[28.215432,36.3612909],[28.2153938,36.3613254],[28.2153254,36.3613821],[28.2152562,36.3614264],[28.2152223,36.3614648],[28.2152181,36.3614847],[28.2152193,36.3615144],[28.2152463,36.361549],[28.2152668,36.3615734],[28.2154401,36.3617725],[28.2154588,36.3617828],[28.2154857,36.3617779]]]]},"properties":{}},{"type":"Feature","geometry":{"type":"MultiPolygon","coordinates":[[[[28.096478,37.0331919],[28.0963621,37.0333178],[28.0962554,37.0334548],[28.0961905,37.0335696],[28.096107,37.0336584],[28.0959586,37.0336251],[28.0958751,37.0335474],[28.0958287,37.0334622],[28.0958658,37.0333623],[28.095889,37.0332956],[28.0959261,37.0332327],[28.0958148,37.0332253],[28.0958797,37.0331586],[28.0960282,37.0331512],[28.0960374,37.033129],[28.0960421,37.033055],[28.0960421,37.0330253],[28.0961163,37.0330624],[28.0961348,37.0331105],[28.0962647,37.0331068],[28.0963482,37.0330253],[28.0963667,37.0329846],[28.0963777,37.0329401],[28.0962432,37.0329586],[28.096169,37.0329586],[28.0960206,37.0329475],[28.0959093,37.0331104],[28.0956867,37.0333214],[28.095529,37.0334621],[28.0954548,37.033551],[28.0955707,37.033651],[28.0954919,37.0337028],[28.0953759,37.0337842],[28.0952275,37.0338953],[28.0951301,37.0339694],[28.0950791,37.0341063],[28.0950652,37.0342137],[28.0951858,37.0342359],[28.0952832,37.0342767],[28.0952925,37.0343359],[28.0953156,37.0344173],[28.0952878,37.0344914],[28.09526,37.0345321],[28.0952646,37.0346062],[28.0953481,37.0346691],[28.0954965,37.0346432],[28.095529,37.0345654],[28.0954919,37.0344803],[28.0953852,37.0344507],[28.0953296,37.0343618],[28.095427,37.0342618],[28.0955986,37.0341508],[28.0956867,37.0340027],[28.0957609,37.0338472],[28.0958676,37.0337879],[28.0960206,37.0337916],[28.0961922,37.0337324],[28.0963314,37.0335473],[28.0964148,37.0334769],[28.0964659,37.0333622],[28.0964844,37.0333066],[28.0965308,37.0332659],[28.0966653,37.0332474],[28.0967812,37.0332326],[28.096925,37.0331956],[28.0969946,37.0331659],[28.0971012,37.0331845],[28.0971708,37.0332067],[28.0973331,37.0332215],[28.0974908,37.0331845],[28.0975604,37.0331104],[28.0976021,37.032829],[28.0976161,37.0327328],[28.0976346,37.0326809],[28.0975697,37.0325736],[28.0976253,37.0325069],[28.0976995,37.0324255],[28.0977877,37.0323218],[28.0977784,37.0322551],[28.0978109,37.0322033],[28.0978572,37.0321737],[28.0979314,37.0321219],[28.0980659,37.0320441],[28.0981034,37.0319913],[28.0983455,37.0319278],[28.0983303,37.0318997],[28.0981199,37.0319331],[28.0980735,37.0318961],[28.0979766,37.0319339],[28.09799,37.032022],[28.0978741,37.0320738],[28.0977906,37.0321479],[28.0977396,37.0321701],[28.0976978,37.0323071],[28.0976375,37.0323737],[28.0975865,37.0324292],[28.0975077,37.0324774],[28.0974798,37.0325551],[28.0974937,37.0326292],[28.097503,37.0327069],[28.0974566,37.032781],[28.0974937,37.0328735],[28.0974427,37.0330513],[28.0973871,37.0331179],[28.0973036,37.0331549],[28.0970856,37.0331068],[28.0970253,37.0330846],[28.0969279,37.0330735],[28.0968491,37.0331401],[28.0967656,37.033166],[28.0966404,37.033166],[28.096478,37.0331919]]]]},"properties":{}},{"type":"Feature","geometry":{"type":"MultiPolygon","coordinates":[[[[28.2559791,36.9908229],[28.2560234,36.990954],[28.2561388,36.9910816],[28.2564582,36.9913155],[28.2565026,36.9914324],[28.2565203,36.99156],[28.2565913,36.9918258],[28.2565735,36.9920065],[28.2565691,36.9921234],[28.256578,36.9922793],[28.2566179,36.9924282],[28.256649,36.9925947],[28.2566711,36.9927152],[28.2567333,36.9928144],[28.2568752,36.9926939],[28.2570482,36.9927577],[28.2572124,36.9926868],[28.2573277,36.9926939],[28.2573056,36.9928286],[28.2571015,36.992949],[28.2570172,36.9929809],[28.2565869,36.9930057],[28.2573701,36.9939296],[28.257532,36.9933884],[28.257727,36.9931652],[28.2579222,36.9928427],[28.2578246,36.9927152],[28.2578069,36.9924813],[28.2578069,36.9923006],[28.2576028,36.9921624],[28.2575718,36.9920596],[28.257869,36.991801],[28.25794,36.9916025],[28.258011,36.9914962],[28.2582816,36.9912269],[28.2587297,36.9908796],[28.2590757,36.9906635],[28.2593242,36.9905891],[28.2592709,36.9905076],[28.2594617,36.9903446],[28.2596037,36.9902453],[28.2598033,36.9900788],[28.2600296,36.9899158],[28.2602159,36.9896961],[28.2603934,36.9894409],[28.2603934,36.9893204],[28.2603224,36.9891964],[28.2602514,36.9890937],[28.2601094,36.9890192],[28.2599586,36.9890121],[28.2596037,36.9890618],[28.2593197,36.9888421],[28.259129,36.9887145],[28.2590402,36.9885727],[28.2589914,36.9884097],[28.2589914,36.9882006],[28.2590935,36.9879065],[28.259231,36.9876833],[28.2595549,36.9875415],[28.2598255,36.9875061],[28.2600917,36.9875663],[28.260235,36.9876848],[28.260522,36.988027],[28.2605531,36.9881652],[28.2608237,36.9882006],[28.2611653,36.988105],[28.2615335,36.9878498],[28.2616356,36.9876868],[28.2616622,36.98746],[28.2616622,36.9873041],[28.2616711,36.9868469],[28.2615868,36.9866662],[28.2615069,36.9864465],[28.261511,36.9864182],[28.2615513,36.9861382],[28.2615445,36.9860892],[28.2615335,36.9860106],[28.2615205,36.9859534],[28.2615492,36.985906],[28.2615555,36.9858955],[28.2615971,36.9858752],[28.2617094,36.9858752],[28.2617997,36.9859575],[28.262168,36.9859504],[28.2624031,36.9859539],[28.2625362,36.9859539],[28.262687,36.9858759],[28.2628379,36.9857909],[28.2629665,36.9856775],[28.2630863,36.9855357],[28.263317,36.985355],[28.2634501,36.9852168],[28.2634679,36.9850857],[28.2635433,36.9849333],[28.2636054,36.9848234],[28.2637074,36.9847207],[28.2637348,36.9846672],[28.2637766,36.984669],[28.2639601,36.9846468],[28.2641437,36.9846646],[28.2642605,36.9847356],[28.2644106,36.9847801],[28.2645663,36.9848111],[28.2647332,36.9848111],[28.2649445,36.9847356],[28.265128,36.9846379],[28.2653616,36.9843758],[28.2653424,36.9843512],[28.2653338,36.9843403],[28.2651892,36.9844824],[28.2650946,36.9845935],[28.2649723,36.9846512],[28.2648388,36.9847267],[28.2646664,36.9847534],[28.2645051,36.9847623],[28.2643272,36.984709],[28.2640992,36.9846157],[28.2639546,36.9845979],[28.26386,36.9845357],[28.2635931,36.9844202],[28.263315,36.9844025],[28.2631204,36.9844069],[28.2629424,36.9844247],[28.26272,36.9844424],[28.2625142,36.9844957],[28.2623084,36.9845357],[28.262175,36.9845313],[28.2620526,36.9844824],[28.2618969,36.9844469],[28.2616967,36.9844424],[28.261541,36.9844513],[28.261502,36.9845535],[28.2614798,36.9846601],[28.2613296,36.9847401],[28.2611739,36.9847401],[28.260996,36.9847578],[28.260818,36.9847534],[28.2606289,36.9847578],[28.2604955,36.9847134],[28.2604176,36.9846112],[28.2602952,36.9844113],[28.260273,36.984207],[28.2602786,36.9840693],[28.2602396,36.9839627],[28.2601395,36.983896],[28.2599115,36.9839005],[28.259728,36.9839182],[28.2594722,36.9840249],[28.2593276,36.9840826],[28.2591329,36.9842114],[28.2590495,36.9842692],[28.2589327,36.9844335],[28.2588493,36.9847001],[28.2586975,36.984858],[28.2584748,36.9850409],[28.2583158,36.9851121],[28.258144,36.985173],[28.2580295,36.9852798],[28.2577814,36.9853712],[28.2573743,36.9854881],[28.2570371,36.9855186],[28.2567763,36.9855796],[28.2564518,36.9857778],[28.2561973,36.9859709],[28.2559683,36.9861233],[28.2557457,36.9862199],[28.2555421,36.9862656],[28.2553576,36.9862554],[28.255241,36.9862833],[28.25519,36.9862549],[28.2549008,36.9861883],[28.2545671,36.9862016],[28.2543113,36.986246],[28.2540388,36.9863482],[28.2538163,36.9864237],[28.2535327,36.9864504],[28.2533547,36.9864237],[28.2532602,36.9863437],[28.2532157,36.9862238],[28.2531156,36.9861261],[28.253193,36.9860791],[28.2534647,36.986137],[28.2535463,36.9860285],[28.2538181,36.9858331],[28.2543435,36.9855798],[28.2545881,36.9854061],[28.2546153,36.9851601],[28.2546153,36.9849141],[28.25457,36.9846246],[28.2544613,36.98427],[28.254262,36.9842049],[28.2543344,36.9843134],[28.2544703,36.9846535],[28.2545247,36.9849068],[28.2544703,36.9851963],[28.2544042,36.9853307],[28.2541142,36.9854659],[28.2535965,36.9857542],[28.2535644,36.9858403],[28.2532201,36.9859995],[28.2528117,36.9859971],[28.2526262,36.9860861],[28.2525317,36.9863571],[28.2524983,36.9870101],[28.2523537,36.9873033],[28.2520478,36.9879296],[28.251881,36.9882494],[28.2515751,36.9886403],[28.2514027,36.9888447],[28.2512581,36.9890002],[28.2511692,36.9892],[28.2511191,36.9892844],[28.2510964,36.9894111],[28.251369,36.9896137],[28.2516121,36.9897944],[28.2516808,36.9897064],[28.2517197,36.989622],[28.2516641,36.9894888],[28.2517753,36.9893511],[28.2518309,36.9893155],[28.2519422,36.9891201],[28.2520868,36.9888935],[28.2522202,36.9885559],[28.2522469,36.9885065],[28.252336,36.9884168],[28.2524105,36.9884178],[28.2524719,36.9886708],[28.2525041,36.9887367],[28.2525113,36.9887514],[28.2525714,36.9888747],[28.2527201,36.9890026],[28.2529088,36.9891396],[28.2529088,36.9893086],[28.2531546,36.9894821],[28.2533433,36.98961],[28.2534691,36.9897881],[28.2534291,36.989852],[28.2531661,36.9898931],[28.2530346,36.9900027],[28.2529145,36.990126],[28.2528467,36.9901844],[28.2527658,36.9902539],[28.2526613,36.9903276],[28.2527711,36.9904131],[28.2528486,36.9904527],[28.2528802,36.9904777],[28.2529831,36.9903909],[28.2530346,36.9902859],[28.2530574,36.9902174],[28.2531318,36.9901123],[28.2531775,36.9900347],[28.2532368,36.9900086],[28.2533002,36.9900504],[28.2533638,36.9901033],[28.2534052,36.990185],[28.2534245,36.9902644],[28.2534273,36.990346],[28.2534659,36.9904496],[28.2535549,36.9905142],[28.2536235,36.9906101],[28.2536578,36.9907882],[28.2538408,36.9908065],[28.2538579,36.9908841],[28.2537056,36.9909366],[28.2540358,36.9910604],[28.2540294,36.9908978],[28.2540809,36.99077],[28.2542296,36.990633],[28.2543553,36.9907106],[28.2545497,36.9905873],[28.2547613,36.9905188],[28.2547881,36.9905991],[28.2548183,36.9907621],[28.254807,36.9908254],[28.254739,36.9908737],[28.2545501,36.9910035],[28.2543726,36.9911181],[28.2543065,36.9911241],[28.2544662,36.9912446],[28.2548211,36.9909895],[28.2551494,36.9907769],[28.2551894,36.990667],[28.2553624,36.9905643],[28.2555842,36.9904544],[28.2556641,36.9904119],[28.2557927,36.9904757],[28.2559125,36.990543],[28.2559524,36.9906387],[28.2559791,36.9908229]]]]},"properties":{}},{"type":"Feature","geometry":{"type":"MultiPolygon","coordinates":[[[[28.3491366,37.0297989],[28.3492449,37.0298497],[28.3493719,37.0298748],[28.3495316,37.0298497],[28.349656,37.0298176],[28.349729,37.0297664],[28.3498358,37.0296851],[28.3499352,37.0295446],[28.3500572,37.0293137],[28.3501364,37.0291822],[28.3502106,37.0290928],[28.3502759,37.0290045],[28.3503313,37.0289101],[28.3503853,37.0287696],[28.3504319,37.02862],[28.3505123,37.0285146],[28.3506192,37.0284233],[28.3508292,37.0283058],[28.3509386,37.0282717],[28.3510757,37.0282486],[28.3512278,37.0282375],[28.3514089,37.0282727],[28.351478,37.0282807],[28.3515849,37.0282727],[28.3516905,37.0282767],[28.3518276,37.0283169],[28.3518779,37.0283249],[28.352108,37.0282767],[28.3522011,37.0282235],[28.3523092,37.0281342],[28.3523507,37.0280669],[28.3523859,37.0279946],[28.3523846,37.0279093],[28.352445,37.0278521],[28.3525469,37.0278019],[28.3526864,37.0277989],[28.3527581,37.0277808],[28.3528159,37.0277135],[28.3528725,37.0276814],[28.3529304,37.0276854],[28.3529756,37.0277105],[28.3531228,37.0276543],[28.3532736,37.0276152],[28.3533579,37.027575],[28.3534522,37.0275499],[28.3534799,37.0275599],[28.3533881,37.0275931],[28.3532862,37.0276413],[28.3532837,37.0276684],[28.3532523,37.0276884],[28.3531907,37.0276804],[28.3531529,37.0276864],[28.3530699,37.0277718],[28.352992,37.0278039],[28.3529216,37.0278641],[28.3528323,37.0278782],[28.3527003,37.0278661],[28.3525707,37.0278631],[28.352523,37.0278822],[28.3524865,37.0279364],[28.3524287,37.028089],[28.3523771,37.0281753],[28.3523193,37.0282456],[28.3523757,37.0282736],[28.3524783,37.0282624],[28.3525004,37.0283057],[28.3523435,37.0283186],[28.3522248,37.0283274],[28.3521473,37.0283363],[28.3519653,37.0283981],[28.3518385,37.0283804],[28.3517168,37.0283555],[28.3515518,37.0283507],[28.3513627,37.0283467],[28.3511563,37.028331],[28.3509775,37.0283483],[28.3508321,37.0284048],[28.350673,37.0285098],[28.3505845,37.0286212],[28.3504883,37.0288581],[28.3504116,37.0290039],[28.3503672,37.0291445],[28.3504391,37.0291831],[28.3504257,37.0292171],[28.3502927,37.0292046],[28.3502152,37.0292314],[28.3501346,37.0293663],[28.3500344,37.0295498],[28.3499421,37.0297035],[28.3498085,37.0298133],[28.3496651,37.0298886],[28.3495511,37.0299309],[28.3493762,37.0299529],[28.3492976,37.0299482],[28.3492073,37.0299325],[28.3491443,37.0299037],[28.3490642,37.0298711],[28.348808,37.0298309],[28.3486634,37.0298309],[28.3485785,37.0298761],[28.3484417,37.0299777],[28.3483128,37.030107],[28.3482028,37.0301584],[28.3480551,37.0301898],[28.3478507,37.0302073],[28.347637,37.0301722],[28.3474154,37.0301333],[28.3472126,37.0301333],[28.347002,37.0301735],[28.3468668,37.0302387],[28.34662,37.0303855],[28.3462551,37.0307513],[28.3461108,37.0308763],[28.3458714,37.0309596],[28.3456227,37.0310184],[28.3454385,37.0311238],[28.3453004,37.0312365],[28.3452144,37.0314301],[28.3450241,37.0316139],[28.3446833,37.0317953],[28.344625,37.0318982],[28.3445513,37.0319055],[28.3445421,37.0318541],[28.3444193,37.0318247],[28.3442689,37.0318492],[28.344229,37.0318639],[28.3440632,37.0318345],[28.3438146,37.0318296],[28.3435413,37.0318173],[28.3432006,37.0318271],[28.34278,37.0318369],[28.3425467,37.0318443],[28.3423533,37.0319055],[28.3420801,37.0319889],[28.3418222,37.0320207],[28.3416472,37.0320305],[28.341506,37.0319668],[28.341288,37.0320183],[28.3410946,37.0320452],[28.3409412,37.032055],[28.3408153,37.032006],[28.3405789,37.0320403],[28.3404316,37.0320183],[28.3402811,37.0320036],[28.3398851,37.0320452],[28.3397255,37.0320452],[28.3396457,37.0320109],[28.33944,37.0320452],[28.3390194,37.032082],[28.3387216,37.0320722],[28.3383225,37.0321188],[28.3379664,37.0321065],[28.3377608,37.0321335],[28.3376257,37.0320894],[28.3374231,37.0321506],[28.3373064,37.0321751],[28.3372174,37.0321433],[28.3370148,37.0321653],[28.336674,37.0322021],[28.3362135,37.0322168],[28.3359311,37.0322045],[28.3357991,37.0322437],[28.3356886,37.0322266],[28.335443,37.0322413],[28.3352987,37.0322781],[28.335222,37.0322658],[28.3351851,37.0322339],[28.3349764,37.0322584],[28.3348045,37.032283],[28.3346694,37.0323418],[28.3345558,37.0324521],[28.3343593,37.0324226],[28.3342857,37.0324324],[28.3342089,37.0324962],[28.3341567,37.0325574],[28.3341322,37.0324986],[28.3340738,37.0324717],[28.333951,37.032528],[28.3338436,37.0325893],[28.3337484,37.0327265],[28.3335765,37.0327633],[28.3332051,37.0327951],[28.3329503,37.0328246],[28.3326893,37.0327951],[28.3324437,37.0327976],[28.3321275,37.0328025],[28.3318789,37.0328049],[28.3316179,37.0328515],[28.3313938,37.0329275],[28.3311667,37.0331064],[28.3310132,37.0332583],[28.3309579,37.0334078],[28.3309702,37.0336137],[28.3309855,37.0338318],[28.3309426,37.0339837],[28.3308136,37.034219],[28.3306171,37.0345522],[28.3305987,37.0346968],[28.3305742,37.0348071],[28.3305036,37.0349492],[28.3304053,37.0350742],[28.3303071,37.0352237],[28.3300922,37.0353536],[28.3300032,37.0354565],[28.3299633,37.0356624],[28.3299111,37.0357873],[28.3299019,37.0359515],[28.3299203,37.0360446],[28.3298497,37.0361696],[28.3297852,37.0362848],[28.3297975,37.0363877],[28.3299418,37.0364661],[28.3301168,37.0365789],[28.3302303,37.0366916],[28.3302334,37.0368411],[28.3302457,37.0369906],[28.330215,37.0370616],[28.3301413,37.037118],[28.3301106,37.0371719],[28.330129,37.0372381],[28.3301045,37.0373042],[28.3300445,37.0373511],[28.3300077,37.0372276],[28.3300568,37.0371197],[28.3301452,37.0370217],[28.3301256,37.03691],[28.3301059,37.0367492],[28.3300568,37.0366786],[28.3298824,37.0365551],[28.32974,37.0364708],[28.3296663,37.0363865],[28.3296614,37.036314],[28.32974,37.0361238],[28.3297818,37.0360415],[28.3297793,37.0359141],[28.3297965,37.0358474],[28.329826,37.0358082],[28.329853,37.0356749],[28.3298432,37.0355494],[28.3298972,37.0354495],[28.329934,37.0354024],[28.3298824,37.0353495],[28.3298818,37.0353203],[28.3302141,37.0344335],[28.3302582,37.0344398],[28.3302582,37.0343673],[28.3302975,37.0343202],[28.330381,37.0342928],[28.3304473,37.0342398],[28.3304203,37.0341634],[28.3304866,37.0340379],[28.330602,37.0338497],[28.3306634,37.033589],[28.3307592,37.0332243],[28.330909,37.0329694],[28.3311988,37.0326734],[28.3315377,37.0323832],[28.331496,37.0323636],[28.331162,37.0324224],[28.3307396,37.0324636],[28.3301624,37.0324754],[28.3301403,37.0324087],[28.3304105,37.0323793],[28.3309139,37.0323597],[28.3314026,37.0323185],[28.3319282,37.0322244],[28.3321984,37.0321793],[28.3321885,37.0321362],[28.332164,37.0321107],[28.332272,37.0321127],[28.3325667,37.0321637],[28.3328148,37.0321931],[28.3330407,37.0321872],[28.3332446,37.0321539],[28.3333797,37.0320852],[28.3334361,37.0320166],[28.3335024,37.0318637],[28.3335737,37.0316323],[28.3336424,37.031501],[28.3336842,37.0314696],[28.3337235,37.0315324],[28.3337308,37.0317206],[28.3336866,37.0318402],[28.3336498,37.0318794],[28.3336572,37.0319617],[28.3336989,37.0320225],[28.3337922,37.0320107],[28.3339273,37.0319637],[28.3340648,37.0319617],[28.334168,37.0319421],[28.3343055,37.0319343],[28.3343939,37.0319127],[28.334502,37.0318441],[28.3345929,37.031699],[28.3346788,37.0316029],[28.3347451,37.0315284],[28.3347943,37.0315088],[28.3348728,37.031552],[28.3348483,37.031652],[28.3348704,37.0317108],[28.3349907,37.0317774],[28.3351111,37.0318343],[28.3351872,37.0318343],[28.3353714,37.0317794],[28.3355752,37.0318304],[28.335784,37.031848],[28.3361401,37.0318598],[28.3362457,37.0318304],[28.3364741,37.0318343],[28.3366264,37.0318264],[28.3367467,37.031799],[28.33684,37.0318166],[28.3369554,37.0317794],[28.337174,37.0317402],[28.3372919,37.0316794],[28.3373558,37.0316382],[28.3374417,37.0316892],[28.3375228,37.0317343],[28.3376873,37.0317519],[28.3378126,37.0317755],[28.3379501,37.0317323],[28.3381515,37.0317539],[28.3383725,37.0317735],[28.3385665,37.03175],[28.3386132,37.0317186],[28.3386598,37.0317402],[28.3388023,37.0317265],[28.3390675,37.031699],[28.3392198,37.0316657],[28.3393401,37.0316892],[28.3393671,37.031652],[28.3394531,37.0316853],[28.3395685,37.0316578],[28.3396226,37.0316598],[28.3396938,37.0315618],[28.339819,37.0314716],[28.3399369,37.0313932],[28.3400106,37.0313637],[28.3401064,37.0312638],[28.3401801,37.031203],[28.3402537,37.0311736],[28.3404011,37.0311893],[28.3404846,37.0311971],[28.3405411,37.0311873],[28.3406,37.0311932],[28.3406418,37.0311971],[28.3406344,37.0312245],[28.3404993,37.0312344],[28.3403814,37.0312285],[28.3403421,37.0312147],[28.3402685,37.0312304],[28.3402267,37.031254],[28.3402071,37.0313226],[28.3400941,37.0313892],[28.3399811,37.0314382],[28.3399443,37.0314892],[28.3399713,37.0315539],[28.3400769,37.0316127],[28.3402734,37.0317068],[28.3404993,37.0317284],[28.340988,37.0317245],[28.3412365,37.0317093],[28.3413622,37.0316857],[28.341651,37.0316465],[28.3418337,37.0316199],[28.3422286,37.0315885],[28.3424173,37.0315508],[28.3426687,37.0314944],[28.342877,37.0314959],[28.3431638,37.0315101],[28.3435922,37.0315555],[28.3438869,37.0315744],[28.3441482,37.0315916],[28.3443584,37.031554],[28.3446669,37.0314583],[28.3447965,37.031372],[28.3448398,37.0312575],[28.3448181,37.0311917],[28.3447415,37.0311242],[28.3446688,37.0310929],[28.3445293,37.0310709],[28.3443898,37.0310285],[28.34438,37.0309768],[28.3446256,37.0310427],[28.3448456,37.0310787],[28.3449792,37.0310646],[28.3450716,37.0310066],[28.3452445,37.0309313],[28.3458123,37.0308027],[28.345993,37.0307258],[28.3461306,37.03058],[28.3462622,37.0304325],[28.346388,37.0303227],[28.3464941,37.030238],[28.3466709,37.0301424],[28.3468163,37.0300969],[28.3470009,37.0300106],[28.3472014,37.0299698],[28.3475157,37.0299965],[28.3477633,37.0300639],[28.3478988,37.0300875],[28.3480206,37.0300765],[28.3481346,37.0300232],[28.348225,37.0299494],[28.3483861,37.0297957],[28.3484588,37.0297267],[28.3485197,37.0296357],[28.3485668,37.029573],[28.3486101,37.0294993],[28.3487574,37.029424],[28.3488635,37.0294365],[28.3489441,37.029493],[28.3489814,37.0295699],[28.3490207,37.0296828],[28.3490737,37.0297471],[28.3491366,37.0297989]]]]},"properties":{}},{"type":"Feature","geometry":{"type":"MultiPolygon","coordinates":[[[[28.6152837,36.8984713],[28.6153903,36.8985085],[28.6154928,36.8985528],[28.6155903,36.8986036],[28.6156822,36.8986608],[28.6157678,36.8987238],[28.6158201,36.898768],[28.6158693,36.8988144],[28.6159763,36.8989009],[28.6160885,36.898983],[28.6162057,36.8990606],[28.6163147,36.8991262],[28.6164277,36.8991874],[28.6165443,36.899244],[28.6166643,36.899296],[28.6168261,36.8993568],[28.6169924,36.899409],[28.6171626,36.8994526],[28.6175676,36.8996596],[28.6179049,36.8997486],[28.6179634,36.8997614],[28.6180239,36.8997658],[28.6180844,36.8997616],[28.618143,36.8997489],[28.6181979,36.8997282],[28.6182494,36.8996987],[28.6182932,36.8996622],[28.618328,36.8996199],[28.618376,36.8995496],[28.6184159,36.8994761],[28.6184473,36.8994],[28.6184654,36.8993409],[28.6184924,36.8992839],[28.6185278,36.89923],[28.6185702,36.899181],[28.6186197,36.8991363],[28.6186755,36.8990967],[28.6187368,36.8990627],[28.6188027,36.8990349],[28.6188936,36.8989232],[28.6189773,36.898808],[28.6190535,36.8986895],[28.619092,36.8986235],[28.6191387,36.8985609],[28.6191931,36.8985024],[28.6192547,36.8984487],[28.6193273,36.8983975],[28.6194068,36.8983531],[28.6194921,36.8983163],[28.6195641,36.8982924],[28.6196387,36.8982739],[28.619715,36.8982609],[28.6197925,36.8982536],[28.619936,36.8982722],[28.6200781,36.8982965],[28.6202186,36.8983264],[28.6203571,36.8983619],[28.6204929,36.8984027],[28.6206311,36.898438],[28.6207715,36.8984675],[28.6209032,36.8984897],[28.621036,36.8985069],[28.6211698,36.898519],[28.6213631,36.8985713],[28.6215527,36.8986316],[28.6216717,36.8986743],[28.6217888,36.8987201],[28.6220207,36.8988155],[28.622248,36.898918],[28.6223041,36.8989908],[28.6223535,36.8990666],[28.6223962,36.8991451],[28.6224318,36.8992258],[28.6224645,36.8993236],[28.6224869,36.8994232],[28.6224988,36.899524],[28.6225002,36.8996253],[28.6224178,36.8997714],[28.6223288,36.8999149],[28.6222333,36.9000558],[28.6221241,36.9002033],[28.6220078,36.9003473],[28.6218846,36.9004875],[28.6215862,36.9008071],[28.6215184,36.9008795],[28.621457,36.9009554],[28.6214024,36.9010347],[28.6213549,36.9011167],[28.6213146,36.9012012],[28.6212887,36.9012677],[28.6212673,36.9013352],[28.6212268,36.9014706],[28.6211932,36.9016071],[28.6211668,36.9017441],[28.6211456,36.9018817],[28.6211376,36.9019461],[28.6211396,36.9020108],[28.6211517,36.9020748],[28.6211736,36.9021371],[28.6212051,36.9021967],[28.6212455,36.9022527],[28.6212987,36.9023082],[28.6213606,36.9023575],[28.6214303,36.9023997],[28.6215064,36.902434],[28.6215615,36.9024525],[28.6216191,36.9024652],[28.6216783,36.9024717],[28.6217381,36.9024721],[28.6217974,36.9024662],[28.6218564,36.9024539],[28.6219128,36.9024354],[28.6219656,36.9024111],[28.622014,36.9023814],[28.6220504,36.9023484],[28.6220941,36.9023217],[28.6221436,36.9023025],[28.6221969,36.9022914],[28.6222519,36.9022889],[28.6223064,36.9022951],[28.6223583,36.9023098],[28.6224056,36.9023324],[28.6225077,36.9023644],[28.6226123,36.902391],[28.6227188,36.902412],[28.622798,36.9024239],[28.6228751,36.9024429],[28.6229489,36.9024689],[28.6230185,36.9025016],[28.6230808,36.9025389],[28.6231376,36.9025816],[28.6231881,36.902629],[28.6232317,36.9026806],[28.6232052,36.9028346],[28.6231901,36.9029895],[28.6231864,36.9031158],[28.6231901,36.9032421],[28.6235234,36.9036292],[28.6237252,36.9039911],[28.6237355,36.904078],[28.6237341,36.9041653],[28.623721,36.904252],[28.6236964,36.904337],[28.6236837,36.9043697],[28.6236632,36.9043998],[28.6236359,36.9044262],[28.6236028,36.9044479],[28.623565,36.9044641],[28.6235337,36.9044723],[28.6235012,36.9044768],[28.6234357,36.9044821],[28.62337,36.9044799],[28.6233054,36.9044703],[28.6232431,36.9044533],[28.6232081,36.9044401],[28.6231747,36.9044246],[28.6231018,36.9044041],[28.6230259,36.9043921],[28.6229488,36.904389],[28.6228703,36.904395],[28.6227937,36.9044101],[28.6227208,36.904434],[28.6226401,36.9045034],[28.6225677,36.9045784],[28.622504,36.9046583],[28.6224497,36.9047425],[28.6224052,36.9048303],[28.6223707,36.9049209],[28.6223486,36.9050044],[28.622334,36.9050888],[28.6223268,36.9051739],[28.6223271,36.9052592],[28.6223344,36.9053395],[28.6223514,36.9054187],[28.6223782,36.9054963],[28.6224143,36.9055713],[28.6224638,36.9056491],[28.6225057,36.9057297],[28.6225397,36.9058126],[28.622569,36.9059104],[28.6225873,36.9060099],[28.6224907,36.9059982],[28.6223935,36.9059895],[28.6222917,36.9059838],[28.6221897,36.9059815],[28.6220901,36.9061126],[28.6219999,36.906248],[28.6219355,36.9063579],[28.6218772,36.90647],[28.6218735,36.9065657],[28.6218792,36.9066614],[28.6218955,36.9067627],[28.6219224,36.9068627],[28.6219595,36.9069605],[28.6220066,36.9070555],[28.6220951,36.9073429],[28.6220976,36.9073877],[28.6220925,36.9074324],[28.62208,36.9074762],[28.6220603,36.9075182],[28.6220282,36.9075645],[28.6219874,36.9076061],[28.6219389,36.9076421],[28.6217377,36.9078034],[28.6217617,36.9078814],[28.6217785,36.9079605],[28.621788,36.9080404],[28.6217903,36.9081169],[28.6217858,36.9081933],[28.621792,36.908346],[28.6218029,36.9084658],[28.6218189,36.9085852],[28.6219081,36.9086403],[28.6219918,36.9087006],[28.6220697,36.9087659],[28.6221482,36.9088431],[28.6222215,36.9089235],[28.6222896,36.9090069],[28.6223449,36.9090824],[28.6223959,36.90916],[28.6225354,36.9093575],[28.6226396,36.9095186],[28.6226939,36.9095831],[28.6227547,36.9096436],[28.6228217,36.9096999],[28.6228974,36.9097535],[28.6229786,36.9098016],[28.6230648,36.9098438],[28.6231419,36.9098918],[28.6232118,36.9099464],[28.6232736,36.9100068],[28.6233141,36.9100554],[28.6233494,36.9101065],[28.6233628,36.9101283],[28.6233838,36.9101457],[28.6234104,36.9101572],[28.6234386,36.9101616],[28.6234671,36.9101594],[28.6236146,36.9101401],[28.6237573,36.9101568],[28.6238989,36.9101786],[28.6240391,36.9102055],[28.6242014,36.9102434],[28.6243609,36.910288],[28.6243949,36.910246],[28.6244219,36.9102008],[28.6244415,36.9101533],[28.6244535,36.9101041],[28.624457,36.9100723],[28.6244572,36.9100403],[28.6244691,36.9099772],[28.6244889,36.9099153],[28.6245164,36.9098554],[28.6245514,36.909798],[28.6245918,36.9097456],[28.6246387,36.9096968],[28.6246916,36.9096521],[28.6247499,36.9096119],[28.6248231,36.9095718],[28.6249016,36.9095387],[28.6249845,36.9095133],[28.6250818,36.909601],[28.6251735,36.9096924],[28.6252595,36.9097873],[28.6253454,36.9098931],[28.6254241,36.9100024],[28.6254955,36.9101149],[28.6255297,36.9102059],[28.6255568,36.9102984],[28.6255766,36.9103921],[28.6255901,36.9104968],[28.6255944,36.9106021],[28.6255897,36.9107074],[28.6255759,36.9108121],[28.6255532,36.9109159],[28.6255491,36.9109599],[28.6255544,36.9110038],[28.6255689,36.9110464],[28.6255921,36.9110864],[28.6256219,36.9111213],[28.6256592,36.9111513],[28.6257027,36.9111754],[28.6257409,36.9111898],[28.6257813,36.9111997],[28.6258627,36.9112167],[28.6259461,36.9112263],[28.6260353,36.9112281],[28.6261245,36.9112246],[28.626213,36.9112156],[28.6262801,36.9112051],[28.6263453,36.9111886],[28.6264077,36.9111662],[28.6264665,36.9111384],[28.6265252,36.9111024],[28.626578,36.9110609],[28.626624,36.9110145],[28.6267116,36.9109644],[28.6267939,36.9109089],[28.6268706,36.9108485],[28.6269412,36.9107834],[28.6269989,36.9107216],[28.627051,36.9106568],[28.6270974,36.9105892],[28.6271377,36.9105191],[28.627201,36.9105204],[28.6272638,36.9105132],[28.6273241,36.9104978],[28.6273804,36.9104746],[28.627415,36.9104551],[28.6274467,36.9104325],[28.6275083,36.9103861],[28.6275648,36.9103358],[28.6276143,36.9102835],[28.6276582,36.9102283],[28.6276963,36.9101703],[28.6277284,36.91011],[28.6278312,36.9099769],[28.6279377,36.9098457],[28.6279985,36.9097735],[28.6280498,36.9096967],[28.6280912,36.9096162],[28.6281169,36.9095494],[28.6281357,36.9094812],[28.6281475,36.909412],[28.6281661,36.9093936],[28.6281897,36.9093794],[28.6282169,36.9093703],[28.6282461,36.9093669],[28.6282759,36.9093694],[28.628304,36.9093778],[28.6283286,36.9093916],[28.6283383,36.9094245],[28.6283534,36.9094562],[28.6283735,36.9094859],[28.6284089,36.9095228],[28.628452,36.909554],[28.6285995,36.9095722],[28.6287484,36.9095819],[28.6288364,36.9095836],[28.6289241,36.9095784],[28.6290109,36.9095664],[28.6290957,36.9095476],[28.629167,36.909526],[28.6292346,36.9094978],[28.6292976,36.9094633],[28.629355,36.9094231],[28.6294059,36.9093778],[28.6294498,36.9093279],[28.629486,36.9092742],[28.6295121,36.9092217],[28.6295309,36.9091672],[28.629542,36.9091114],[28.6295454,36.909055],[28.6295409,36.9089986],[28.6300819,36.9084659],[28.6301193,36.9084378],[28.6301625,36.9084158],[28.63021,36.9084005],[28.6302603,36.9083925],[28.6303165,36.9083925],[28.6303715,36.9084016],[28.630423,36.9084194],[28.630469,36.9084452],[28.6305397,36.9085564],[28.6306043,36.9086699],[28.6306626,36.9087855],[28.6307144,36.9089031],[28.6307723,36.9090593],[28.6308188,36.9092178],[28.6308539,36.9093782],[28.6308645,36.9094344],[28.6308642,36.9094913],[28.6308528,36.9095475],[28.6308359,36.9095912],[28.6308123,36.9096329],[28.6307824,36.909672],[28.6307467,36.9097077],[28.6306732,36.9097685],[28.6306051,36.9098332],[28.6305428,36.9099015],[28.6304795,36.9099827],[28.6304244,36.9100675],[28.6303778,36.9101556],[28.6305999,36.910411],[28.6308316,36.9106609],[28.6310725,36.9109052],[28.6312637,36.9110887],[28.6314601,36.9112687],[28.6315022,36.9113767],[28.6315343,36.9114869],[28.631556,36.9115987],[28.6315674,36.9117115],[28.6315691,36.911785],[28.631561,36.9118581],[28.631543,36.9119301],[28.6315156,36.9120002],[28.6314788,36.9120675],[28.6314364,36.9121274],[28.6313866,36.9121836],[28.6313301,36.9122354],[28.6311731,36.9123985],[28.6310081,36.9125565],[28.6308517,36.9126952],[28.6307007,36.9128377],[28.6305552,36.9129838],[28.6304153,36.9131334],[28.6303273,36.9132327],[28.630232,36.9133276],[28.6301297,36.9134177],[28.6300208,36.9135028],[28.6299058,36.9135826],[28.629785,36.9136566],[28.6296819,36.913713],[28.6295849,36.9137758],[28.6294944,36.9138447],[28.6294112,36.9139191],[28.6293358,36.9139987],[28.6292847,36.9140612],[28.6292385,36.914126],[28.6291973,36.914193],[28.6290524,36.9143842],[28.6289012,36.9145724],[28.6287242,36.9147797],[28.6285395,36.9149828],[28.6283474,36.9151814],[28.6278351,36.9157497],[28.6277947,36.9158133],[28.6277455,36.9158729],[28.6276883,36.9159277],[28.6276236,36.9159769],[28.6275525,36.91602],[28.6274756,36.9160563],[28.6274283,36.9160744],[28.6273795,36.9160899],[28.6272881,36.9161309],[28.6272022,36.9161789],[28.6271228,36.9162336],[28.6270505,36.9162944],[28.6270114,36.916333],[28.6269752,36.9163733],[28.6269081,36.9164569],[28.6268495,36.9165444],[28.6267997,36.9166353],[28.6267589,36.9167301],[28.6267277,36.9168271],[28.6267064,36.9169259],[28.6266951,36.9170256],[28.6266279,36.9170943],[28.6265687,36.9171676],[28.6265179,36.9172448],[28.6264758,36.9173252],[28.626443,36.9174084],[28.6264285,36.9174568],[28.6264222,36.9175064],[28.6264242,36.9175561],[28.6264345,36.9176052],[28.626453,36.9176528],[28.6264792,36.9176979],[28.6265073,36.9177338],[28.6265403,36.9177669],[28.6265939,36.9178398],[28.6266395,36.917916],[28.6266769,36.9179951],[28.6267059,36.9180764],[28.6267283,36.9181716],[28.626739,36.918268],[28.626738,36.9183648],[28.6266733,36.9184352],[28.6266155,36.9185093],[28.626565,36.9185868],[28.6265221,36.9186672],[28.6264962,36.9187265],[28.6264743,36.9187868],[28.6264355,36.9189084],[28.6264058,36.9190317],[28.6263853,36.9191561],[28.6263737,36.9192902],[28.6263727,36.9194246],[28.6263824,36.9195588],[28.6264028,36.9196922],[28.6264839,36.9197342],[28.6265581,36.9197836],[28.6266245,36.9198397],[28.6266821,36.9199018],[28.62673,36.9199688],[28.6267578,36.9200191],[28.6267802,36.920071],[28.626797,36.9201243],[28.626938,36.9200838],[28.6270821,36.9200516],[28.6272289,36.9200278],[28.6273726,36.9200129],[28.6275172,36.9200061],[28.6276621,36.9200074],[28.6277693,36.9202776],[28.6255404,36.921427],[28.625699,36.9216544],[28.6258408,36.921858],[28.6267796,36.9214549],[28.6281502,36.9208727],[28.6281992,36.9208593],[28.6282505,36.9208539],[28.6283022,36.9208566],[28.6283522,36.9208674],[28.6283985,36.9208858],[28.6284395,36.9209111],[28.6284734,36.9209424],[28.6284949,36.9209712],[28.6285104,36.9210025],[28.6285194,36.9210353],[28.6285217,36.9210689],[28.6284567,36.9211175],[28.6283848,36.9211595],[28.6283071,36.9211943],[28.6282633,36.9212099],[28.6282183,36.9212231],[28.6281339,36.9212594],[28.6280548,36.9213026],[28.6279818,36.9213522],[28.627916,36.9214079],[28.6278579,36.9214688],[28.6278079,36.9215348],[28.627767,36.9216048],[28.6277358,36.9216779],[28.6278485,36.9222247],[28.6284842,36.9222793],[28.6286835,36.9223167],[28.6288802,36.9223622],[28.6290737,36.922416],[28.6292633,36.9224777],[28.6293743,36.9225182],[28.6294896,36.9225499],[28.6296081,36.9225726],[28.6297289,36.9225861],[28.6298507,36.9225903],[28.6299683,36.9225853],[28.6300852,36.9225739],[28.6302009,36.922556],[28.6303147,36.9225318],[28.6304261,36.9225013],[28.6305487,36.9224594],[28.6306669,36.9224099],[28.6307798,36.9223532],[28.6308868,36.9222896],[28.6309873,36.9222194],[28.6310805,36.9221432],[28.6311972,36.9222225],[28.6313065,36.9223082],[28.6314082,36.9223998],[28.6315015,36.9224968],[28.6315861,36.9225988],[28.6316579,36.9226997],[28.6317212,36.9228042],[28.6317756,36.9229118],[28.631821,36.9230221],[28.6318571,36.9231345],[28.6318839,36.9232486],[28.6318549,36.9233451],[28.6318147,36.923439],[28.6317635,36.9235294],[28.6317019,36.9236156],[28.6316304,36.9236967],[28.6315526,36.9237695],[28.6314668,36.9238364],[28.6313738,36.9238967],[28.6312742,36.92395],[28.631169,36.9239958],[28.6311332,36.9240421],[28.631103,36.9240909],[28.6310787,36.9241417],[28.6310604,36.9241942],[28.6310462,36.9242627],[28.6310425,36.9243321],[28.6310491,36.9244014],[28.6310662,36.9244695],[28.6310933,36.9245355],[28.6311302,36.9245984],[28.6311776,36.9248393],[28.6312294,36.9250797],[28.6313133,36.9251673],[28.6314041,36.9252503],[28.6315014,36.9253284],[28.6316049,36.9254014],[28.6317238,36.9254744],[28.6318488,36.9255406],[28.6319794,36.9255995],[28.6321148,36.925651],[28.6322544,36.9256947],[28.6323975,36.9257305],[28.6331217,36.9254646],[28.6331886,36.9254493],[28.6332576,36.9254419],[28.6333272,36.9254426],[28.6333959,36.9254513],[28.6334623,36.9254678],[28.6335201,36.9254897],[28.6335738,36.9255175],[28.6336223,36.9255508],[28.6336648,36.925589],[28.6337416,36.9256377],[28.6338243,36.9256796],[28.6339122,36.9257142],[28.6340041,36.9257412],[28.6340855,36.9257581],[28.6341685,36.9257689],[28.6342523,36.9257737],[28.6343364,36.9257723],[28.6344199,36.9257648],[28.6353935,36.9257209],[28.6354939,36.9258056],[28.6355866,36.9258958],[28.6356709,36.9259911],[28.6357466,36.9260909],[28.6358133,36.9261947],[28.6358719,36.926305],[28.6359204,36.9264183],[28.6359583,36.9265342],[28.6359856,36.926652],[28.6359777,36.9267279],[28.6359625,36.9268031],[28.6359401,36.9268771],[28.6359105,36.9269495],[28.6358798,36.9270096],[28.6358431,36.9270675],[28.6358004,36.9271228],[28.6357523,36.9271751],[28.63571,36.9272145],[28.6356607,36.9272483],[28.6356055,36.9272756],[28.6355457,36.9272958],[28.635504,36.927305],[28.6354606,36.9273054],[28.6354269,36.9272993],[28.6353955,36.9272877],[28.6353278,36.9272915],[28.6352614,36.9273027],[28.635206,36.9273181],[28.6351538,36.9273396],[28.6351058,36.9273666],[28.6350629,36.9273987],[28.635036,36.9274243],[28.6350124,36.9274519],[28.6349555,36.9275009],[28.6348928,36.9275451],[28.6348249,36.9275841],[28.6347468,36.9276199],[28.6346739,36.9276622],[28.6346071,36.9277105],[28.6345473,36.9277643],[28.6345114,36.927803],[28.6344792,36.9278437],[28.6344194,36.9279273],[28.6343682,36.9280144],[28.634326,36.9281046],[28.6342994,36.9281772],[28.634283,36.9282516],[28.6342771,36.9283271],[28.6342783,36.9283693],[28.6342891,36.9284106],[28.634309,36.9284497],[28.6343374,36.9284852],[28.6343661,36.9285107],[28.6344005,36.9285311],[28.6344393,36.9285456],[28.634481,36.9285536],[28.6345238,36.9285549],[28.6345667,36.9285492],[28.6346073,36.9285367],[28.6346439,36.9285179],[28.6347294,36.9285802],[28.6348071,36.9286488],[28.6348762,36.9287229],[28.6349362,36.928802],[28.6349871,36.9288865],[28.6350276,36.9289746],[28.6350572,36.9290653],[28.6350757,36.9291579],[28.6351401,36.9292303],[28.6352102,36.929299],[28.6352859,36.929364],[28.6353667,36.9294249],[28.6354583,36.929485],[28.6355549,36.9295398],[28.6357376,36.9296603],[28.6359146,36.9297861],[28.6360857,36.9299171],[28.6362505,36.9300531],[28.6364344,36.9302175],[28.6366092,36.9303881],[28.6367747,36.9305646],[28.6369304,36.9307467],[28.63702,36.9308308],[28.6371001,36.9309209],[28.6371701,36.9310162],[28.6372295,36.9311159],[28.6372778,36.9312195],[28.6373043,36.931292],[28.6373253,36.9313657],[28.6373408,36.9314403],[28.63735,36.9314807],[28.6373658,36.9315198],[28.6373879,36.931557],[28.6374159,36.9315914],[28.6374593,36.9316306],[28.6375103,36.9316634],[28.6375675,36.931689],[28.6376355,36.931728],[28.6377077,36.9317617],[28.6377836,36.9317899],[28.6378625,36.9318123],[28.6379264,36.9318257],[28.6379913,36.9318354],[28.6381171,36.9318673],[28.6382389,36.931908],[28.6383558,36.931957],[28.6384669,36.932014],[28.6385713,36.9320785],[28.6386683,36.9321501],[28.638757,36.9322282],[28.6388002,36.9322717],[28.6388408,36.9323168],[28.6389325,36.9324002],[28.6390316,36.932478],[28.6391376,36.9325498],[28.6392499,36.9326152],[28.6393149,36.9326487],[28.6393816,36.9326801],[28.6395189,36.9327372],[28.6396609,36.9327862],[28.639795,36.9328238],[28.6399318,36.9328543],[28.6400396,36.9329411],[28.6401531,36.9330231],[28.6402674,36.9330972],[28.6403864,36.9331664],[28.6405098,36.9332305],[28.6405891,36.9333054],[28.6406743,36.9333759],[28.6407652,36.9334418],[28.6408612,36.9335028],[28.6409627,36.933559],[28.6410686,36.9336096],[28.6411784,36.9336546],[28.6412917,36.9336936],[28.6413419,36.9337051],[28.6413935,36.9337114],[28.6414457,36.9337124],[28.6414976,36.9337081],[28.6415475,36.9336988],[28.6415956,36.9336845],[28.6416411,36.9336655],[28.6416833,36.9336422],[28.6417357,36.9336004],[28.6417804,36.9335532],[28.6418165,36.9335015],[28.6418433,36.9334463],[28.6418603,36.9333887],[28.6418671,36.9333326],[28.6418646,36.9332763],[28.6418529,36.9332208],[28.6418321,36.933167],[28.6418027,36.9331158],[28.6417504,36.9330227],[28.6417065,36.9329268],[28.6416711,36.9328287],[28.6416444,36.9327288],[28.6416326,36.9326679],[28.6416313,36.9326062],[28.6416406,36.9325449],[28.6416603,36.9324853],[28.6416901,36.9324284],[28.6417293,36.9323752],[28.6417772,36.9323268],[28.6418321,36.9322847],[28.6418937,36.9322489],[28.6419608,36.9322201],[28.6420321,36.9321987],[28.6421063,36.9321853],[28.6421822,36.93218],[28.6422243,36.9321584],[28.6422602,36.9321306],[28.6422885,36.9320977],[28.6423083,36.932061],[28.6423185,36.9320225],[28.6423192,36.9319831],[28.6423103,36.9319443],[28.6422922,36.9319077],[28.6423854,36.9318602],[28.6424741,36.9318076],[28.642558,36.9317501],[28.6426365,36.9316879],[28.6427093,36.9316215],[28.6427883,36.9315368],[28.6428581,36.931447],[28.6430114,36.9312751],[28.6431693,36.9311058],[28.6432343,36.9310381],[28.6432906,36.9309655],[28.6433374,36.9308888],[28.6433744,36.9308087],[28.6434011,36.930726],[28.6434174,36.9306416],[28.6434224,36.9305811],[28.643422,36.9305205],[28.6434202,36.9303993],[28.643412,36.9302782],[28.6434063,36.9302245],[28.6433928,36.9301716],[28.6433719,36.9301203],[28.6433438,36.9300713],[28.6433087,36.9300252],[28.6432621,36.929978],[28.6432076,36.9299365],[28.6431463,36.9299016],[28.6430794,36.9298741],[28.6430179,36.9298565],[28.6429543,36.9298451],[28.6428893,36.9298401],[28.6428241,36.9298416],[28.6427595,36.9298494],[28.6428233,36.9297906],[28.6428795,36.9297272],[28.6429279,36.9296596],[28.6429649,36.9295945],[28.6429945,36.9295269],[28.6430164,36.9294575],[28.6430304,36.9293868],[28.6430634,36.9293093],[28.643106,36.9292349],[28.6431579,36.9291644],[28.6431867,36.9291311],[28.6432215,36.9291016],[28.6432613,36.9290766],[28.6433054,36.9290566],[28.6433569,36.9290411],[28.643411,36.9290324],[28.643466,36.9290308],[28.6435207,36.9290364],[28.6435735,36.929049],[28.6436231,36.9290682],[28.6436681,36.9290936],[28.6439404,36.9295047],[28.6444111,36.929844],[28.6444915,36.9299057],[28.6445779,36.9299619],[28.6446696,36.9300125],[28.6447661,36.9300569],[28.6448668,36.930095],[28.644971,36.9301265],[28.6450421,36.9301438],[28.6451143,36.9301579],[28.6452595,36.9301826],[28.6454063,36.9302006],[28.6455542,36.9302117],[28.6457026,36.930216],[28.6458473,36.9302136],[28.6459916,36.9302047],[28.6461351,36.9301892],[28.6461526,36.9302366],[28.6461631,36.9302852],[28.6461666,36.9303345],[28.6461643,36.930374],[28.6461575,36.9304132],[28.6461566,36.9304922],[28.6461639,36.9305711],[28.6461794,36.9306491],[28.6461917,36.9306929],[28.6462137,36.9307342],[28.6462444,36.9307717],[28.646283,36.9308043],[28.6463282,36.9308308],[28.6463761,36.9308498],[28.6464273,36.9308619],[28.6464803,36.930867],[28.6465336,36.9308649],[28.6465857,36.9308555],[28.6466521,36.9308421],[28.6467151,36.9308208],[28.6467735,36.9307922],[28.6468257,36.9307568],[28.6468707,36.9307156],[28.6468941,36.930688],[28.6469143,36.9306587],[28.6469487,36.9305979],[28.6469734,36.9305342],[28.646988,36.9304685],[28.6469923,36.9304181],[28.6469906,36.9303676],[28.6469839,36.9302668],[28.6469679,36.9301667],[28.6469498,36.9300918],[28.6469266,36.9300177],[28.6468982,36.9299448],[28.6468876,36.9299206],[28.6468701,36.9298991],[28.6468469,36.9298815],[28.6468191,36.9298687],[28.6467898,36.9298617],[28.6467594,36.9298601],[28.6466099,36.9299164],[28.6465824,36.9298757],[28.6470021,36.9296704],[28.6472945,36.9294715],[28.6473573,36.9293832],[28.6474155,36.929293],[28.6474688,36.9292008],[28.6475161,36.9291095],[28.6475587,36.9290167],[28.6476519,36.9288336],[28.647694,36.9287534],[28.6477261,36.9286703],[28.6477479,36.9285851],[28.6477592,36.9284986],[28.6477609,36.9284494],[28.6477591,36.9284002],[28.6477647,36.9283018],[28.6477759,36.9282038],[28.647798,36.9280815],[28.6478116,36.9279585],[28.6478169,36.927835],[28.6478163,36.9277741],[28.647805,36.9277139],[28.6477832,36.9276555],[28.6477511,36.9276002],[28.6477245,36.9275657],[28.6476923,36.9275343],[28.6476552,36.9275067],[28.6476137,36.9274834],[28.6475584,36.9274613],[28.6474993,36.9274467],[28.6474381,36.9274401],[28.6473763,36.9274416],[28.6473777,36.9273968],[28.6473865,36.9273526],[28.6474026,36.9273097],[28.6474257,36.9272689],[28.6474554,36.9272309],[28.6474942,36.9271939],[28.6475393,36.9271618],[28.6475897,36.9271352],[28.6476443,36.9271146],[28.6480873,36.9270924],[28.6492019,36.9271924],[28.6493316,36.9271457],[28.6494309,36.9272765],[28.6493797,36.9273287],[28.6493365,36.9273854],[28.6493021,36.9274458],[28.6492786,36.9275037],[28.6492631,36.9275632],[28.6492558,36.9276238],[28.6492567,36.9276846],[28.6492659,36.927745],[28.6493035,36.9280301],[28.6492395,36.9281929],[28.6491814,36.9283571],[28.6491211,36.9285499],[28.6490688,36.9287441],[28.6492793,36.92898],[28.6492364,36.9290227],[28.6492004,36.9290693],[28.6491721,36.9291192],[28.6491518,36.9291715],[28.6491398,36.9292255],[28.6491365,36.929283],[28.6491426,36.9293403],[28.6491581,36.9293965],[28.6491828,36.9294506],[28.6492119,36.9294966],[28.6492475,36.9295396],[28.6492889,36.9295791],[28.6493357,36.9296146],[28.6494287,36.9296531],[28.6495241,36.9296875],[28.6496533,36.9297267],[28.6497856,36.9297586],[28.6499204,36.9297829],[28.6499315,36.929758],[28.6499489,36.9297355],[28.649972,36.9297165],[28.65,36.9297017],[28.6500313,36.929692],[28.6500645,36.9296881],[28.6505514,36.9297384],[28.650883,36.9297565],[28.6512139,36.9297819],[28.651502,36.9298099],[28.6517892,36.9298435],[28.6520507,36.9296768],[28.6521329,36.9296866],[28.6522135,36.9297027],[28.6522919,36.9297249],[28.6523672,36.9297529],[28.6524444,36.9297895],[28.6525165,36.9298324],[28.6525826,36.9298809],[28.6526136,36.9299069],[28.6526421,36.9299346],[28.652679,36.9299779],[28.6527098,36.930024],[28.6527343,36.9300725],[28.6527521,36.9301228],[28.6527657,36.9301899],[28.6527682,36.9302578],[28.6527595,36.9303254],[28.6527284,36.930397],[28.6527056,36.9304706],[28.6526913,36.9305456],[28.6526857,36.9306213],[28.6526879,36.930687],[28.6526967,36.9307523],[28.6527119,36.9308169],[28.6528178,36.930967],[28.652776,36.9310115],[28.6527429,36.9310605],[28.6527194,36.9311129],[28.6527058,36.9311675],[28.6527026,36.9312204],[28.6527088,36.9312731],[28.6527243,36.9313246],[28.6527488,36.9313738],[28.6527847,36.9314162],[28.6528152,36.9314612],[28.65284,36.9315084],[28.6528602,36.9315617],[28.6528732,36.9316164],[28.6528788,36.9316719],[28.6528768,36.9317276],[28.6528834,36.9317942],[28.6528997,36.9318598],[28.6529253,36.9319235],[28.65296,36.9319843],[28.6530793,36.9321859],[28.6530698,36.9322309],[28.6530675,36.9322765],[28.6530726,36.932322],[28.6530868,36.9323713],[28.6531095,36.9324184],[28.6531404,36.9324625],[28.6532111,36.9325371],[28.6532758,36.9326152],[28.6533397,36.9327046],[28.6533956,36.9327973],[28.6534435,36.9328929],[28.65349,36.9329976],[28.6535311,36.9331038],[28.6535474,36.9331579],[28.6535668,36.9332112],[28.653603,36.9332917],[28.6536465,36.9333698],[28.6536971,36.9334452],[28.6537546,36.9335173],[28.6539074,36.933671],[28.6540516,36.9338298],[28.6541661,36.933967],[28.6542743,36.9341074],[28.6543178,36.934226],[28.6543516,36.9343466],[28.6543755,36.9344687],[28.6543902,36.934601],[28.6543933,36.9347338],[28.6543859,36.9347999],[28.6543849,36.9348664],[28.6543923,36.934947],[28.654409,36.9350266],[28.6544351,36.9351047],[28.6544701,36.9351805],[28.6544894,36.9352418],[28.6545013,36.9353044],[28.6545059,36.9353675],[28.6545029,36.9354308],[28.6544938,36.9355126],[28.6544958,36.9355948],[28.654509,36.9356763],[28.6545332,36.9357563],[28.6545681,36.9358338],[28.6546134,36.9359078],[28.6546686,36.9359775],[28.6547142,36.9360647],[28.6547703,36.936148],[28.6548362,36.9362265],[28.6549113,36.9362996],[28.6549787,36.9363545],[28.6550513,36.936405],[28.6551287,36.9364508],[28.6552104,36.9364915],[28.655513,36.9366074],[28.6558192,36.9367171],[28.6560715,36.9368021],[28.6563259,36.9368828],[28.6565823,36.9369594],[28.6572562,36.9371143],[28.6574701,36.9371319],[28.6576824,36.9371589],[28.6578926,36.9371952],[28.6580794,36.9372358],[28.6582635,36.9372837],[28.6584444,36.9373388],[28.6583427,36.9374297],[28.658248,36.9375254],[28.6581479,36.9376412],[28.6580582,36.9377623],[28.6579189,36.9377545],[28.6577792,36.937754],[28.6576398,36.9377607],[28.6575042,36.9377741],[28.6573699,36.9377943],[28.6573049,36.9378116],[28.6572374,36.9378212],[28.6571798,36.9378231],[28.6571223,36.9378193],[28.6570658,36.93781],[28.6568802,36.9377473],[28.6566963,36.9376813],[28.6564347,36.9375807],[28.6563528,36.9375391],[28.6562668,36.9375033],[28.6561773,36.9374734],[28.6560795,36.9374484],[28.6559793,36.9374306],[28.6558775,36.93742],[28.6557749,36.9374168],[28.6556724,36.9374208],[28.6555674,36.9374324],[28.6554641,36.9374512],[28.6553633,36.9374773],[28.6552657,36.9375103],[28.6551721,36.93755],[28.6549597,36.9376468],[28.6547524,36.9377505],[28.654442,36.9379128],[28.6541367,36.9380811],[28.6538367,36.9382554],[28.653735,36.9383117],[28.6536367,36.9383718],[28.653542,36.9384354],[28.6534288,36.93852],[28.6533218,36.9386097],[28.6532215,36.9387041],[28.6531283,36.9388031],[28.6530443,36.9389141],[28.6529685,36.9390287],[28.652901,36.9391466],[28.652838,36.9392765],[28.6527852,36.9394092],[28.652761,36.9394762],[28.6527427,36.9395443],[28.6527281,36.9396312],[28.652723,36.9397187],[28.6527274,36.9398063],[28.6527414,36.9398932],[28.6527617,36.9399697],[28.6527892,36.9400447],[28.6528239,36.9401178],[28.6528806,36.9402262],[28.6529428,36.9403328],[28.6530103,36.9404372],[28.6534153,36.9408542],[28.6534867,36.9409759],[28.6535667,36.9410941],[28.6536553,36.9412083],[28.6537519,36.9413183],[28.6538508,36.9414183],[28.6539564,36.9415138],[28.6540684,36.9416045],[28.6541471,36.9416025],[28.6542245,36.9415911],[28.654299,36.9415708],[28.6543688,36.9415418],[28.6544309,36.941506],[28.6544859,36.9414634],[28.6545326,36.9414149],[28.65457,36.9413615],[28.6545975,36.9413044],[28.6550716,36.9405562],[28.6550988,36.9405361],[28.6551314,36.9405221],[28.6551673,36.9405151],[28.6552043,36.9405155],[28.6552401,36.9405232],[28.6552723,36.9405379],[28.6552989,36.9405586],[28.6553182,36.9405839],[28.6553289,36.9406123],[28.6553304,36.9406419],[28.6552843,36.9406735],[28.6552435,36.9407094],[28.6552086,36.9407491],[28.6551802,36.940792],[28.6551569,36.9408419],[28.6551424,36.9408939],[28.655137,36.940947],[28.6551406,36.9410002],[28.6551534,36.9410525],[28.6551658,36.9411397],[28.6551676,36.9412276],[28.6551587,36.9413151],[28.6551098,36.9415895],[28.6551272,36.9416148],[28.6551519,36.9416359],[28.6551822,36.9416515],[28.6552164,36.9416608],[28.6552531,36.941663],[28.6552894,36.9416579],[28.655323,36.9416458],[28.6553437,36.9416455],[28.6553632,36.9416509],[28.6553816,36.9416634],[28.6553923,36.9416808],[28.6553934,36.9417002],[28.6554048,36.9417778],[28.6554192,36.941855],[28.6554515,36.9419886],[28.6554755,36.9420539],[28.6554927,36.9421206],[28.6555038,36.9421979],[28.6555058,36.9422756],[28.6554987,36.9423532],[28.6555383,36.9424138],[28.6557602,36.9422862],[28.6559204,36.9424682],[28.6560781,36.9426517],[28.6562852,36.9428997],[28.6564878,36.9431501],[28.6566163,36.9432944],[28.6567389,36.943442],[28.6568552,36.9435928],[28.6569914,36.9437847],[28.6571175,36.943981],[28.6572334,36.9441812],[28.6568163,36.944744],[28.6568088,36.9448049],[28.6568083,36.9448662],[28.656815,36.9449272],[28.6568307,36.9449941],[28.6568549,36.9450593],[28.6568875,36.9451221],[28.6569279,36.9451819],[28.6569759,36.9452381],[28.6570895,36.945361],[28.6572107,36.9454792],[28.6573392,36.9455923],[28.6574057,36.9456472],[28.6574748,36.9457],[28.6575984,36.9457849],[28.6577287,36.9458629],[28.6578653,36.9459339],[28.6580076,36.9459974],[28.6581548,36.9460531],[28.6583063,36.9461009],[28.6595026,36.9465328],[28.6594947,36.946575],[28.6594771,36.9466153],[28.6594551,36.946647],[28.6594271,36.9466754],[28.6593939,36.9467],[28.6592921,36.9466953],[28.6591901,36.9466979],[28.6590887,36.9467077],[28.6589889,36.9467247],[28.658899,36.9467465],[28.6588117,36.9467741],[28.6587274,36.9468073],[28.6586468,36.946846],[28.6585705,36.9468897],[28.6584746,36.9469528],[28.6583848,36.9470214],[28.6583017,36.9470952],[28.6582258,36.9471738],[28.6581601,36.9472556],[28.6581034,36.9473416],[28.6580561,36.9474313],[28.6580186,36.9475238],[28.6580032,36.9475709],[28.6579911,36.9476186],[28.6579783,36.9477],[28.6579749,36.9477821],[28.6579812,36.947864],[28.6579969,36.9479451],[28.658022,36.9480248],[28.6581148,36.9483398],[28.6582889,36.9489304],[28.658323,36.9490951],[28.6583661,36.9492585],[28.6584183,36.9494202],[28.6584793,36.9495799],[28.6585435,36.9497255],[28.6586151,36.9498688],[28.6586526,36.9499399],[28.6586939,36.9500097],[28.6587722,36.9501244],[28.6588608,36.9502343],[28.6589592,36.9503388],[28.6590667,36.9504373],[28.6594024,36.9507412],[28.6595197,36.9508386],[28.6596327,36.9509392],[28.6597413,36.9510428],[28.6598668,36.9511723],[28.6599854,36.9513058],[28.660097,36.9514431],[28.6602013,36.9515841],[28.6602334,36.9516721],[28.6602543,36.9517622],[28.6602637,36.9518536],[28.6602616,36.9519453],[28.6602503,36.952025],[28.6602302,36.9521036],[28.6602016,36.9521805],[28.6601646,36.9522551],[28.6601195,36.9523268],[28.6600068,36.9524304],[28.6599016,36.9525389],[28.6598042,36.952652],[28.6597148,36.9527692],[28.6596339,36.9528903],[28.6595616,36.9530148],[28.6595025,36.9531328],[28.6594512,36.9532531],[28.6594079,36.9533754],[28.6593879,36.9534369],[28.6593725,36.9534992],[28.6593578,36.9535983],[28.6593548,36.9536979],[28.6593634,36.9537974],[28.6593837,36.9538958],[28.6594154,36.9539922],[28.659523,36.9541215],[28.6596234,36.9542544],[28.6597164,36.9543907],[28.6598016,36.9545302],[28.6598722,36.9546593],[28.6599363,36.9547905],[28.6599937,36.9549237],[28.6600444,36.9550586],[28.6600985,36.9550644],[28.660151,36.9550768],[28.6602004,36.9550955],[28.6602457,36.9551199],[28.6602858,36.9551497],[28.6603232,36.9551882],[28.6603519,36.9552313],[28.660371,36.9552776],[28.6603799,36.9553259],[28.6603783,36.9553747],[28.6603668,36.955466],[28.6603443,36.9555559],[28.6603109,36.9556436],[28.660267,36.9557284],[28.6602899,36.9558423],[28.6603218,36.9559549],[28.6603625,36.9560657],[28.6604118,36.9561742],[28.6604758,36.9562901],[28.6605496,36.9564023],[28.660633,36.9565101],[28.6607255,36.956613],[28.6608268,36.9567105],[28.6609362,36.9568022],[28.661385,36.9570377],[28.6618307,36.9572769],[28.6623032,36.9575363],[28.6624538,36.9576306],[28.6626102,36.9577186],[28.6627722,36.9577999],[28.6629516,36.9578795],[28.6631363,36.9579511],[28.6633257,36.9580143],[28.6635193,36.958069],[28.6637163,36.958115],[28.6640245,36.9582005],[28.664335,36.9582807],[28.6646476,36.9583554],[28.6647874,36.9583862],[28.6649622,36.9584247],[28.6653289,36.958498],[28.6656979,36.9585639],[28.6660688,36.9586224],[28.6664414,36.9586733],[28.6669161,36.9587333],[28.6673918,36.9587879],[28.6676298,36.9588143],[28.6678684,36.9588372],[28.6682422,36.9588661],[28.6686169,36.9588865],[28.6689922,36.9588983],[28.6691077,36.958906],[28.6692236,36.9589055],[28.669339,36.9588968],[28.669453,36.9588801],[28.6695647,36.9588553],[28.6696732,36.9588228],[28.6697777,36.9587827],[28.6698773,36.9587354],[28.6699779,36.9586772],[28.6700711,36.9586116],[28.6701561,36.9585393],[28.6702321,36.9584609],[28.6702986,36.958377],[28.6703292,36.9583338],[28.6703548,36.9582886],[28.6703793,36.9582292],[28.670395,36.9581679],[28.6704016,36.9581056],[28.6703991,36.9580431],[28.6703874,36.9579813],[28.6703669,36.957921],[28.6703581,36.9578655],[28.6703585,36.9578095],[28.6703682,36.9577541],[28.670387,36.9577002],[28.6704353,36.9575865],[28.6704944,36.9574761],[28.6705639,36.9573696],[28.6706433,36.9572677],[28.6707324,36.9571709],[28.6708304,36.9570799],[28.6709368,36.9569951],[28.6710854,36.9568871],[28.6712409,36.9567854],[28.6714028,36.9566904],[28.6715707,36.9566022],[28.6717441,36.9565212],[28.6718325,36.956483],[28.6719225,36.9564475],[28.6720814,36.9563923],[28.6722443,36.9563451],[28.6724105,36.9563061],[28.6725795,36.9562754],[28.6727505,36.9562531],[28.6729229,36.9562394],[28.673096,36.9562342],[28.6733677,36.956231],[28.6736393,36.9562337],[28.6739108,36.9562424],[28.6739179,36.9563386],[28.673906,36.9564068],[28.6738648,36.9564913],[28.6738365,36.9565535],[28.6737657,36.9566044],[28.6737339,36.9566299],[28.6737162,36.9566694],[28.6737197,36.9567543],[28.6737445,36.9568363],[28.6737693,36.9569212],[28.6737905,36.9570597],[28.6738047,36.9571729],[28.6738436,36.9573341],[28.6738593,36.957368],[28.6738938,36.9574021],[28.6738918,36.9574281],[28.6738633,36.9574509],[28.6738442,36.9575371],[28.6739138,36.957583],[28.6739916,36.9576396],[28.6740656,36.9576994],[28.6741414,36.9577542],[28.6742208,36.9578056],[28.6743037,36.9578535],[28.6742691,36.9579062],[28.6742441,36.9579623],[28.6742292,36.9580206],[28.674225,36.9580641],[28.6742263,36.9581076],[28.6742333,36.9581509],[28.6742518,36.9582258],[28.6742782,36.9582992],[28.6743124,36.9583705],[28.6743692,36.9584668],[28.6744317,36.9585608],[28.6745101,36.9586649],[28.6745956,36.9587654],[28.6746879,36.9588619],[28.6747896,36.9589583],[28.6748969,36.9590507],[28.6750098,36.9591389],[28.67563,36.9590692],[28.6765031,36.9589916],[28.6774003,36.9589181],[28.6776453,36.9589015],[28.6778898,36.9588796],[28.678139,36.9588518],[28.6783872,36.9588185],[28.6786341,36.9587799],[28.6790931,36.9587102],[28.6793232,36.9586781],[28.6795527,36.9586433],[28.679907,36.9585842],[28.6802595,36.958519],[28.6810829,36.958295],[28.6818916,36.9580667],[28.6823952,36.9578342],[28.6830617,36.9575422],[28.6832857,36.957443],[28.683743,36.9573396],[28.684429,36.9571612],[28.6856112,36.9568852],[28.6860698,36.9566034],[28.6866465,36.9562471],[28.6868417,36.9561174],[28.6873191,36.9560322],[28.6876804,36.9559672],[28.6880433,36.9559079],[28.6883319,36.9558648],[28.6884761,36.955843],[28.6886213,36.9558254],[28.6887672,36.955812],[28.6889137,36.9558028],[28.6893214,36.9558152],[28.6897418,36.9558296],[28.6897337,36.9559025],[28.6888446,36.9558596],[28.6888345,36.9561077],[28.689778,36.956141],[28.6907087,36.9561769],[28.691382,36.9562069],[28.6920907,36.9560124],[28.6928263,36.95585],[28.6933473,36.9557316],[28.6933058,36.9555904],[28.6936561,36.9554031],[28.6936863,36.9554366],[28.6933571,36.9556102],[28.6933956,36.9557222],[28.693513,36.9556919],[28.6935934,36.9559781],[28.6939488,36.9558913],[28.6939143,36.9558216],[28.6941959,36.9556927],[28.694142,36.9554465],[28.6941321,36.9554316],[28.6941182,36.955419],[28.6941011,36.9554093],[28.6940764,36.9554021],[28.6940501,36.9554009],[28.6940246,36.9554058],[28.6938895,36.955442],[28.6938597,36.9553439],[28.6939152,36.95533],[28.6939725,36.955322],[28.6940306,36.9553201],[28.6941021,36.9553261],[28.6941375,36.9553317],[28.6941715,36.9553412],[28.6942048,36.9553552],[28.6942352,36.9553729],[28.694262,36.955394],[28.6942817,36.9554174],[28.6942955,36.9554433],[28.6943029,36.9554709],[28.6943732,36.955444],[28.6944472,36.9554246],[28.6945238,36.955413],[28.6945702,36.95541],[28.6945934,36.9554082],[28.6946167,36.9554098],[28.6946502,36.9554184],[28.6946796,36.9554337],[28.6946902,36.955445],[28.6947029,36.9554548],[28.6947316,36.9554685],[28.6947641,36.9554747],[28.6947975,36.9554728],[28.6948286,36.9554631],[28.6949795,36.9554421],[28.695131,36.955424],[28.6953236,36.9554052],[28.6955168,36.9553911],[28.6957104,36.9553817],[28.69609,36.9553581],[28.6964701,36.9553393],[28.6967785,36.9553276],[28.697087,36.955319],[28.6971899,36.9552603],[28.6972989,36.9552091],[28.6973809,36.955177],[28.6974652,36.9551491],[28.6978207,36.9550261],[28.6979973,36.9549626],[28.698172,36.9548957],[28.6984,36.9548017],[28.6986239,36.9547017],[28.6989046,36.9546234],[28.6991822,36.9545388],[28.6994568,36.9544477],[28.699728,36.9543503],[28.6999955,36.9542467],[28.7002593,36.9541369],[28.7005189,36.9540212],[28.7006574,36.9539322],[28.7008003,36.9538478],[28.7009473,36.9537681],[28.7010983,36.9536932],[28.7012625,36.9536192],[28.7014305,36.9535508],[28.7016021,36.9534883],[28.7017769,36.9534317],[28.7021599,36.9533451],[28.7025399,36.9532506],[28.7028528,36.9531662],[28.7031632,36.9530764],[28.7034711,36.9529813],[28.7037764,36.9528809],[28.7039223,36.9528848],[28.7040682,36.9528823],[28.7042138,36.9528735],[28.7043585,36.9528584],[28.7045236,36.9528331],[28.7046863,36.9527996],[28.7048462,36.952758],[28.7050024,36.9527085],[28.7051544,36.9526512],[28.7053016,36.9525864],[28.7054434,36.9525143],[28.7056174,36.9524364],[28.7057968,36.952367],[28.7059812,36.9523064],[28.7061692,36.952295],[28.7063566,36.9522785],[28.7065431,36.9522571],[28.7067581,36.9522262],[28.7069715,36.9521886],[28.7070765,36.9521645],[28.7071829,36.9521446],[28.7073394,36.9521233],[28.7074975,36.9521111],[28.7075769,36.9521115],[28.7076563,36.9521082],[28.7077701,36.9520967],[28.7078823,36.9520775],[28.7079921,36.9520507],[28.7080986,36.9520165],[28.708201,36.9519752],[28.7082987,36.951927],[28.7092441,36.9514619],[28.709346,36.9514078],[28.7094531,36.9513605],[28.7095647,36.9513204],[28.7096834,36.9512869],[28.7098052,36.9512614],[28.7099293,36.9512442],[28.7100548,36.9512354],[28.7101808,36.9512351],[28.7103063,36.9512433],[28.7106876,36.9512627],[28.7110695,36.9512741],[28.7114516,36.9512776],[28.7119968,36.9512868],[28.7125419,36.9513011],[28.7130649,36.9513078],[28.713588,36.9513076],[28.7137029,36.9513503],[28.7138218,36.9513854],[28.7139439,36.9514128],[28.7140683,36.9514321],[28.7141943,36.9514434],[28.714321,36.9514466],[28.7144476,36.9514415],[28.714548,36.9514317],[28.7146474,36.9514166],[28.7147453,36.9513965],[28.7148535,36.9513791],[28.7149626,36.9513665],[28.715005,36.9513599],[28.7150481,36.9513593],[28.7150908,36.9513647],[28.7151316,36.9513761],[28.7151692,36.9513929],[28.7152027,36.9514147],[28.7152322,36.9514425],[28.7152548,36.9514741],[28.7152697,36.9515084],[28.7152764,36.9515444],[28.7152255,36.9519056],[28.715723,36.9519077],[28.7157113,36.9518269],[28.7157104,36.9517455],[28.7157203,36.9516645],[28.7157393,36.9515896],[28.7157675,36.9515167],[28.7158047,36.9514464],[28.7158245,36.9514116],[28.7158504,36.9513794],[28.7158912,36.9513432],[28.7159396,36.9513136],[28.7159939,36.9512915],[28.7169082,36.9509328],[28.7178272,36.950582],[28.7185442,36.950315],[28.7192639,36.9500528],[28.71945,36.9499986],[28.7196327,36.9499376],[28.7198116,36.9498698],[28.7199864,36.9497953],[28.7201708,36.9497073],[28.7203494,36.9496118],[28.7205217,36.9495093],[28.7206873,36.9493998],[28.7208457,36.9492838],[28.7209965,36.9491615],[28.7211393,36.9490332],[28.72121,36.9489684],[28.7212738,36.9488993],[28.7213324,36.9488238],[28.7213829,36.9487446],[28.721425,36.9486623],[28.7214584,36.9485776],[28.7214829,36.9484909],[28.7214983,36.9484029],[28.7215045,36.9483141],[28.7214991,36.9480612],[28.7213476,36.9477322],[28.7215615,36.9476765],[28.7217776,36.9476265],[28.7219956,36.9475821],[28.7222153,36.9475435],[28.7224582,36.9475078],[28.7227025,36.9474791],[28.722948,36.9474574],[28.7231943,36.9474428],[28.7234411,36.9474353],[28.7235516,36.9474616],[28.7236641,36.9474816],[28.7237781,36.9474954],[28.723893,36.9475028],[28.7240078,36.9475038],[28.7241225,36.9474984],[28.7242363,36.9474867],[28.7247067,36.9474232],[28.7251778,36.9473635],[28.7259139,36.9472779],[28.7266517,36.9472016],[28.7268658,36.9471909],[28.7270792,36.9471741],[28.7272918,36.9471512],[28.7275033,36.9471223],[28.7277283,36.9470847],[28.7279514,36.9470402],[28.7281721,36.946989],[28.7283903,36.946931],[28.7286055,36.9468665],[28.7287134,36.9468344],[28.7288176,36.9467954],[28.7289217,36.9467475],[28.7290204,36.9466927],[28.7291128,36.9466314],[28.7291984,36.946564],[28.7292764,36.9464909],[28.7293463,36.9464128],[28.7294076,36.9463302],[28.7306133,36.9464632],[28.7306077,36.9463733],[28.7306119,36.9462834],[28.7306258,36.9461942],[28.7306495,36.9461062],[28.7306854,36.9460143],[28.7307318,36.9459255],[28.7307884,36.9458405],[28.7308547,36.94576],[28.7315547,36.9453581],[28.7314421,36.9449808],[28.7314349,36.9449155],[28.7314382,36.94485],[28.7314518,36.9447853],[28.7314756,36.9447225],[28.7315106,36.9446606],[28.7315554,36.9446028],[28.7316093,36.9445503],[28.7316714,36.9445039],[28.7317745,36.9444239],[28.7318753,36.944342],[28.7319196,36.944179],[28.7319568,36.9440148],[28.7319867,36.9438497],[28.7320094,36.9436839],[28.7320267,36.9434878],[28.7320338,36.9432912],[28.7320307,36.9430946],[28.7320174,36.9428982],[28.731988,36.942565],[28.73195,36.9422323],[28.7319313,36.9420659],[28.7319034,36.9419003],[28.7318642,36.9417272],[28.7318149,36.9415558],[28.7317557,36.9413864],[28.7316867,36.9412193],[28.731608,36.941055],[28.7315199,36.9408938],[28.7314997,36.9406305],[28.7314738,36.9403675],[28.7314421,36.9401049],[28.7314035,36.9398352],[28.7313588,36.9395662],[28.731351,36.9394757],[28.731334,36.939386],[28.731308,36.9392978],[28.7312746,36.9392149],[28.7312331,36.9391344],[28.7311839,36.9390567],[28.7311272,36.9389824],[28.7310634,36.9389118],[28.7309928,36.9388454],[28.7304765,36.9384274],[28.7304443,36.9383172],[28.7304016,36.9382093],[28.7303488,36.9381044],[28.7302861,36.9380029],[28.7302099,36.9379008],[28.7301238,36.9378038],[28.7300282,36.9377127],[28.7299238,36.937628],[28.7298112,36.9375503],[28.7296912,36.93748],[28.7295645,36.9374176],[28.7296668,36.9373621],[28.7297734,36.937312],[28.7298837,36.9372676],[28.7300091,36.9372253],[28.7301378,36.9371903],[28.7302694,36.9371628],[28.7304031,36.9371427],[28.7305382,36.9371304],[28.7305354,36.9369421],[28.7305208,36.9367542],[28.7304944,36.9365671],[28.7304563,36.9363813],[28.7304064,36.9361973],[28.7303451,36.9360155],[28.7302746,36.9358416],[28.7301935,36.9356706],[28.7301021,36.9355029],[28.7300006,36.9353391],[28.7298891,36.9351794],[28.7296544,36.9348363],[28.7294246,36.9344912],[28.7293152,36.9343163],[28.7291998,36.9341439],[28.7290702,36.9339632],[28.7289339,36.9337856],[28.7287911,36.9336114],[28.7286419,36.9334407],[28.728513,36.933477],[28.728381,36.9335052],[28.7282466,36.9335251],[28.7281106,36.9335365],[28.727974,36.9335393],[28.7278586,36.933535],[28.7277438,36.9335246],[28.7276301,36.9335081],[28.727518,36.9334857],[28.727247,36.9334253],[28.7271611,36.9333945],[28.7270713,36.9333716],[28.7269789,36.933357],[28.7268969,36.9333513],[28.7268146,36.9333521],[28.7267327,36.9333595],[28.7266522,36.9333733],[28.7265739,36.9333935],[28.7265019,36.933404],[28.7264289,36.9334073],[28.7263559,36.9334034],[28.726284,36.9333923],[28.7262145,36.9333742],[28.7261107,36.933339],[28.7260036,36.9333107],[28.725894,36.9332895],[28.7257826,36.9332756],[28.7256621,36.9332688],[28.7255413,36.9332705],[28.7254211,36.9332806],[28.7253025,36.9332992],[28.7250316,36.9332941],[28.7247606,36.9332963],[28.7244898,36.9333056],[28.7242023,36.9333234],[28.7239158,36.9333492],[28.7236306,36.9333831],[28.7233471,36.9334251],[28.7230656,36.933475],[28.7225303,36.9335851],[28.7219933,36.9336898],[28.7214546,36.9337888],[28.7209144,36.9338823],[28.7203087,36.9339802],[28.7197012,36.9340711],[28.7190922,36.934155],[28.7187865,36.9341914],[28.7184817,36.9342318],[28.718117,36.9342856],[28.7177537,36.9343452],[28.717392,36.9344105],[28.7170319,36.9344815],[28.7168855,36.9345884],[28.7167329,36.9346896],[28.7165746,36.9347849],[28.716392,36.9348839],[28.7162032,36.9349751],[28.7160087,36.9350583],[28.7158151,36.9351472],[28.7156251,36.9352409],[28.7155308,36.9352887],[28.7154387,36.9353391],[28.715297,36.9354248],[28.7151616,36.9355168],[28.715033,36.9356149],[28.7149116,36.9357186],[28.7145916,36.9359996],[28.7142786,36.9362857],[28.7142196,36.9363566],[28.7141675,36.9364309],[28.7141227,36.9365082],[28.7140855,36.936588],[28.7140516,36.9366848],[28.7140287,36.9367837],[28.7140172,36.9368838],[28.7139797,36.9369172],[28.7139363,36.9369457],[28.7138881,36.9369686],[28.713836,36.9369854],[28.7137798,36.936996],[28.7137222,36.9369994],[28.7136646,36.9369956],[28.7136085,36.9369847],[28.7135552,36.936967],[28.7135059,36.9369429],[28.7134579,36.936881],[28.7134045,36.9368218],[28.7133432,36.9367632],[28.7132766,36.9367083],[28.7132052,36.9366575],[28.7131293,36.936611],[28.713049,36.9365714],[28.7129641,36.9365384],[28.7128755,36.9365124],[28.7127841,36.9364937],[28.7126908,36.9364824],[28.7125792,36.936462],[28.7124701,36.9364344],[28.7123642,36.9363998],[28.7122784,36.936364],[28.7121968,36.9363225],[28.7121199,36.9362755],[28.7120484,36.9362235],[28.7119334,36.9360939],[28.7118104,36.935969],[28.7116796,36.9358494],[28.7115564,36.935747],[28.7114276,36.9356492],[28.7112933,36.9355562],[28.7111539,36.9354682],[28.7110097,36.9353852],[28.7109198,36.9353573],[28.710827,36.9353365],[28.7107321,36.935323],[28.7106383,36.9353171],[28.7105442,36.9353183],[28.7104506,36.9353267],[28.7103585,36.9353421],[28.7102686,36.9353645],[28.7101819,36.9353937],[28.7100989,36.9354292],[28.7100206,36.935471],[28.7096284,36.9356864],[28.7097122,36.9359566],[28.7096999,36.9359939],[28.7096802,36.9360293],[28.7096537,36.9360616],[28.709621,36.93609],[28.7095798,36.9361156],[28.7095337,36.936135],[28.709484,36.9361478],[28.7094324,36.9361535],[28.7093803,36.9361519],[28.7093293,36.9361431],[28.7092408,36.9361227],[28.709155,36.9360963],[28.7090723,36.936064],[28.7089934,36.9360261],[28.7089189,36.9359828],[28.7088955,36.9359456],[28.7088791,36.935906],[28.7088699,36.935865],[28.7088682,36.9358233],[28.708874,36.9357818],[28.7088888,36.9357378],[28.708912,36.9356962],[28.7089431,36.9356581],[28.7089813,36.9356243],[28.7090987,36.9356239],[28.7092159,36.9356189],[28.7093326,36.9356093],[28.7094838,36.9355897],[28.7096331,36.9355623],[28.7096848,36.9355592],[28.7097345,36.9355473],[28.7097799,36.9355273],[28.7098132,36.9355047],[28.7098409,36.9354778],[28.7098621,36.9354473],[28.7098761,36.9354143],[28.7098825,36.9353799],[28.7098851,36.9353297],[28.70988,36.9352797],[28.7098672,36.9352306],[28.709847,36.9351832],[28.7097961,36.9350816],[28.7097363,36.9349831],[28.7096679,36.9348884],[28.7095364,36.9347184],[28.7094712,36.934633],[28.7093963,36.9345528],[28.7093115,36.9344776],[28.7092181,36.9344091],[28.7091171,36.9343479],[28.7090094,36.9342945],[28.7088016,36.9341974],[28.7085898,36.934106],[28.7083741,36.9340205],[28.708155,36.9339409],[28.7080422,36.9339072],[28.7079325,36.9338673],[28.7078174,36.9338171],[28.7077073,36.9337601],[28.7076029,36.9336967],[28.7075047,36.9336272],[28.7073945,36.9336646],[28.7072807,36.9336943],[28.7071641,36.9337162],[28.7070562,36.933729],[28.7069473,36.9337351],[28.7068382,36.9337344],[28.7068336,36.9336903],[28.7068219,36.9336471],[28.7068035,36.9336055],[28.7067785,36.9335661],[28.7067448,36.9335269],[28.7067046,36.9334917],[28.7066588,36.9334614],[28.7066082,36.9334364],[28.7065362,36.9334206],[28.7064676,36.933397],[28.7064037,36.9333661],[28.7063458,36.9333284],[28.706295,36.9332847],[28.7062507,36.9332336],[28.706216,36.9331778],[28.7061917,36.9331187],[28.7061784,36.9330574],[28.7061531,36.9329561],[28.7061241,36.9328553],[28.7060889,36.9327102],[28.7060614,36.9325639],[28.7060617,36.9325144],[28.706055,36.9324652],[28.7060416,36.9324169],[28.7060185,36.9323645],[28.7059874,36.9323148],[28.7059488,36.9322686],[28.7059032,36.9322266],[28.7058514,36.9321896],[28.7057941,36.932158],[28.705737,36.9321166],[28.7056876,36.9320693],[28.7056468,36.9320169],[28.7056155,36.9319605],[28.7055943,36.9319013],[28.7055751,36.931824],[28.7055648,36.9317457],[28.7055635,36.931667],[28.7055522,36.9315695],[28.7055301,36.9314732],[28.7054976,36.9313788],[28.7054778,36.9313324],[28.7054548,36.931287],[28.7054054,36.9312073],[28.7053464,36.9311318],[28.7052785,36.9310613],[28.7053289,36.930664],[28.705375,36.9302664],[28.7054235,36.9298035],[28.7054442,36.9296495],[28.7054584,36.929495],[28.7054662,36.9293402],[28.705467,36.929148],[28.7054579,36.928956],[28.7054388,36.9287644],[28.7054273,36.9286688],[28.7054099,36.9285737],[28.7053797,36.9284553],[28.7053403,36.9283386],[28.7052919,36.9282242],[28.7052347,36.9281123],[28.7051689,36.9280035],[28.7050948,36.9278983],[28.7049076,36.9276393],[28.7047153,36.9273827],[28.7045181,36.9271285],[28.7037992,36.9265946],[28.7037565,36.9265266],[28.7037244,36.926455],[28.7037032,36.9263808],[28.7036933,36.9263051],[28.7036946,36.9262324],[28.7037063,36.9261602],[28.7037283,36.9260896],[28.7037603,36.9260215],[28.7038019,36.9259567],[28.703852,36.9258651],[28.7038937,36.9257707],[28.7039267,36.9256743],[28.7039406,36.9256255],[28.7039508,36.9255761],[28.7039598,36.9254865],[28.7039568,36.9253966],[28.7039416,36.9253075],[28.7039146,36.9252202],[28.703976,36.9251711],[28.704031,36.9251174],[28.7040791,36.9250596],[28.7041198,36.9249982],[28.7041527,36.924934],[28.7041774,36.9248675],[28.7041948,36.924794],[28.7042022,36.9247195],[28.7041997,36.9246448],[28.7041872,36.9245708],[28.704165,36.9244982],[28.7041332,36.9244279],[28.7040799,36.9242904],[28.7040374,36.9241504],[28.7040058,36.9240087],[28.7040636,36.9238963],[28.7041118,36.9237811],[28.7041501,36.9236635],[28.7041783,36.9235441],[28.7041964,36.9234235],[28.7042043,36.9233022],[28.7042018,36.9231805],[28.704189,36.9230592],[28.704166,36.9229388],[28.7041328,36.92282],[28.7040896,36.9227033],[28.7040647,36.9226458],[28.7040366,36.9225892],[28.7039819,36.9224956],[28.7039186,36.9224056],[28.703847,36.9223196],[28.7037676,36.9222381],[28.7036808,36.9221616],[28.703587,36.9220906],[28.7034868,36.9220253],[28.7033808,36.9219663],[28.7031852,36.9218654],[28.702984,36.9217719],[28.7027775,36.921686],[28.7025663,36.9216078],[28.7023509,36.9215374],[28.7015837,36.9218869],[28.7015285,36.9219061],[28.7014711,36.9219204],[28.7014121,36.9219298],[28.7013362,36.9219344],[28.7012601,36.9219308],[28.7011854,36.9219191],[28.7011088,36.9218699],[28.7010256,36.9218279],[28.700937,36.9217938],[28.7008442,36.921768],[28.7007482,36.9217508],[28.7006513,36.9217424],[28.7005537,36.9217429],[28.7004569,36.9217521],[28.700362,36.9217701],[28.7000066,36.9219245],[28.699667,36.9217518],[28.699324,36.9215835],[28.6990627,36.9214595],[28.6987996,36.921338],[28.6987873,36.9212519],[28.6987848,36.9211652],[28.6987923,36.9210787],[28.6988097,36.9209932],[28.6988368,36.9209092],[28.6988734,36.9208276],[28.6989224,36.9207441],[28.6989813,36.9206649],[28.6990496,36.9205905],[28.6991266,36.9205219],[28.6992117,36.9204596],[28.6992598,36.920434],[28.6993039,36.9204041],[28.6993488,36.9203652],[28.6993869,36.9203218],[28.6994176,36.9202748],[28.6994402,36.920225],[28.6994544,36.9201732],[28.69946,36.9201204],[28.6994568,36.9200675],[28.6993761,36.9198398],[28.6992839,36.919615],[28.6991802,36.9193934],[28.6990651,36.9191754],[28.6989467,36.9189738],[28.6988187,36.918776],[28.6986811,36.9185823],[28.6985343,36.9183929],[28.6983785,36.9182083],[28.6982208,36.918037],[28.6980546,36.9178709],[28.6978803,36.9177103],[28.697698,36.9175554],[28.6975082,36.9174064],[28.697311,36.9172637],[28.6967772,36.9169023],[28.6962345,36.9165409],[28.6956882,36.9161829],[28.6955548,36.9161914],[28.6954209,36.9161906],[28.6952876,36.9161806],[28.6951558,36.9161614],[28.6950423,36.9161371],[28.6949314,36.916106],[28.6948237,36.9160683],[28.69472,36.9160241],[28.6946207,36.9159738],[28.6945304,36.9158457],[28.6944313,36.9157218],[28.694324,36.9156025],[28.6942086,36.915488],[28.6940856,36.9153787],[28.6939721,36.9152886],[28.6939481,36.9152696],[28.693803,36.9151669],[28.6936506,36.9150712],[28.6934917,36.9149826],[28.6933266,36.9149015],[28.6931293,36.9148145],[28.6929268,36.9147354],[28.6927197,36.9146645],[28.6925084,36.914602],[28.6922934,36.914548],[28.6921839,36.9145268],[28.6920753,36.9145027],[28.6919031,36.9144577],[28.6917343,36.9144054],[28.6915692,36.9143458],[28.6914084,36.9142791],[28.6912524,36.9142055],[28.6911759,36.9141667],[28.6911017,36.9141252],[28.6909871,36.914053],[28.6908793,36.9139745],[28.6907787,36.91389],[28.6906859,36.9138],[28.6906394,36.9137549],[28.6906014,36.9137049],[28.6905745,36.9136549],[28.6905562,36.9136024],[28.6905468,36.9135485],[28.6905466,36.913494],[28.6905554,36.9134401],[28.6905733,36.9133875],[28.6909112,36.9127463],[28.6908905,36.9126585],[28.6908603,36.9125726],[28.6908207,36.9124891],[28.6907722,36.9124086],[28.690715,36.9123319],[28.6906497,36.9122595],[28.6905783,36.9121932],[28.6905,36.9121321],[28.6904155,36.9120766],[28.6903253,36.9120271],[28.6902301,36.9119839],[28.6901811,36.9119646],[28.6901307,36.9119474],[28.6900339,36.9119216],[28.6899342,36.9119041],[28.6898328,36.911895],[28.6897307,36.9118944],[28.6896291,36.9119024],[28.6887923,36.9119474],[28.6871596,36.9120443],[28.6871121,36.9120434],[28.6870656,36.9120354],[28.6870241,36.9120215],[28.6869864,36.9120019],[28.6869536,36.9119774],[28.6869268,36.9119485],[28.6868753,36.9118825],[28.6868334,36.9118123],[28.6868014,36.9117389],[28.6867988,36.9117163],[28.6867906,36.911645],[28.6867463,36.9116223],[28.6867078,36.9115938],[28.686676,36.9115603],[28.6866505,36.9115197],[28.6866351,36.9114759],[28.6866304,36.9114306],[28.6866681,36.9113797],[28.6867157,36.9113345],[28.6867719,36.9112962],[28.6868353,36.9112657],[28.686904,36.911244],[28.6869527,36.9112346],[28.6870024,36.9112295],[28.6870987,36.9112077],[28.687192,36.9111788],[28.6872814,36.911143],[28.6873663,36.9111006],[28.6874458,36.9110521],[28.6874952,36.9110167],[28.6875418,36.9109789],[28.6876433,36.9109106],[28.6877499,36.9108475],[28.6878613,36.9107899],[28.6879769,36.9107379],[28.6880653,36.910703],[28.6881556,36.9106715],[28.6883372,36.9106104],[28.6885214,36.9105545],[28.6887498,36.9104935],[28.6889814,36.9104405],[28.6892156,36.9103958],[28.6894521,36.9103593],[28.6894919,36.9102722],[28.6895216,36.9101825],[28.6895408,36.910091],[28.6895494,36.9099985],[28.6895473,36.9099058],[28.6895357,36.909819],[28.6895147,36.9097333],[28.6894845,36.9096495],[28.6894454,36.909568],[28.6892553,36.9094022],[28.689197,36.9093476],[28.6890726,36.9092312],[28.6888977,36.9090551],[28.6887306,36.9088742],[28.6885778,36.9086961],[28.6884327,36.908514],[28.6882953,36.9083281],[28.688166,36.9081385],[28.6881,36.9080488],[28.6880246,36.907964],[28.6879403,36.9078847],[28.6878477,36.9078115],[28.6877476,36.907745],[28.687645,36.9076879],[28.6875499,36.907623],[28.6874632,36.907551],[28.6873858,36.9074725],[28.6873183,36.9073884],[28.6872614,36.9072994],[28.6872157,36.9072063],[28.6871816,36.9071102],[28.6871605,36.9070183],[28.687131,36.9069279],[28.6870933,36.9068395],[28.6870475,36.9067535],[28.6869939,36.9066705],[28.6869243,36.9065809],[28.6868457,36.9064962],[28.6867585,36.906417],[28.6866634,36.9063439],[28.686561,36.9062774],[28.6864521,36.906218],[28.6858687,36.9054995],[28.6854984,36.9051153],[28.6852857,36.9049019],[28.6851203,36.9047359],[28.6847551,36.9043811],[28.6843832,36.9040307],[28.6840045,36.903685],[28.6833005,36.9030587],[28.6829022,36.9028238],[28.6828038,36.9028207],[28.6827064,36.9028094],[28.6826109,36.9027901],[28.6825185,36.902763],[28.6824301,36.9027284],[28.682364,36.9026961],[28.6823014,36.9026596],[28.6821671,36.9025981],[28.6820278,36.9025441],[28.6818843,36.9024978],[28.681778,36.9024693],[28.6816701,36.902445],[28.6815608,36.902425],[28.6812343,36.9023613],[28.6809053,36.9023069],[28.6805717,36.9022615],[28.6802403,36.9022068],[28.6799115,36.9021428],[28.6796714,36.9020898],[28.6794331,36.9020319],[28.6791967,36.9019691],[28.6790856,36.9019541],[28.6789734,36.9019459],[28.6788607,36.9019447],[28.6787482,36.9019504],[28.6786367,36.9019631],[28.6785267,36.9019826],[28.6784188,36.9020088],[28.6783361,36.902034],[28.6782555,36.9020631],[28.6780881,36.9021089],[28.6779173,36.902146],[28.6777439,36.9021741],[28.6775686,36.9021932],[28.677459,36.9022005],[28.677349,36.9022007],[28.6772393,36.9021938],[28.6771307,36.9021798],[28.6770239,36.9021588],[28.6769195,36.902131],[28.6768632,36.9021128],[28.6768113,36.9020876],[28.676765,36.9020562],[28.6767257,36.9020192],[28.6766942,36.9019777],[28.6766713,36.9019324],[28.6766578,36.9018847],[28.676654,36.901836],[28.6766601,36.9017874],[28.6766759,36.9017402],[28.6767009,36.9016956],[28.6766729,36.9015649],[28.6766339,36.901436],[28.6765842,36.9013095],[28.6765345,36.9012059],[28.6764776,36.9011046],[28.6764136,36.9010061],[28.6763428,36.9009106],[28.6765037,36.9005395],[28.6764511,36.9004364],[28.6763882,36.9003369],[28.6763157,36.9002417],[28.6762338,36.9001515],[28.6761433,36.9000668],[28.6760445,36.8999882],[28.6759383,36.8999161],[28.6758251,36.899851],[28.6757052,36.8997931],[28.6755799,36.899743],[28.67545,36.8997012],[28.6753163,36.8996678],[28.6751796,36.8996431],[28.6750409,36.8996273],[28.6749011,36.8996204],[28.6748671,36.8995495],[28.6748437,36.8994758],[28.6748313,36.8994004],[28.67483,36.8993244],[28.6748366,36.8992666],[28.6748321,36.8992087],[28.6748164,36.899152],[28.67479,36.8990979],[28.6747536,36.8990477],[28.6747111,36.8990052],[28.6746613,36.8989681],[28.6746054,36.8989371],[28.6744533,36.8988298],[28.6742976,36.898726],[28.674112,36.8986096],[28.6739218,36.8984982],[28.6735412,36.8982755],[28.6734074,36.8981991],[28.6732683,36.8981291],[28.6731243,36.8980656],[28.672976,36.8980089],[28.6728238,36.8979592],[28.6726543,36.8979132],[28.6724818,36.8978751],[28.6723069,36.8978449],[28.6721301,36.8978229],[28.671952,36.897809],[28.6717736,36.8978033],[28.671595,36.8978058],[28.6714169,36.8978165],[28.6713042,36.8976993],[28.6711827,36.897588],[28.6710527,36.8974828],[28.6709149,36.8973843],[28.6707697,36.8972928],[28.6706178,36.8972086],[28.6704596,36.8971321],[28.6702958,36.8970636],[28.6701665,36.8970166],[28.6700347,36.8969745],[28.6699005,36.8969375],[28.6695026,36.8968166],[28.6691022,36.8967011],[28.6689549,36.8966601],[28.6688048,36.8966261],[28.6686526,36.8965992],[28.6684986,36.8965794],[28.6683434,36.8965669],[28.6681876,36.8965617],[28.668049,36.8965632],[28.6679111,36.8965737],[28.6677747,36.8965931],[28.6676407,36.8966214],[28.6675101,36.8966583],[28.6673836,36.8967035],[28.6672622,36.8967569],[28.6671686,36.8968055],[28.6670792,36.8968589],[28.6668914,36.8969552],[28.6666991,36.8970456],[28.6665026,36.89713],[28.6663022,36.8972083],[28.6660981,36.8972803],[28.6659312,36.8973337],[28.6657679,36.8973939],[28.6656087,36.8974606],[28.6654539,36.8975338],[28.665304,36.8976131],[28.6651593,36.8976985],[28.665022,36.8977886],[28.6648905,36.897884],[28.6647652,36.8979847],[28.6646464,36.8980903],[28.6645344,36.8982005],[28.6643269,36.898267],[28.6641163,36.8983272],[28.663903,36.8983809],[28.6636873,36.8984281],[28.6634696,36.8984686],[28.6633086,36.8984941],[28.6631458,36.898511],[28.662982,36.8985192],[28.6628179,36.8985186],[28.6626542,36.8985093],[28.6625693,36.8985011],[28.6624865,36.898484],[28.6624072,36.8984584],[28.6623328,36.8984247],[28.6622645,36.8983836],[28.6622035,36.8983356],[28.662151,36.8982818],[28.6621078,36.898223],[28.6620745,36.8981601],[28.6620517,36.8980943],[28.6620399,36.8980267],[28.6615865,36.8979082],[28.6611304,36.8977964],[28.6606717,36.8976915],[28.6602107,36.8975934],[28.660083,36.8975676],[28.6599532,36.8975498],[28.659822,36.8975403],[28.6596903,36.8975391],[28.6595589,36.8975463],[28.6594356,36.8975606],[28.6593139,36.8975822],[28.6591946,36.8976111],[28.6590784,36.897647],[28.6589658,36.8976897],[28.6588575,36.897739],[28.6587556,36.8976138],[28.6585209,36.8974519],[28.6584356,36.8974041],[28.6583448,36.8973633],[28.6582495,36.8973298],[28.6581506,36.8973039],[28.6580489,36.8972859],[28.6579455,36.897276],[28.6578866,36.897274],[28.6578275,36.8972745],[28.6577097,36.89728],[28.6575927,36.8972923],[28.6574771,36.8973114],[28.6573635,36.8973371],[28.6572698,36.8973639],[28.6571784,36.8973952],[28.6569899,36.8974458],[28.6567984,36.8974887],[28.6566044,36.8975237],[28.6564329,36.8975479],[28.6562601,36.8975661],[28.6560865,36.897578],[28.6559124,36.8975838],[28.6557878,36.8975939],[28.6556648,36.8976131],[28.6555446,36.8976411],[28.655428,36.8976778],[28.655316,36.8977228],[28.6552097,36.8977758],[28.6551125,36.8978344],[28.6550222,36.8978997],[28.6549395,36.8979712],[28.654865,36.8980482],[28.6547983,36.8980872],[28.6547263,36.8981196],[28.65465,36.8981452],[28.6545705,36.8981633],[28.654489,36.898174],[28.6544064,36.8981769],[28.6543148,36.898171],[28.654225,36.8981557],[28.6540423,36.8981439],[28.653859,36.8981415],[28.6536759,36.8981485],[28.6534938,36.898165],[28.6533134,36.8981908],[28.6531437,36.898224],[28.6529768,36.8982655],[28.6528135,36.8983151],[28.6526542,36.8983726],[28.6524997,36.8984378],[28.6523505,36.8985104],[28.6521325,36.8985003],[28.6519154,36.898481],[28.6517,36.8984525],[28.6515361,36.8984245],[28.6513738,36.8983911],[28.6512133,36.8983526],[28.6510549,36.8983088],[28.6509869,36.8982942],[28.6509217,36.8982729],[28.6508605,36.898245],[28.6508042,36.8982112],[28.650755,36.8981731],[28.6507121,36.8981304],[28.6506761,36.8980837],[28.6506477,36.8980339],[28.6506271,36.8979817],[28.650503,36.8979505],[28.6503761,36.8979275],[28.6502474,36.8979126],[28.6501175,36.897906],[28.6499874,36.8979077],[28.649918,36.897912],[28.6498488,36.8979188],[28.6497097,36.8979245],[28.6495703,36.8979248],[28.6494675,36.8979217],[28.6493654,36.8979112],[28.6492649,36.8978937],[28.6491667,36.8978691],[28.6490732,36.8978383],[28.6489835,36.8978011],[28.6488981,36.8977579],[28.6488177,36.8977089],[28.6487429,36.8976546],[28.6485759,36.8976067],[28.6484056,36.8975671],[28.6482326,36.8975358],[28.6480576,36.897513],[28.6479528,36.8975035],[28.6478476,36.897497],[28.6476368,36.8974901],[28.6474259,36.8974922],[28.6472154,36.8975034],[28.6470925,36.8975141],[28.6469709,36.8975323],[28.6468515,36.8975579],[28.6467348,36.8975906],[28.6466217,36.8976305],[28.6465126,36.8976771],[28.6464388,36.8977138],[28.6463601,36.8977435],[28.6462777,36.8977657],[28.6461926,36.8977802],[28.6461061,36.8977868],[28.6460191,36.8977854],[28.6459371,36.8977767],[28.6458568,36.8977608],[28.6457791,36.8977379],[28.645705,36.8977084],[28.6456354,36.8976726],[28.6455712,36.897631],[28.6454947,36.8972931],[28.645362,36.8972601],[28.6452317,36.8972215],[28.6451042,36.8971774],[28.6449797,36.897128],[28.644864,36.8970758],[28.6447518,36.8970191],[28.6445211,36.896914],[28.6442877,36.8968127],[28.6442157,36.8967824],[28.6441479,36.8967465],[28.644085,36.8967053],[28.6440276,36.8966593],[28.6439712,36.8966033],[28.643923,36.8965427],[28.6438835,36.8964781],[28.6438532,36.8964105],[28.6437146,36.8963303],[28.6435709,36.896256],[28.6434225,36.896188],[28.6432698,36.8961263],[28.6431256,36.8960751],[28.6429784,36.8960297],[28.6428286,36.89599],[28.6426811,36.8960737],[28.6426401,36.8960893],[28.6425957,36.8960967],[28.6425504,36.8960954],[28.6425067,36.8960855],[28.6424677,36.8960678],[28.642435,36.8960432],[28.6424104,36.8960132],[28.6423954,36.8959793],[28.6423531,36.8958639],[28.6422993,36.8957515],[28.6422345,36.8956429],[28.6421591,36.8955388],[28.6420736,36.8954398],[28.6419885,36.8953558],[28.6418961,36.8952768],[28.6417136,36.8951174],[28.6415264,36.8949615],[28.6414104,36.8948686],[28.6413023,36.8947699],[28.6412026,36.8946656],[28.6411118,36.8945563],[28.6410302,36.8944424],[28.6409556,36.8943199],[28.6408917,36.8941936],[28.6408388,36.894064],[28.6407972,36.8939319],[28.6407669,36.8937978],[28.6405554,36.8936873],[28.640475,36.8936228],[28.6404034,36.8935521],[28.6403413,36.8934757],[28.6402894,36.8933947],[28.6402483,36.8933098],[28.6402218,36.8932339],[28.6402038,36.8931563],[28.6401946,36.8930778],[28.6401943,36.892999],[28.6402027,36.8929204],[28.6401759,36.8928511],[28.6401417,36.8927839],[28.6401003,36.8927192],[28.6400522,36.8926577],[28.6399975,36.8925997],[28.6399244,36.8925358],[28.6398434,36.8924783],[28.6397552,36.8924279],[28.6396609,36.8923852],[28.6395807,36.8923566],[28.6395045,36.8923216],[28.6394331,36.8922807],[28.6393672,36.8922343],[28.6393075,36.8921828],[28.6392546,36.8921267],[28.6392076,36.8920648],[28.639169,36.8919993],[28.6390923,36.8918682],[28.6390711,36.8918283],[28.6390604,36.8917857],[28.6390608,36.8917423],[28.6390722,36.8916998],[28.6390942,36.8916601],[28.6391258,36.8916248],[28.6391594,36.8915992],[28.6391981,36.8915788],[28.6392406,36.891564],[28.639261,36.8914931],[28.6392903,36.8914242],[28.6393284,36.8913581],[28.6393746,36.8912955],[28.6394286,36.8912369],[28.6394899,36.8911831],[28.6395577,36.8911346],[28.6396352,36.8910899],[28.6397182,36.8910521],[28.6398059,36.8910216],[28.6398971,36.8909988],[28.6399909,36.8909841],[28.6400861,36.8909774],[28.6401817,36.890979],[28.6402765,36.8909887],[28.6403746,36.8909117],[28.6404659,36.8908295],[28.64055,36.8907424],[28.6406264,36.890651],[28.6406948,36.8905556],[28.6407549,36.8904567],[28.6408064,36.8903547],[28.640849,36.8902502],[28.6408827,36.8901435],[28.6409,36.8900715],[28.6409132,36.889999],[28.6409549,36.8898562],[28.6410078,36.8897159],[28.6410715,36.8895784],[28.6411458,36.8894444],[28.6412305,36.8893144],[28.6413252,36.8891889],[28.6414068,36.8890934],[28.6414798,36.8889936],[28.6415441,36.88889],[28.6415992,36.888783],[28.6416449,36.8886733],[28.641681,36.8885613],[28.6417074,36.8884476],[28.6417238,36.8883327],[28.6417302,36.8882171],[28.6417269,36.8881053],[28.6417143,36.887994],[28.6416924,36.8878836],[28.6416612,36.8877746],[28.6416211,36.8876675],[28.641572,36.8875628],[28.6416351,36.8874432],[28.6417061,36.8873265],[28.6417846,36.8872129],[28.6418705,36.8871028],[28.6419636,36.8869965],[28.6420374,36.8869199],[28.64212,36.8868494],[28.6422107,36.8867856],[28.6423087,36.8867291],[28.642413,36.8866804],[28.6425228,36.88664],[28.6426368,36.8866082],[28.6427163,36.8865916],[28.6427979,36.8865835],[28.64288,36.886584],[28.6429614,36.8865931],[28.6430362,36.8866095],[28.6431079,36.886633],[28.6431754,36.8866635],[28.6432376,36.8867004],[28.6434146,36.8865985],[28.6435849,36.8864894],[28.643748,36.8863736],[28.6439034,36.8862512],[28.6440508,36.8861226],[28.6441898,36.8859882],[28.6443209,36.8858473],[28.6444597,36.8857112],[28.644606,36.8855803],[28.6447595,36.8854548],[28.6449199,36.8853349],[28.6450869,36.8852208],[28.64526,36.8851129],[28.6454104,36.8850269],[28.6455547,36.8849344],[28.6456923,36.8848358],[28.6458231,36.8847312],[28.6459464,36.8846211],[28.646062,36.8845057],[28.6461728,36.8843815],[28.6462747,36.8842525],[28.6463673,36.8841191],[28.6464502,36.8839816],[28.6465234,36.8838407],[28.6471644,36.8830233],[28.6472415,36.8829654],[28.6473107,36.8829014],[28.6473713,36.882832],[28.6474225,36.882758],[28.6474639,36.8826802],[28.647495,36.8825993],[28.6475155,36.8825163],[28.6475251,36.8824321],[28.6475238,36.8823475],[28.647512,36.8822654],[28.6474898,36.8821846],[28.6474671,36.8820206],[28.6474558,36.8818557],[28.6474559,36.8816906],[28.6474675,36.8815258],[28.6474906,36.8813608],[28.6475253,36.8811972],[28.6475712,36.8810353],[28.6476284,36.8808757],[28.6476282,36.8807734],[28.6476164,36.8806715],[28.6475931,36.8805709],[28.6475587,36.8804724],[28.6475147,36.8803793],[28.6474606,36.8802897],[28.647397,36.8802042],[28.6473242,36.8801235],[28.6472429,36.8800482],[28.6471537,36.8799789],[28.6471054,36.8798739],[28.6470656,36.8797667],[28.6470344,36.8796577],[28.6470118,36.8795474],[28.6469981,36.8794361],[28.6469937,36.8793573],[28.6469938,36.8792785],[28.6470004,36.8791209],[28.6470179,36.8789639],[28.6470463,36.8788078],[28.6470855,36.8786533],[28.6471353,36.8785008],[28.6471957,36.8783507],[28.6472663,36.8782035],[28.6473285,36.878091],[28.6473986,36.8779815],[28.6474763,36.8778754],[28.6475615,36.877773],[28.6476539,36.8776746],[28.6477605,36.8775741],[28.6478746,36.877479],[28.6479958,36.8773896],[28.6481235,36.8773063],[28.6482574,36.8772294],[28.648311,36.8771617],[28.648356,36.8770902],[28.648392,36.8770154],[28.6484187,36.8769382],[28.6484358,36.8768593],[28.6484431,36.8767784],[28.6484408,36.8766974],[28.648429,36.8766169],[28.6484078,36.8765376],[28.6483772,36.8764603],[28.6483377,36.8763857],[28.6482896,36.8763143],[28.648245,36.8762599],[28.6481953,36.8762083],[28.6480918,36.8761079],[28.6479797,36.8760137],[28.6478594,36.8759261],[28.6477317,36.8758455],[28.647611,36.8757795],[28.6474852,36.8757198],[28.647355,36.8756666],[28.6472207,36.8756202],[28.6471627,36.8755953],[28.6471094,36.8755643],[28.6470618,36.8755278],[28.6470209,36.8754865],[28.6469874,36.8754411],[28.6469622,36.8753933],[28.6469452,36.8753432],[28.6469368,36.8752918],[28.646937,36.8752399],[28.6469459,36.8751885],[28.6469632,36.8751385],[28.6470064,36.8750461],[28.6470393,36.8749509],[28.6470614,36.8748538],[28.6470728,36.8747555],[28.6470732,36.8746568],[28.6470671,36.8745889],[28.6470559,36.8745214],[28.6470492,36.8743853],[28.6470531,36.8742492],[28.6470661,36.8741243],[28.647088,36.8740003],[28.6468761,36.8737171],[28.6468543,36.8736838],[28.6468396,36.873648],[28.6468325,36.8736109],[28.6468332,36.8735733],[28.6468411,36.8735375],[28.6468562,36.8735032],[28.6468778,36.8734712],[28.6469056,36.8734424],[28.6471845,36.8731688],[28.647194,36.8728399],[28.6472087,36.8725112],[28.6472155,36.8723881],[28.6472125,36.8722648],[28.6471995,36.872142],[28.6471768,36.8720201],[28.6471443,36.8718997],[28.6471056,36.8717897],[28.6470581,36.8716819],[28.6470021,36.8715767],[28.6469744,36.8715307],[28.6469376,36.8714888],[28.6468929,36.8714523],[28.6468414,36.871422],[28.6467844,36.8713989],[28.6467234,36.8713834],[28.6466601,36.8713761],[28.6466046,36.8713765],[28.6465496,36.8713831],[28.6464402,36.8713976],[28.6464234,36.8714004],[28.6464067,36.8713976],[28.6463918,36.8713884],[28.6463837,36.871375],[28.6463839,36.87136],[28.6466253,36.8710553],[28.6465695,36.8709961],[28.6465206,36.8709332],[28.646479,36.870867],[28.6464449,36.8707981],[28.6464187,36.870727],[28.646404,36.870671],[28.6463942,36.8706143],[28.6463775,36.8705007],[28.6463687,36.8703865],[28.6463678,36.8702721],[28.646372,36.8701901],[28.6463844,36.8701085],[28.646405,36.8700281],[28.6464335,36.8699492],[28.6464627,36.8698861],[28.646497,36.8698248],[28.6465363,36.8697653],[28.6466467,36.8695844],[28.646684,36.8695266],[28.6467132,36.8694659],[28.646734,36.869403],[28.646746,36.8693387],[28.6467491,36.8692734],[28.6467433,36.8692082],[28.6467286,36.8691439],[28.6466494,36.8690882],[28.6465662,36.8690361],[28.6464795,36.868988],[28.646358,36.8689297],[28.6462313,36.868879],[28.6461001,36.8688362],[28.6460846,36.86876],[28.6460804,36.8686829],[28.6447585,36.8686778],[28.6446699,36.8686707],[28.644583,36.868655],[28.6444992,36.8686309],[28.6444197,36.8685988],[28.6443457,36.8685591],[28.6442783,36.8685126],[28.6442249,36.868466],[28.6441781,36.868415],[28.6441384,36.8683603],[28.6441065,36.8683025],[28.6440825,36.8682422],[28.6440298,36.8681011],[28.6439658,36.8679631],[28.6438906,36.8678287],[28.6438046,36.8676985],[28.6437083,36.8675731],[28.6436019,36.8674529],[28.643486,36.8673385],[28.643361,36.8672304],[28.6432275,36.8671291],[28.6430861,36.8670349],[28.6429372,36.8669483],[28.6428166,36.8668863],[28.6426923,36.8668293],[28.6424538,36.8667022],[28.6422222,36.8665672],[28.6419978,36.8664245],[28.6417812,36.8662745],[28.6416909,36.866208],[28.6415948,36.866147],[28.6414934,36.8660918],[28.6413873,36.8660426],[28.641277,36.8659998],[28.6411576,36.865962],[28.6410349,36.8659315],[28.6409098,36.8659086],[28.6407828,36.8658934],[28.6406547,36.8658861],[28.6398286,36.8651822],[28.6392218,36.8648583],[28.6386216,36.8645266],[28.6383729,36.8643858],[28.6381297,36.8642392],[28.637892,36.8640867],[28.6376317,36.8639086],[28.637379,36.8637237],[28.6371343,36.863532],[28.6370734,36.8634745],[28.6370209,36.8634118],[28.6369776,36.8633449],[28.6369438,36.8632745],[28.6369191,36.8631973],[28.636906,36.8631183],[28.6369047,36.8630387],[28.6369151,36.8629595],[28.6369371,36.8628818],[28.636889,36.8627703],[28.6368295,36.8626624],[28.6367591,36.8625587],[28.6366783,36.8624601],[28.6365981,36.8623771],[28.6365105,36.862299],[28.636416,36.8622262],[28.6363151,36.8621592],[28.6362083,36.8620983],[28.6360963,36.8620438],[28.6359911,36.8619691],[28.6358928,36.8618887],[28.635802,36.8618028],[28.635719,36.861712],[28.6356443,36.8616167],[28.635588,36.8615331],[28.635538,36.8614468],[28.6354946,36.8613584],[28.6354579,36.861268],[28.6348222,36.8608753],[28.6347407,36.8608082],[28.6346665,36.860736],[28.6346,36.8606591],[28.6345418,36.860578],[28.6344923,36.8604933],[28.6344608,36.8604273],[28.6344398,36.8603586],[28.6344294,36.8602885],[28.63443,36.8602178],[28.6344413,36.8601478],[28.6344616,36.8600838],[28.634491,36.8600222],[28.6350475,36.8596048],[28.635015,36.8595325],[28.6349751,36.8594627],[28.6349281,36.8593957],[28.6348743,36.859332],[28.6348142,36.8592722],[28.6347387,36.8592094],[28.6346561,36.8591525],[28.6345673,36.8591021],[28.6344729,36.8590586],[28.6344353,36.8589415],[28.634405,36.8588231],[28.6343822,36.8587036],[28.6343669,36.8585833],[28.6343588,36.8584533],[28.6343595,36.8583231],[28.6343333,36.8582001],[28.6343145,36.8580762],[28.6343032,36.8579518],[28.6342994,36.857836],[28.6343021,36.8577202],[28.6343113,36.8576047],[28.63432,36.8574035],[28.6343559,36.8573617],[28.6343837,36.8573162],[28.634403,36.8572679],[28.6344132,36.8572178],[28.6344142,36.8571681],[28.6344064,36.8571187],[28.6343897,36.8570708],[28.6342438,36.8568886],[28.6340906,36.8567103],[28.634037,36.8566506],[28.63399,36.8565875],[28.6339499,36.8565213],[28.633917,36.8564527],[28.6338921,36.8563841],[28.6338745,36.856314],[28.6338642,36.856243],[28.6338613,36.8561716],[28.6338155,36.8561109],[28.6337789,36.8560463],[28.6337518,36.8559788],[28.6337346,36.8559092],[28.6337276,36.855839],[28.6337272,36.8557686],[28.6337288,36.8557415],[28.6337356,36.8557148],[28.6337473,36.8556892],[28.6337725,36.8556555],[28.6338063,36.855627],[28.6337641,36.8555283],[28.6338058,36.8555012],[28.6338419,36.8554692],[28.6338714,36.8554333],[28.6338936,36.8553943],[28.6339082,36.855353],[28.6339147,36.8553104],[28.633913,36.8552675],[28.63401,36.855214],[28.6341005,36.8551536],[28.6341837,36.8550868],[28.634259,36.8550143],[28.634312,36.8549537],[28.6343594,36.8548903],[28.6344011,36.8548243],[28.6343374,36.8547154],[28.634323,36.8546912],[28.634317,36.8546648],[28.6343199,36.8546381],[28.6343314,36.8546129],[28.6343489,36.8545926],[28.634372,36.8545763],[28.6343993,36.8545649],[28.6344293,36.8545591],[28.6344601,36.8545593],[28.6346787,36.8545845],[28.6347878,36.8545434],[28.6349,36.854508],[28.6350147,36.8544783],[28.6351259,36.8544554],[28.6352386,36.854438],[28.6352716,36.8544105],[28.6352965,36.8543781],[28.6353121,36.8543421],[28.6353177,36.8543042],[28.6353131,36.8542663],[28.6352976,36.8542287],[28.6352721,36.8541948],[28.6352378,36.8541662],[28.6351964,36.8541445],[28.6349349,36.8541086],[28.6348915,36.8540961],[28.6348511,36.8540784],[28.6348147,36.8540559],[28.6347831,36.854029],[28.6347572,36.8539986],[28.6347352,36.8539603],[28.6347222,36.8539194],[28.6347185,36.8538774],[28.6347243,36.8538355],[28.6346651,36.8537861],[28.6346022,36.8537397],[28.6345359,36.8536965],[28.6344955,36.8536727],[28.6344508,36.8536544],[28.6344031,36.853642],[28.6343535,36.8536359],[28.6343005,36.8536363],[28.6342484,36.8536439],[28.6341986,36.8536584],[28.6340471,36.853821],[28.6340252,36.8538282],[28.6340015,36.8538278],[28.63398,36.8538199],[28.6339646,36.8538062],[28.6339571,36.8537889],[28.6339585,36.8537705],[28.6340095,36.8535441],[28.6339874,36.8534838],[28.6339612,36.8534245],[28.6339435,36.8533892],[28.6339174,36.8533574],[28.633884,36.8533303],[28.6338446,36.8533091],[28.6338065,36.853296],[28.6337661,36.8532884],[28.6337248,36.8532865],[28.6336836,36.8532903],[28.6334134,36.8534532],[28.632873,36.8534616],[28.632365,36.853594],[28.6322084,36.8541526],[28.6322436,36.8542101],[28.6322712,36.8542702],[28.6322909,36.8543323],[28.6323022,36.8543934],[28.6323057,36.8544552],[28.6323016,36.8545169],[28.6322839,36.8546543],[28.6322726,36.8547229],[28.6322547,36.8547905],[28.6322298,36.8548584],[28.6321983,36.8549244],[28.6321605,36.8549883],[28.6321165,36.8550497],[28.6320443,36.855164],[28.6319818,36.855282],[28.6319191,36.8552976],[28.6318601,36.8553205],[28.631806,36.8553503],[28.6317582,36.8553862],[28.6317176,36.8554274],[28.6316834,36.855476],[28.6316594,36.8555283],[28.6316461,36.8555831],[28.6316438,36.8556388],[28.6316518,36.8556909],[28.6316693,36.8557415],[28.6316961,36.8557894],[28.6317315,36.8558337],[28.6317747,36.8558732],[28.6318249,36.8559071],[28.6318812,36.8559533],[28.6319313,36.8560039],[28.6319744,36.8560585],[28.6320101,36.8561164],[28.6320381,36.8561769],[28.6321182,36.8563632],[28.6321597,36.856456],[28.6321903,36.8565515],[28.6322085,36.8566397],[28.6322174,36.8567289],[28.632217,36.8568183],[28.6322073,36.8569074],[28.6321883,36.8569955],[28.6321601,36.8570821],[28.6321981,36.857166],[28.6322297,36.8572515],[28.6322546,36.8573385],[28.6322728,36.8574265],[28.6322864,36.8575432],[28.6322883,36.8576604],[28.6322783,36.8577774],[28.6322653,36.8578351],[28.6322567,36.8578933],[28.6322523,36.8579778],[28.6322575,36.8580622],[28.6322721,36.858146],[28.632296,36.8582283],[28.6323291,36.8583086],[28.6323565,36.8583969],[28.6323753,36.8584867],[28.6323853,36.8585774],[28.6323864,36.8586684],[28.6323787,36.8587593],[28.6323728,36.8589251],[28.6323774,36.8590909],[28.6323925,36.8592564],[28.632418,36.859421],[28.6324538,36.8595844],[28.6325168,36.859834],[28.6325892,36.860082],[28.6326337,36.8602043],[28.6326711,36.860328],[28.6327045,36.8604678],[28.6327288,36.8606088],[28.6327442,36.8607506],[28.6327504,36.8608928],[28.6327507,36.860964],[28.6327475,36.8610351],[28.632734,36.8611587],[28.6327104,36.8612812],[28.6326767,36.8614022],[28.632633,36.8615211],[28.6325797,36.8616375],[28.6325503,36.8616949],[28.6325169,36.8617508],[28.6324542,36.8618378],[28.6323815,36.8619197],[28.6322995,36.8619957],[28.6322089,36.8620651],[28.6321105,36.8621275],[28.6319526,36.8622337],[28.6317997,36.8623445],[28.631652,36.8624597],[28.6315097,36.8625792],[28.631043,36.863106],[28.6309397,36.8631125],[28.6308372,36.8631247],[28.630736,36.8631426],[28.6306366,36.8631661],[28.6305296,36.8631984],[28.630426,36.8632373],[28.6303265,36.8632824],[28.6302316,36.8633335],[28.6301577,36.8634073],[28.6300779,36.8634769],[28.6299924,36.8635422],[28.6299017,36.8636028],[28.6297875,36.8636684],[28.6296671,36.8637266],[28.6295414,36.8637771],[28.6294111,36.8638193],[28.629277,36.8638532],[28.62914,36.8638786],[28.6288758,36.8639247],[28.6288084,36.8637243],[28.6286081,36.8637491],[28.6284065,36.8637659],[28.6282041,36.8637749],[28.6280015,36.8637759],[28.627799,36.8637691],[28.6275972,36.8637543],[28.6273965,36.8637316],[28.6271953,36.8637007],[28.626996,36.8636624],[28.6267991,36.8636169],[28.6266051,36.8635642],[28.6264143,36.8635043],[28.6262271,36.8634376],[28.6261062,36.86339],[28.6259809,36.8633505],[28.6258519,36.8633195],[28.6257201,36.8632971],[28.6255865,36.8632835],[28.6254519,36.8632788],[28.6253283,36.8632823],[28.6252055,36.8632933],[28.625084,36.8633117],[28.6249646,36.8633374],[28.624848,36.8633704],[28.6247348,36.8634102],[28.6246258,36.8634569],[28.6243226,36.863575],[28.6240244,36.863701],[28.6237315,36.8638348],[28.6234442,36.8639761],[28.6231629,36.8641249],[28.6228877,36.8642809],[28.6226325,36.8644357],[28.6223835,36.8645967],[28.6221408,36.8647638],[28.6219046,36.8649369],[28.6216754,36.8651157],[28.6214677,36.8653821],[28.6212508,36.8656438],[28.6210249,36.8659005],[28.6207902,36.8661522],[28.6205549,36.8663905],[28.6203117,36.8666238],[28.6200607,36.8668517],[28.6199385,36.8669698],[28.6198076,36.8670817],[28.6196686,36.8671872],[28.6195219,36.8672858],[28.6193681,36.8673773],[28.6192077,36.8674611],[28.619092,36.8675151],[28.618972,36.8675629],[28.6188484,36.8676041],[28.6187216,36.8676388],[28.6185922,36.8676666],[28.6184608,36.8676875],[28.618328,36.8677015],[28.6182165,36.8677077],[28.6181048,36.8677089],[28.6179931,36.8677052],[28.6176583,36.8677018],[28.6173237,36.8676913],[28.6169896,36.8676736],[28.6166753,36.8676503],[28.6163619,36.8676207],[28.6160495,36.8675848],[28.6157383,36.8675427],[28.6156233,36.8675202],[28.6155064,36.8675047],[28.6153885,36.8674963],[28.6152701,36.8674951],[28.6151519,36.867501],[28.6150346,36.867514],[28.6149189,36.8675341],[28.6147895,36.8675655],[28.6146639,36.8676056],[28.6145431,36.8676543],[28.614428,36.8677111],[28.6143615,36.8677287],[28.6142981,36.8677525],[28.6142387,36.8677822],[28.6141842,36.8678174],[28.6141353,36.8678575],[28.6140928,36.8679021],[28.614052,36.8679587],[28.6140215,36.8680194],[28.6140019,36.8680828],[28.6139935,36.8681478],[28.6142001,36.8686488],[28.6141273,36.8687491],[28.6140454,36.8688446],[28.6139548,36.868935],[28.6138559,36.8690197],[28.6137494,36.8690983],[28.6136358,36.8691702],[28.6135158,36.8692351],[28.61339,36.8692926],[28.6132727,36.8693377],[28.6131518,36.8693764],[28.6130279,36.8694084],[28.6129012,36.8696305],[28.6128874,36.8696548],[28.612865,36.8696747],[28.6128362,36.8696881],[28.6128036,36.8696938],[28.6127703,36.8696914],[28.6127396,36.869681],[28.6127196,36.8696682],[28.6127039,36.8696521],[28.6126934,36.8696334],[28.6126886,36.8696134],[28.6127865,36.8692497],[28.612698,36.8690297],[28.6126048,36.8689669],[28.6125061,36.8689097],[28.6124025,36.8688583],[28.6122946,36.8688131],[28.6121827,36.8687744],[28.6120677,36.8687422],[28.6119395,36.8687148],[28.611809,36.8686953],[28.6116771,36.8686836],[28.6115445,36.8686799],[28.6114119,36.8686842],[28.61128,36.8686964],[28.6111497,36.8687165],[28.6110216,36.8687443],[28.6109023,36.868778],[28.6107864,36.8688183],[28.6106743,36.8688652],[28.6105667,36.8689184],[28.6104642,36.8689777],[28.6103672,36.8690426],[28.6097764,36.8694823],[28.609191,36.8699266],[28.6090468,36.8700375],[28.6089094,36.8701537],[28.608779,36.870275],[28.608656,36.8704011],[28.6085406,36.8705318],[28.6084513,36.8706428],[28.6083676,36.8707565],[28.6082895,36.8708727],[28.6082781,36.8709295],[28.6082559,36.8709841],[28.6082235,36.8710354],[28.6081816,36.8710821],[28.6081312,36.871123],[28.6080806,36.8711536],[28.6080253,36.8711785],[28.6079662,36.8711971],[28.6079046,36.871209],[28.6078415,36.8712142],[28.6076664,36.8712337],[28.6074928,36.8712605],[28.6073213,36.8712947],[28.6071523,36.8713362],[28.6069863,36.8713847],[28.6067809,36.8714502],[28.6065783,36.871521],[28.6064795,36.8715608],[28.6063787,36.8715971],[28.6062311,36.8716431],[28.6060803,36.8716818],[28.6059268,36.8717131],[28.6057712,36.8717368],[28.6056141,36.8717529],[28.6055348,36.8717539],[28.6054561,36.8717613],[28.6053623,36.8717785],[28.6052718,36.8718045],[28.6051858,36.8718391],[28.6051056,36.8718816],[28.6050324,36.8719316],[28.6049672,36.8719882],[28.604911,36.8720506],[28.6048645,36.872118],[28.6048284,36.8721893],[28.6047337,36.8723451],[28.604629,36.8724967],[28.6045144,36.8726436],[28.6043903,36.8727855],[28.6042571,36.8729221],[28.6041166,36.8730515],[28.6039679,36.873175],[28.6038113,36.8732921],[28.6036474,36.8734025],[28.6034765,36.8735059],[28.6032991,36.8736021],[28.6031156,36.8736908],[28.6029267,36.8737718],[28.6024744,36.8739717],[28.6023204,36.8740338],[28.6021711,36.8741028],[28.6020268,36.8741784],[28.6018983,36.8742541],[28.6017748,36.8743351],[28.6016568,36.8744211],[28.6015446,36.874512],[28.6014385,36.8746075],[28.6013389,36.8747073],[28.6012759,36.8747832],[28.6012049,36.8748544],[28.6011265,36.8749205],[28.6010411,36.8749808],[28.6009562,36.8750314],[28.6008664,36.8750764],[28.6007724,36.8751154],[28.6006748,36.8751482],[28.6005741,36.8751745],[28.6004712,36.8751943],[28.6002613,36.8756031],[28.6000447,36.8760097],[28.5998337,36.8763921],[28.5997939,36.876492],[28.5997442,36.8765892],[28.5996851,36.8766828],[28.5996169,36.8767724],[28.5995485,36.8768486],[28.5994736,36.8769208],[28.5993925,36.8769885],[28.5993055,36.8770514],[28.5992132,36.8771093],[28.5990094,36.8772305],[28.5988006,36.877346],[28.5987251,36.877377],[28.5986536,36.8774137],[28.5985869,36.8774558],[28.5985139,36.8775128],[28.5984497,36.8775762],[28.598395,36.8776452],[28.5983507,36.8777187],[28.5983174,36.8777958],[28.5982625,36.8778984],[28.5981974,36.877997],[28.5981223,36.8780909],[28.5980378,36.8781796],[28.5979445,36.8782625],[28.5978248,36.878334],[28.5977104,36.8784108],[28.5976015,36.8784927],[28.5974985,36.8785793],[28.5974017,36.8786703],[28.5973115,36.8787656],[28.5972273,36.8788659],[28.5971504,36.8789698],[28.5970809,36.879077],[28.5970447,36.8791302],[28.5970192,36.8791872],[28.5970052,36.8792451],[28.5970023,36.8793041],[28.5970105,36.8793627],[28.5970297,36.8794196],[28.5970594,36.8794736],[28.5971922,36.8797075],[28.5971958,36.8797397],[28.5971889,36.8797715],[28.5971721,36.8798008],[28.5971465,36.8798255],[28.5971139,36.8798441],[28.5970764,36.8798555],[28.5970366,36.8798588],[28.596822,36.8798791],[28.5966463,36.8799341],[28.5964732,36.8799942],[28.596303,36.8800594],[28.5960835,36.880153],[28.59587,36.8802551],[28.5956629,36.8803654],[28.5954629,36.8804837],[28.5953652,36.8805453],[28.5952704,36.8806097],[28.5951435,36.8807038],[28.5950228,36.8808029],[28.5949085,36.8809068],[28.5948589,36.8809636],[28.594801,36.8810152],[28.5947358,36.8810607],[28.5946641,36.8810995],[28.5945871,36.8811311],[28.5945059,36.8811549],[28.5944216,36.8811707],[28.5943356,36.8811782],[28.5942164,36.8811821],[28.5940973,36.8811786],[28.5939788,36.8811675],[28.5938617,36.8811492],[28.5937469,36.8811235],[28.593584,36.88105],[28.5934165,36.8809833],[28.5932449,36.8809237],[28.5930696,36.8808714],[28.5929064,36.88083],[28.5927408,36.8807949],[28.5925734,36.8807661],[28.5924896,36.8807517],[28.5924044,36.8807438],[28.5923118,36.8807427],[28.5922196,36.8807493],[28.5921288,36.8807636],[28.5920403,36.8807855],[28.5919552,36.8808146],[28.5917473,36.8809025],[28.5911961,36.8808789],[28.5911068,36.8808937],[28.5910202,36.8809163],[28.5909373,36.8809465],[28.5908685,36.8809789],[28.590804,36.8810165],[28.5907444,36.8810589],[28.5906903,36.8811059],[28.5906422,36.8811568],[28.5905597,36.8812558],[28.5904869,36.8813597],[28.5904245,36.8814678],[28.5903953,36.8815227],[28.5903727,36.8815794],[28.5903554,36.8816432],[28.5903464,36.881708],[28.5903456,36.8817733],[28.590353,36.8818383],[28.5903686,36.8819023],[28.5903934,36.8819698],[28.5904263,36.8820351],[28.5904669,36.8820975],[28.5905148,36.8821565],[28.5904198,36.882186],[28.5903285,36.882222],[28.5902415,36.8822643],[28.5901596,36.8823127],[28.5900833,36.8823666],[28.5900132,36.8824258],[28.5899501,36.8824895],[28.5898943,36.8825574],[28.5898463,36.8826291],[28.5898063,36.8827038],[28.5897747,36.882781],[28.5897517,36.8828602],[28.5897639,36.8829672],[28.5897697,36.8830746],[28.5897692,36.883182],[28.58976,36.8833122],[28.5897415,36.8834418],[28.5897138,36.8835703],[28.5896769,36.8836973],[28.589631,36.8838224],[28.5895776,36.8839935],[28.5895342,36.8841663],[28.5895009,36.8843405],[28.5894339,36.884469],[28.5893565,36.8845936],[28.5892689,36.8847138],[28.5891857,36.8848135],[28.5890955,36.8849093],[28.5889986,36.8850007],[28.5888954,36.8850876],[28.5887861,36.8851697],[28.5886446,36.8852674],[28.5884976,36.8853596],[28.5883452,36.8854462],[28.588188,36.8855269],[28.5879855,36.8855977],[28.5879796,36.8856496],[28.5879826,36.8857017],[28.5879945,36.885753],[28.5880165,36.8858052],[28.5880478,36.8858544],[28.5880875,36.8858994],[28.588135,36.8859394],[28.5881774,36.885964],[28.5882136,36.8859944],[28.5882423,36.8860295],[28.5882594,36.8860604],[28.5882706,36.886093],[28.5882758,36.8861265],[28.5883446,36.8862435],[28.5883435,36.8862622],[28.5883372,36.8862802],[28.5883247,36.8862978],[28.5883071,36.8863125],[28.5882856,36.8863232],[28.5882614,36.8863293],[28.5881992,36.8863424],[28.5881354,36.8863486],[28.588068,36.8863476],[28.5880015,36.8863389],[28.5879372,36.8863228],[28.5877454,36.8862376],[28.5875992,36.886392],[28.5876143,36.8864205],[28.5876234,36.8864505],[28.5876263,36.8864806],[28.5876231,36.8865107],[28.587614,36.88654],[28.5875967,36.8865783],[28.5875738,36.8866145],[28.5875456,36.8866484],[28.5875642,36.8866844],[28.5875775,36.886722],[28.5875852,36.8867605],[28.5875864,36.886815],[28.5875764,36.8868689],[28.587564,36.8868943],[28.5875557,36.8869208],[28.5875513,36.8869656],[28.5875586,36.8870102],[28.5875773,36.8870525],[28.5876066,36.8870909],[28.5876463,36.8871514],[28.5876797,36.8872142],[28.587553,36.8874067],[28.5876119,36.8874531],[28.5876637,36.8875046],[28.5877078,36.8875606],[28.5877434,36.8876202],[28.5877717,36.8876871],[28.5877895,36.8877563],[28.5877964,36.8878267],[28.5878052,36.8879642],[28.5878076,36.8881019],[28.5878038,36.8882396],[28.5876697,36.8884676],[28.5876002,36.8885939],[28.587569,36.8886583],[28.5875335,36.8887212],[28.5874817,36.8887999],[28.587423,36.8888754],[28.587358,36.8889474],[28.5872868,36.8890157],[28.5871704,36.8891372],[28.5871134,36.8891988],[28.5870621,36.8892635],[28.5870074,36.8893463],[28.5869619,36.8894327],[28.5869407,36.8894765],[28.586926,36.889522],[28.5869179,36.8895717],[28.5869176,36.8896219],[28.5869252,36.8896717],[28.5869406,36.8897203],[28.5869636,36.889767],[28.5870809,36.8899367],[28.5871942,36.8901081],[28.5873087,36.8902893],[28.5873669,36.8903796],[28.5874189,36.8904723],[28.5874653,36.8905693],[28.587505,36.8906683],[28.5875376,36.8907689],[28.5875935,36.8909511],[28.5876455,36.8911341],[28.5876467,36.8911831],[28.5876581,36.8912313],[28.5876794,36.8912773],[28.5877099,36.8913198],[28.5877488,36.8913577],[28.5877857,36.8913843],[28.5878269,36.8914066],[28.5878714,36.8914243],[28.5879184,36.8914371],[28.5886205,36.891466],[28.5887462,36.8914215],[28.5888749,36.8913828],[28.5890061,36.8913501],[28.5891395,36.8913234],[28.5892781,36.8913024],[28.5894181,36.8912879],[28.5895589,36.8912801],[28.5897,36.8912788],[28.5897705,36.8912802],[28.5898409,36.8912842],[28.5899611,36.8912974],[28.5900796,36.8913184],[28.5901956,36.891347],[28.5903083,36.891383],[28.5903617,36.8914062],[28.5904169,36.8914263],[28.590499,36.89145],[28.5905836,36.8914671],[28.5906699,36.8914776],[28.590757,36.8914812],[28.5908442,36.8914781],[28.5909306,36.8914682],[28.5911434,36.8914658],[28.5913563,36.8914685],[28.5915689,36.8914762],[28.5917808,36.8914889],[28.591992,36.8915066],[28.5922026,36.8915293],[28.5922511,36.8915397],[28.5922963,36.891557],[28.5923367,36.8915808],[28.5923659,36.8916052],[28.59239,36.8916329],[28.5924083,36.8916633],[28.5924205,36.8916956],[28.5924373,36.8917632],[28.5924429,36.891832],[28.5924373,36.8919009],[28.5924205,36.8919685],[28.5923433,36.8920815],[28.592271,36.8921965],[28.5921833,36.8923513],[28.592141,36.8924292],[28.5921047,36.8925091],[28.5920696,36.8926059],[28.5920432,36.8927045],[28.5920259,36.8928043],[28.5920175,36.8929049],[28.592037,36.8931623],[28.592023,36.8931863],[28.5920025,36.893207],[28.5919766,36.8932234],[28.5919441,36.8932354],[28.591909,36.8932405],[28.5918733,36.8932385],[28.5916433,36.8930969],[28.5915674,36.893115],[28.5914932,36.8931376],[28.5914214,36.8931644],[28.5913315,36.8932058],[28.591247,36.8932538],[28.5912063,36.8932796],[28.5911686,36.8933082],[28.5911228,36.8933509],[28.5910837,36.8933977],[28.5910519,36.8934478],[28.5910278,36.8935007],[28.5910126,36.8935535],[28.5910056,36.8936073],[28.5910069,36.8936615],[28.5910164,36.8937151],[28.5910339,36.8937674],[28.5910593,36.8938176],[28.5912236,36.8941394],[28.591323,36.894231],[28.5914159,36.8943269],[28.5915019,36.8944268],[28.59159,36.8945435],[28.5916688,36.8946643],[28.591701,36.8947274],[28.5917379,36.8947888],[28.5917936,36.8948669],[28.5918569,36.8949412],[28.5919273,36.8950113],[28.5920046,36.8950766],[28.592088,36.8951368],[28.5921773,36.8951915],[28.5922717,36.8952404],[28.5923746,36.8952849],[28.5924816,36.8953228],[28.592592,36.8953538],[28.5927052,36.8953776],[28.5928204,36.8953942],[28.5929368,36.8954034],[28.593021,36.8953913],[28.5931064,36.8953877],[28.5931917,36.8953926],[28.5932616,36.8954032],[28.5933298,36.8954195],[28.593414,36.895455],[28.5935024,36.8954833],[28.593594,36.8955041],[28.5936879,36.8955171],[28.5937847,36.8955222],[28.5938816,36.895519],[28.5939775,36.8955076],[28.5940714,36.8954881],[28.5941775,36.8954571],[28.5942789,36.8954174],[28.5943746,36.8953694],[28.5944636,36.8953138],[28.5945448,36.8952511],[28.5946351,36.8951741],[28.5947201,36.8950935],[28.5947996,36.8950093],[28.5948342,36.8949643],[28.5948734,36.8949218],[28.5949296,36.8948715],[28.5949922,36.8948263],[28.5950604,36.8947866],[28.5951335,36.8947529],[28.5952107,36.8947255],[28.595255,36.8947106],[28.5953016,36.8947014],[28.5953495,36.8946982],[28.5953939,36.8947006],[28.5954373,36.8947082],[28.5954789,36.8947207],[28.5955758,36.8947644],[28.5956764,36.8948025],[28.59578,36.8948349],[28.5959071,36.8948659],[28.5960371,36.8948883],[28.5961023,36.8948996],[28.5961689,36.894902],[28.5962301,36.8948961],[28.5962895,36.8948828],[28.5963455,36.8948622],[28.5963969,36.8948349],[28.5964486,36.8947995],[28.5964942,36.894759],[28.596533,36.8947143],[28.5968991,36.8940386],[28.5969646,36.8940141],[28.5970272,36.8939851],[28.5970862,36.8939517],[28.5971441,36.8939122],[28.5971971,36.8938686],[28.5972448,36.8938212],[28.5972867,36.8937704],[28.5973563,36.8936822],[28.5973915,36.8936382],[28.5974228,36.8935924],[28.5974623,36.8935203],[28.5974921,36.8934453],[28.5975119,36.8933682],[28.5975214,36.8932899],[28.5975465,36.8931358],[28.5975673,36.8930598],[28.5975797,36.8929826],[28.5975838,36.8928994],[28.5975782,36.8928162],[28.5975629,36.8927338],[28.5975474,36.8926939],[28.5975382,36.8926528],[28.5975357,36.8925979],[28.5975444,36.8925433],[28.5975639,36.8924905],[28.5975938,36.892441],[28.5976073,36.8924178],[28.5976265,36.8923975],[28.5976506,36.8923807],[28.5976786,36.8923684],[28.5977092,36.8923611],[28.5977449,36.8923592],[28.5977803,36.892364],[28.5978132,36.8923754],[28.5978419,36.8923926],[28.5978647,36.8924147],[28.5978886,36.8924457],[28.5979062,36.8924793],[28.5979171,36.8925147],[28.5979211,36.8925509],[28.5979007,36.8926356],[28.5978922,36.8927215],[28.5978941,36.8927914],[28.5979039,36.892861],[28.5979214,36.8929296],[28.5979465,36.8929966],[28.5979925,36.8931058],[28.5980439,36.8932135],[28.5981008,36.8933194],[28.5981548,36.8934417],[28.5981797,36.8935034],[28.598198,36.8935667],[28.5982105,36.8936403],[28.5982138,36.8937145],[28.5982081,36.8937887],[28.5981888,36.893866],[28.5981785,36.8939444],[28.598177,36.8940232],[28.5981846,36.8941019],[28.5982007,36.8941785],[28.5982254,36.8942536],[28.5982584,36.8943267],[28.5982994,36.8943972],[28.5983482,36.8944644],[28.598396,36.8945164],[28.59845,36.8945645],[28.5985096,36.8946082],[28.5985742,36.8946469],[28.5986432,36.8946805],[28.5987744,36.8947528],[28.5988982,36.8948328],[28.5990141,36.8949202],[28.5989958,36.8950075],[28.598971,36.8950938],[28.5989396,36.8951787],[28.5989007,36.8952641],[28.5988552,36.8953474],[28.5988033,36.8954282],[28.5987452,36.8955063],[28.5986819,36.8955771],[28.5986117,36.8956436],[28.5985359,36.8956498],[28.598462,36.8956648],[28.5983916,36.8956881],[28.5983261,36.8957193],[28.5982671,36.8957578],[28.5982223,36.8957961],[28.5981839,36.8958385],[28.5981524,36.8958845],[28.5981283,36.8959332],[28.5981079,36.8959905],[28.5980954,36.8960492],[28.5980907,36.8961086],[28.5980941,36.8961681],[28.5981042,36.8962152],[28.5981208,36.8962612],[28.5981437,36.8963054],[28.5981326,36.8963679],[28.5981273,36.8964309],[28.5981276,36.8964941],[28.5981348,36.8965649],[28.5981491,36.8966349],[28.5981705,36.8967038],[28.5982042,36.8967959],[28.5982434,36.8968866],[28.5982878,36.8969757],[28.5983223,36.8970655],[28.5983475,36.8971572],[28.5983633,36.8972503],[28.5983683,36.8972971],[28.5983697,36.8973441],[28.5983652,36.8974138],[28.5983528,36.8974829],[28.5983328,36.8975508],[28.5983053,36.897617],[28.5982564,36.8977143],[28.5981989,36.8978085],[28.5981681,36.8978548],[28.598133,36.8978991],[28.5980756,36.8979581],[28.5980105,36.8980117],[28.5979383,36.8980592],[28.5978601,36.8981],[28.5977766,36.8981337],[28.5977322,36.8981454],[28.597689,36.8981597],[28.5976251,36.8981869],[28.5975656,36.8982199],[28.5975112,36.8982582],[28.5974627,36.8983012],[28.5974403,36.898324],[28.5974208,36.8983485],[28.5973968,36.8983894],[28.5973809,36.8984328],[28.5973736,36.8984776],[28.5973751,36.8985228],[28.5973853,36.8985673],[28.5973919,36.8986788],[28.597406,36.8987899],[28.5974275,36.8989003],[28.5974556,36.8990068],[28.5974906,36.8991121],[28.5975325,36.8992157],[28.5975811,36.8993175],[28.5977388,36.8994415],[28.5978942,36.8995673],[28.5980514,36.8996986],[28.5981246,36.8997682],[28.598206,36.8998317],[28.598288,36.8998844],[28.5983757,36.8999309],[28.5985276,36.8999856],[28.5986761,36.9000459],[28.5988209,36.9001116],[28.598961,36.9001823],[28.5990969,36.900258],[28.5992282,36.9003387],[28.5993547,36.9004242],[28.5994035,36.9004562],[28.5994569,36.9004833],[28.5995139,36.9005049],[28.5995738,36.9005209],[28.5996357,36.9005309],[28.599706,36.900535],[28.5997764,36.9005314],[28.5998455,36.9005202],[28.600101,36.90048],[28.6001546,36.9004831],[28.6002063,36.900495],[28.6002469,36.9005116],[28.6002833,36.9005336],[28.6003143,36.9005604],[28.600339,36.9005911],[28.6003565,36.9006248],[28.6003962,36.9007156],[28.6004263,36.9008088],[28.6004386,36.9008559],[28.6004464,36.9009036],[28.6004494,36.9009752],[28.6004423,36.9010466],[28.6004251,36.9011169],[28.6004147,36.9011518],[28.6003981,36.9011851],[28.6003674,36.9012254],[28.6003278,36.9012603],[28.6002807,36.9012885],[28.6002277,36.9013091],[28.6001708,36.9013213],[28.5995545,36.9014447],[28.5994641,36.9015162],[28.5993786,36.9015915],[28.5992984,36.9016704],[28.599202,36.9017782],[28.5991154,36.9018912],[28.5990389,36.9020088],[28.5990868,36.9021106],[28.5991267,36.9022147],[28.5991527,36.9022992],[28.5991732,36.9023848],[28.5991884,36.902471],[28.5992023,36.9026],[28.5992058,36.9027294],[28.5991913,36.902779],[28.5991864,36.9028297],[28.5991913,36.9028804],[28.5992058,36.90293],[28.5992263,36.9029716],[28.5992536,36.9030106],[28.5992872,36.9030463],[28.5993265,36.9030781],[28.5993708,36.9031053],[28.5994746,36.9031463],[28.5995747,36.9031928],[28.5996708,36.9032444],[28.5997624,36.903301],[28.5998451,36.9033594],[28.5999231,36.9034218],[28.599996,36.9034881],[28.6000635,36.9035579],[28.6000605,36.9036905],[28.6000494,36.9038228],[28.600027,36.9039711],[28.5999944,36.9041181],[28.5999515,36.9042635],[28.5995639,36.9044265],[28.5995279,36.9044982],[28.599501,36.9045723],[28.5994834,36.9046482],[28.5994754,36.9047252],[28.5994769,36.9048012],[28.5994878,36.9048767],[28.5995078,36.904951],[28.5995369,36.9050233],[28.5995531,36.9050591],[28.5995746,36.905093],[28.5996132,36.9051367],[28.5996604,36.9051746],[28.5997149,36.9052055],[28.5997751,36.9052287],[28.599919,36.9052595],[28.6000648,36.9052836],[28.6002122,36.9053008],[28.6003605,36.9053113],[28.6004973,36.9053148],[28.6006341,36.9053124],[28.6007706,36.9053043],[28.6009064,36.9052903],[28.6010596,36.9052563],[28.6012155,36.9052308],[28.60137,36.9052143],[28.6015256,36.9052063],[28.6016815,36.9052067],[28.6017283,36.9052233],[28.6017705,36.9052466],[28.6018065,36.9052757],[28.6018351,36.9053096],[28.6018536,36.9053433],[28.6018649,36.905379],[28.6018686,36.9054156],[28.6018646,36.9054523],[28.6018519,36.9054846],[28.6018311,36.9055142],[28.6018032,36.9055397],[28.6017694,36.90556],[28.6015125,36.9054914],[28.6014253,36.9055021],[28.6013391,36.9055173],[28.6012544,36.905537],[28.6011416,36.9055711],[28.6010331,36.9056131],[28.6010146,36.905643],[28.6010049,36.9056753],[28.601004,36.9057042],[28.6010101,36.9057326],[28.601023,36.9057595],[28.6010562,36.9058169],[28.6010959,36.9058715],[28.6011417,36.9059229],[28.6011934,36.9059708],[28.6007052,36.9061745],[28.6006401,36.9062199],[28.6005815,36.9062707],[28.6005302,36.9063263],[28.6004869,36.9063857],[28.6004519,36.9064485],[28.6004256,36.9065139],[28.6003923,36.9066162],[28.6003679,36.90672],[28.6003525,36.9068249],[28.6003481,36.9069187],[28.6003526,36.9070126],[28.6003659,36.9071059],[28.6003754,36.9071522],[28.600388,36.9071981],[28.6004196,36.9072804],[28.6004616,36.9073597],[28.6005136,36.9074352],[28.6005751,36.9075059],[28.6006432,36.9075705],[28.6007183,36.9076299],[28.6007999,36.9076836],[28.6008873,36.9077311],[28.6009797,36.907772],[28.6010764,36.9078061],[28.6011766,36.9078329],[28.6016024,36.9076839],[28.6015894,36.9076319],[28.6015822,36.9075792],[28.6015809,36.9075262],[28.6015869,36.9074644],[28.6016008,36.9074034],[28.6016226,36.9073439],[28.601652,36.9072866],[28.6016831,36.9072434],[28.6017204,36.9072036],[28.6017633,36.9071675],[28.6017554,36.9070995],[28.6017563,36.9070311],[28.601766,36.9069632],[28.6017866,36.9068903],[28.6018173,36.9068197],[28.6018578,36.9067523],[28.6019076,36.906689],[28.601966,36.9066305],[28.6020322,36.9065777],[28.6021271,36.9066553],[28.6022271,36.9067287],[28.602332,36.9067976],[28.6024486,36.9068657],[28.60257,36.9069284],[28.6026958,36.9069852],[28.6027618,36.9070088],[28.6028255,36.9070362],[28.602902,36.9070758],[28.6029737,36.9071208],[28.6030401,36.9071708],[28.6031004,36.9072254],[28.6032049,36.9073135],[28.6033143,36.9073978],[28.6033738,36.9074356],[28.6034283,36.907478],[28.6034896,36.9075377],[28.603541,36.9076031],[28.6035819,36.9076731],[28.6036114,36.9077466],[28.6036339,36.9078236],[28.6036485,36.9079018],[28.6036551,36.9079807],[28.6036536,36.9080597],[28.6036702,36.9082095],[28.6036905,36.9083589],[28.6037197,36.9085378],[28.6037258,36.9085978],[28.6037373,36.9086573],[28.6037542,36.908716],[28.6037804,36.9087827],[28.6038136,36.9088475],[28.6038534,36.9089097],[28.6038997,36.9089691],[28.60395,36.9090213],[28.6040062,36.9090696],[28.6040679,36.9091133],[28.6041345,36.9091521],[28.6042055,36.9091857],[28.6043068,36.9092042],[28.604406,36.9092288],[28.6045027,36.9092592],[28.6045963,36.9092953],[28.6046863,36.9093369],[28.6047804,36.9093887],[28.6048689,36.9094466],[28.6049511,36.9095101],[28.6049949,36.909556],[28.6050447,36.9095977],[28.6051001,36.9096348],[28.6051603,36.9096666],[28.6052325,36.9096957],[28.6053087,36.9097172],[28.6053876,36.909731],[28.6054681,36.9097369],[28.6055901,36.9097387],[28.6057118,36.9097321],[28.6058324,36.9097171],[28.6059509,36.909694],[28.6061687,36.9096174],[28.6063895,36.9095465],[28.6066503,36.909471],[28.6069145,36.9094034],[28.6069683,36.9093257],[28.6070123,36.9092441],[28.6070459,36.9091594],[28.6070669,36.9090823],[28.6070793,36.909004],[28.6070831,36.9089251],[28.6070781,36.9088463],[28.6071495,36.9087303],[28.6072305,36.9086184],[28.6073209,36.9085112],[28.6073997,36.9084289],[28.6074841,36.9083502],[28.6075737,36.9082753],[28.6076219,36.9082629],[28.6076719,36.9082562],[28.6077225,36.9082554],[28.6077665,36.9082596],[28.6078094,36.9082682],[28.6078506,36.9082812],[28.6080169,36.9083857],[28.6080613,36.9083974],[28.6081076,36.908403],[28.6081544,36.9084023],[28.6081999,36.9083956],[28.6082435,36.908383],[28.6082839,36.9083648],[28.60832,36.9083416],[28.6083508,36.9083139],[28.6083865,36.9082898],[28.6084261,36.9082701],[28.6084688,36.9082552],[28.6085138,36.9082452],[28.6085978,36.9082321],[28.608683,36.9082256],[28.6087686,36.9082259],[28.6088537,36.9082329],[28.6089101,36.908174],[28.608971,36.908118],[28.6090361,36.9080651],[28.6091088,36.9080132],[28.6091856,36.9079652],[28.6092661,36.9079214],[28.6094774,36.9076136],[28.609614,36.9076375],[28.6097482,36.9076688],[28.6098794,36.9077074],[28.6100071,36.907753],[28.6101115,36.9077969],[28.6102126,36.9078455],[28.61031,36.9078987],[28.6104034,36.9079563],[28.6105001,36.9080274],[28.6105883,36.9081054],[28.6106671,36.9081895],[28.610736,36.908279],[28.6108869,36.9082364],[28.6110358,36.9081895],[28.6111826,36.9081385],[28.611345,36.9080763],[28.6115042,36.908009],[28.6116601,36.9079368],[28.6118122,36.9078597],[28.6119884,36.9077609],[28.6121579,36.907655],[28.6123205,36.9075423],[28.612347,36.9074896],[28.6123652,36.9074346],[28.6123748,36.9073783],[28.6123759,36.9073236],[28.6123689,36.9072692],[28.6123539,36.9072159],[28.6123312,36.9071643],[28.6121663,36.906841],[28.6120335,36.9065756],[28.6121958,36.9063858],[28.6124432,36.9060968],[28.6123053,36.905939],[28.612173,36.9057783],[28.6120117,36.9055682],[28.6118598,36.9053536],[28.6117885,36.9053494],[28.6117184,36.905338],[28.6116506,36.9053197],[28.6115862,36.9052946],[28.6115195,36.9052592],[28.6114596,36.9052165],[28.6114079,36.9051676],[28.6113216,36.9050932],[28.6112301,36.9050228],[28.6111339,36.9049568],[28.611033,36.9048952],[28.6109839,36.9048091],[28.6109268,36.9047262],[28.6108622,36.904647],[28.6107903,36.9045718],[28.6107071,36.9044975],[28.6106169,36.9044287],[28.6105201,36.9043657],[28.6104175,36.9043091],[28.6102638,36.9042294],[28.6101068,36.904154],[28.6099467,36.9040828],[28.6098992,36.9040445],[28.6098577,36.9040019],[28.6098227,36.9039557],[28.609792,36.9039006],[28.6097706,36.9038427],[28.609759,36.9037831],[28.6096906,36.9034694],[28.609594,36.9030163],[28.6092071,36.9026394],[28.6085956,36.9020388],[28.6085747,36.901998],[28.6085616,36.9019551],[28.6085564,36.9019112],[28.6085594,36.9018672],[28.6085704,36.9018237],[28.6085894,36.901782],[28.6086159,36.9017429],[28.6086492,36.9017074],[28.6087834,36.9015549],[28.6089078,36.9013971],[28.609022,36.9012345],[28.6090542,36.9010865],[28.6090677,36.9010725],[28.6090851,36.9010616],[28.6091052,36.9010543],[28.6091314,36.901051],[28.6091576,36.901054],[28.6091816,36.9010629],[28.6092076,36.9010955],[28.6092404,36.901124],[28.6092788,36.9011474],[28.6093218,36.9011651],[28.6093681,36.9011766],[28.6094215,36.9011814],[28.609475,36.9011779],[28.6095267,36.9011661],[28.6095746,36.9011465],[28.6097637,36.9013203],[28.6097606,36.9013465],[28.6097628,36.9013729],[28.6097704,36.9013986],[28.6097877,36.9014298],[28.6098128,36.9014574],[28.6098446,36.9014802],[28.6098817,36.9014972],[28.6099252,36.9015068],[28.6099702,36.9015071],[28.6100139,36.9014981],[28.6100532,36.9014805],[28.6100855,36.9014554],[28.6103913,36.9011658],[28.6104629,36.901145],[28.6105313,36.9011183],[28.6105959,36.901086],[28.6106558,36.9010484],[28.6107105,36.901006],[28.6107644,36.9009537],[28.6108103,36.9008968],[28.6108476,36.9008359],[28.6108757,36.9007719],[28.6108763,36.900749],[28.6108826,36.9007267],[28.6108942,36.9007058],[28.6109163,36.9006824],[28.6109451,36.9006642],[28.6109787,36.9006524],[28.6110149,36.9006478],[28.6110746,36.900657],[28.6111352,36.9006613],[28.611196,36.9006607],[28.6112675,36.9006537],[28.6113374,36.9006399],[28.6114048,36.9006195],[28.6114686,36.9005929],[28.6115281,36.9005603],[28.6115822,36.9005224],[28.6116747,36.9004889],[28.6117627,36.9004485],[28.6118456,36.9004016],[28.6119225,36.9003486],[28.6119927,36.90029],[28.6120556,36.9002264],[28.6121128,36.9001553],[28.6121609,36.90008],[28.6121994,36.9000013],[28.6122279,36.8999199],[28.6122462,36.8998366],[28.6122541,36.8997523],[28.6122522,36.8996867],[28.6122432,36.8996215],[28.6122273,36.8995572],[28.6122956,36.8995616],[28.6123639,36.8995576],[28.6124306,36.8995453],[28.6124942,36.899525],[28.6125532,36.8994971],[28.6126056,36.8994627],[28.6126508,36.8994225],[28.6126879,36.8993771],[28.612716,36.8993279],[28.6127345,36.8992757],[28.6127428,36.899222],[28.6127409,36.8991678],[28.6127973,36.8987249],[28.6128183,36.898533],[28.612848,36.8983417],[28.6128861,36.8981514],[28.6129327,36.8979624],[28.6129768,36.8978097],[28.6130265,36.897658],[28.6130816,36.8975076],[28.6130862,36.8974786],[28.6131007,36.8974516],[28.6131239,36.8974289],[28.613154,36.8974122],[28.6131887,36.8974028],[28.6132254,36.8974013],[28.6132611,36.8974081],[28.6132931,36.8974224],[28.6133189,36.8974433],[28.6134055,36.8974969],[28.6134866,36.8975557],[28.6135616,36.8976195],[28.6136301,36.8976878],[28.6136959,36.8977657],[28.6137533,36.8978478],[28.6138017,36.8979334],[28.6138746,36.8979341],[28.6139467,36.8979419],[28.6140171,36.8979568],[28.6140847,36.8979785],[28.6141485,36.8980066],[28.6142074,36.8980409],[28.6142606,36.8980807],[28.6143073,36.8981254],[28.6143779,36.8981834],[28.6144547,36.8982361],[28.614537,36.8982833],[28.6146242,36.8983244],[28.6147156,36.8983591],[28.6148105,36.8983872],[28.6149082,36.8984085],[28.615095,36.8984435],[28.6152837,36.8984713]]]]},"properties":{"name":"Köyceğiz Gölü"}},{"type":"Feature","geometry":{"type":"MultiPolygon","coordinates":[[[[28.6021867,36.8021525],[28.6023346,36.8024225],[28.6022714,36.8026264],[28.6019306,36.8027207],[28.60175,36.80275],[28.60175,36.80325],[28.6021253,36.80367],[28.6024182,36.8037753],[28.6027195,36.803918],[28.602936,36.8040353],[28.6031439,36.8041015],[28.60325,36.8041508],[28.6032729,36.8041922],[28.6031843,36.8042392],[28.6030849,36.8042636],[28.6030399,36.8043513],[28.6028468,36.8045688],[28.6026877,36.8046826],[28.6025,36.80475],[28.603,36.80525],[28.603,36.80625],[28.6025,36.80575],[28.6025,36.807],[28.6055865,36.806],[28.60525,36.805],[28.60425,36.80575],[28.604,36.8055],[28.6045,36.80475],[28.60525,36.80475],[28.60575,36.80375],[28.60725,36.80375],[28.60725,36.8045],[28.60625,36.804],[28.60575,36.80425],[28.606,36.805],[28.6065,36.805],[28.60575,36.8055],[28.60575,36.8065],[28.607,36.80725],[28.608,36.8065],[28.6095,36.80625],[28.60925,36.80475],[28.608,36.80525],[28.6075,36.806],[28.60725,36.80625],[28.6065,36.80575],[28.60825,36.8045],[28.609,36.80475],[28.6095,36.8045],[28.61,36.80325],[28.61,36.806],[28.60925,36.8065],[28.60925,36.807],[28.61125,36.80775],[28.61125,36.80825],[28.610671,36.8083022],[28.6105734,36.8090092],[28.61225,36.81125],[28.6118014,36.8127098],[28.611,36.81375],[28.611,36.81425],[28.61025,36.8145],[28.6095,36.814],[28.60925,36.8135],[28.60875,36.81475],[28.60775,36.81475],[28.6065,36.81575],[28.6055,36.816],[28.60425,36.8175],[28.6045,36.81975],[28.607,36.8215],[28.6095,36.821],[28.61025,36.82],[28.61125,36.81975],[28.6115,36.8195],[28.611,36.819],[28.612,36.8185],[28.61175,36.8175],[28.6125,36.817],[28.6115,36.81575],[28.6115,36.81525],[28.6125,36.8145],[28.6137784,36.8145031],[28.6128874,36.8142139],[28.6125744,36.8139825],[28.6121629,36.8131536],[28.6125744,36.8125752],[28.6138371,36.8120572],[28.614461,36.8121729],[28.615,36.812],[28.61625,36.811],[28.6166735,36.8106824],[28.6172967,36.8100878],[28.6176813,36.8103124],[28.6181379,36.8099805],[28.6188781,36.8098807],[28.6192832,36.8095751],[28.6197273,36.8089388],[28.6203817,36.8087767],[28.6206622,36.8085521],[28.6209582,36.8087018],[28.6210751,36.8082901],[28.6215,36.808],[28.6217373,36.8079346],[28.6221113,36.8079221],[28.6225398,36.8083151],[28.6227345,36.8088827],[28.6231864,36.8088577],[28.6233656,36.8087392],[28.6230462,36.8086332],[28.6229371,36.8084024],[28.6226722,36.8081467],[28.6226333,36.8080157],[28.6235504,36.8080806],[28.6228358,36.8078098],[28.6221658,36.8077537],[28.6217139,36.8076726],[28.6212621,36.8073669],[28.6207479,36.8070675],[28.6203505,36.8066496],[28.6199384,36.805476],[28.6202493,36.805533],[28.6204752,36.8057139],[28.6205843,36.8049716],[28.62067,36.8048156],[28.6208881,36.8048718],[28.6207195,36.8045873],[28.6208102,36.802807],[28.6212734,36.8029496],[28.6217139,36.8031002],[28.6222437,36.8033435],[28.6224229,36.8032374],[28.622493,36.802938],[28.6224696,36.8027196],[28.6218152,36.8026074],[28.6212153,36.802651],[28.6207868,36.8026074],[28.6210552,36.8014256],[28.6214257,36.8014034],[28.6218059,36.8010998],[28.6223684,36.8003491],[28.6225,36.8],[28.6227422,36.7995441],[28.6233123,36.7996751],[28.623685,36.7999249],[28.6240356,36.7998438],[28.6240901,36.7997066],[28.6237162,36.7996629],[28.6238175,36.7994321],[28.6241992,36.7994134],[28.6246774,36.799146],[28.6255,36.799],[28.6255,36.7985],[28.62625,36.799],[28.627,36.7985],[28.628,36.79825],[28.62775,36.798],[28.629,36.79825],[28.62975,36.79825],[28.6285,36.79625],[28.62625,36.79725],[28.62575,36.79725],[28.62675,36.795],[28.6275,36.79425],[28.629,36.79425],[28.62925,36.795],[28.62975,36.7945],[28.6305,36.795],[28.63175,36.7955],[28.63125,36.7965],[28.63,36.79625],[28.62975,36.7965],[28.629,36.797],[28.6295,36.7975],[28.6305,36.797],[28.631,36.79775],[28.63125,36.798],[28.63175,36.798],[28.632,36.79775],[28.63175,36.79825],[28.6313109,36.798828],[28.6302898,36.799032],[28.6295229,36.799032],[28.6283417,36.7988802],[28.6275,36.79925],[28.627,36.79875],[28.62675,36.799],[28.62475,36.79975],[28.62625,36.80075],[28.62625,36.80225],[28.62675,36.80325],[28.62675,36.8015],[28.626897,36.8014513],[28.6273417,36.8019421],[28.6275265,36.8022194],[28.6278065,36.8022778],[28.6279282,36.8019172],[28.6281352,36.801654],[28.62777,36.8017417],[28.6275265,36.8017807],[28.6272222,36.8014298],[28.6271126,36.8010497],[28.6273961,36.8008572],[28.6267565,36.8006462],[28.6266744,36.8001919],[28.6274822,36.7998309],[28.6276592,36.7997173],[28.6281717,36.7992172],[28.6286339,36.799094],[28.629036,36.7990904],[28.6294986,36.7993731],[28.6300394,36.7992546],[28.6305942,36.7992951],[28.6314769,36.799],[28.6319409,36.7985596],[28.6323728,36.7973811],[28.6324204,36.7970751],[28.6326041,36.7968937],[28.6327025,36.7959914],[28.6327136,36.7958897],[28.6327258,36.7955582],[28.6329206,36.795451],[28.6326162,36.795334],[28.6328597,36.7949636],[28.6330917,36.7948928],[28.6332249,36.7952073],[28.6339326,36.7959255],[28.6340527,36.7957922],[28.6339796,36.795373],[28.6345274,36.7950806],[28.6350326,36.7948608],[28.6351968,36.7951588],[28.6355866,36.7952196],[28.6357637,36.795479],[28.635708,36.7957587],[28.6356625,36.796083],[28.6359409,36.7960384],[28.6362851,36.7961721],[28.6364673,36.7963627],[28.6363711,36.7966626],[28.6364926,36.7969504],[28.63669,36.7970517],[28.6370747,36.7974084],[28.6371607,36.7977407],[28.6371506,36.7981339],[28.6372721,36.7982595],[28.6375252,36.7983082],[28.637672,36.7984176],[28.6377833,36.7988391],[28.6379858,36.7990215],[28.6380263,36.7991229],[28.6382034,36.7991837],[28.6384211,36.7994917],[28.6384869,36.7998686],[28.6386337,36.8000632],[28.6384667,36.8003428],[28.638464,36.8006512],[28.6383755,36.8008859],[28.6384667,36.8011372],[28.6386995,36.8012426],[28.6388817,36.8014939],[28.638826,36.801887],[28.6390892,36.8022842],[28.6391702,36.8026409],[28.6399801,36.8030056],[28.6404863,36.8029854],[28.6412,36.8031029],[28.6418529,36.8031313],[28.6424907,36.8031191],[28.6429412,36.8031759],[28.6432955,36.8033339],[28.6434372,36.8033501],[28.6437561,36.8033056],[28.6435992,36.803107],[28.6437004,36.8030583],[28.6438472,36.8030543],[28.6439839,36.8031191],[28.6441914,36.803188],[28.6443686,36.8032002],[28.6445964,36.8033744],[28.6449962,36.8034352],[28.6450409,36.8033524],[28.6450772,36.8032853],[28.6449153,36.8032448],[28.6446116,36.8033015],[28.6445508,36.8032002],[28.6446065,36.8030705],[28.6444496,36.8029975],[28.6441813,36.8030624],[28.6438827,36.8028881],[28.6435537,36.8029043],[28.643498,36.8030867],[28.6434018,36.803184],[28.6432651,36.8032367],[28.6432601,36.8031151],[28.6430627,36.8030016],[28.6424249,36.8029692],[28.6419137,36.8027665],[28.641691,36.8027949],[28.6415543,36.8029367],[28.6411544,36.8029286],[28.6405673,36.8027827],[28.6402079,36.8027908],[28.6398333,36.802726],[28.6395853,36.8023329],[28.6392613,36.8021667],[28.6391955,36.8019559],[28.639236,36.8016195],[28.639236,36.801275],[28.6389475,36.8010805],[28.6389182,36.8007267],[28.6390133,36.8002537],[28.6391112,36.7998477],[28.6388862,36.7993632],[28.6388159,36.799131],[28.6385932,36.7988716],[28.6383849,36.7987193],[28.6383553,36.7984176],[28.6382582,36.7982924],[28.6380111,36.7979596],[28.6377125,36.7979272],[28.6376467,36.7976718],[28.6373986,36.7972463],[28.6370899,36.7971247],[28.6369482,36.7968977],[28.6369785,36.7967396],[28.6367659,36.7966423],[28.63669,36.7962289],[28.6363863,36.795856],[28.6359814,36.7957587],[28.6359459,36.7952926],[28.6355359,36.7950737],[28.6354347,36.7948873],[28.6355674,36.7947305],[28.6356422,36.7945589],[28.6356161,36.794289],[28.6366381,36.7950221],[28.636587,36.795279],[28.6373751,36.7955829],[28.6384873,36.7966098],[28.63975,36.79675],[28.6402066,36.7974061],[28.6407665,36.7978039],[28.6418249,36.798063],[28.64225,36.7975],[28.6428045,36.7974762],[28.6434175,36.7966347],[28.6441473,36.7967049],[28.6448997,36.7960864],[28.6458403,36.7955127],[28.6465409,36.7951855],[28.6471831,36.7944842],[28.64775,36.79425],[28.6485,36.79375],[28.6493664,36.7926278],[28.6508696,36.7900916],[28.6516696,36.7893217],[28.6527761,36.7894239],[28.6546773,36.7895823],[28.6556715,36.7903575],[28.6567565,36.7911769],[28.6580913,36.7925181],[28.6575279,36.7929165],[28.6575,36.79375],[28.6575,36.79425],[28.6577983,36.7944442],[28.6579786,36.7945306],[28.6583227,36.7945482],[28.6585122,36.7945149],[28.6587185,36.7945291],[28.65886,36.7945968],[28.6591438,36.7946481],[28.6595689,36.7946618],[28.6598799,36.794542],[28.6601627,36.7944048],[28.6603469,36.7943339],[28.660728,36.7941948],[28.6609113,36.7940807],[28.6610154,36.793958],[28.661035,36.7937975],[28.6609447,36.7936212],[28.6609742,36.7935362],[28.6610533,36.7934484],[28.6614142,36.793338],[28.6616913,36.7932043],[28.6619192,36.7930564],[28.6620803,36.7929101],[28.6621758,36.7927369],[28.6622571,36.7927165],[28.6623475,36.7926111],[28.6623393,36.7924206],[28.6623947,36.7922052],[28.6624929,36.7921312],[28.6626344,36.7919062],[28.6628248,36.7917569],[28.662933,36.7916183],[28.6629998,36.7914688],[28.6630038,36.7913303],[28.6630738,36.7911228],[28.6632289,36.790992],[28.6634152,36.7909382],[28.6636047,36.7908195],[28.6637034,36.7907405],[28.6637937,36.7907282],[28.6637841,36.7906878],[28.6635457,36.7905246],[28.6634887,36.7904913],[28.6634422,36.7904362],[28.6633606,36.7903885],[28.6632944,36.7903685],[28.6630944,36.7903689],[28.6629138,36.7904181],[28.6623516,36.7903697],[28.6614848,36.7900975],[28.6612044,36.7899693],[28.66075,36.79],[28.6598239,36.7902681],[28.6583645,36.7887733],[28.6577024,36.7884975],[28.6570122,36.7882475],[28.6570958,36.7871904],[28.6573671,36.7870345],[28.6574324,36.7867389],[28.657247,36.7865264],[28.6571909,36.7859214],[28.6566434,36.7859214],[28.656786,36.78525],[28.6562032,36.7850356],[28.6554878,36.7845878],[28.6549049,36.7839951],[28.654572,36.7836093],[28.6555115,36.7823213],[28.6547024,36.7816523],[28.6536081,36.7820952],[28.6527534,36.781785],[28.6517766,36.7819429],[28.651,36.7815166],[28.6504885,36.7812095],[28.6495,36.78175],[28.6490476,36.7819404],[28.6483098,36.7820068],[28.647678,36.7816831],[28.646964,36.781583],[28.6461311,36.7814976],[28.6457024,36.7814785],[28.64475,36.7815],[28.6442385,36.7807476],[28.6439208,36.7804304],[28.6433247,36.7800958],[28.6428297,36.7800473],[28.6424711,36.7807177],[28.6417387,36.7811606],[28.6406273,36.7822634],[28.6398622,36.7831263],[28.6390612,36.7837924],[28.6384146,36.7840641],[28.6378081,36.7841957],[28.6372152,36.7848957],[28.6368334,36.7853261],[28.6373779,36.7862096],[28.6375702,36.7865039],[28.6368726,36.7866541],[28.6362532,36.7869144],[28.6359346,36.7871792],[28.6353161,36.7873134],[28.6350151,36.7883586],[28.6339849,36.7882354],[28.6337922,36.7880864],[28.6337804,36.7875352],[28.6344084,36.7870132],[28.6343982,36.7865363],[28.6336104,36.7859224],[28.6329867,36.7856831],[28.6323843,36.7856907],[28.6320746,36.785948],[28.6304744,36.7862286],[28.6298363,36.7864968],[28.6285693,36.7865136],[28.6276309,36.7872946],[28.6267328,36.7874281],[28.627084,36.78797],[28.6263182,36.7878267],[28.6261006,36.7877429],[28.626241,36.7881658],[28.6262463,36.7884338],[28.6260892,36.7889804],[28.6254357,36.7891212],[28.6251272,36.7893784],[28.6244932,36.7896444],[28.6241854,36.7899002],[28.6240409,36.7900208],[28.6238947,36.7908114],[28.6229179,36.7909556],[28.6227788,36.791071],[28.6224708,36.7915889],[28.6209008,36.792895],[28.6205928,36.793413],[28.6199648,36.793935],[28.6194373,36.7943498],[28.6193442,36.7945437],[28.6191221,36.7948324],[28.6188849,36.7952423],[28.6182125,36.7953871],[28.6175931,36.7956465],[28.6171382,36.7960253],[28.6169862,36.7965544],[28.6153822,36.7969639],[28.6149351,36.7971446],[28.6140464,36.797394],[28.6134095,36.797716],[28.6130302,36.7981362],[28.6122291,36.7988025],[28.6115951,36.7990675],[28.6114508,36.7991879],[28.6111418,36.7997059],[28.6109703,36.7998488],[28.6100085,36.8001213],[28.6093871,36.8003825],[28.6088078,36.8006152],[28.6081085,36.8009183],[28.6064763,36.8015674],[28.6055296,36.8014701],[28.6047774,36.801821],[28.6039229,36.8019636],[28.6034697,36.8020038],[28.6028837,36.8019676],[28.6027259,36.802099],[28.6021867,36.8021525]]]]},"properties":{}},{"type":"Feature","geometry":{"type":"MultiPolygon","coordinates":[[[[28.6368346,36.8387383],[28.6371067,36.8381612],[28.6375252,36.8373064],[28.6378073,36.8369615],[28.6380046,36.8368002],[28.6382069,36.8366448],[28.6384239,36.8366012],[28.638869,36.8364974],[28.6398387,36.8363527],[28.6400522,36.836303],[28.640252,36.8363469],[28.6404988,36.8363218],[28.6408671,36.8362622],[28.641146,36.8362125],[28.6412824,36.8361807],[28.6413686,36.83614],[28.6415708,36.8360778],[28.641733,36.8359957],[28.641635,36.8356539],[28.6415096,36.8352212],[28.6414195,36.8349202],[28.6413092,36.8347852],[28.6411692,36.8346821],[28.6411453,36.8345846],[28.6411061,36.8344498],[28.640922,36.8342868],[28.640972,36.8342546],[28.640871,36.8341739],[28.6406595,36.8339638],[28.6405707,36.8338906],[28.6405263,36.833854],[28.6404422,36.8338374],[28.6402403,36.8337913],[28.6400992,36.8337066],[28.6401073,36.8336401],[28.6398218,36.8334504],[28.6397819,36.8333487],[28.6395507,36.8331798],[28.6392668,36.8329356],[28.6389159,36.8327525],[28.6384655,36.8326812],[28.6381058,36.8325717],[28.638031,36.8325425],[28.6376662,36.8324805],[28.6374565,36.8323564],[28.6372193,36.83224],[28.6368898,36.8319916],[28.6369003,36.8318979],[28.6369533,36.8318715],[28.637058,36.8318898],[28.6371826,36.8319125],[28.6373724,36.8319318],[28.6375304,36.8319003],[28.6377584,36.8318581],[28.6379359,36.8318537],[28.6379795,36.8318121],[28.6380738,36.8317667],[28.638236,36.8316348],[28.6384302,36.8313736],[28.6385185,36.8311755],[28.6385164,36.8309408],[28.6384512,36.8307272],[28.6383283,36.8305489],[28.63825,36.83025],[28.6378576,36.829787],[28.6373315,36.8294162],[28.6373293,36.82926],[28.6372431,36.8290844],[28.6371099,36.8289495],[28.6368856,36.828772],[28.6365026,36.8285701],[28.636197,36.8285387],[28.6359073,36.8285657],[28.6358327,36.8286328],[28.6356485,36.8287206],[28.6355506,36.8287896],[28.6353704,36.8288398],[28.6349668,36.8290906],[28.6348219,36.829329],[28.6345924,36.8295253],[28.6341936,36.829441],[28.6337445,36.8292443],[28.6333929,36.8290617],[28.6330792,36.828724],[28.6330205,36.828667],[28.6321533,36.827817],[28.6318377,36.8272313],[28.6316954,36.8269017],[28.6316783,36.8265777],[28.6317346,36.8263654],[28.6319053,36.8262537],[28.6320486,36.8261736],[28.6322088,36.826096],[28.6323688,36.8261353],[28.6324735,36.8261305],[28.6325649,36.8260764],[28.6327135,36.825945],[28.6330024,36.8258171],[28.6331523,36.825766],[28.633404,36.8255947],[28.6338823,36.825566],[28.634237,36.8251244],[28.6342854,36.8249228],[28.6341692,36.8244941],[28.6345603,36.8240042],[28.6354605,36.8217377],[28.6359746,36.8204116],[28.6361298,36.820437],[28.6362543,36.820334],[28.6363401,36.8202412],[28.6363916,36.8200728],[28.6366706,36.8199732],[28.636735,36.8197361],[28.6367586,36.819616],[28.636963,36.819],[28.6365239,36.8183733],[28.6360703,36.8181484],[28.6356518,36.8180048],[28.6348804,36.8176137],[28.6343605,36.8170601],[28.63422,36.8166836],[28.6341234,36.81634],[28.6341288,36.8159706],[28.63425,36.81575],[28.6344507,36.8156399],[28.6346707,36.8155625],[28.6348316,36.8156871],[28.6349872,36.816108],[28.6351911,36.8164731],[28.6354218,36.8167952],[28.6353574,36.8170486],[28.6354486,36.8171646],[28.6356042,36.817229],[28.6357812,36.8173364],[28.635851,36.8174781],[28.6361085,36.8176156],[28.6362748,36.8175426],[28.6364358,36.817302],[28.636527,36.8171947],[28.6366933,36.8172247],[28.6368006,36.817199],[28.6369401,36.8171474],[28.6369562,36.8169928],[28.636924,36.8168639],[28.6367577,36.8168768],[28.6366504,36.8169885],[28.6365163,36.8170357],[28.6363714,36.8170186],[28.6362265,36.8169541],[28.6360602,36.8167952],[28.635792,36.8164387],[28.6355935,36.8161295],[28.6354364,36.8158807],[28.6351911,36.8155497],[28.6349121,36.8153478],[28.635014,36.8153564],[28.6351857,36.8153349],[28.6353252,36.8153134],[28.6354647,36.8153048],[28.6356364,36.8153134],[28.6357276,36.8152619],[28.6358885,36.8152018],[28.6361085,36.8151116],[28.6364603,36.8149678],[28.6378655,36.8151211],[28.6378692,36.8150266],[28.6364787,36.8148753],[28.6363982,36.8148796],[28.6362695,36.8149569],[28.6360978,36.8150171],[28.63591,36.8150901],[28.6357008,36.8151631],[28.6354593,36.8152275],[28.6352447,36.815249],[28.6350784,36.8152877],[28.634955,36.8152361],[28.6348585,36.8152834],[28.6347726,36.8153693],[28.6347672,36.8153005],[28.6347619,36.8152232],[28.6347297,36.8151674],[28.6346546,36.8150772],[28.6345205,36.8150987],[28.6343595,36.8151373],[28.6342649,36.8147983],[28.6338913,36.8144319],[28.6332366,36.8139177],[28.6324761,36.8137489],[28.63075,36.81375],[28.6305,36.813701],[28.6296497,36.8142718],[28.629211,36.8148753],[28.6288192,36.8152324],[28.6282987,36.8154013],[28.6279156,36.8154177],[28.6278087,36.8154223],[28.62739,36.8154013],[28.6257127,36.8144901],[28.6259562,36.814188],[28.6259927,36.8139443],[28.6254084,36.8143634],[28.6248971,36.8141392],[28.6243737,36.8143244],[28.6234728,36.8136909],[28.6229737,36.812882],[28.6229981,36.8123655],[28.6233998,36.8118392],[28.6230833,36.8115274],[28.6227668,36.8123168],[28.6221581,36.8123168],[28.6223164,36.8125702],[28.6218173,36.8126676],[28.6213547,36.8130964],[28.6211843,36.8137689],[28.620393,36.8138566],[28.6199061,36.8138469],[28.6187983,36.8142854],[28.6184453,36.814071],[28.6177393,36.8137787],[28.6174445,36.8133924],[28.6173052,36.8129966],[28.6171407,36.8126003],[28.617228,36.8120341],[28.6172585,36.8112687],[28.6172654,36.8106791],[28.6172967,36.8100878],[28.61625,36.811],[28.6165,36.81325],[28.6169459,36.8141097],[28.6168447,36.8144153],[28.6171176,36.814356],[28.6175078,36.8147245],[28.6173277,36.8152074],[28.61675,36.816],[28.617,36.81775],[28.6172586,36.8186572],[28.6174595,36.8188737],[28.617507,36.8191623],[28.6174103,36.8192221],[28.6174774,36.8192555],[28.6175905,36.8192274],[28.6177556,36.819262],[28.618026,36.8194544],[28.6183223,36.8196126],[28.6183503,36.8196865],[28.6184058,36.8196566],[28.6185926,36.8196935],[28.6187618,36.8197709],[28.6187838,36.819836],[28.618898,36.8198466],[28.6189684,36.8198079],[28.6190354,36.8198179],[28.6191837,36.8198835],[28.6192101,36.8199363],[28.6193226,36.8199544],[28.6193793,36.8199363],[28.6194276,36.8199891],[28.6194804,36.819982],[28.6195002,36.8199398],[28.6195507,36.8199469],[28.6196584,36.8199486],[28.6197661,36.8200049],[28.6198378,36.8200116],[28.6199832,36.820035],[28.6201034,36.8201209],[28.6201418,36.8202178],[28.6201877,36.8201873],[28.6202649,36.820209],[28.6202707,36.8202721],[28.6203609,36.820303],[28.6204671,36.820318],[28.6205376,36.8203734],[28.6206033,36.8204289],[28.6206209,36.8205047],[28.6206758,36.8204799],[28.6206539,36.8204324],[28.6206275,36.8203831],[28.6206143,36.8203444],[28.6205497,36.8202584],[28.6205068,36.8201622],[28.6205068,36.8201038],[28.6205841,36.8201038],[28.6206914,36.8201209],[28.6207858,36.820145],[28.6209274,36.8202137],[28.6210176,36.8202171],[28.6211298,36.82025],[28.6213523,36.8203546],[28.6216485,36.8204954],[28.6217343,36.8205436],[28.6218196,36.8206324],[28.6218782,36.8207922],[28.6219661,36.8207738],[28.6220262,36.820681],[28.6221464,36.8206707],[28.6223738,36.8207806],[28.6225927,36.8208596],[28.6232006,36.8209932],[28.6233567,36.8210692],[28.6236915,36.8211964],[28.6239276,36.8212823],[28.6243225,36.8214313],[28.6244726,36.8215296],[28.6245413,36.8215606],[28.6246287,36.8216324],[28.624881,36.8218398],[28.6257037,36.8220645],[28.6269664,36.8218769],[28.6270221,36.821619],[28.627065,36.8214884],[28.6271899,36.8213729],[28.627211,36.8209284],[28.627103,36.8203594],[28.6269234,36.8202687],[28.6268161,36.8200531],[28.62725,36.8195],[28.628,36.819],[28.6280954,36.8187131],[28.6282067,36.8186023],[28.6282023,36.818394],[28.6281938,36.8179598],[28.6281074,36.8177368],[28.6278762,36.8173928],[28.6276769,36.8172965],[28.6274703,36.8165329],[28.6270974,36.8165671],[28.6269711,36.8167224],[28.6273078,36.8171721],[28.6272106,36.8172678],[28.6268934,36.816892],[28.6268276,36.8166008],[28.6268247,36.8164617],[28.6269152,36.8163564],[28.6273078,36.8161679],[28.6277656,36.8160811],[28.6287188,36.8159501],[28.6294772,36.8158086],[28.630019,36.8154008],[28.6304319,36.8149229],[28.6306274,36.8147471],[28.6306789,36.8146268],[28.6308071,36.8146165],[28.6310266,36.8147161],[28.63125,36.81475],[28.6324595,36.8149036],[28.6326146,36.8149738],[28.6326962,36.8148879],[28.632935,36.8149571],[28.6331902,36.8151126],[28.6335,36.817],[28.635,36.81875],[28.6355,36.81875],[28.6359388,36.8189333],[28.636,36.81925],[28.6351913,36.8204031],[28.6345,36.82275],[28.634,36.82325],[28.6339301,36.8237284],[28.6335,36.82425],[28.6325193,36.8253459],[28.6318736,36.8258053],[28.6309793,36.8262506],[28.6308674,36.8263063],[28.631,36.827],[28.6313478,36.8276289],[28.6317511,36.8282043],[28.63275,36.82925],[28.6337876,36.8298934],[28.6340575,36.8299965],[28.634396,36.8302235],[28.6344608,36.8301973],[28.6345202,36.830138],[28.6346987,36.8303339],[28.6348049,36.8303714],[28.6347969,36.8304435],[28.6349133,36.830518],[28.6350125,36.8306822],[28.6351392,36.8306649],[28.6352132,36.8307167],[28.6353558,36.8307697],[28.635433,36.8306774],[28.6355271,36.8306147],[28.6356525,36.8306429],[28.6357986,36.830548],[28.635888,36.8305781],[28.6359816,36.8305551],[28.6360742,36.8305346],[28.6360561,36.8304435],[28.6361343,36.8304015],[28.6360758,36.8301182],[28.6360752,36.8298399],[28.6361311,36.8297709],[28.6362127,36.8296582],[28.6363123,36.8294334],[28.6367651,36.8296238],[28.6370629,36.8298746],[28.6373249,36.8301055],[28.6376411,36.8302656],[28.6378039,36.8304622],[28.6378869,36.8306881],[28.6378249,36.8310126],[28.6376466,36.8311792],[28.6374002,36.8313263],[28.637008,36.8313767],[28.6366179,36.8314237],[28.6363929,36.8314959],[28.6363107,36.8316401],[28.6362245,36.8316621],[28.6361774,36.8318283],[28.6363662,36.832273],[28.6365849,36.8325872],[28.6367142,36.8327502],[28.6368259,36.832802],[28.6371385,36.832962],[28.6376325,36.8331281],[28.6380108,36.8330997],[28.6382693,36.8332291],[28.6383606,36.8332224],[28.6385203,36.8331924],[28.6388797,36.8333057],[28.639152,36.833518],[28.6394564,36.833908],[28.6395781,36.8340202],[28.6394802,36.8341394],[28.6395742,36.8342052],[28.6397051,36.8341314],[28.639778,36.8342272],[28.6397398,36.8344078],[28.6400303,36.834739],[28.6403042,36.8348101],[28.6404561,36.8348001],[28.6407972,36.8350541],[28.6407271,36.8351595],[28.640735,36.835341],[28.6406712,36.8354783],[28.640589,36.835563],[28.6405576,36.835632],[28.6405498,36.8357135],[28.6404605,36.8358334],[28.6401697,36.8358233],[28.6398054,36.8358421],[28.6394998,36.8357856],[28.6393426,36.8357841],[28.6390845,36.8358201],[28.6388886,36.8358264],[28.6387593,36.835864],[28.6383283,36.8359926],[28.6377208,36.8362278],[28.637486,36.8363438],[28.6370355,36.8365256],[28.6369493,36.8367451],[28.6368317,36.8369646],[28.6364586,36.8371716],[28.6360834,36.8377078],[28.6360207,36.8379618],[28.636103,36.8380684],[28.6360991,36.8381374],[28.6360075,36.8381456],[28.6358919,36.8382095],[28.6357562,36.8382574],[28.6356366,36.8382893],[28.6355329,36.8383532],[28.635469,36.8384042],[28.6353932,36.8384585],[28.6354052,36.8384968],[28.6354052,36.8385383],[28.6353733,36.8386213],[28.6353055,36.8386852],[28.6352257,36.8387586],[28.6351898,36.8388735],[28.6351858,36.8389789],[28.6351858,36.8390555],[28.635138,36.8391098],[28.6350582,36.83918],[28.6349904,36.8392566],[28.6347909,36.839346],[28.6345835,36.8394322],[28.6343721,36.8394705],[28.6342245,36.8394609],[28.6341327,36.8395152],[28.6340171,36.8395152],[28.6338934,36.8395631],[28.6338136,36.8397195],[28.6337777,36.8398249],[28.6337059,36.8398408],[28.6335863,36.8399111],[28.6334905,36.8400132],[28.6333589,36.8401664],[28.6331076,36.8403708],[28.6329161,36.8405176],[28.6326209,36.8408464],[28.6324414,36.8410412],[28.6322739,36.8411848],[28.6321862,36.8413923],[28.6322061,36.8417945],[28.6322619,36.8420276],[28.6323258,36.8423436],[28.6323377,36.8425958],[28.6324095,36.8428257],[28.6324414,36.8429438],[28.6323329,36.8429302],[28.6322168,36.8428579],[28.6320495,36.8426848],[28.6319162,36.8426028],[28.6316908,36.8424575],[28.6316703,36.8423677],[28.6317155,36.8421808],[28.6319029,36.8418584],[28.6319189,36.8416605],[28.6318272,36.8414498],[28.6317234,36.8412614],[28.6317177,36.8411113],[28.631748,36.8409808],[28.6318167,36.8408846],[28.6319009,36.8407011],[28.6319657,36.8404922],[28.6320268,36.840378],[28.6321015,36.8402819],[28.6321704,36.840291],[28.6322425,36.8401811],[28.6323128,36.8400134],[28.6322459,36.8398612],[28.6321163,36.8398693],[28.6320936,36.8399677],[28.6320742,36.8401124],[28.6319678,36.8403432],[28.631827,36.840618],[28.6317206,36.8407939],[28.631536,36.8411146],[28.6315878,36.8413029],[28.6316078,36.8414913],[28.6317274,36.8416349],[28.6317354,36.8417722],[28.6316835,36.8419701],[28.6315559,36.8421617],[28.6314881,36.8422478],[28.6313884,36.8422638],[28.6313046,36.8421872],[28.6312208,36.8421776],[28.6312647,36.8422415],[28.6313724,36.8423564],[28.6314562,36.8424713],[28.631497,36.8425893],[28.63171,36.8428085],[28.6319839,36.8431129],[28.6321208,36.8434052],[28.6320752,36.8436],[28.6322578,36.8436731],[28.6325721,36.8437057],[28.6326546,36.8437852],[28.6326097,36.8438567],[28.632585,36.843927],[28.6325332,36.8440156],[28.6324219,36.8441037],[28.6323339,36.8441479],[28.632296,36.8442542],[28.6321893,36.8442999],[28.6320372,36.8443495],[28.6318317,36.8443672],[28.6317326,36.8443785],[28.6316344,36.844612],[28.6318393,36.8446511],[28.6319872,36.8446311],[28.6320217,36.8446371],[28.6323194,36.8445688],[28.6322578,36.8447447],[28.6320295,36.8450126],[28.6315578,36.8456458],[28.6310557,36.846486],[28.6309719,36.8467743],[28.6309035,36.8470096],[28.6308274,36.8472288],[28.6310557,36.8475697],[28.6311926,36.8478742],[28.6314817,36.8482151],[28.6316491,36.8483247],[28.6316491,36.8484586],[28.6316339,36.8486413],[28.6315122,36.8487874],[28.6313448,36.8489335],[28.6310557,36.8491527],[28.6309492,36.8493475],[28.6312535,36.8493354],[28.6314513,36.8491771],[28.6316491,36.8489457],[28.6318317,36.8487265],[28.6321361,36.8485682],[28.6324252,36.8485074],[28.6327447,36.8485195],[28.6329425,36.8486656],[28.632973,36.8489579],[28.6329882,36.8494937],[28.6329577,36.8498955],[28.6328664,36.8504434],[28.6325621,36.8511009],[28.6323339,36.8517706],[28.6322882,36.8526473],[28.6322021,36.852986],[28.6321892,36.8532938],[28.632365,36.853594],[28.632873,36.8534616],[28.6334134,36.8534532],[28.6333429,36.8531998],[28.633335,36.8529093],[28.6333509,36.8526955],[28.6333709,36.8524689],[28.6334108,36.8521593],[28.6334985,36.8518241],[28.6337059,36.851173],[28.6337618,36.8509942],[28.6338455,36.8507708],[28.6339413,36.8506176],[28.6340011,36.8502282],[28.6340649,36.849976],[28.6341407,36.8498355],[28.6341407,36.8497781],[28.6341128,36.8495674],[28.6341288,36.8492291],[28.6341088,36.8489386],[28.6341048,36.8488556],[28.6340929,36.8487566],[28.6341407,36.8486896],[28.6342444,36.8486832],[28.634396,36.8487439],[28.6345875,36.8488173],[28.6346832,36.8487311],[28.6346593,36.84868],[28.6346473,36.848629],[28.6346912,36.8485428],[28.634747,36.8484534],[28.6346792,36.8483896],[28.6346792,36.8483098],[28.6346992,36.848198],[28.6346513,36.8481693],[28.6345675,36.8481661],[28.6345356,36.8481374],[28.6345635,36.8480767],[28.6345596,36.8479969],[28.6345356,36.8479459],[28.6345596,36.847882],[28.6344878,36.8478405],[28.634408,36.8478533],[28.6343043,36.8479076],[28.6341966,36.8479746],[28.634057,36.8480448],[28.6338894,36.8480225],[28.6338096,36.8479746],[28.6337418,36.8479203],[28.6336062,36.847748],[28.6334506,36.8477224],[28.6333469,36.8477033],[28.6332432,36.8477001],[28.6331315,36.8476586],[28.632952,36.8476139],[28.632617,36.8475469],[28.6323457,36.8474703],[28.6321901,36.8472979],[28.6321423,36.8471319],[28.6321423,36.8470489],[28.6321343,36.8469499],[28.6321183,36.8468542],[28.6321702,36.8467233],[28.6324455,36.8462311],[28.6325093,36.8461423],[28.632601,36.8460785],[28.6326688,36.84597],[28.6327526,36.8458263],[28.6328244,36.8457134],[28.6329066,36.8456234],[28.6329799,36.8455391],[28.6330916,36.8454165],[28.6331307,36.845345],[28.633217,36.8452071],[28.6333255,36.8450929],[28.6333973,36.8449977],[28.6334419,36.8449288],[28.6334899,36.8448931],[28.6335137,36.8448355],[28.6335783,36.8447665],[28.633584,36.8446797],[28.6336381,36.8445814],[28.633666,36.8444218],[28.6337618,36.844077],[28.6337658,36.8438248],[28.6337658,36.8436173],[28.6337618,36.8434737],[28.6337458,36.843413],[28.6338096,36.8433588],[28.6338495,36.8432821],[28.6338176,36.8432343],[28.633686,36.8432215],[28.6336022,36.8432853],[28.6335264,36.8433077],[28.6334506,36.8432917],[28.6334187,36.8432406],[28.6334786,36.8431672],[28.6335623,36.8430938],[28.633674,36.8430331],[28.633694,36.8429916],[28.6336581,36.8429629],[28.6335982,36.8429438],[28.6335982,36.8428608],[28.6336062,36.8427554],[28.6335823,36.8426788],[28.6334985,36.842599],[28.6334147,36.8423181],[28.633335,36.8419254],[28.6332991,36.8416381],[28.6333549,36.8414242],[28.6334626,36.8412199],[28.6335823,36.8410699],[28.6338575,36.84084],[28.6340171,36.8407123],[28.6342285,36.8405719],[28.6343202,36.8404857],[28.6344,36.8404474],[28.6344718,36.8404346],[28.6344718,36.8403835],[28.6345755,36.8402941],[28.634759,36.8401952],[28.6349505,36.840093],[28.6352137,36.8400132],[28.6354012,36.839943],[28.6356166,36.8398344],[28.6358161,36.8397099],[28.6359637,36.8395918],[28.6362389,36.8394035],[28.6364822,36.8392247],[28.6366577,36.8390172],[28.6367216,36.8388895],[28.6368346,36.8387383]]]]},"properties":{}}]}