{"type":"FeatureCollection","features":[{"type":"Feature","geometry":{"type":"MultiPolygon","coordinates":[[[[27.7477577,36.559481],[27.7477904,36.559571],[27.7478371,36.5595954],[27.7478674,36.5595767],[27.7478791,36.559541],[27.7478277,36.5594735],[27.7477834,36.5594585],[27.7477577,36.559481]]],[[[27.7473311,36.5600852],[27.7458976,36.5604422],[27.7454683,36.5606387],[27.7452504,36.5608572],[27.745152,36.5608813],[27.7451216,36.5611176],[27.745023,36.5611514],[27.7450731,36.5611954],[27.7451607,36.5612093],[27.7451918,36.5612831],[27.7452712,36.5613655],[27.7453681,36.5613911],[27.7454057,36.5614477],[27.7457085,36.5615691],[27.7456239,36.5617273],[27.7459344,36.5617714],[27.7468586,36.5617757],[27.7468609,36.5616894],[27.7469682,36.5616889],[27.7470684,36.5617396],[27.7473455,36.561641],[27.7476448,36.5615858],[27.7478295,36.5616091],[27.7478937,36.5615805],[27.7479713,36.5613561],[27.7481572,36.5610337],[27.7483003,36.5608677],[27.7486656,36.5605907],[27.7488095,36.5603913],[27.7487305,36.5602887],[27.7483031,36.5599336],[27.7482085,36.559784],[27.7479143,36.5596926],[27.7478321,36.559694],[27.7477331,36.559757],[27.7475568,36.5599941],[27.7473311,36.5600852]]],[[[27.7478291,36.5617092],[27.7478937,36.5616922],[27.7479008,36.5616602],[27.7478101,36.5616751],[27.7478291,36.5617092]]],[[[27.745903,36.5681048],[27.7460351,36.5681866],[27.7460865,36.5681918],[27.7461179,36.5682452],[27.7461043,36.5682769],[27.7460569,36.5682962],[27.7462097,36.5685501],[27.7461736,36.5685874],[27.7461786,36.568663],[27.7462477,36.5687632],[27.7465976,36.5691163],[27.7466459,36.5691963],[27.7467082,36.5691458],[27.7467665,36.5691337],[27.7471356,36.5691712],[27.7471768,36.5691467],[27.7473438,36.569148],[27.7472997,36.5692038],[27.7473564,36.5692075],[27.7474017,36.5691747],[27.7474536,36.5691744],[27.7474781,36.5692027],[27.7482531,36.5692086],[27.7482985,36.5691857],[27.7483423,36.5691974],[27.7484485,36.5691193],[27.7484596,36.5691913],[27.7484307,36.5692238],[27.7485314,36.569267],[27.7485427,36.569304],[27.7486881,36.5693535],[27.7487319,36.5694154],[27.7488668,36.5693146],[27.7489126,36.5692234],[27.7488686,36.5691493],[27.7488832,36.5691112],[27.7488362,36.5690932],[27.7486234,36.5687873],[27.7485143,36.5689478],[27.7482178,36.5687613],[27.7480437,36.5687378],[27.7476871,36.5683818],[27.7473851,36.5682318],[27.7472566,36.5680787],[27.7471576,36.5680627],[27.7470425,36.5678735],[27.7469925,36.5678606],[27.7468983,36.5678898],[27.7467658,36.5678065],[27.7466752,36.5678138],[27.7466868,36.5677227],[27.7464789,36.5676448],[27.7463276,36.5675945],[27.7462448,36.5676523],[27.7461987,36.567697],[27.7461877,36.5678386],[27.7461416,36.5679577],[27.7459764,36.5680036],[27.745903,36.5681048]]],[[[27.7519762,36.573089],[27.7522015,36.5734464],[27.7521392,36.5737742],[27.7522762,36.5740956],[27.7527649,36.5746123],[27.7531102,36.5748355],[27.7535903,36.5751155],[27.7538624,36.5751611],[27.7540622,36.5750731],[27.7553158,36.5752694],[27.7554698,36.5753949],[27.7556364,36.5753048],[27.7556722,36.5751814],[27.75539,36.5748796],[27.7552493,36.5746802],[27.7553219,36.5745656],[27.755198,36.5745752],[27.7551978,36.5743517],[27.7548616,36.5742529],[27.7548017,36.5740708],[27.7546111,36.5740247],[27.7548246,36.5739327],[27.7549966,36.57376],[27.7550009,36.5735625],[27.7547654,36.5735752],[27.754601,36.5733],[27.7542448,36.573097],[27.7542706,36.5728725],[27.7538449,36.572353],[27.753717,36.571931],[27.7531532,36.571676],[27.7528624,36.5715105],[27.7520628,36.5713215],[27.7514041,36.5710845],[27.7506914,36.570923],[27.7504387,36.570954],[27.7503541,36.57112],[27.7503255,36.571406],[27.7505305,36.571662],[27.7508795,36.5720145],[27.751306,36.57237],[27.7519762,36.573089]]],[[[27.7592987,36.5796366],[27.7596697,36.580241],[27.7596301,36.5803432],[27.7596747,36.5804319],[27.7597636,36.5804806],[27.7597576,36.5806233],[27.759988,36.5807329],[27.7603645,36.5810229],[27.7605022,36.5813964],[27.760951,36.5814979],[27.7611466,36.5816004],[27.7612889,36.5817064],[27.7613678,36.5818574],[27.7613658,36.5820137],[27.7614155,36.5821432],[27.7616338,36.5823154],[27.7619268,36.5824879],[27.763193,36.5827679],[27.763512,36.5827659],[27.7640748,36.5828339],[27.7646367,36.5827687],[27.7647518,36.5826395],[27.7646878,36.5824248],[27.7645251,36.58234],[27.7646679,36.5820576],[27.7649415,36.5816477],[27.7649895,36.5813035],[27.7645684,36.5809374],[27.7642534,36.5808054],[27.7641355,36.5808119],[27.7640846,36.5806468],[27.7638227,36.5806333],[27.7636931,36.5805864],[27.7635327,36.5805917],[27.763261,36.5804242],[27.763328,36.5803269],[27.763168,36.5801989],[27.762528,36.5799459],[27.762046,36.5795649],[27.76183,36.5794819],[27.7609036,36.5795337],[27.760858,36.5795442],[27.7608863,36.5795803],[27.7607555,36.5796497],[27.7607685,36.5796837],[27.7607126,36.5796969],[27.7607181,36.5797294],[27.760686,36.5797315],[27.7606541,36.5797732],[27.7604713,36.5796775],[27.7605052,36.5796574],[27.7603479,36.5795188],[27.7601181,36.5794109],[27.7597322,36.5794339],[27.7594181,36.5793253],[27.7592904,36.579397],[27.7593112,36.5795233],[27.7592987,36.5796366]]],[[[27.7651531,36.5828101],[27.7651815,36.5829211],[27.7652344,36.5829537],[27.7653116,36.5829472],[27.7653262,36.5828405],[27.765242,36.5828355],[27.7652141,36.5828035],[27.7651531,36.5828101]]],[[[27.7660039,36.5829415],[27.7660717,36.5830157],[27.7660963,36.5829811],[27.766124,36.5829391],[27.7661086,36.5828846],[27.7660039,36.5829415]]],[[[27.7656927,36.5832236],[27.7657851,36.5831964],[27.7658375,36.5831444],[27.7657019,36.5831073],[27.7656927,36.5832236]]],[[[27.7659238,36.5832186],[27.7657851,36.5832335],[27.7657327,36.5832978],[27.765779,36.5833003],[27.7659238,36.5832186]]],[[[27.7660901,36.5833349],[27.7658252,36.5833077],[27.7658529,36.5833448],[27.765856,36.5834067],[27.7657851,36.5834561],[27.7658129,36.5835056],[27.7658868,36.5835229],[27.7659577,36.5835081],[27.7660378,36.5834636],[27.7661148,36.5834611],[27.766161,36.5834215],[27.7661117,36.5833869],[27.7661394,36.5833027],[27.7660901,36.5833349]]],[[[27.7662057,36.5835564],[27.7661494,36.5835219],[27.766085,36.5835327],[27.7660448,36.5835887],[27.7660582,36.5836275],[27.7661575,36.5836619],[27.7663694,36.5836296],[27.7663854,36.5835715],[27.7662674,36.5835392],[27.7662057,36.5835564]]],[[[27.7694029,36.5868838],[27.7693831,36.5868479],[27.7695437,36.5867138],[27.7696196,36.5867036],[27.7696842,36.5866638],[27.7697286,36.5865366],[27.7696509,36.58654],[27.7696356,36.5865167],[27.7697075,36.5864436],[27.7697286,36.586388],[27.7699591,36.5863251],[27.7700066,36.5863464],[27.7701615,36.5863297],[27.7702385,36.586268],[27.7703078,36.5862708],[27.7704725,36.5861893],[27.7704427,36.5861128],[27.7703481,36.5860835],[27.7703924,36.5860712],[27.7704235,36.5860322],[27.7703965,36.5860084],[27.7705115,36.5859241],[27.770332,36.5858896],[27.7701793,36.5858135],[27.7700742,36.5858341],[27.7700997,36.5857898],[27.7700215,36.5857625],[27.7699478,36.5857937],[27.7699163,36.5857785],[27.7699817,36.5857284],[27.7699029,36.5857372],[27.7699011,36.5856335],[27.7698243,36.5857078],[27.7698366,36.5855728],[27.76978,36.5855215],[27.769809,36.5855053],[27.7697792,36.5854236],[27.7697382,36.5854021],[27.7697485,36.5853313],[27.7697191,36.5852948],[27.7698086,36.5851855],[27.7698301,36.584979],[27.7700382,36.5849146],[27.7701593,36.5847968],[27.7701131,36.5847423],[27.7701188,36.5846517],[27.7701861,36.5845457],[27.7702864,36.5845241],[27.7702982,36.5844715],[27.7704483,36.5844468],[27.7703368,36.5843593],[27.770333,36.5842285],[27.7704635,36.5841351],[27.7705109,36.5839823],[27.7706166,36.5839355],[27.7706388,36.5838728],[27.7705483,36.5838574],[27.770517,36.5838906],[27.7703935,36.5838652],[27.7703689,36.5838881],[27.7702982,36.5838924],[27.7702353,36.5837857],[27.7700036,36.5837158],[27.7696938,36.5835816],[27.7696464,36.5834954],[27.7695665,36.5835155],[27.7695683,36.5834353],[27.7696643,36.5833998],[27.7696642,36.5833706],[27.7695773,36.583356],[27.7695326,36.5833197],[27.7693461,36.5832882],[27.7692648,36.5832324],[27.7691471,36.58321],[27.7690587,36.5830954],[27.7690107,36.5830841],[27.7689762,36.5829783],[27.7688342,36.5828202],[27.7688791,36.5828017],[27.7688167,36.5827528],[27.7687642,36.5827817],[27.7685668,36.5827991],[27.7685531,36.5828181],[27.7684728,36.5828229],[27.7684641,36.5827925],[27.7683714,36.5827977],[27.7683397,36.5828664],[27.7683499,36.5829281],[27.7683101,36.5829205],[27.7682751,36.5829445],[27.7682632,36.5830179],[27.76817,36.5830783],[27.7681376,36.5831775],[27.7680228,36.5832739],[27.767754,36.5835718],[27.767674,36.5835903],[27.7675813,36.5835211],[27.7675213,36.5835415],[27.7674128,36.5835175],[27.7673871,36.5835654],[27.7671983,36.5835693],[27.7671819,36.5835893],[27.7670472,36.583578],[27.7669686,36.5835366],[27.766952,36.5835638],[27.7668874,36.5835322],[27.7666927,36.5835404],[27.766648,36.5835136],[27.7664073,36.5836892],[27.7662387,36.5837587],[27.7662524,36.58381],[27.7663554,36.583852],[27.7666197,36.5838461],[27.7667037,36.5838127],[27.7668419,36.5838043],[27.7669314,36.5838059],[27.7669834,36.5838382],[27.7670663,36.583817],[27.7671689,36.5838263],[27.7673682,36.5838862],[27.7677869,36.584205],[27.7678429,36.5842658],[27.7678895,36.5845555],[27.7679261,36.584614],[27.7679167,36.5847088],[27.7679558,36.5847562],[27.767945,36.5849041],[27.7680064,36.58493],[27.7679556,36.5849649],[27.76789,36.5850818],[27.7679342,36.5852316],[27.7679697,36.5852528],[27.7679372,36.5853386],[27.7678835,36.5853392],[27.7678713,36.5853922],[27.7679656,36.5854371],[27.7679996,36.5855304],[27.7681006,36.5855216],[27.7681444,36.58554],[27.7681613,36.5856003],[27.7682233,36.585578],[27.7682476,36.5856099],[27.7682183,36.5856418],[27.7682459,36.5856764],[27.7682371,36.5857228],[27.7681994,36.5857614],[27.7681397,36.5857093],[27.768107,36.5857488],[27.7681168,36.5857791],[27.7680547,36.5858551],[27.7680863,36.5858814],[27.7680307,36.5859308],[27.768019,36.5859777],[27.7681135,36.5859903],[27.7681935,36.5859723],[27.768176,36.5860268],[27.7681992,36.586065],[27.7683737,36.5861194],[27.7688917,36.5861791],[27.7690085,36.5861463],[27.7689883,36.5861769],[27.7690082,36.586199],[27.7690618,36.5861952],[27.7689948,36.5863285],[27.7690195,36.5864126],[27.7690916,36.58643],[27.7691014,36.5865091],[27.7691396,36.5865564],[27.7690616,36.5865808],[27.7690579,36.5866568],[27.7690112,36.586762],[27.7690456,36.586798],[27.7690377,36.5868851],[27.7690858,36.5869499],[27.7690844,36.5870046],[27.7691592,36.587054],[27.7693339,36.58705],[27.7693937,36.5870117],[27.7693746,36.5869264],[27.7694029,36.5868838]]],[[[27.762816,36.6013433],[27.7628893,36.6014048],[27.7629671,36.6014338],[27.7630212,36.6014075],[27.7630133,36.6013333],[27.7630325,36.6013034],[27.7630032,36.6011441],[27.7630077,36.6011061],[27.7630539,36.6010834],[27.7630223,36.6010327],[27.7630393,36.6009549],[27.7629738,36.6008978],[27.762843,36.6008969],[27.7628464,36.6009259],[27.7627133,36.6010653],[27.762631,36.6011124],[27.7626005,36.6011568],[27.7624909,36.6011976],[27.7624833,36.6012355],[27.7626039,36.6013315],[27.762816,36.6013433]]],[[[27.7717413,36.60341],[27.7717845,36.603394],[27.7717691,36.6033742],[27.7717228,36.6033754],[27.7717413,36.60341]]],[[[27.7708568,36.6035877],[27.7708861,36.6036063],[27.770943,36.6035618],[27.7709138,36.603542],[27.7708629,36.6035605],[27.7708568,36.6035877]]],[[[27.7703238,36.6036211],[27.7703592,36.6036199],[27.7703638,36.6035964],[27.7703068,36.6035395],[27.7702698,36.6035766],[27.7703238,36.6036211]]],[[[27.7710709,36.6036224],[27.7710447,36.6036038],[27.7710093,36.6035989],[27.7710309,36.603636],[27.7710709,36.6036224]]],[[[27.7713207,36.6036732],[27.771333,36.6036459],[27.7712853,36.6036373],[27.771293,36.6036744],[27.7713207,36.6036732]]],[[[27.7697678,36.6037037],[27.7698565,36.6037412],[27.7698845,36.6037056],[27.7698402,36.6036925],[27.7697678,36.6037037]]],[[[27.7669817,36.6043958],[27.7670649,36.6043743],[27.7670327,36.604258],[27.7669495,36.6042903],[27.7669817,36.6043958]]],[[[27.7760984,36.6083486],[27.7762226,36.6084243],[27.7762502,36.6084517],[27.7762318,36.6084877],[27.7763351,36.6085426],[27.7763581,36.6085919],[27.7764364,36.6086283],[27.7764693,36.6086143],[27.7764669,36.6085268],[27.7765246,36.6084682],[27.7765004,36.608444],[27.7765071,36.6084121],[27.7765578,36.6083636],[27.7764958,36.6083155],[27.7764994,36.6082896],[27.7766292,36.608003],[27.7766865,36.6079626],[27.7766828,36.6078808],[27.7767105,36.6078708],[27.7766681,36.607782],[27.776502,36.607732],[27.7764291,36.6077499],[27.7763173,36.6078137],[27.7761705,36.6078504],[27.7760782,36.6079292],[27.7760224,36.6080059],[27.7760062,36.6080866],[27.7760735,36.608193],[27.7760163,36.6082498],[27.7760984,36.6083486]]],[[[27.6964496,36.7183423],[27.6964496,36.7182211],[27.6963236,36.7181269],[27.6960127,36.7181942],[27.6959959,36.7183087],[27.6960883,36.7184232],[27.6962732,36.7184636],[27.6963236,36.7183828],[27.6964496,36.7183423]]],[[[27.7135465,36.7256915],[27.7136137,36.7258127],[27.7137734,36.725806],[27.7138238,36.7258801],[27.7137902,36.7259676],[27.7139078,36.7260551],[27.713975,36.7260013],[27.7141934,36.7260349],[27.714185,36.7258868],[27.7140338,36.7258733],[27.7140254,36.7256982],[27.7138826,36.725678],[27.7137734,36.7255501],[27.7137145,36.7253481],[27.7136473,36.7254558],[27.7134961,36.7253346],[27.7134793,36.7255164],[27.7136389,36.725604],[27.7135465,36.7256915]]],[[[27.7677941,36.7513198],[27.7678317,36.7511522],[27.7677298,36.7511737],[27.7677405,36.7512381],[27.7677029,36.7513284],[27.7677941,36.7513198]]],[[[27.7691406,36.7517883],[27.7691406,36.7518657],[27.7692693,36.7519043],[27.7693069,36.7518356],[27.7692264,36.7517496],[27.7691406,36.7517883]]],[[[27.7696234,36.7520462],[27.7697521,36.7521235],[27.7698004,36.7519774],[27.7697682,36.7519129],[27.7696878,36.7519473],[27.7696127,36.7518442],[27.769559,36.7519301],[27.7696234,36.7520462]]],[[[27.760921,36.7529884],[27.7615597,36.7530528],[27.7618279,36.7534225],[27.762523,36.7534924],[27.7627774,36.7535772],[27.763169,36.7536546],[27.7634265,36.7535299],[27.7637108,36.7534955],[27.7643492,36.7535944],[27.7647301,36.7535686],[27.7650037,36.7534998],[27.7647194,36.7532033],[27.7642848,36.7530571],[27.7638342,36.7529497],[27.7632871,36.7526832],[27.763154,36.7527174],[27.762241,36.7521459],[27.76155,36.7519574],[27.7612486,36.751772],[27.7607819,36.7516645],[27.7603152,36.7516602],[27.7595749,36.7514926],[27.7592584,36.751484],[27.7588775,36.7515485],[27.7588882,36.7517892],[27.7595159,36.7523479],[27.759959,36.7524814],[27.760602,36.7529914],[27.760921,36.7529884]]],[[[27.7606263,36.7539683],[27.7608892,36.753891],[27.7608892,36.753762],[27.7607711,36.7536718],[27.7606049,36.7536804],[27.76046,36.7537792],[27.7604868,36.7538953],[27.7606263,36.7539683]]],[[[27.7736462,36.7535505],[27.7738732,36.7540777],[27.7740765,36.7542796],[27.7740318,36.7544458],[27.7738651,36.754449],[27.7737878,36.7543546],[27.7736467,36.7543657],[27.773552,36.7545793],[27.7735602,36.7547617],[27.7730888,36.7547325],[27.7729145,36.754812],[27.772871,36.7549744],[27.7732126,36.7551555],[27.7735568,36.7551209],[27.7737401,36.7550165],[27.7740601,36.7550341],[27.7743139,36.7552054],[27.7745439,36.7555757],[27.7746109,36.7562216],[27.7747942,36.7564965],[27.7751917,36.7567353],[27.7757151,36.7567774],[27.7761823,36.7566129],[27.7764442,36.75625],[27.7760642,36.7558465],[27.7760442,36.7556966],[27.7759303,36.7555239],[27.7755116,36.755221],[27.7755564,36.7548141],[27.7756235,36.7545713],[27.7756092,36.754234],[27.7755457,36.7539137],[27.775536,36.753563],[27.7749953,36.7529279],[27.7745765,36.7528106],[27.7747026,36.7526901],[27.7746213,36.75255],[27.7744871,36.7526054],[27.7742742,36.7525185],[27.7739793,36.7523535],[27.7736816,36.7521364],[27.7735636,36.7520053],[27.7733812,36.752001],[27.7733597,36.7521171],[27.7736762,36.75239],[27.7735114,36.7526673],[27.7735277,36.7527813],[27.7734463,36.753107],[27.7735886,36.7533122],[27.7736462,36.7535505]]],[[[27.5915739,36.9698316],[27.5918626,36.9701439],[27.5919461,36.9704201],[27.5919678,36.971294],[27.5921749,36.9716527],[27.5921986,36.9721979],[27.5915134,36.9727281],[27.5908549,36.9729033],[27.589539,36.9731489],[27.5889584,36.9730141],[27.5887023,36.9730947],[27.5885718,36.9732811],[27.5884521,36.9742599],[27.5885055,36.9744404],[27.5883756,36.9747859],[27.5882186,36.9753454],[27.5883021,36.9756829],[27.5881088,36.9759037],[27.5880989,36.9760901],[27.5877554,36.9760145],[27.5875689,36.97608],[27.5874669,36.9766081],[27.5876044,36.9772138],[27.5878341,36.9775666],[27.5879401,36.9780253],[27.5877104,36.9780324],[27.5874631,36.9786816],[27.5876184,36.978905],[27.5882948,36.9791278],[27.5886256,36.9793877],[27.5888858,36.9798293],[27.5892519,36.9799975],[27.5895573,36.9801074],[27.5905938,36.9800147],[27.5911514,36.9798716],[27.5919444,36.9795007],[27.5920729,36.9792791],[27.5922171,36.9781019],[27.5921709,36.977857],[27.5921601,36.9772824],[27.5922416,36.9770767],[27.5927166,36.9769469],[27.5929384,36.977079],[27.5938023,36.9779731],[27.5943294,36.9782835],[27.5947133,36.9784185],[27.5953101,36.9783348],[27.5971781,36.9776112],[27.5978946,36.9772414],[27.5984541,36.9767928],[27.5991038,36.9760935],[27.5997448,36.9757871],[27.6000853,36.9754989],[27.6002129,36.9752842],[27.6001696,36.9750505],[27.5995207,36.9743188],[27.5991536,36.9739618],[27.5985744,36.9737311],[27.5982191,36.9737231],[27.5978726,36.9736686],[27.5971266,36.9737916],[27.5967947,36.9737946],[27.5965366,36.9736202],[27.5964904,36.9734508],[27.5967661,36.9730408],[27.5970233,36.9729319],[27.5971204,36.9727012],[27.5976014,36.9722455],[27.5984916,36.9715288],[27.5985229,36.9710956],[27.5983001,36.9708315],[27.5979319,36.9707359],[27.5980988,36.9704741],[27.5975431,36.969854],[27.5983343,36.969491],[27.5987013,36.9690476],[27.5988819,36.968727],[27.5990546,36.9685659],[27.5994089,36.9684994],[27.5998084,36.9684833],[27.6005269,36.9682868],[27.6011601,36.9683242],[27.6014654,36.9681961],[27.6015419,36.9680177],[27.6010069,36.9675853],[27.6007851,36.9675128],[27.6008027,36.9674585],[27.6018834,36.9672451],[27.6022201,36.9672257],[27.6024016,36.9670081],[27.6020433,36.9667722],[27.6015829,36.9668523],[27.6014328,36.9671108],[27.6011906,36.9671358],[27.6006004,36.9668506],[27.6004669,36.9669736],[27.6002824,36.9675119],[27.5999173,36.9674896],[27.5995033,36.9676087],[27.5991677,36.9675522],[27.5988119,36.9678999],[27.5983143,36.9678737],[27.5977489,36.9676357],[27.5974098,36.9677851],[27.5976096,36.9680599],[27.5972936,36.9685749],[27.5966566,36.9690919],[27.5963799,36.9694616],[27.5965264,36.9695778],[27.5963583,36.9698679],[27.5956784,36.9701847],[27.5956077,36.9702906],[27.5950777,36.9704176],[27.5945742,36.9702835],[27.5944698,36.9700311],[27.5939298,36.9691825],[27.5933271,36.9691614],[27.5929187,36.9689275],[27.5925928,36.9686543],[27.5923248,36.9685414],[27.5920096,36.9684729],[27.5916386,36.9686594],[27.5915739,36.9698316]]],[[[27.5815619,36.9782792],[27.5815409,36.9782452],[27.5815231,36.978253],[27.5815242,36.9782295],[27.5814186,36.9782517],[27.5813803,36.9782184],[27.5813219,36.9782246],[27.5812498,36.97811],[27.5812182,36.9781311],[27.5811374,36.9781147],[27.5811285,36.9780656],[27.5810775,36.9780772],[27.5809902,36.9780044],[27.5809606,36.9779206],[27.5808523,36.97796],[27.5807868,36.9779049],[27.5806412,36.977874],[27.580612,36.9778889],[27.5805254,36.977801],[27.580472,36.9777978],[27.5803766,36.9777389],[27.5802523,36.977739],[27.5802361,36.9776769],[27.5802686,36.977638],[27.5802549,36.9776042],[27.5801446,36.9775897],[27.5801184,36.9775469],[27.5800808,36.9775461],[27.5800535,36.9775107],[27.5800012,36.9775189],[27.5799594,36.977456],[27.5799868,36.977438],[27.5799595,36.9774038],[27.5799694,36.9773802],[27.5798655,36.9773756],[27.57978,36.9772895],[27.579752,36.977225],[27.5796796,36.9771695],[27.5796069,36.9771948],[27.5795885,36.9772264],[27.5795162,36.9771972],[27.5793444,36.9771996],[27.5791585,36.9771603],[27.5790761,36.9771766],[27.5790239,36.9771455],[27.5787685,36.9771576],[27.578712,36.9771091],[27.57863,36.9770932],[27.578579,36.9771401],[27.5786101,36.9771796],[27.5784937,36.9772526],[27.5784322,36.9772144],[27.5782881,36.9772172],[27.5782604,36.9772414],[27.5781041,36.9772259],[27.5779141,36.9772943],[27.5778281,36.9772685],[27.5777735,36.977282],[27.5777423,36.9773217],[27.5776501,36.9773512],[27.5774174,36.9775757],[27.5774866,36.9778404],[27.5775969,36.9778243],[27.5776667,36.9778592],[27.5776241,36.9778787],[27.5776304,36.9779771],[27.5777482,36.977988],[27.5778302,36.9781249],[27.5780054,36.9782239],[27.5780696,36.9782355],[27.5781012,36.9782864],[27.5782384,36.9783658],[27.5783214,36.97845],[27.5786371,36.9786064],[27.5786676,36.978638],[27.5786472,36.9786704],[27.5787614,36.9787041],[27.5788269,36.9786905],[27.5788802,36.9787121],[27.5790518,36.9787135],[27.5794059,36.9788292],[27.5798785,36.9789136],[27.5799705,36.9789249],[27.5800256,36.9789058],[27.5800839,36.9789344],[27.580146,36.9789017],[27.5809552,36.9788514],[27.5811278,36.9788048],[27.5811781,36.9788498],[27.5812093,36.9788089],[27.5815243,36.9788043],[27.5815464,36.9787382],[27.5817446,36.9785804],[27.5817869,36.9784454],[27.5818125,36.9784405],[27.5817662,36.9783554],[27.5815619,36.9782792]]],[[[27.6568403,36.9782144],[27.6565998,36.9781791],[27.6563643,36.9782654],[27.6561729,36.9784496],[27.6561238,36.9786104],[27.6560404,36.9787397],[27.6559472,36.9788142],[27.6557852,36.9788377],[27.655692,36.9789044],[27.6557018,36.9790377],[27.6556625,36.9790494],[27.6554221,36.9789514],[27.6553239,36.9789514],[27.6551375,36.9790612],[27.6549755,36.9794807],[27.6548037,36.9796061],[27.6547449,36.9798884],[27.6547988,36.9800099],[27.6549951,36.9800373],[27.6553141,36.9799511],[27.6558588,36.9795865],[27.656752,36.9789005],[27.6572869,36.978579],[27.6575813,36.9783634],[27.65765,36.9782301],[27.6576304,36.9781203],[27.6575126,36.9780498],[27.6573359,36.9780694],[27.6571102,36.9780537],[27.6570759,36.9781164],[27.6568403,36.9782144]]],[[[27.5825655,36.9838535],[27.5823076,36.9838335],[27.5821579,36.9838867],[27.5820747,36.9840395],[27.5821745,36.984179],[27.5823159,36.9842455],[27.5827568,36.9841392],[27.5827485,36.9840063],[27.5825655,36.9838535]]],[[[27.8689361,36.5143263],[27.8688013,36.5142524],[27.8685042,36.5143407],[27.8682426,36.5143569],[27.8682205,36.5143862],[27.8683044,36.514402],[27.8682352,36.5145489],[27.8680903,36.5145788],[27.868032,36.5145526],[27.8679568,36.5145807],[27.8679352,36.5146232],[27.8678907,36.5146331],[27.8678852,36.5146856],[27.8678413,36.5147426],[27.8677641,36.5147995],[27.8675981,36.5148062],[27.8675447,36.5147747],[27.8675567,36.5147169],[27.8671307,36.5147995],[27.866686,36.5147115],[27.866552,36.5147305],[27.8662913,36.5148805],[27.8661013,36.515028],[27.8661181,36.5151164],[27.8659943,36.5151537],[27.8659388,36.5152642],[27.86575,36.5152791],[27.8656557,36.5153329],[27.8654997,36.5153409],[27.8652575,36.5154649],[27.8651735,36.5154737],[27.8651926,36.5155663],[27.8651375,36.5156575],[27.8651614,36.5157527],[27.8652963,36.5157914],[27.8654584,36.5158965],[27.8655164,36.516083],[27.8657262,36.5162364],[27.86571,36.5164018],[27.8658246,36.5164867],[27.8659688,36.5165086],[27.8659611,36.5165335],[27.8660448,36.5165695],[27.8660684,36.5165258],[27.8662874,36.5165493],[27.8664812,36.5166433],[27.8664815,36.5166873],[27.8664234,36.5167434],[27.8663361,36.5167662],[27.8661853,36.5167082],[27.8661403,36.5167574],[27.8662888,36.5169628],[27.8664794,36.5170773],[27.8666138,36.5171049],[27.8667252,36.5170677],[27.8669538,36.5170856],[27.8671092,36.517224],[27.867032,36.5172504],[27.8671537,36.5173298],[27.8674291,36.5173152],[27.8675197,36.5173322],[27.8675194,36.5173698],[27.867588,36.5173764],[27.8676737,36.5174216],[27.867782,36.5173983],[27.8680007,36.5174609],[27.8680825,36.5174447],[27.868137,36.5174804],[27.8682262,36.5174796],[27.8683144,36.5174412],[27.8683846,36.5174698],[27.8683861,36.5174442],[27.8684397,36.5174361],[27.8684709,36.5174368],[27.8684764,36.5174712],[27.8685221,36.5174704],[27.8686671,36.5173532],[27.8690339,36.5172823],[27.8691066,36.5173174],[27.8692391,36.5173115],[27.8693681,36.51724],[27.8694653,36.5172643],[27.8694777,36.5172427],[27.869547,36.51723],[27.8695485,36.517252],[27.8696554,36.5172352],[27.86971,36.5171807],[27.8699014,36.5170809],[27.8699088,36.517044],[27.8699966,36.5170386],[27.8700571,36.5169741],[27.8701104,36.5169727],[27.8701602,36.5170145],[27.8702937,36.5170055],[27.8704187,36.5169541],[27.8704824,36.5169523],[27.8705237,36.5169137],[27.8706583,36.5168666],[27.8708433,36.5168516],[27.8709611,36.5167599],[27.8710064,36.516751],[27.8710597,36.5166187],[27.8711177,36.5166082],[27.8711454,36.5165744],[27.8712561,36.5165884],[27.8713213,36.5166325],[27.871511,36.5166217],[27.8716233,36.5165972],[27.8716648,36.5165579],[27.8717156,36.5165759],[27.871781,36.5165253],[27.8718257,36.5165103],[27.8718731,36.5165288],[27.8718897,36.5164964],[27.8719703,36.5165014],[27.8719919,36.5164774],[27.8718984,36.516177],[27.8718202,36.5160869],[27.871821,36.5160562],[27.8717079,36.5159939],[27.8717248,36.5159268],[27.8716583,36.5157536],[27.871544,36.5156679],[27.8715572,36.515649],[27.8715198,36.5156031],[27.8714622,36.515562],[27.8713427,36.5155322],[27.8713213,36.5154939],[27.8712049,36.5154266],[27.87124,36.5154059],[27.8710501,36.5152643],[27.870874,36.5152553],[27.8708636,36.5152028],[27.8707314,36.5151182],[27.8707133,36.5150434],[27.8706352,36.5150025],[27.8705605,36.5148666],[27.8704619,36.5148679],[27.8704526,36.5147986],[27.8704064,36.5147963],[27.8704186,36.5147669],[27.8703013,36.5147255],[27.8702532,36.5147517],[27.8703229,36.5145642],[27.8702112,36.5144938],[27.8702292,36.5144554],[27.8700562,36.5144135],[27.8699715,36.5144361],[27.8699519,36.514409],[27.8700555,36.5143477],[27.8700774,36.5142858],[27.870158,36.5142115],[27.8701553,36.5141331],[27.8700894,36.514048],[27.8700986,36.5139826],[27.8701522,36.5139306],[27.8701281,36.5138384],[27.8700818,36.5137797],[27.869792,36.5139427],[27.8695445,36.514042],[27.8693913,36.5140878],[27.8692888,36.5140796],[27.8691595,36.5141596],[27.8691716,36.514247],[27.8691005,36.5142942],[27.8689361,36.5143263]]],[[[27.8649172,36.5194811],[27.8647715,36.5195159],[27.8647273,36.5195575],[27.8649069,36.5195386],[27.865016,36.5194925],[27.865016,36.5194607],[27.8649483,36.519435],[27.8649116,36.5194516],[27.8649172,36.5194811]]],[[[27.869501,36.5204423],[27.8697031,36.5204705],[27.869741,36.5205046],[27.8700856,36.5205554],[27.870304,36.5205554],[27.8704041,36.5205141],[27.8706342,36.5203328],[27.8706333,36.5202552],[27.8707073,36.5202429],[27.8707605,36.5201943],[27.8707497,36.5201617],[27.8707948,36.5201116],[27.8707551,36.5201022],[27.8707614,36.5200377],[27.870728,36.5199826],[27.8707605,36.5199289],[27.8706928,36.519834],[27.8706315,36.5198275],[27.870627,36.5197949],[27.8705837,36.5197818],[27.8703022,36.5198471],[27.8702769,36.5198362],[27.8702805,36.5198137],[27.8700829,36.5197826],[27.8699593,36.5198181],[27.8697581,36.519829],[27.8697094,36.519813],[27.8696625,36.5198681],[27.8694929,36.5198761],[27.8694839,36.5198999],[27.8695154,36.5199354],[27.8694893,36.5199536],[27.8695172,36.5200014],[27.8694866,36.5200964],[27.8694956,36.5201443],[27.8694348,36.5202311],[27.8694342,36.5203719],[27.869501,36.5204423]]],[[[27.8723894,36.5218432],[27.8724326,36.5218258],[27.8724272,36.5217993],[27.8723822,36.5218099],[27.8723894,36.5218432]]],[[[27.8727259,36.5218775],[27.8727553,36.5218829],[27.8727693,36.5218659],[27.8727347,36.5218493],[27.8727259,36.5218775]]],[[[27.8701782,36.5219295],[27.8700581,36.5219321],[27.8699768,36.521957],[27.870047,36.5219833],[27.8701396,36.5219672],[27.8701782,36.5219295]]],[[[27.8735189,36.5220412],[27.8735446,36.522052],[27.87357,36.5220237],[27.8735288,36.522025],[27.8735189,36.5220412]]],[[[27.8734582,36.5220923],[27.8734767,36.5220912],[27.8734938,36.5220775],[27.8734668,36.5220642],[27.8734582,36.5220923]]],[[[27.8708359,36.5221225],[27.870879,36.5221336],[27.8709129,36.5221064],[27.8708728,36.5220928],[27.8708359,36.5221225]]],[[[27.8493354,36.5217547],[27.8492776,36.5217686],[27.8492315,36.5217354],[27.8491198,36.5217538],[27.8489894,36.5218288],[27.8489838,36.5218693],[27.8489064,36.5219032],[27.8488818,36.5219663],[27.8488923,36.5220106],[27.848797,36.522223],[27.8487393,36.5222451],[27.8487251,36.522308],[27.8487862,36.5223721],[27.8487655,36.5224111],[27.848685,36.5224265],[27.8486196,36.5224865],[27.8486635,36.5225559],[27.8485678,36.5226476],[27.8485653,36.522757],[27.8485309,36.5228196],[27.8485586,36.5228786],[27.8485899,36.5228683],[27.8486141,36.5228998],[27.8486099,36.5229468],[27.848653,36.5230329],[27.8487056,36.5230777],[27.8487297,36.5231816],[27.8488288,36.5232705],[27.8489109,36.5233067],[27.8489354,36.5233859],[27.8490719,36.5235093],[27.8491872,36.5235017],[27.8493197,36.5235303],[27.8494308,36.5234795],[27.8495025,36.5234991],[27.8495599,36.5234583],[27.8496055,36.5234801],[27.8496544,36.5234658],[27.8496232,36.5234219],[27.8496916,36.5234078],[27.8497068,36.5233768],[27.8496889,36.5233407],[27.8497459,36.5233166],[27.8497144,36.5232968],[27.8497158,36.5232657],[27.8497731,36.5232554],[27.8497833,36.5232262],[27.849764,36.5232131],[27.8497905,36.523169],[27.8498375,36.5231699],[27.8497761,36.5231128],[27.8498521,36.5230956],[27.8498303,36.5230645],[27.849891,36.5230197],[27.8498619,36.5230173],[27.8498844,36.5229517],[27.8498666,36.5229185],[27.8499175,36.5229267],[27.8499495,36.5228961],[27.849905,36.522862],[27.8499299,36.5228091],[27.8498967,36.5227946],[27.8499105,36.5227196],[27.8499864,36.522671],[27.849974,36.5226233],[27.8500305,36.5225005],[27.8500505,36.5224949],[27.8500556,36.5225202],[27.8500765,36.5225143],[27.8500719,36.5224857],[27.8500976,36.5224932],[27.8501077,36.5223953],[27.8501634,36.522414],[27.850203,36.5224004],[27.8501624,36.5223639],[27.8502049,36.5223123],[27.8503612,36.5222486],[27.8504772,36.5222334],[27.8505343,36.5221725],[27.8505135,36.5221461],[27.8505848,36.5220803],[27.8505512,36.5220564],[27.8505927,36.5219858],[27.8505725,36.5218826],[27.8505339,36.5218796],[27.8505061,36.5217817],[27.85055,36.5217104],[27.8504094,36.5214455],[27.8503079,36.5214371],[27.8502063,36.5214704],[27.8500962,36.5215442],[27.849908,36.5217358],[27.8497521,36.5217457],[27.8496547,36.5218126],[27.8493354,36.5217547]]],[[[27.8656447,36.528768],[27.8659678,36.5287334],[27.8661957,36.52882],[27.866252,36.5289066],[27.8664502,36.5289309],[27.8665776,36.5290387],[27.8667537,36.5290454],[27.866993,36.5292636],[27.8671835,36.5292515],[27.8673203,36.5293516],[27.8675309,36.5293771],[27.8675775,36.5294958],[27.8677063,36.5295885],[27.8678714,36.5296066],[27.8680172,36.529555],[27.868066,36.5292822],[27.8680931,36.5292332],[27.86819,36.5291664],[27.8682012,36.5291317],[27.8683703,36.5290476],[27.8684578,36.5289243],[27.8685982,36.5288173],[27.8686431,36.5287535],[27.8687073,36.5287692],[27.8687113,36.5286598],[27.8686467,36.5285028],[27.8686552,36.5283591],[27.8686805,36.5283038],[27.8688375,36.5281575],[27.8690027,36.5282251],[27.8691355,36.5282163],[27.8692847,36.5280753],[27.8694193,36.5280428],[27.8695414,36.5278414],[27.8696986,36.5277559],[27.8699135,36.5277169],[27.8699481,36.5276514],[27.869829,36.5275743],[27.8697547,36.5273889],[27.8697871,36.5272855],[27.8695538,36.5270004],[27.8695698,36.5269251],[27.8696412,36.5268976],[27.8696997,36.5268333],[27.8697993,36.5268123],[27.8698724,36.5268443],[27.869925,36.5268989],[27.8699836,36.5268847],[27.8701393,36.5266146],[27.8702295,36.5265954],[27.8702809,36.526493],[27.8704057,36.5264373],[27.8706709,36.5265139],[27.8707993,36.5263858],[27.8708874,36.5263434],[27.8710444,36.5258565],[27.8712128,36.5257378],[27.8713918,36.5256965],[27.8715432,36.5255807],[27.8717787,36.5255721],[27.8717771,36.5254912],[27.8715293,36.5254044],[27.8714021,36.525397],[27.8714562,36.5251938],[27.8715801,36.5251146],[27.871709,36.5249736],[27.8720321,36.5248162],[27.8722456,36.5248588],[27.8725809,36.5247931],[27.8730942,36.5247907],[27.8730414,36.5246995],[27.8731577,36.524649],[27.8732578,36.5246867],[27.8734188,36.5246262],[27.8735472,36.5246375],[27.8736274,36.5247001],[27.8736083,36.5247661],[27.8737365,36.5248591],[27.8739191,36.5248979],[27.8739698,36.5247934],[27.8742384,36.524687],[27.8743977,36.5244247],[27.8746033,36.5243484],[27.8745932,36.5242226],[27.8746478,36.5240994],[27.8746055,36.5240312],[27.8744466,36.523986],[27.874454,36.5238787],[27.8746043,36.5237351],[27.8746838,36.5234864],[27.8747448,36.5235446],[27.8748735,36.5235385],[27.8749138,36.5234485],[27.8748235,36.5234522],[27.874803,36.5233501],[27.8747332,36.5233123],[27.874714,36.5231923],[27.8747194,36.5230318],[27.8747511,36.5229866],[27.8747057,36.5229872],[27.8747044,36.5228834],[27.8747222,36.5228531],[27.8747679,36.522849],[27.8747509,36.5228841],[27.874778,36.5229013],[27.8748155,36.5228785],[27.8748347,36.5228189],[27.8747931,36.5226936],[27.8748635,36.522679],[27.8748526,36.5226071],[27.8747718,36.5225696],[27.8749103,36.5225357],[27.874909,36.5224664],[27.8748175,36.5223386],[27.8748307,36.5221041],[27.8747769,36.521982],[27.8746611,36.5218725],[27.8744566,36.5217916],[27.8741149,36.5217635],[27.8741705,36.5218174],[27.8741632,36.5218436],[27.8739697,36.5218052],[27.8739137,36.5218169],[27.8740819,36.5218782],[27.8740628,36.5220209],[27.8738863,36.5221447],[27.8737023,36.5221447],[27.873458,36.5221002],[27.8734049,36.5221142],[27.8733097,36.5220853],[27.8732837,36.5220439],[27.8729577,36.5220866],[27.8727774,36.522046],[27.8726536,36.5219311],[27.8724192,36.521855],[27.8722062,36.5218407],[27.8720459,36.5218899],[27.8717318,36.5220655],[27.8716734,36.5221799],[27.8716125,36.522228],[27.8716169,36.5222576],[27.8714817,36.5222958],[27.8713388,36.5223031],[27.8711654,36.5222772],[27.8710656,36.5222266],[27.8710911,36.5222158],[27.8710819,36.5221917],[27.8710314,36.5221767],[27.8710472,36.5222073],[27.871029,36.5222256],[27.8709103,36.5222181],[27.8708547,36.5221921],[27.8708045,36.5222144],[27.870819,36.5222772],[27.8707297,36.5223038],[27.8707144,36.5222601],[27.8705675,36.522319],[27.8705024,36.5223093],[27.8704794,36.5223446],[27.870366,36.5223602],[27.8700602,36.5225353],[27.8699493,36.52255],[27.8696551,36.522547],[27.8689434,36.5224084],[27.8686537,36.5222707],[27.8684172,36.5221213],[27.8681807,36.5218695],[27.8680831,36.5216628],[27.86808,36.5214266],[27.8681009,36.5212847],[27.8682549,36.5208447],[27.8682925,36.5206571],[27.8682809,36.5205422],[27.8681085,36.5203599],[27.867577,36.5199765],[27.8672736,36.5195838],[27.8671307,36.5195442],[27.866839,36.5195955],[27.8663051,36.5194899],[27.865862,36.519438],[27.8655897,36.5194595],[27.8655749,36.5195096],[27.865705,36.519567],[27.86558,36.5197173],[27.8654905,36.5196179],[27.8652938,36.5196261],[27.8651831,36.519704],[27.8649791,36.519739],[27.8647931,36.5197093],[27.8647763,36.5195928],[27.8646497,36.5195421],[27.8643667,36.5195246],[27.8638856,36.5193943],[27.8632139,36.5191643],[27.8629563,36.5190363],[27.8621382,36.5184006],[27.861547,36.517798],[27.861386,36.517672],[27.861115,36.517544],[27.8608919,36.5175311],[27.8607989,36.5171715],[27.8605014,36.5170365],[27.8599242,36.517012],[27.8590784,36.5172257],[27.8585636,36.5172232],[27.8582018,36.5172835],[27.8580352,36.51737],[27.8572554,36.5174977],[27.8562803,36.5174637],[27.8558235,36.5175171],[27.8552159,36.5174406],[27.855018,36.517461],[27.854387,36.517979],[27.8540153,36.5187884],[27.8540075,36.519184],[27.8538342,36.519713],[27.8539527,36.519874],[27.85411,36.5200198],[27.8549932,36.5205869],[27.8551056,36.520925],[27.8550912,36.520965],[27.8550014,36.5210417],[27.8549885,36.5211267],[27.8548939,36.5211031],[27.8547919,36.5211243],[27.8547316,36.5212057],[27.854582,36.521189],[27.8543866,36.5213488],[27.8543037,36.5213298],[27.8542492,36.5213695],[27.8543011,36.5214029],[27.8541383,36.5214324],[27.8540994,36.5214831],[27.8539655,36.5215577],[27.8539446,36.5215445],[27.8538481,36.5216758],[27.8538174,36.5216325],[27.8537167,36.5216766],[27.8537114,36.5217303],[27.8535777,36.5217991],[27.8535688,36.521857],[27.8535024,36.5219018],[27.8534885,36.5219879],[27.8534043,36.5219877],[27.8533732,36.5220483],[27.853313,36.5220888],[27.8531438,36.522092],[27.8530344,36.5222236],[27.8529855,36.5222514],[27.8529721,36.5222971],[27.8529817,36.522337],[27.8530098,36.5223431],[27.8530248,36.5225281],[27.8530827,36.5225557],[27.8530675,36.5226193],[27.8530999,36.5226304],[27.8530938,36.5226747],[27.8532671,36.522819],[27.8532756,36.5228628],[27.8533633,36.5228567],[27.8534248,36.5229116],[27.8534446,36.5228679],[27.8535072,36.5228812],[27.8535823,36.5229368],[27.8537348,36.5229564],[27.8538003,36.5230042],[27.8537574,36.5230179],[27.8539297,36.5230636],[27.8540638,36.5231637],[27.8541674,36.5231946],[27.8542127,36.5232523],[27.854323,36.5232657],[27.8543987,36.5233054],[27.8544574,36.5232635],[27.8544885,36.5232671],[27.8545557,36.5233235],[27.8546857,36.5232962],[27.8546732,36.5233125],[27.8547447,36.5233186],[27.8547251,36.523349],[27.8547905,36.5233732],[27.8548283,36.52336],[27.8548309,36.5233844],[27.854878,36.5233999],[27.8549594,36.5233734],[27.8549756,36.5233362],[27.8549868,36.5233763],[27.8550311,36.5233595],[27.8550375,36.5234194],[27.8551811,36.5234054],[27.8554153,36.5235838],[27.8554411,36.5236675],[27.8556278,36.523836],[27.8556029,36.5239324],[27.8556171,36.5239704],[27.8557185,36.5239363],[27.8557228,36.5239726],[27.8557949,36.5240014],[27.8558444,36.5241522],[27.855909,36.5241902],[27.855907,36.5242632],[27.8558469,36.5244363],[27.8557934,36.5244791],[27.8550948,36.524746],[27.8544402,36.5248514],[27.854273,36.5249238],[27.8543326,36.5249714],[27.8542679,36.5250026],[27.8542658,36.5250665],[27.8541752,36.5250878],[27.854014,36.5252016],[27.8540009,36.5252982],[27.8540317,36.5253216],[27.8540206,36.5253674],[27.853921,36.5253563],[27.8538629,36.5254735],[27.8537953,36.525472],[27.8537679,36.5255106],[27.8537031,36.5255358],[27.853648,36.5256251],[27.8536138,36.5255774],[27.8536101,36.5256603],[27.8535567,36.5256785],[27.8534366,36.5260763],[27.8534486,36.5261229],[27.8534914,36.5261133],[27.8534913,36.526205],[27.8535582,36.5261707],[27.8535337,36.5263262],[27.8536175,36.5263562],[27.8535996,36.5264941],[27.8537265,36.5265476],[27.8536957,36.5267539],[27.8536433,36.5268025],[27.8535988,36.5267914],[27.8535449,36.5268443],[27.8535961,36.5268597],[27.8535749,36.5269408],[27.8536326,36.5269874],[27.8535863,36.5269956],[27.8535726,36.5270359],[27.8536229,36.5270239],[27.853634,36.5270537],[27.8536735,36.5270584],[27.8537896,36.5272576],[27.8537769,36.5273004],[27.8537997,36.5273583],[27.8538366,36.5273767],[27.8538341,36.5274071],[27.853932,36.527459],[27.8538874,36.5274755],[27.8538802,36.5275276],[27.8539399,36.5275786],[27.8539763,36.5277308],[27.8540504,36.5277627],[27.8541597,36.5277379],[27.8542818,36.5278111],[27.854423,36.5281559],[27.8542865,36.5282129],[27.8542952,36.5283019],[27.8541178,36.5282647],[27.8541412,36.5283235],[27.8542926,36.5284255],[27.8542785,36.5285255],[27.8544056,36.5286615],[27.8547256,36.5287875],[27.8547032,36.528897],[27.854891,36.5290522],[27.8549856,36.5290348],[27.8550371,36.5291489],[27.8553676,36.5292965],[27.8556243,36.5293596],[27.8556212,36.5294613],[27.8560338,36.5295868],[27.8562796,36.5296144],[27.8563426,36.5295466],[27.8565729,36.5295385],[27.85664,36.5295912],[27.8569124,36.5295613],[27.8570867,36.5296303],[27.857229,36.5296115],[27.8572568,36.5295329],[27.8574023,36.5294941],[27.8575286,36.5295532],[27.8578538,36.5295969],[27.8582752,36.5294612],[27.8587489,36.5293778],[27.8588639,36.5293929],[27.8591906,36.5295265],[27.8592901,36.5294808],[27.8597265,36.529814],[27.8598743,36.5299934],[27.8599007,36.5303248],[27.8601333,36.5305134],[27.8603581,36.5305035],[27.8604432,36.530445],[27.8606932,36.5304388],[27.8611319,36.5303252],[27.8617333,36.5302785],[27.8627542,36.5299639],[27.8627879,36.5298452],[27.862901,36.5298141],[27.8632519,36.529956],[27.8636683,36.5298925],[27.8639767,36.5296489],[27.8640185,36.5295373],[27.864221,36.529213],[27.8643603,36.5291469],[27.8650382,36.5291087],[27.8651878,36.5290489],[27.8654176,36.5291342],[27.865587,36.5291161],[27.8656401,36.5289557],[27.8656447,36.528768]]],[[[27.7986085,36.5649165],[27.7986191,36.5648824],[27.7985873,36.5648724],[27.7985413,36.5649264],[27.7986085,36.5649165]]],[[[27.7983183,36.5651482],[27.7982882,36.5650984],[27.7982104,36.565124],[27.7982192,36.5651467],[27.7982882,36.5651695],[27.7983183,36.5651482]]],[[[27.8594952,36.6171569],[27.8594961,36.6171892],[27.8593287,36.6171924],[27.8593308,36.6172566],[27.8590588,36.6172686],[27.8587458,36.6171854],[27.8581271,36.6169506],[27.8579423,36.6168308],[27.8580308,36.6166939],[27.8576646,36.6165242],[27.8575668,36.6166482],[27.8569236,36.6164274],[27.8569033,36.6164612],[27.8565127,36.6162992],[27.8565244,36.616255],[27.8564473,36.6161756],[27.8558869,36.6160113],[27.8558641,36.6160388],[27.8558046,36.6159989],[27.8558399,36.615959],[27.8556723,36.6158209],[27.8556366,36.6158419],[27.8555938,36.6157371],[27.8556366,36.6157269],[27.8556306,36.615681],[27.8555667,36.6156844],[27.8555563,36.6156509],[27.8555867,36.6156456],[27.855583,36.6155923],[27.8556647,36.6155938],[27.8556669,36.6155708],[27.8555367,36.6155691],[27.8555152,36.6153427],[27.8555301,36.615047],[27.8555829,36.6150489],[27.8555885,36.6149117],[27.8555314,36.6149086],[27.8555384,36.6148498],[27.8555928,36.6148521],[27.8556059,36.6147369],[27.855544,36.6147282],[27.8555489,36.6146546],[27.8556556,36.6146667],[27.8556684,36.6145882],[27.8556106,36.6145822],[27.8556846,36.6143894],[27.8557428,36.6144057],[27.8557691,36.6143392],[27.8557237,36.6143285],[27.8557161,36.6142902],[27.8560282,36.6137355],[27.8560629,36.6137527],[27.8562435,36.6134635],[27.8562824,36.6134878],[27.856506,36.6132851],[27.8565641,36.6133273],[27.8569442,36.6130126],[27.8570542,36.6130816],[27.8571263,36.6130075],[27.8570426,36.6129556],[27.8570791,36.6129195],[27.8571288,36.6129475],[27.8571556,36.6129239],[27.8571228,36.6129013],[27.8571768,36.6128528],[27.8571986,36.6128668],[27.8572712,36.6127918],[27.8571896,36.6127387],[27.857244,36.6126875],[27.8572984,36.6127277],[27.8573684,36.6126671],[27.8574215,36.6127032],[27.8574861,36.6126424],[27.8574392,36.6126086],[27.8574747,36.6125729],[27.8575992,36.6125323],[27.8576192,36.6125576],[27.857664,36.6125303],[27.8577039,36.6125653],[27.8578697,36.612481],[27.8578772,36.6123888],[27.8580796,36.6122245],[27.8583438,36.61238],[27.8584061,36.6123092],[27.8585183,36.6122619],[27.8585465,36.6122707],[27.8585065,36.612372],[27.8587775,36.6124618],[27.8588797,36.6125958],[27.8590006,36.6126965],[27.8589495,36.6127402],[27.8590365,36.6127682],[27.8590269,36.6127867],[27.8595326,36.6130924],[27.8596392,36.6131821],[27.8599169,36.613289],[27.8599079,36.6133217],[27.8599463,36.6133477],[27.8603674,36.6134296],[27.8611903,36.6137583],[27.8621269,36.6142906],[27.8628066,36.6147747],[27.8633248,36.6150609],[27.8637284,36.6152361],[27.8639544,36.6152843],[27.8641619,36.6152843],[27.8644312,36.6154073],[27.8648039,36.6153788],[27.8650341,36.6154059],[27.8661676,36.6151171],[27.8666542,36.6151642],[27.8670356,36.6152652],[27.8671804,36.6153987],[27.8672019,36.6154719],[27.8674648,36.6155192],[27.8677665,36.6152419],[27.8679328,36.615001],[27.868087,36.6149336],[27.8681968,36.6147251],[27.8690369,36.6147155],[27.8691175,36.614747],[27.8691573,36.6149361],[27.8691061,36.615039],[27.8690834,36.6151572],[27.8691128,36.6151755],[27.8690938,36.6152367],[27.8691132,36.6153095],[27.869326,36.615501],[27.8698897,36.615759],[27.8701596,36.6160021],[27.8713737,36.616275],[27.8716313,36.6163989],[27.871667,36.6164964],[27.8717592,36.6165552],[27.8719513,36.6165205],[27.872207,36.616636],[27.8723257,36.6168434],[27.8723303,36.6170564],[27.8726843,36.6171382],[27.8726897,36.6173233],[27.8730767,36.6175199],[27.8734662,36.6174092],[27.8736153,36.6174168],[27.873698,36.6174938],[27.8738488,36.6175199],[27.8738474,36.617641],[27.873896,36.6177408],[27.8739564,36.6177763],[27.8741133,36.6177417],[27.8745359,36.6175167],[27.8746401,36.6175332],[27.8746719,36.6175963],[27.8747572,36.6176003],[27.8750079,36.6175382],[27.8753021,36.6175168],[27.8754081,36.6177585],[27.8758098,36.6176811],[27.876361,36.617633],[27.8763473,36.6177758],[27.8762879,36.617957],[27.8764833,36.618024],[27.8765075,36.618162],[27.8769969,36.6179945],[27.8771048,36.6178849],[27.8773146,36.6177646],[27.8775504,36.617704],[27.8778828,36.6176993],[27.878034,36.6175285],[27.8780586,36.617428],[27.8782656,36.6173878],[27.8783959,36.6174029],[27.878542,36.6174913],[27.878692,36.6173343],[27.8787349,36.6170066],[27.878833,36.6168133],[27.8787405,36.6166325],[27.8785795,36.6165137],[27.8783084,36.6165524],[27.8782438,36.6165244],[27.8785875,36.6160492],[27.8786665,36.6158053],[27.8787826,36.6157148],[27.8788167,36.6154226],[27.8789492,36.6153717],[27.8789971,36.6153052],[27.8789913,36.6152344],[27.8788478,36.6149761],[27.879039,36.614916],[27.8789508,36.6147685],[27.8789264,36.6143693],[27.8787966,36.6142872],[27.878756,36.6141403],[27.8786292,36.61392],[27.8786052,36.613823],[27.8784644,36.6136893],[27.8787878,36.6136212],[27.87892,36.6135432],[27.8789383,36.6134728],[27.8790956,36.6133324],[27.8790957,36.6132202],[27.8790644,36.6131337],[27.87896,36.6130966],[27.8789457,36.6130575],[27.8790686,36.6130105],[27.8791168,36.6128179],[27.8788945,36.612704],[27.8788723,36.6124538],[27.8786979,36.6122198],[27.878934,36.6117538],[27.8787579,36.6114814],[27.87884,36.611321],[27.879157,36.611189],[27.8795882,36.6110725],[27.8793946,36.6104012],[27.8796113,36.6103522],[27.8798264,36.6101819],[27.87994,36.610028],[27.8800604,36.6095899],[27.8798405,36.6094651],[27.8795049,36.6091742],[27.8795454,36.6089783],[27.8794888,36.6088052],[27.8796127,36.608688],[27.8800398,36.6085894],[27.8801457,36.6082742],[27.8803133,36.6078961],[27.8804668,36.6078722],[27.880382,36.6076984],[27.8802007,36.6075731],[27.8799043,36.6074952],[27.8797328,36.6073907],[27.8799775,36.6073798],[27.8807959,36.6070859],[27.8810257,36.6065405],[27.8798472,36.6063297],[27.879864,36.6061902],[27.8795287,36.606042],[27.8793899,36.6059148],[27.8792155,36.6058976],[27.8791417,36.6057701],[27.8789486,36.6056731],[27.8788111,36.6053713],[27.8791912,36.6053783],[27.8793683,36.6053364],[27.8795825,36.6051879],[27.8796596,36.6049172],[27.8795847,36.6046787],[27.8795952,36.6043359],[27.8792539,36.6040206],[27.8793377,36.6039043],[27.8794215,36.6038898],[27.8795053,36.6037959],[27.8796144,36.6038161],[27.8797369,36.6036668],[27.8797525,36.6035941],[27.8799558,36.6034889],[27.8799576,36.6033948],[27.8798629,36.6033211],[27.8795524,36.6033373],[27.8793484,36.6031253],[27.8790365,36.603],[27.8789491,36.6028433],[27.8792363,36.6026399],[27.8795093,36.6025015],[27.8796351,36.6025179],[27.8796152,36.6023663],[27.8798795,36.6022351],[27.8799967,36.6018466],[27.879962,36.6017635],[27.8800186,36.6016804],[27.8799087,36.6015244],[27.8801641,36.6013521],[27.8802423,36.6011175],[27.8800539,36.6005069],[27.8800216,36.6002326],[27.8799487,36.6001172],[27.879034,36.6004],[27.8782187,36.6005354],[27.8765176,36.6000319],[27.876003,36.600037],[27.875845,36.600166],[27.8754485,36.6002287],[27.8748107,36.5999768],[27.874248,36.599793],[27.8734245,36.5993963],[27.8726145,36.599249],[27.8722908,36.5992358],[27.8722099,36.5993008],[27.8720732,36.5992517],[27.8718603,36.5992249],[27.8716924,36.5988046],[27.8713074,36.5984372],[27.8709929,36.5974014],[27.8710258,36.5968848],[27.8712645,36.5966561],[27.871661,36.596472],[27.8724312,36.596513],[27.873574,36.596258],[27.8738097,36.5957523],[27.8747941,36.5956274],[27.8749881,36.5957181],[27.8751878,36.5959813],[27.8754602,36.5959057],[27.8756716,36.5951936],[27.875947,36.595156],[27.8762967,36.5949457],[27.8763866,36.594752],[27.8762246,36.5943611],[27.8762534,36.5941155],[27.8764379,36.5939471],[27.876563,36.5937556],[27.8766924,36.5937374],[27.8767331,36.5934837],[27.8769092,36.5938994],[27.8770435,36.5940717],[27.8774369,36.59423],[27.8776776,36.5939819],[27.8780142,36.5934442],[27.8782964,36.5933089],[27.8785163,36.5933148],[27.8788274,36.5934215],[27.8788762,36.5929472],[27.8791541,36.5924738],[27.879283,36.5921939],[27.8791286,36.5919567],[27.8789688,36.5918424],[27.8787825,36.5915379],[27.8784618,36.5915413],[27.8782062,36.5914194],[27.8781939,36.5913255],[27.8783103,36.5912643],[27.8782971,36.5911815],[27.8781089,36.5910339],[27.8781718,36.5909113],[27.8784369,36.5908806],[27.8785867,36.5906889],[27.8784875,36.5905364],[27.8781727,36.5904487],[27.877826,36.5902302],[27.8774957,36.5901851],[27.8767125,36.589755],[27.876696,36.5896797],[27.8768597,36.5893005],[27.8771333,36.5890884],[27.8771405,36.5889538],[27.8772151,36.5888192],[27.8773984,36.5888173],[27.8773325,36.5885991],[27.8774485,36.588527],[27.8774297,36.5883899],[27.8776645,36.5880688],[27.8775787,36.587881],[27.8771603,36.5880704],[27.8767306,36.5881382],[27.8760751,36.5879995],[27.8758814,36.5877738],[27.8759147,36.5874964],[27.8756071,36.5874151],[27.8757022,36.587163],[27.8758095,36.5864131],[27.8754785,36.5863261],[27.8751084,36.5864553],[27.8747479,36.5863179],[27.8745301,36.5863024],[27.8743708,36.5861732],[27.873774,36.586051],[27.873299,36.5860681],[27.8728393,36.5862921],[27.8709649,36.5864915],[27.8705009,36.5859328],[27.8697005,36.5855383],[27.8694173,36.585792],[27.868992,36.585701],[27.8688497,36.5854301],[27.8689527,36.5851993],[27.8686663,36.5851458],[27.868346,36.584935],[27.8682248,36.5853535],[27.8678425,36.585384],[27.8674722,36.5854831],[27.8669454,36.5853203],[27.8670811,36.5849567],[27.8667957,36.5847595],[27.86643,36.584563],[27.866115,36.584822],[27.865335,36.585098],[27.8646102,36.5850429],[27.864128,36.5848529],[27.8640767,36.5846318],[27.863882,36.584581],[27.8630143,36.5845307],[27.8624774,36.5842384],[27.8625571,36.5841558],[27.8625864,36.5840292],[27.8624618,36.5840039],[27.8622381,36.5840543],[27.8619291,36.5841848],[27.8615225,36.5840901],[27.8612366,36.5840888],[27.8608857,36.5838889],[27.8606593,36.5837158],[27.8602205,36.583693],[27.8600485,36.5837816],[27.8599524,36.5837812],[27.8598385,36.5836566],[27.8596438,36.5832132],[27.8595236,36.5828371],[27.8593751,36.5820186],[27.8593366,36.581269],[27.8594555,36.5808126],[27.8595156,36.5808122],[27.8595735,36.5807534],[27.8596678,36.5807069],[27.8597578,36.5807505],[27.8600625,36.5807189],[27.8602018,36.5807266],[27.8602652,36.5808057],[27.8603121,36.5809289],[27.8603351,36.5809208],[27.8604096,36.5807114],[27.8604903,36.5806524],[27.8605111,36.5805992],[27.8604771,36.5804033],[27.8605397,36.5803351],[27.8605694,36.5802206],[27.8608201,36.5800522],[27.8609682,36.5798408],[27.8610714,36.5798632],[27.8611669,36.5795899],[27.8612618,36.5794608],[27.8614329,36.5793865],[27.8615892,36.5794457],[27.8616597,36.5793215],[27.8620407,36.5791461],[27.8623589,36.5790956],[27.8626116,36.5791805],[27.862882,36.5793746],[27.8630313,36.5794146],[27.8635002,36.5793232],[27.8635462,36.5793696],[27.8636149,36.5793859],[27.8636168,36.579451],[27.8636907,36.5795384],[27.8639198,36.5795219],[27.8639594,36.5796405],[27.8641188,36.579667],[27.8646487,36.5796201],[27.8647976,36.5795459],[27.8648503,36.5794471],[27.8651399,36.5790929],[27.8654341,36.5788075],[27.8654679,36.5785811],[27.8660998,36.5785439],[27.8664993,36.5783734],[27.8667983,36.5781749],[27.8673378,36.5785198],[27.8677496,36.5786432],[27.8678467,36.5787228],[27.8684271,36.5780895],[27.8691133,36.5777924],[27.8692746,36.5776656],[27.8696396,36.5777982],[27.869856,36.577601],[27.8698859,36.5777152],[27.8701517,36.5777838],[27.870168,36.5779244],[27.8708441,36.5777001],[27.8710697,36.5778248],[27.8713258,36.577767],[27.8717744,36.5781215],[27.8718377,36.5782253],[27.8720582,36.5782255],[27.8722249,36.5780367],[27.87231,36.5780988],[27.8723972,36.5779292],[27.8726426,36.5779751],[27.8726329,36.5778446],[27.8727822,36.5777276],[27.8729024,36.5777385],[27.8730662,36.5777962],[27.8730759,36.5779151],[27.8732612,36.5777842],[27.8735014,36.5777444],[27.8736203,36.5778117],[27.8736475,36.5777281],[27.8737506,36.5779903],[27.8737909,36.5780105],[27.8738721,36.5779767],[27.8739578,36.5780008],[27.8740284,36.5779413],[27.8742132,36.5780041],[27.8743961,36.5779819],[27.8744455,36.5780123],[27.8744702,36.5779812],[27.8744541,36.5778981],[27.8744824,36.5777422],[27.8745711,36.5776889],[27.875008,36.5775764],[27.87503,36.5773678],[27.8754524,36.5771081],[27.8759781,36.5770932],[27.8764911,36.5771211],[27.8768835,36.5771968],[27.8774698,36.577386],[27.8776038,36.5771452],[27.8775224,36.5754478],[27.8777086,36.5753314],[27.8779222,36.575424],[27.8782313,36.5752392],[27.8785268,36.5748043],[27.8784622,36.5745363],[27.8782471,36.5742041],[27.8783224,36.5740662],[27.8781854,36.5740218],[27.8781099,36.5733722],[27.8782211,36.5733423],[27.8779644,36.5725859],[27.87825,36.5724141],[27.8785578,36.5725653],[27.8785824,36.5724832],[27.8787548,36.5724568],[27.8789405,36.5725795],[27.8791264,36.5725867],[27.8791796,36.5724176],[27.8791277,36.5723897],[27.8790527,36.5722764],[27.8789042,36.5721555],[27.8789359,36.5720106],[27.8785607,36.5718274],[27.8783624,36.5718526],[27.8780766,36.5716917],[27.8775675,36.5720091],[27.8775305,36.5718331],[27.8771635,36.5714936],[27.8771384,36.5713338],[27.8769982,36.571355],[27.8769251,36.5714615],[27.8768898,36.5713981],[27.8765374,36.5713218],[27.8760879,36.5713198],[27.8759887,36.5712538],[27.875338,36.5713686],[27.8750494,36.5712056],[27.8748851,36.5709027],[27.8745087,36.5709057],[27.874236,36.570504],[27.8745215,36.5700807],[27.8745406,36.5700102],[27.8744475,36.5698997],[27.8741986,36.5700527],[27.8736938,36.5695783],[27.8737588,36.5694433],[27.8736321,36.5690773],[27.873381,36.5690655],[27.8732897,36.5691503],[27.8731585,36.5690772],[27.8728698,36.5691031],[27.8723318,36.5688903],[27.8716886,36.5685361],[27.8726079,36.5680097],[27.8732351,36.5677688],[27.8735243,36.5675353],[27.8733952,36.567192],[27.8731975,36.5670787],[27.8725837,36.5668526],[27.8722426,36.5669887],[27.8720127,36.5671396],[27.8715832,36.5671676],[27.8711811,36.5671076],[27.8702909,36.5674922],[27.8695572,36.5675051],[27.8693712,36.5676582],[27.8686549,36.5676515],[27.868312,36.567721],[27.8681143,36.5678043],[27.8677953,36.5678073],[27.8674714,36.5677634],[27.8668362,36.5678106],[27.8660143,36.5681249],[27.8656559,36.568084],[27.8655167,36.5679807],[27.86511,36.5679565],[27.8648975,36.5680284],[27.8646325,36.5678587],[27.86411,36.5679317],[27.8636264,36.5677656],[27.8630171,36.5676744],[27.8626405,36.5675447],[27.8616593,36.5669601],[27.8617801,36.566579],[27.8622577,36.5659101],[27.8625367,36.5658956],[27.8628442,36.5659595],[27.8639415,36.566291],[27.8651214,36.5659261],[27.8655031,36.5655743],[27.8658773,36.5654226],[27.8662606,36.5653938],[27.8664926,36.5652264],[27.8666128,36.5646714],[27.8665984,36.5645085],[27.8666679,36.5643083],[27.8664445,36.5643734],[27.8664613,36.5642294],[27.866839,36.564135],[27.8671208,36.5641607],[27.8675397,36.5639661],[27.8676233,36.5636766],[27.867947,36.563613],[27.868263,36.563354],[27.8684351,36.5626338],[27.8687687,36.5623482],[27.8687789,36.5621349],[27.8686217,36.5617936],[27.8680392,36.5614709],[27.8669641,36.560824],[27.8678346,36.5604521],[27.8686395,36.5603239],[27.869019,36.559752],[27.8690933,36.5596767],[27.8693121,36.5595324],[27.869793,36.5591067],[27.8702598,36.5589595],[27.871191,36.5589629],[27.8721741,36.5586331],[27.8726354,36.5583],[27.8730399,36.5579613],[27.873329,36.5577678],[27.8736268,36.55748],[27.873873,36.5569982],[27.8743745,36.556535],[27.8752103,36.5562463],[27.8755397,36.5560593],[27.8760481,36.5562513],[27.8768856,36.5562696],[27.8773534,36.5564411],[27.8776029,36.5562291],[27.877686,36.5560063],[27.8775669,36.5555935],[27.8769994,36.5551363],[27.8769758,36.5547911],[27.8774285,36.5540456],[27.8775798,36.553644],[27.8772719,36.5533622],[27.8767639,36.5532127],[27.87564,36.5532639],[27.8747704,36.5532644],[27.8738258,36.5532967],[27.873088,36.553427],[27.872159,36.5536712],[27.8714445,36.5537815],[27.870672,36.5538246],[27.8698733,36.5535355],[27.8694933,36.5534889],[27.8702512,36.5529572],[27.870532,36.552675],[27.870848,36.552416],[27.8710111,36.55224],[27.8713656,36.5519319],[27.8719117,36.5516708],[27.8722599,36.5513247],[27.872744,36.551117],[27.873059,36.550858],[27.8732888,36.5505322],[27.8735989,36.550231],[27.874006,36.55008],[27.8743134,36.549872],[27.8753192,36.5493907],[27.875905,36.549038],[27.8764715,36.5488171],[27.876965,36.548733],[27.877174,36.548644],[27.8773348,36.5485326],[27.876877,36.5483992],[27.8767856,36.5484078],[27.8766571,36.5485258],[27.8761411,36.5486283],[27.8745982,36.5485434],[27.8737576,36.5483715],[27.873352,36.548543],[27.872857,36.5484723],[27.8723119,36.5486193],[27.8708271,36.54868],[27.8699929,36.5485167],[27.86921,36.548317],[27.869049,36.54819],[27.8686212,36.5481026],[27.8682661,36.5479672],[27.8672238,36.5478117],[27.866726,36.5481056],[27.8667064,36.5476837],[27.8665457,36.5475268],[27.8659041,36.5471988],[27.8655168,36.5470941],[27.8653258,36.5469032],[27.8647669,36.5466472],[27.8641913,36.546602],[27.863878,36.5463692],[27.8636108,36.5464645],[27.863139,36.546434],[27.8627198,36.5462063],[27.8624618,36.5458913],[27.8620603,36.5458763],[27.8620428,36.5458085],[27.8619405,36.5457507],[27.8616202,36.5457284],[27.8610253,36.5454714],[27.861177,36.5454286],[27.8613218,36.5454397],[27.8613834,36.5453852],[27.8614681,36.5453917],[27.8615565,36.5453675],[27.8615547,36.5452806],[27.8623243,36.5450391],[27.8625697,36.5449226],[27.862815,36.5450264],[27.8632181,36.54468],[27.8643337,36.5445646],[27.8660356,36.5438864],[27.8661336,36.5437719],[27.8660447,36.5436563],[27.8653349,36.5434392],[27.8648059,36.5433254],[27.8634895,36.5431798],[27.8626205,36.5432086],[27.8622026,36.5430001],[27.8620374,36.5428664],[27.8616035,36.5430951],[27.8614699,36.5428473],[27.8614376,36.5424755],[27.8611796,36.5424062],[27.8609881,36.5423031],[27.8606716,36.5420213],[27.8601229,36.5418199],[27.859643,36.541449],[27.8594113,36.5413349],[27.8585279,36.5417153],[27.858073,36.5417123],[27.8576525,36.5413291],[27.8570994,36.5413127],[27.856475,36.5407852],[27.8560104,36.5406081],[27.8555437,36.5405969],[27.8552118,36.5407766],[27.854971,36.5406962],[27.8547677,36.540766],[27.8547015,36.540605],[27.854751,36.540464],[27.8546236,36.5402391],[27.8541363,36.5396896],[27.8542789,36.5392175],[27.8539892,36.5383007],[27.8538535,36.5379659],[27.853809,36.537766],[27.8536097,36.5374776],[27.8533611,36.5373081],[27.853115,36.5372541],[27.8527703,36.5372992],[27.851579,36.537653],[27.851249,36.5375578],[27.849669,36.537667],[27.849032,36.537671],[27.8481827,36.5375678],[27.8475768,36.5375928],[27.8472008,36.5374713],[27.8465519,36.5373318],[27.84631,36.5370936],[27.846159,36.5370632],[27.8459499,36.537114],[27.8454866,36.5370312],[27.8452782,36.5368518],[27.8445782,36.5367774],[27.844246,36.536678],[27.843609,36.536682],[27.8434132,36.5368281],[27.8417094,36.5368424],[27.8416168,36.5368947],[27.8417082,36.5370721],[27.840116,36.537478],[27.8394843,36.5377488],[27.8387778,36.5376587],[27.8385643,36.5376663],[27.8385191,36.5378159],[27.8384261,36.5376299],[27.8382803,36.5377622],[27.8382099,36.5376689],[27.8380916,36.5376884],[27.8380486,36.5376143],[27.8376402,36.5376372],[27.8373782,36.5377419],[27.8373849,36.5378926],[27.8369191,36.5378662],[27.8368167,36.5380019],[27.8369959,36.5383461],[27.8372226,36.5383401],[27.8373559,36.5387535],[27.8372139,36.5389317],[27.8372143,36.5390136],[27.837427,36.539167],[27.83743,36.539424],[27.836957,36.539812],[27.8362022,36.540216],[27.8362027,36.5405303],[27.8362728,36.5406976],[27.836181,36.540727],[27.8357886,36.5405496],[27.835852,36.540719],[27.8359194,36.5412142],[27.8355905,36.5412308],[27.8353719,36.5411706],[27.8349855,36.5411742],[27.8349,36.540983],[27.8340121,36.5407338],[27.833466,36.540864],[27.8321382,36.5408661],[27.8317227,36.5406991],[27.831273,36.5403114],[27.831213,36.5399782],[27.8308556,36.53957],[27.8303332,36.5394576],[27.8299456,36.5395495],[27.8294337,36.5393526],[27.828994,36.539483],[27.8289363,36.5395317],[27.8290495,36.5396732],[27.8287983,36.5397972],[27.8287446,36.5401114],[27.8283825,36.5404247],[27.8281821,36.5407794],[27.8281668,36.5409129],[27.8286042,36.5412467],[27.8293132,36.5416392],[27.8297834,36.5420576],[27.8301184,36.5421825],[27.8307061,36.5422627],[27.8308812,36.5423604],[27.8315048,36.5426081],[27.8315983,36.5425706],[27.8316817,36.5424057],[27.8318636,36.5423117],[27.8320623,36.5423605],[27.8322048,36.5425634],[27.8322371,36.5426798],[27.8321031,36.5428777],[27.832499,36.543193],[27.8327823,36.5433148],[27.8331553,36.5433294],[27.8331619,36.543456],[27.833369,36.5439526],[27.8336693,36.5441924],[27.8335143,36.5450461],[27.8335739,36.5453249],[27.8334757,36.5460447],[27.833505,36.5466906],[27.8334726,36.5471864],[27.8333325,36.5479253],[27.833188,36.5481742],[27.8330359,36.5483259],[27.8327457,36.548434],[27.832515,36.548387],[27.8322631,36.5482717],[27.832076,36.548488],[27.8319951,36.5486645],[27.8321456,36.5489253],[27.8324261,36.5489135],[27.8321346,36.5491407],[27.8321687,36.5494021],[27.8323706,36.5497303],[27.8323749,36.5499427],[27.8326298,36.5501295],[27.8329979,36.5502196],[27.8331129,36.5501077],[27.8330367,36.5500242],[27.8331675,36.5497891],[27.8335913,36.549657],[27.8339216,36.5496229],[27.8345044,36.5496397],[27.8350468,36.5498471],[27.8351279,36.5500138],[27.8353755,36.5503666],[27.8355951,36.5507945],[27.8357067,36.5508162],[27.8358261,36.5507816],[27.8364406,36.5504693],[27.8366746,36.5502025],[27.8369552,36.5500407],[27.837148,36.5502309],[27.8373408,36.5505111],[27.8376128,36.5512162],[27.838037,36.551366],[27.8383439,36.5515312],[27.8405219,36.5516933],[27.8409517,36.5515995],[27.8413909,36.5514418],[27.8414343,36.5512829],[27.8415908,36.5511676],[27.8416073,36.5511049],[27.8417616,36.5510919],[27.8418084,36.5511275],[27.8419952,36.5511067],[27.8421916,36.5509517],[27.8425467,36.5508568],[27.8426182,36.5507563],[27.8426711,36.5505657],[27.8426309,36.5502669],[27.8422091,36.5497086],[27.8421328,36.5493398],[27.8419514,36.548932],[27.8418374,36.5488824],[27.8420124,36.5486616],[27.8420875,36.5487115],[27.8424548,36.5484618],[27.8429493,36.5482521],[27.8432216,36.5481689],[27.8432813,36.5481935],[27.8440677,36.5480345],[27.8445874,36.547981],[27.8455362,36.548293],[27.8455434,36.5483324],[27.8452752,36.548829],[27.8455822,36.5489358],[27.8456103,36.5488833],[27.8453622,36.5487975],[27.845578,36.5483933],[27.8459903,36.5485447],[27.8462548,36.5487611],[27.8462768,36.5487505],[27.8468417,36.5492438],[27.8467838,36.5492961],[27.8469763,36.5494444],[27.8470274,36.5494003],[27.8472019,36.5495477],[27.8472261,36.5495418],[27.8474568,36.5497782],[27.8475874,36.5504431],[27.8479945,36.5516984],[27.8483545,36.5523349],[27.8486184,36.5531437],[27.8485491,36.5533195],[27.8484514,36.5534669],[27.8482732,36.5535764],[27.8481021,36.5536518],[27.8475456,36.5535439],[27.8470246,36.5534104],[27.8453867,36.5523796],[27.844373,36.5518145],[27.8436547,36.5516868],[27.8433261,36.5517904],[27.8430727,36.5519199],[27.8426097,36.5525413],[27.8424982,36.5525993],[27.8425441,36.5527795],[27.8426282,36.5527978],[27.8427557,36.5527466],[27.842883,36.5528788],[27.8431724,36.5530677],[27.8436965,36.5532177],[27.843951,36.553509],[27.8444855,36.5542578],[27.844917,36.554529],[27.8449778,36.5549669],[27.8451291,36.5551509],[27.8452756,36.5552702],[27.8455163,36.5553516],[27.8457991,36.5555699],[27.8461078,36.5560022],[27.8463631,36.5560741],[27.8466192,36.5560673],[27.8468793,36.5562266],[27.8475193,36.5565307],[27.8478226,36.5567028],[27.8483819,36.5570812],[27.8485559,36.5571118],[27.849037,36.5573474],[27.8492853,36.5572488],[27.84988,36.5571471],[27.8502456,36.5571817],[27.8507412,36.5573701],[27.8509069,36.5573296],[27.8510901,36.5571513],[27.8509975,36.5573797],[27.8508128,36.557666],[27.8504272,36.5577993],[27.8503531,36.5578713],[27.8500935,36.5585622],[27.8500501,36.5589121],[27.8500473,36.5592798],[27.8499041,36.5594855],[27.8496541,36.5602594],[27.848961,36.560281],[27.8486186,36.5602567],[27.8479022,36.5604545],[27.8477053,36.5605366],[27.8476546,36.5605907],[27.8476913,36.5608683],[27.8476779,36.5611966],[27.8474274,36.5621014],[27.8475228,36.562553],[27.8471425,36.5630153],[27.8469113,36.5633419],[27.8465927,36.5630571],[27.846488,36.5627719],[27.846134,36.5625776],[27.8460181,36.5624147],[27.8453824,36.5624125],[27.8447339,36.5627034],[27.8444195,36.562899],[27.8440397,36.5630825],[27.8438249,36.5632599],[27.8440492,36.5635156],[27.8437897,36.5636383],[27.8435221,36.5638198],[27.8436412,36.5641925],[27.8425548,36.5644912],[27.84216,36.564569],[27.842003,36.564698],[27.8416352,36.5648829],[27.8414254,36.5646971],[27.8412248,36.5645766],[27.8407149,36.5644216],[27.840087,36.5643417],[27.8381597,36.564322],[27.8373485,36.564345],[27.836586,36.564479],[27.83627,36.564738],[27.834856,36.5651203],[27.8345981,36.5652688],[27.8343818,36.565873],[27.8344428,36.5661612],[27.8347505,36.5665183],[27.8344107,36.5664964],[27.8340387,36.5663539],[27.8336827,36.5662803],[27.8334511,36.5662866],[27.8333268,36.5661636],[27.8330513,36.5660935],[27.833044,36.5660061],[27.8327987,36.5659434],[27.8323618,36.5659903],[27.8317026,36.5661876],[27.8313938,36.5663421],[27.83096,36.5666407],[27.83056,36.566834],[27.829926,36.567095],[27.829585,36.5673142],[27.8291082,36.5676731],[27.8288307,36.5678332],[27.8285515,36.5680315],[27.8284011,36.5681609],[27.8283981,36.5683758],[27.827713,36.568652],[27.8273863,36.5688895],[27.826763,36.569172],[27.8261384,36.5696886],[27.8259341,36.5697549],[27.8257937,36.5699305],[27.8258993,36.5703938],[27.8258743,36.5708982],[27.8256433,36.5716578],[27.8256218,36.5722216],[27.8257183,36.5723805],[27.8255841,36.5728835],[27.825292,36.5730278],[27.8250266,36.5729351],[27.8245817,36.5729156],[27.8245123,36.57281],[27.8244057,36.5728314],[27.8243645,36.5728951],[27.8241462,36.5728253],[27.8238599,36.572901],[27.823295,36.572536],[27.8231716,36.5724865],[27.8219886,36.5724213],[27.8217996,36.5723691],[27.8209909,36.5727496],[27.820748,36.572683],[27.8206746,36.5725052],[27.8207084,36.5723274],[27.820583,36.57217],[27.8202192,36.5720592],[27.8199137,36.5719974],[27.8190395,36.5720304],[27.8185573,36.5719756],[27.8177602,36.5717634],[27.8173149,36.5716192],[27.8169618,36.5714103],[27.8165695,36.5712475],[27.8162812,36.5709241],[27.8160729,36.5705979],[27.8159733,36.5701288],[27.8160788,36.5697216],[27.8163345,36.56928],[27.817039,36.568341],[27.817116,36.568062],[27.8171505,36.5677317],[27.8170817,36.5675865],[27.8169904,36.5674552],[27.8164166,36.567031],[27.816448,36.5668403],[27.8165538,36.5666744],[27.8165508,36.566489],[27.8165854,36.5663694],[27.8166843,36.5662756],[27.816536,36.5662376],[27.8164091,36.5661392],[27.8163378,36.5661278],[27.8159912,36.5658895],[27.8157243,36.5656566],[27.8153604,36.5654477],[27.8150999,36.5653234],[27.8149467,36.5653455],[27.8147525,36.5652314],[27.8144262,36.5652198],[27.814178,36.5649891],[27.8140307,36.5650489],[27.8134971,36.5650011],[27.813342,36.565026],[27.8132162,36.5652854],[27.8131227,36.5655707],[27.8132437,36.5657999],[27.813193,36.566055],[27.8130977,36.5663318],[27.8131229,36.566428],[27.8132835,36.5666073],[27.8130361,36.567048],[27.8130315,36.56732],[27.8133866,36.5674513],[27.813457,36.567654],[27.8134586,36.5685835],[27.8134179,36.5688687],[27.8132302,36.569446],[27.81323,36.569651],[27.8125258,36.5705882],[27.8124156,36.5708464],[27.8121233,36.5707858],[27.812127,36.570687],[27.8118126,36.5701928],[27.8113808,36.5696571],[27.8112187,36.5696027],[27.8112588,36.5695239],[27.810996,36.569153],[27.8108243,36.5686155],[27.8106084,36.5684425],[27.8103225,36.568367],[27.8098813,36.5683735],[27.8092301,36.5684525],[27.809009,36.5685294],[27.8088189,36.5684133],[27.808653,36.568186],[27.808277,36.568015],[27.808088,36.567978],[27.8080205,36.5677574],[27.8080144,36.5673355],[27.8077672,36.5672243],[27.807632,36.567248],[27.807473,36.567378],[27.806998,36.567509],[27.8059448,36.5673288],[27.8057247,36.5672085],[27.805626,36.5670845],[27.8056531,36.5669852],[27.8044649,36.5670575],[27.8042262,36.5672295],[27.8037073,36.567319],[27.8035866,36.5673777],[27.8035333,36.5675323],[27.8027636,36.5677133],[27.8025606,36.5675863],[27.8022698,36.5674668],[27.802192,36.5673326],[27.8019415,36.5672998],[27.8017992,36.5669306],[27.8016256,36.5668298],[27.8015004,36.5668315],[27.8013705,36.566747],[27.801342,36.5664998],[27.801252,36.566264],[27.801049,36.5661708],[27.8009433,36.5662024],[27.8008423,36.5660953],[27.8006569,36.5660133],[27.800595,36.5658253],[27.8003398,36.5658674],[27.8000799,36.5657783],[27.7999336,36.565645],[27.7998624,36.5655069],[27.8000527,36.5653687],[27.800125,36.565115],[27.8002744,36.5649762],[27.800237,36.5646798],[27.8000511,36.5647062],[27.7997859,36.5647964],[27.7994609,36.5648118],[27.7993738,36.5649886],[27.7991616,36.5649668],[27.7991362,36.5648175],[27.7990307,36.5648548],[27.798867,36.5647893],[27.7987297,36.5648728],[27.798691,36.564996],[27.798532,36.565126],[27.7984134,36.5651064],[27.798375,36.565255],[27.7981899,36.5654666],[27.7980543,36.5655367],[27.7980049,36.5654986],[27.7979492,36.5655937],[27.7977575,36.5654969],[27.7976293,36.5655041],[27.797569,36.5657192],[27.7976331,36.5658327],[27.7975556,36.5659086],[27.7972371,36.5658989],[27.7971122,36.5657968],[27.7969793,36.5658551],[27.7968895,36.5657698],[27.7967295,36.5657853],[27.7965066,36.5656364],[27.7961542,36.5655913],[27.79599,36.565657],[27.795995,36.566171],[27.795829,36.5669145],[27.7957369,36.5674599],[27.796011,36.567712],[27.7958896,36.5682999],[27.79567,36.5685873],[27.795703,36.568742],[27.795387,36.569001],[27.7949963,36.5692318],[27.794916,36.569646],[27.794758,36.569776],[27.7947783,36.5699992],[27.7946383,36.5700937],[27.7944939,36.5702432],[27.7946119,36.5706014],[27.794931,36.571059],[27.795572,36.57144],[27.795893,36.571695],[27.796352,36.5718818],[27.796604,36.5721007],[27.796907,36.5722898],[27.7971108,36.5723367],[27.7973268,36.5722859],[27.797451,36.5721295],[27.7976955,36.5720582],[27.7979227,36.5718874],[27.7979878,36.571972],[27.7981462,36.5719593],[27.7985267,36.5718088],[27.7986037,36.5716752],[27.7986417,36.5714249],[27.7988242,36.5713565],[27.7988124,36.571146],[27.7990754,36.5709242],[27.7992677,36.5709013],[27.7995442,36.5707313],[27.7999946,36.5706882],[27.8002539,36.5705912],[27.8004823,36.5706017],[27.8003587,36.570674],[27.8005786,36.5707913],[27.8007687,36.570734],[27.8010348,36.570404],[27.8014968,36.5703947],[27.8020579,36.5706185],[27.8022839,36.5705909],[27.802571,36.570622],[27.8027608,36.5707911],[27.8031913,36.5709204],[27.80337,36.571003],[27.8035556,36.5711453],[27.8035926,36.5714013],[27.8038119,36.5715014],[27.8039604,36.57163],[27.8039992,36.5716221],[27.8040575,36.5715357],[27.8041575,36.5715493],[27.804126,36.5716812],[27.8043733,36.5718516],[27.8046259,36.5719362],[27.8045387,36.5719753],[27.8048875,36.5723623],[27.8049312,36.572569],[27.8047944,36.5728497],[27.8045654,36.5731923],[27.8044836,36.5734114],[27.8042248,36.5737158],[27.8039002,36.5740137],[27.8036353,36.5742011],[27.8035403,36.574164],[27.8034493,36.5740898],[27.8033706,36.574143],[27.8033557,36.5742104],[27.803438,36.5742883],[27.8034955,36.5743975],[27.8036636,36.5747966],[27.8035586,36.5751053],[27.8034183,36.5751888],[27.8032464,36.5753989],[27.80294,36.575501],[27.802781,36.575631],[27.8025437,36.5757535],[27.8024339,36.575734],[27.8023628,36.5757744],[27.8023751,36.5760625],[27.8022594,36.576187],[27.8021992,36.5763638],[27.8017722,36.5765133],[27.8017062,36.5766252],[27.8017653,36.5767013],[27.8016993,36.5767852],[27.8018506,36.577027],[27.8019833,36.5770899],[27.8022061,36.5771258],[27.8024396,36.5771304],[27.802857,36.5769844],[27.8030976,36.5769975],[27.8032601,36.5769613],[27.8037642,36.5770857],[27.8039032,36.5771716],[27.8040293,36.577206],[27.8044102,36.5770756],[27.804867,36.57703],[27.8057765,36.5771255],[27.8063881,36.5776449],[27.8068376,36.5779053],[27.8070306,36.5781004],[27.807114,36.578685],[27.8071853,36.5787811],[27.807575,36.5789227],[27.808073,36.579064],[27.8084693,36.5792697],[27.8088735,36.5795553],[27.8090382,36.5798722],[27.8091258,36.5799233],[27.8092254,36.5798797],[27.8092964,36.5796987],[27.8090312,36.5794999],[27.8090719,36.5793553],[27.8092117,36.5791881],[27.8094096,36.5790341],[27.8099621,36.5789955],[27.810419,36.5787929],[27.8106377,36.5785977],[27.8108515,36.5787138],[27.8111187,36.5789869],[27.8112964,36.5795869],[27.8116014,36.5797151],[27.8118587,36.5800497],[27.8119954,36.5803069],[27.8120435,36.5804834],[27.8123204,36.5804142],[27.8124501,36.580559],[27.8129184,36.5806177],[27.8140875,36.5803827],[27.8143161,36.5804404],[27.8146427,36.5806767],[27.8149496,36.5812294],[27.814947,36.581458],[27.814631,36.581717],[27.814318,36.582233],[27.8140022,36.5825263],[27.8135737,36.5828083],[27.8131807,36.5828005],[27.8130972,36.5829151],[27.8132005,36.5833612],[27.8132747,36.5835705],[27.813697,36.583779],[27.814018,36.584033],[27.8141178,36.5846051],[27.814666,36.585057],[27.8147823,36.5852535],[27.8147712,36.58545],[27.8146216,36.5855702],[27.8143353,36.5857386],[27.813879,36.585833],[27.8137601,36.5859982],[27.8137065,36.587635],[27.8138551,36.5878205],[27.8139854,36.587691],[27.8144384,36.5878079],[27.8145277,36.5883365],[27.8145109,36.5885582],[27.814231,36.589042],[27.8138847,36.5894162],[27.8135483,36.5897374],[27.8131811,36.5899913],[27.8130722,36.5899944],[27.8130852,36.58988],[27.812965,36.589821],[27.8127222,36.5897978],[27.8123494,36.5896441],[27.811594,36.5896377],[27.8109555,36.5900464],[27.8109828,36.5901663],[27.8107856,36.5901384],[27.8106349,36.5902327],[27.8104759,36.5902549],[27.8101656,36.5902323],[27.8100097,36.5901019],[27.80995,36.5899847],[27.8099445,36.5898809],[27.8094724,36.5897728],[27.8092097,36.589747],[27.8088343,36.5895602],[27.8085188,36.5894636],[27.8081358,36.5891237],[27.8079921,36.5889598],[27.8079327,36.588748],[27.8079185,36.5883832],[27.8078507,36.5878312],[27.8076406,36.5873053],[27.807522,36.5871845],[27.8073651,36.5871261],[27.8069496,36.5870931],[27.8065843,36.5871066],[27.8064009,36.58723],[27.806095,36.587941],[27.8059515,36.5882087],[27.8060437,36.588261],[27.805465,36.588716],[27.8052586,36.5890107],[27.8050848,36.5896122],[27.8049919,36.5897836],[27.8045357,36.5903107],[27.8043874,36.5903895],[27.804229,36.59041],[27.804026,36.5903922],[27.8039454,36.5903371],[27.8037179,36.5900603],[27.8035894,36.5899855],[27.80347,36.5898118],[27.8031007,36.5897257],[27.8027965,36.5897179],[27.802609,36.589763],[27.8025292,36.5898104],[27.8023449,36.5898413],[27.8019343,36.5900606],[27.801891,36.590174],[27.8018043,36.5901592],[27.8017257,36.5902239],[27.801349,36.5901642],[27.8009127,36.5900512],[27.8006135,36.5899339],[27.8005714,36.5898223],[27.8005649,36.589643],[27.8004903,36.5894432],[27.800374,36.589264],[27.8001835,36.5890428],[27.7998549,36.5888868],[27.7996296,36.5886725],[27.7995426,36.5884484],[27.7995197,36.5874127],[27.7992659,36.5872706],[27.7991267,36.5873056],[27.798962,36.5872842],[27.7989093,36.5871034],[27.7988932,36.5868995],[27.7989504,36.5867788],[27.7987294,36.5863923],[27.7988086,36.5862178],[27.7989832,36.5860646],[27.7993261,36.5859483],[27.7993812,36.585729],[27.7990568,36.5854496],[27.7990594,36.5852694],[27.7988903,36.5851228],[27.7989148,36.584918],[27.7988457,36.584674],[27.7986264,36.5843688],[27.7983525,36.5841624],[27.7981758,36.5840796],[27.7978944,36.5840783],[27.7975012,36.5840029],[27.7971422,36.5837385],[27.7969659,36.5836594],[27.796765,36.5836172],[27.7965926,36.5836565],[27.796174,36.58364],[27.7959641,36.5835531],[27.7957542,36.5836099],[27.7957816,36.5836777],[27.7959015,36.5837611],[27.7958892,36.5838626],[27.7957095,36.5840866],[27.7957247,36.5842393],[27.795934,36.5844339],[27.7960471,36.5847847],[27.7960229,36.5849015],[27.7958489,36.5848848],[27.7957928,36.584829],[27.7956155,36.5848741],[27.7950166,36.5847786],[27.794842,36.5846796],[27.7946149,36.58464],[27.7943519,36.5846796],[27.7942083,36.5846139],[27.7939908,36.5845878],[27.793796,36.584684],[27.7936907,36.5848458],[27.7936654,36.5851213],[27.7933236,36.5852603],[27.7931113,36.5853101],[27.7928898,36.585301],[27.7928106,36.5852433],[27.7925628,36.5851809],[27.7921274,36.5852164],[27.7918571,36.5853182],[27.791775,36.5853708],[27.791733,36.585468],[27.7915812,36.5856292],[27.7915474,36.5857083],[27.7913555,36.5857808],[27.7913252,36.5858632],[27.7912647,36.5858499],[27.7911744,36.5858728],[27.7912241,36.5856785],[27.7910665,36.5855233],[27.7908406,36.5849791],[27.790772,36.584961],[27.790612,36.584833],[27.7903975,36.5847271],[27.7902815,36.5847202],[27.7902098,36.5847657],[27.7901753,36.5848875],[27.7900422,36.5849598],[27.7898808,36.5849608],[27.789786,36.5849184],[27.7898244,36.5848385],[27.7897686,36.584837],[27.7891022,36.5849281],[27.7885767,36.5849338],[27.7884153,36.5850835],[27.7883616,36.5851735],[27.7884002,36.5852587],[27.7883297,36.5853052],[27.788244,36.5853044],[27.7881529,36.5853521],[27.7880815,36.5853535],[27.7879489,36.5851095],[27.7878871,36.5851018],[27.787739,36.5851954],[27.7875448,36.5852494],[27.7873781,36.5853377],[27.7872666,36.5853411],[27.7870775,36.5854297],[27.786796,36.585501],[27.7866382,36.5854745],[27.7865606,36.5853935],[27.7865717,36.5852811],[27.7865283,36.5850259],[27.7864381,36.5850351],[27.7863221,36.5848577],[27.7862352,36.5847977],[27.7862648,36.5848954],[27.7862427,36.5849567],[27.7863148,36.5850467],[27.786243,36.585104],[27.786164,36.5850263],[27.7860198,36.5849801],[27.7852636,36.5848782],[27.7850776,36.5847667],[27.7850025,36.5848381],[27.785068,36.5849564],[27.7849833,36.5850691],[27.7848686,36.5851261],[27.7847786,36.5852375],[27.7847771,36.5853465],[27.7846525,36.5853961],[27.784534,36.585411],[27.7844245,36.5852989],[27.7842415,36.5853901],[27.7841591,36.5853004],[27.7840065,36.585304],[27.7838109,36.5854227],[27.783609,36.585393],[27.78345,36.585523],[27.7833207,36.5857089],[27.782977,36.585911],[27.7825339,36.5862421],[27.7826873,36.5862996],[27.7827353,36.5864098],[27.7827817,36.5866752],[27.7830279,36.5868718],[27.7829376,36.5869511],[27.7829458,36.5870229],[27.7828206,36.5869984],[27.7826074,36.5869979],[27.7825731,36.5870334],[27.7822925,36.5869853],[27.7822591,36.5868816],[27.7821631,36.5868563],[27.7821258,36.5869003],[27.7820202,36.5868596],[27.7819384,36.5868969],[27.7818426,36.5868924],[27.7818421,36.5869377],[27.7819396,36.5870186],[27.781919,36.5870666],[27.7815283,36.5870459],[27.7812023,36.5870673],[27.7810477,36.5871252],[27.7805686,36.586965],[27.7801597,36.5870038],[27.7800349,36.5869455],[27.7800424,36.586877],[27.7796879,36.5869161],[27.7796763,36.5869728],[27.7795457,36.5868967],[27.7794079,36.586934],[27.779325,36.587092],[27.779009,36.587351],[27.7789429,36.5873636],[27.7788447,36.5874537],[27.7787804,36.5875601],[27.7788498,36.5877172],[27.778844,36.5878076],[27.7789774,36.5878949],[27.7790889,36.587858],[27.7791948,36.5878716],[27.7792858,36.5880621],[27.7793854,36.5879961],[27.7794768,36.5879847],[27.7794649,36.5881586],[27.7795556,36.5881675],[27.7797286,36.5882471],[27.7794703,36.5884099],[27.7795137,36.5884873],[27.7797359,36.5884944],[27.7800213,36.5887093],[27.780167,36.5888902],[27.7794404,36.5893981],[27.7795466,36.5895849],[27.7799716,36.5899567],[27.780036,36.5900789],[27.7792295,36.5899556],[27.7790125,36.5898341],[27.7788681,36.5898547],[27.7787774,36.5897849],[27.778657,36.5900012],[27.7786392,36.5901554],[27.7785482,36.5902866],[27.7786465,36.5904667],[27.7787948,36.5906236],[27.7787125,36.5907029],[27.778776,36.5909006],[27.7785995,36.5909706],[27.7783398,36.5910276],[27.7781906,36.5910383],[27.7781549,36.5909778],[27.7781803,36.5909086],[27.7781665,36.590852],[27.7780592,36.5907562],[27.7780645,36.5906884],[27.7779844,36.5904974],[27.7778356,36.5904633],[27.7777619,36.5903602],[27.777813,36.5902187],[27.7777757,36.5901639],[27.7779532,36.5900844],[27.7779918,36.5900289],[27.7779376,36.5898502],[27.7777312,36.5897881],[27.7775449,36.5896126],[27.7774908,36.5894776],[27.777273,36.5894547],[27.7767172,36.5894575],[27.776321,36.589295],[27.775683,36.589299],[27.7752265,36.5895118],[27.775174,36.5892886],[27.7752287,36.5891128],[27.7750378,36.5890885],[27.7748275,36.5890055],[27.7748899,36.5889515],[27.7746952,36.5887725],[27.7747688,36.5887314],[27.7745108,36.5884995],[27.7743774,36.5884994],[27.7743455,36.5886716],[27.7741498,36.5886931],[27.773997,36.5886285],[27.7738232,36.588721],[27.773794,36.5888049],[27.7736499,36.5888377],[27.7734215,36.5886691],[27.773446,36.588542],[27.7733923,36.5884495],[27.7731663,36.5884531],[27.7728008,36.58825],[27.7727242,36.5881452],[27.7730218,36.5880736],[27.7729624,36.5878958],[27.77286,36.5878665],[27.772642,36.587906],[27.7720417,36.5881004],[27.77211,36.5882595],[27.7715871,36.5883735],[27.7714993,36.5883152],[27.7707887,36.5882415],[27.7707468,36.5880924],[27.7706192,36.5878572],[27.7705247,36.5877487],[27.7705611,36.5876521],[27.770591,36.5873901],[27.7703922,36.5873905],[27.7702094,36.5872488],[27.7697295,36.5872601],[27.769609,36.587155],[27.7693549,36.587075],[27.7692348,36.5870845],[27.7690982,36.5871348],[27.7691545,36.5872298],[27.7686307,36.5879032],[27.768651,36.5880458],[27.7688324,36.5883263],[27.7687624,36.5885737],[27.7686148,36.5887362],[27.7685839,36.5888519],[27.768671,36.588959],[27.768755,36.5891668],[27.7687626,36.5892762],[27.769015,36.5893894],[27.7696587,36.5894567],[27.7700165,36.5897985],[27.7703923,36.5895783],[27.7704304,36.5896916],[27.7704393,36.5898553],[27.7705288,36.5901417],[27.7708236,36.5907196],[27.7711312,36.5905649],[27.7712932,36.5906543],[27.7715124,36.5912537],[27.7712434,36.5915785],[27.7709892,36.5917295],[27.7709196,36.5920741],[27.770803,36.5923653],[27.7705344,36.5925309],[27.7703309,36.5927553],[27.770305,36.593059],[27.770624,36.593185],[27.7709875,36.5934576],[27.7714151,36.5937001],[27.7714511,36.5938463],[27.7718689,36.5940344],[27.772234,36.594845],[27.7724907,36.5950805],[27.7725471,36.5953997],[27.7723658,36.5956201],[27.7719209,36.5960385],[27.7718496,36.5962881],[27.7716711,36.5964256],[27.7716358,36.5966405],[27.771776,36.596904],[27.7720084,36.5976644],[27.7720216,36.5978506],[27.7723424,36.5979074],[27.7724484,36.5981538],[27.7724752,36.5983358],[27.7725944,36.5986271],[27.7725029,36.5990162],[27.7724576,36.5993938],[27.7724615,36.5997498],[27.772584,36.5999102],[27.7731723,36.6002514],[27.773564,36.60036],[27.773882,36.600358],[27.7742,36.600228],[27.774361,36.600484],[27.7742947,36.6010362],[27.774053,36.601514],[27.7736795,36.6019556],[27.7736317,36.6021586],[27.7737058,36.6024679],[27.7738896,36.6026262],[27.7738337,36.6027838],[27.7739087,36.6030664],[27.7738474,36.6032701],[27.7737118,36.6033431],[27.772957,36.603447],[27.7724311,36.6035856],[27.7719266,36.6036122],[27.7711915,36.6037336],[27.770815,36.6036127],[27.7701086,36.6036521],[27.7701091,36.6035934],[27.7700192,36.6036083],[27.7700028,36.6036398],[27.7700398,36.6036833],[27.7700115,36.6037268],[27.769898,36.6037885],[27.7695683,36.6037018],[27.7693806,36.6036971],[27.7684078,36.6038191],[27.7679132,36.6037198],[27.7675206,36.603741],[27.7673683,36.6036026],[27.7672259,36.6034115],[27.7670619,36.6034099],[27.7664878,36.6031602],[27.7659898,36.6028535],[27.7656922,36.6025676],[27.76562,36.602596],[27.7654619,36.6032263],[27.765293,36.6036671],[27.765314,36.603882],[27.7655757,36.6040093],[27.7658588,36.6039902],[27.766065,36.6037049],[27.7662712,36.603747],[27.766587,36.603745],[27.7668865,36.6038148],[27.7672198,36.6040518],[27.7671932,36.6043287],[27.7672257,36.604584],[27.7670232,36.6047128],[27.7672659,36.6054229],[27.7674591,36.6057105],[27.7678134,36.6063942],[27.7681657,36.6070028],[27.7681824,36.6076997],[27.7683181,36.6078208],[27.7681849,36.6080215],[27.7683208,36.6081918],[27.7681666,36.6084529],[27.7682262,36.6086872],[27.768232,36.609002],[27.7683538,36.6091678],[27.768874,36.609383],[27.7691313,36.6096721],[27.7694649,36.6099779],[27.769841,36.610533],[27.7702596,36.6107123],[27.7707874,36.6106031],[27.7711807,36.6104939],[27.7712103,36.6106725],[27.771438,36.610908],[27.7719931,36.6112566],[27.7728004,36.6115664],[27.7730504,36.6114727],[27.7731376,36.6112653],[27.7730689,36.6109988],[27.7732268,36.6107665],[27.7732855,36.6104717],[27.7731673,36.6100745],[27.7733747,36.6097263],[27.7733755,36.6092203],[27.7735873,36.6089757],[27.773967,36.608836],[27.7741677,36.6086572],[27.7746455,36.6084581],[27.7746991,36.6082376],[27.7750302,36.6080507],[27.7752021,36.6079746],[27.7754618,36.6079214],[27.7756073,36.6078259],[27.7755017,36.6077755],[27.7753035,36.6074858],[27.7752335,36.6072079],[27.7752022,36.6068742],[27.7752333,36.606595],[27.7751851,36.6063875],[27.774988,36.6061297],[27.7747234,36.6055327],[27.77466,36.6051658],[27.7746736,36.6050829],[27.7746499,36.6048336],[27.7747056,36.6044469],[27.7746711,36.6043589],[27.774718,36.6043225],[27.7748303,36.6040419],[27.7750071,36.6038953],[27.7752632,36.6037469],[27.7755618,36.6036478],[27.7757558,36.6036388],[27.7758531,36.6036942],[27.7761948,36.6037809],[27.776535,36.603741],[27.7769806,36.6037407],[27.7775786,36.6039225],[27.7786189,36.6045007],[27.7788984,36.604622],[27.7793863,36.6047693],[27.7794343,36.6054611],[27.779509,36.6054495],[27.7795593,36.6055229],[27.7794334,36.6056355],[27.7794978,36.6057212],[27.7797322,36.6058183],[27.7801381,36.6057429],[27.7803977,36.6057308],[27.780785,36.60558],[27.7809041,36.6054818],[27.7809984,36.605321],[27.781004,36.6050552],[27.7809317,36.605019],[27.7809699,36.604964],[27.7808722,36.6047319],[27.7808453,36.6045368],[27.7809282,36.6042599],[27.781088,36.604037],[27.7813034,36.6035408],[27.7813071,36.6033481],[27.7811567,36.6031455],[27.7811046,36.6027212],[27.781027,36.6023824],[27.7810631,36.6023734],[27.7810368,36.6023183],[27.7810423,36.6022383],[27.7813574,36.6020556],[27.7817002,36.6019681],[27.7817849,36.6020274],[27.7817834,36.6020786],[27.7819775,36.6020984],[27.7821152,36.602228],[27.7823363,36.6022377],[27.7824575,36.6023028],[27.7825718,36.6022997],[27.7826827,36.6022401],[27.782929,36.6022367],[27.7833862,36.6021156],[27.783778,36.602092],[27.7840483,36.6019882],[27.7842269,36.602],[27.7843255,36.6020903],[27.784326,36.6022442],[27.7842568,36.6024496],[27.7843015,36.6025598],[27.784393,36.6025725],[27.7846608,36.602547],[27.7849349,36.6025868],[27.7851015,36.6026865],[27.7853605,36.6029364],[27.7855537,36.6033654],[27.785622,36.6036935],[27.7855818,36.6038377],[27.7855199,36.6039083],[27.7853752,36.6039615],[27.7852798,36.6040879],[27.7851941,36.6041068],[27.7851513,36.6041456],[27.7850495,36.6041452],[27.7845653,36.6044846],[27.7843158,36.6045986],[27.7840807,36.6048314],[27.7839963,36.6049935],[27.7840425,36.6052117],[27.7840091,36.6052996],[27.7840545,36.6054754],[27.7841325,36.6055443],[27.7843297,36.6056245],[27.7844587,36.6057539],[27.7846966,36.6058636],[27.7847347,36.6059607],[27.784614,36.606069],[27.7845659,36.606156],[27.784457,36.606198],[27.784298,36.606328],[27.7842615,36.6064],[27.784141,36.606457],[27.7837511,36.6067532],[27.7836706,36.606839],[27.7837958,36.6069952],[27.7842024,36.6071367],[27.7843136,36.6072126],[27.78435,36.6072941],[27.7844866,36.6074068],[27.7844775,36.6075118],[27.7844193,36.6075231],[27.783679,36.608131],[27.7836332,36.6083832],[27.783684,36.608644],[27.7838349,36.6090993],[27.7841359,36.6092623],[27.784176,36.609926],[27.7854653,36.6104613],[27.786094,36.610555],[27.7864852,36.6104442],[27.7867351,36.6104194],[27.787352,36.6107063],[27.7879632,36.6107142],[27.7881039,36.6105673],[27.788641,36.610281],[27.789751,36.6100838],[27.7906593,36.6095783],[27.7915128,36.6097941],[27.791822,36.609746],[27.7921467,36.6095801],[27.7925672,36.609835],[27.7927849,36.6101183],[27.7928446,36.6102297],[27.7926933,36.6105537],[27.7927404,36.610682],[27.7925607,36.6109111],[27.7923961,36.6109364],[27.791998,36.611416],[27.79184,36.611545],[27.7914382,36.6117797],[27.7912918,36.6120605],[27.7914573,36.6125097],[27.7917206,36.6126585],[27.7932411,36.6130158],[27.7941717,36.6126202],[27.7949529,36.6124076],[27.7957605,36.6122974],[27.7961139,36.6120666],[27.7962622,36.6121242],[27.796626,36.612027],[27.7968986,36.6124612],[27.7969702,36.6124751],[27.7970402,36.6123846],[27.7971445,36.6123365],[27.7972263,36.6123767],[27.7974206,36.6125077],[27.7979029,36.6130075],[27.7979566,36.6134597],[27.7979439,36.6136983],[27.7977263,36.613811],[27.797603,36.614075],[27.797128,36.614464],[27.7970275,36.6146996],[27.797134,36.614978],[27.796675,36.6155724],[27.796507,36.61601],[27.796512,36.616524],[27.7961898,36.6169134],[27.7975042,36.6171261],[27.797795,36.617286],[27.7978168,36.6174996],[27.7979934,36.6175675],[27.7978501,36.6179646],[27.7980013,36.618249],[27.7980986,36.6183238],[27.7980198,36.6184543],[27.7982786,36.6186083],[27.7981608,36.6188647],[27.7982507,36.61892],[27.7984314,36.6188103],[27.7986805,36.6189552],[27.798932,36.619334],[27.7992226,36.6193504],[27.7992889,36.619534],[27.7995088,36.6195043],[27.799555,36.6194583],[27.799657,36.6195624],[27.7996631,36.6196234],[27.7993802,36.6199707],[27.7990546,36.6201928],[27.7988711,36.6203992],[27.7985627,36.6205413],[27.7984251,36.6206705],[27.7980832,36.6208733],[27.7980832,36.6210815],[27.7981046,36.6211354],[27.798313,36.621136],[27.7985649,36.621259],[27.7986804,36.6212687],[27.7988581,36.6211648],[27.7991279,36.6212118],[27.7993252,36.6212867],[27.7994043,36.6214321],[27.7994415,36.6216274],[27.7994256,36.621853],[27.7992431,36.6220326],[27.7991391,36.6221924],[27.7991753,36.6224062],[27.7993242,36.62262],[27.7991623,36.622907],[27.7989702,36.6231329],[27.7985776,36.6234501],[27.798384,36.6235761],[27.7981776,36.6235657],[27.7981471,36.6235029],[27.7980881,36.6235217],[27.7981005,36.6235785],[27.7975824,36.6235633],[27.7969877,36.6233523],[27.796742,36.62333],[27.7962019,36.6233829],[27.7956914,36.6232077],[27.7953161,36.6228659],[27.7949188,36.6228279],[27.794787,36.6228422],[27.7945145,36.6226139],[27.7944295,36.6226132],[27.7944137,36.6226718],[27.7943128,36.6226038],[27.7943603,36.6225679],[27.7943038,36.6225001],[27.7941808,36.6225789],[27.7938146,36.622573],[27.7935785,36.6225181],[27.7934593,36.6225773],[27.7933116,36.6225638],[27.7932793,36.6226503],[27.7930485,36.6226344],[27.7930023,36.622573],[27.7929329,36.6226095],[27.7929233,36.6226713],[27.7930195,36.622695],[27.7927609,36.6227569],[27.7927178,36.6227123],[27.7926989,36.6228012],[27.7925755,36.6228397],[27.7924713,36.6229781],[27.791959,36.623105],[27.7918,36.623235],[27.7916895,36.6232807],[27.7913368,36.6231949],[27.7912907,36.6232586],[27.7913408,36.6233239],[27.7912386,36.6233929],[27.791647,36.62375],[27.791967,36.623876],[27.7921406,36.6240423],[27.7923274,36.6243088],[27.7930913,36.6245755],[27.793185,36.6247793],[27.7931045,36.6249939],[27.7931646,36.6250574],[27.7933117,36.6249111],[27.793412,36.625023],[27.7936586,36.6257974],[27.7935801,36.6259215],[27.7933854,36.6260845],[27.7933717,36.6261884],[27.7932786,36.6263772],[27.7933127,36.6265014],[27.7942059,36.626872],[27.7947289,36.6274834],[27.7948331,36.627508],[27.7949982,36.6279126],[27.7952193,36.6279465],[27.7955309,36.6279201],[27.795836,36.628218],[27.7961674,36.6282679],[27.7963419,36.6285519],[27.7965515,36.6290937],[27.7966738,36.6291803],[27.797122,36.629237],[27.797443,36.629492],[27.797652,36.6297427],[27.7978984,36.6297987],[27.798111,36.6297392],[27.7982162,36.629817],[27.7983342,36.6301238],[27.798851,36.6302923],[27.7990643,36.6303125],[27.799513,36.6302136],[27.8004098,36.6305625],[27.800623,36.6306977],[27.8007754,36.6306904],[27.8008709,36.6306445],[27.8009783,36.6303377],[27.800969,36.630153],[27.800808,36.6296996],[27.8003944,36.6291084],[27.8003057,36.6288617],[27.800388,36.6286188],[27.8005006,36.6285403],[27.8006088,36.6285075],[27.8008784,36.6286013],[27.80126,36.628695],[27.8015096,36.6288591],[27.8015954,36.6288532],[27.8015823,36.628776],[27.8016764,36.6287262],[27.8017714,36.628777],[27.8018466,36.6289558],[27.8021276,36.6291077],[27.8026666,36.6293026],[27.8030202,36.6294726],[27.8030868,36.6293856],[27.8032168,36.6294358],[27.803273,36.6294342],[27.8033023,36.6294013],[27.803614,36.6294306],[27.8036451,36.6296816],[27.8040178,36.6300871],[27.80447,36.630858],[27.804577,36.6311017],[27.8049904,36.6312729],[27.805433,36.631493],[27.805752,36.631491],[27.8059354,36.631589],[27.8068519,36.6314625],[27.8073625,36.6315702],[27.807664,36.631478],[27.8078396,36.6314923],[27.8080152,36.6315647],[27.8080846,36.6317054],[27.8081339,36.6317025],[27.8083652,36.6313292],[27.8085022,36.6312855],[27.8085914,36.6312112],[27.8088807,36.6315125],[27.809045,36.6314993],[27.8094524,36.6316085],[27.8101334,36.631549],[27.8104879,36.6316482],[27.8108706,36.6315943],[27.8112424,36.6312087],[27.8116749,36.6310147],[27.8122127,36.6309887],[27.8129876,36.6310916],[27.8130581,36.6310188],[27.8133176,36.6310299],[27.8134608,36.6310907],[27.8136227,36.6313472],[27.8137082,36.6316069],[27.8135133,36.6320349],[27.8134681,36.6322066],[27.8135474,36.6323204],[27.8137504,36.6324156],[27.8140847,36.6324931],[27.81421,36.63259],[27.8142703,36.632686],[27.8143145,36.6329787],[27.8143145,36.6332473],[27.8142502,36.633419],[27.814061,36.63349],[27.8140208,36.6335979],[27.813426,36.633751],[27.8131585,36.6338439],[27.8131098,36.6339361],[27.81327,36.634138],[27.8134645,36.6342763],[27.8134975,36.6344986],[27.8134507,36.6346969],[27.8133194,36.6348306],[27.8128153,36.6349086],[27.8124117,36.6350607],[27.8120948,36.6357183],[27.812176,36.636201],[27.8124397,36.6363146],[27.8126311,36.6363186],[27.8128641,36.6364139],[27.8134185,36.6363834],[27.8140129,36.6366579],[27.8143914,36.6366115],[27.8146611,36.6364028],[27.815033,36.636305],[27.8151507,36.6363205],[27.8151291,36.636417],[27.8151598,36.6364522],[27.8153018,36.6364225],[27.8154171,36.6364529],[27.8154921,36.6365058],[27.8154895,36.6365857],[27.8154386,36.6366722],[27.8154812,36.6366941],[27.8156965,36.6367],[27.8157361,36.6367799],[27.8157114,36.6368954],[27.816171,36.637201],[27.8163059,36.6374075],[27.816493,36.637456],[27.8165604,36.6375948],[27.8164509,36.638198],[27.8167363,36.6387722],[27.8169483,36.6389841],[27.8171462,36.6390571],[27.8175847,36.6395849],[27.8179922,36.6397339],[27.818591,36.639882],[27.8186429,36.6399157],[27.8186482,36.6400078],[27.8186794,36.6400156],[27.8187974,36.6399316],[27.8188637,36.6399762],[27.8191303,36.6400438],[27.8194756,36.6403434],[27.8197392,36.640313],[27.8199378,36.640406],[27.820933,36.6406108],[27.8213098,36.6408606],[27.8229926,36.6414801],[27.8231757,36.6415858],[27.8233497,36.6415903],[27.8234789,36.6415409],[27.8234875,36.6413626],[27.823588,36.6412421],[27.8237281,36.6412212],[27.823808,36.6412552],[27.8239276,36.6414424],[27.8244678,36.6416731],[27.8247033,36.64171],[27.825397,36.6423498],[27.8256204,36.6424276],[27.8264346,36.6423276],[27.8269038,36.6423951],[27.8277602,36.6422952],[27.828501,36.642383],[27.828681,36.642506],[27.8288538,36.6425023],[27.8289472,36.6425294],[27.8289211,36.6426432],[27.8289965,36.6426931],[27.8291485,36.6425158],[27.8292848,36.6425834],[27.8293934,36.6425224],[27.8295503,36.6425796],[27.8297472,36.6426079],[27.8300173,36.6428065],[27.830303,36.6431668],[27.8306051,36.6433661],[27.8314541,36.6436208],[27.8322344,36.6437446],[27.8328047,36.6437067],[27.8330329,36.6437334],[27.8332663,36.6440072],[27.833771,36.6440707],[27.8337305,36.6439529],[27.8338172,36.6439322],[27.8338495,36.6439954],[27.8339849,36.6440781],[27.8355536,36.644116],[27.8372987,36.643781],[27.8373215,36.6437152],[27.8373127,36.6423183],[27.8376626,36.6413895],[27.8376272,36.6412918],[27.8374541,36.6411978],[27.8372789,36.6407084],[27.8372581,36.6403063],[27.8374624,36.6402003],[27.837335,36.6400978],[27.8372525,36.6400779],[27.8371357,36.6400886],[27.8369457,36.6397515],[27.836918,36.639596],[27.8369579,36.6394948],[27.8370668,36.6394744],[27.8370913,36.6394454],[27.8370455,36.6394174],[27.837018,36.6394383],[27.8370123,36.6394083],[27.8369648,36.6393915],[27.8369631,36.6393415],[27.8369036,36.6393376],[27.8368716,36.6393815],[27.8368029,36.6393502],[27.8368029,36.6392932],[27.8367666,36.6392889],[27.8367924,36.6392253],[27.8367798,36.6392028],[27.8366603,36.6391815],[27.8366416,36.6391493],[27.8366573,36.6390738],[27.8366754,36.6390976],[27.8369087,36.6390296],[27.836752,36.638857],[27.8366727,36.6388184],[27.8364477,36.6388773],[27.836371,36.6388117],[27.8363185,36.6388076],[27.8362562,36.6388471],[27.8363329,36.6389229],[27.8362113,36.6389967],[27.8360556,36.6390089],[27.8359276,36.6389755],[27.8356883,36.6388097],[27.8356579,36.6387277],[27.8357005,36.638666],[27.8356962,36.6386145],[27.8356491,36.6386348],[27.8355977,36.6385967],[27.8355203,36.6386334],[27.8355107,36.6386658],[27.8353976,36.6386621],[27.8351562,36.6384964],[27.8350795,36.6382664],[27.83499,36.638099],[27.8349312,36.6378526],[27.834666,36.637587],[27.834505,36.637459],[27.833868,36.637464],[27.8330599,36.6374224],[27.8329146,36.6375227],[27.8325833,36.637581],[27.8322092,36.637366],[27.8317894,36.6372489],[27.829815,36.6368855],[27.8292482,36.636728],[27.8281279,36.6365181],[27.8273809,36.6363409],[27.8267788,36.6361148],[27.8255543,36.6355687],[27.8249203,36.6353211],[27.8245288,36.6349108],[27.8233221,36.634896],[27.8223467,36.6346241],[27.8221043,36.6344399],[27.8217206,36.6340118],[27.8215464,36.6337056],[27.8214164,36.6336508],[27.8212406,36.6333958],[27.8211091,36.6329936],[27.8211359,36.63181],[27.821322,36.6315025],[27.8216927,36.6305693],[27.8216901,36.6302432],[27.8215635,36.6298845],[27.8212856,36.6293929],[27.8212633,36.6289984],[27.8214256,36.6288253],[27.8212376,36.6285834],[27.821453,36.6283591],[27.8212384,36.6282362],[27.8211035,36.6282006],[27.8209052,36.6280547],[27.8207097,36.6278528],[27.8203414,36.6276924],[27.8201156,36.6277279],[27.8196832,36.6272645],[27.8189944,36.6268882],[27.8190604,36.6266979],[27.8189215,36.6265748],[27.8189394,36.6264692],[27.8187752,36.6263834],[27.8185379,36.6261835],[27.818123,36.625755],[27.8177613,36.6255061],[27.8175597,36.6254232],[27.8172817,36.6254281],[27.8169617,36.62535],[27.8168704,36.6252875],[27.8165847,36.6252488],[27.8163323,36.6250735],[27.8159061,36.6249543],[27.8157485,36.6248693],[27.8152136,36.6241843],[27.8150365,36.6240971],[27.8150011,36.6240133],[27.8152301,36.6234518],[27.8152986,36.6233463],[27.8153539,36.6233566],[27.8154135,36.623223],[27.8155166,36.6227432],[27.8157165,36.6223414],[27.8160457,36.6219202],[27.816155,36.6218292],[27.8163014,36.6217572],[27.8167372,36.6216417],[27.8167598,36.6217403],[27.8169466,36.6217104],[27.816933,36.6215982],[27.8170125,36.6215776],[27.8171105,36.6216031],[27.8170762,36.621664],[27.8171041,36.6216753],[27.8171299,36.6216309],[27.8172643,36.6216608],[27.8173104,36.6217214],[27.8173712,36.6217232],[27.817524,36.6217973],[27.8177491,36.621817],[27.8177836,36.6218454],[27.8179489,36.6218735],[27.8179296,36.621953],[27.8179641,36.6219609],[27.8179867,36.6218871],[27.8180556,36.6218884],[27.81869,36.6220693],[27.8190829,36.6221432],[27.819153,36.6222759],[27.819195,36.6222819],[27.8192674,36.6222329],[27.8193952,36.6222805],[27.8196915,36.6223142],[27.8197021,36.6222685],[27.8197779,36.6222591],[27.8197847,36.6222972],[27.8198653,36.6223099],[27.81987,36.6222651],[27.8201311,36.6222861],[27.8201168,36.6223593],[27.8202442,36.6223786],[27.820263,36.6223099],[27.8203615,36.6223154],[27.820418,36.6223769],[27.8205354,36.6224044],[27.8205873,36.6223565],[27.8207619,36.6224193],[27.8207717,36.6223984],[27.820697,36.6223637],[27.8207352,36.6222547],[27.8206651,36.6222214],[27.8206943,36.6219305],[27.8206086,36.6218785],[27.8206671,36.6216039],[27.8210648,36.6212961],[27.8211827,36.6212485],[27.8218568,36.6213184],[27.8218859,36.6213601],[27.8222419,36.6214031],[27.8225164,36.621377],[27.8229504,36.6214872],[27.8230869,36.6214774],[27.8230843,36.6215434],[27.8232696,36.6215496],[27.8232864,36.6215076],[27.8233246,36.621506],[27.8233237,36.6214672],[27.8233769,36.6214592],[27.8233748,36.6214093],[27.8235366,36.6213925],[27.8235439,36.6214747],[27.8236608,36.6214625],[27.8236527,36.621413],[27.8237965,36.621363],[27.8240035,36.621399],[27.8240819,36.6214415],[27.8240485,36.6214984],[27.8240817,36.6215104],[27.8241065,36.6214768],[27.8243698,36.6215806],[27.8243192,36.6216803],[27.8243582,36.6216907],[27.8244141,36.6216047],[27.8245001,36.621598],[27.8245923,36.6217056],[27.8247089,36.6219278],[27.8246214,36.622285],[27.8247346,36.6223314],[27.8247296,36.6223713],[27.8246802,36.6223919],[27.8246904,36.622462],[27.8247293,36.6225128],[27.8248771,36.6226058],[27.824944,36.6226828],[27.8251021,36.6227295],[27.8256861,36.6230283],[27.8262496,36.6230473],[27.8263378,36.6229985],[27.8265372,36.6230373],[27.8267074,36.623034],[27.8267663,36.6230858],[27.8268454,36.6231051],[27.8271397,36.6230659],[27.8275106,36.6231108],[27.8278803,36.6229136],[27.8280543,36.6228555],[27.8281474,36.6228603],[27.8284381,36.6229785],[27.8288634,36.622997],[27.8294658,36.6231788],[27.8295475,36.6233426],[27.8299336,36.6235933],[27.8302258,36.6238863],[27.8304277,36.6239622],[27.8304358,36.6240311],[27.8306992,36.6241578],[27.8307517,36.6241018],[27.8308039,36.6241325],[27.8309406,36.624106],[27.831282,36.6242819],[27.8320252,36.6244693],[27.832088,36.6243801],[27.8322355,36.6243529],[27.8322697,36.6242905],[27.83231,36.6243136],[27.83245,36.6241827],[27.8325296,36.6239675],[27.8330314,36.6239391],[27.833673,36.6236479],[27.8341285,36.6237265],[27.8341677,36.6238128],[27.8346454,36.6239428],[27.8348129,36.6240317],[27.8353688,36.6241356],[27.8356079,36.6240781],[27.8358041,36.6238511],[27.8360441,36.6231397],[27.8360685,36.622938],[27.8362021,36.622763],[27.836521,36.6226646],[27.8372779,36.6227473],[27.8377671,36.6225837],[27.8379349,36.622501],[27.8382124,36.6224338],[27.8382895,36.6224909],[27.8387786,36.6223401],[27.8392319,36.6220038],[27.8392547,36.6218875],[27.8392357,36.621817],[27.8393763,36.6217227],[27.8393754,36.6217014],[27.8392971,36.6216587],[27.8393203,36.6215338],[27.8395846,36.6210311],[27.8396476,36.6208241],[27.8396168,36.6206091],[27.8395012,36.6204495],[27.8394532,36.6204275],[27.8390668,36.6204261],[27.8387874,36.6203679],[27.8386715,36.6204302],[27.8385706,36.6204451],[27.838144,36.6203976],[27.8375146,36.6202486],[27.837421,36.6201685],[27.8373275,36.6201746],[27.8372775,36.6199733],[27.8372215,36.6200158],[27.8371498,36.6200007],[27.8371498,36.6199653],[27.8372344,36.6198377],[27.837534,36.6194891],[27.8376219,36.6194931],[27.8377906,36.6192638],[27.8378235,36.6192071],[27.837821,36.6191284],[27.8379728,36.6188112],[27.8381261,36.6186237],[27.8382392,36.6185329],[27.8386553,36.6183735],[27.8386977,36.6184434],[27.8387457,36.6184231],[27.8387048,36.6183534],[27.839219,36.6181477],[27.8391672,36.6178762],[27.8391198,36.6178443],[27.8391547,36.6177988],[27.8382433,36.6174599],[27.8377943,36.6171865],[27.8373719,36.616839],[27.8361656,36.6163201],[27.8356052,36.6161474],[27.8354508,36.6161617],[27.8354293,36.6161445],[27.8354213,36.6160457],[27.8355173,36.6158919],[27.8358331,36.6160323],[27.8359285,36.6159637],[27.8358321,36.6158843],[27.8358774,36.6158495],[27.8359776,36.6159297],[27.8365884,36.6155147],[27.8371224,36.6155602],[27.8379068,36.6158848],[27.8381192,36.6158498],[27.8386085,36.6158239],[27.8391928,36.6159118],[27.8394917,36.6158644],[27.8396733,36.6158869],[27.8405407,36.6163564],[27.8407629,36.6164351],[27.8408696,36.6164313],[27.8412504,36.6167275],[27.8412532,36.6168127],[27.8418327,36.6173122],[27.8423936,36.6176551],[27.8423964,36.6176805],[27.8428693,36.6180274],[27.8429856,36.61816],[27.8429922,36.6182257],[27.8431158,36.6184127],[27.8430866,36.6184289],[27.8431531,36.6185274],[27.844149,36.6191749],[27.8441957,36.6191513],[27.844615,36.6196211],[27.8454758,36.6202486],[27.8464269,36.6206424],[27.8467149,36.6210724],[27.8466426,36.6213067],[27.8467181,36.6213734],[27.8467118,36.6217165],[27.846767,36.62183],[27.8470356,36.6219633],[27.8481189,36.6233013],[27.8482112,36.6234666],[27.848459,36.6236336],[27.8487074,36.623919],[27.8489936,36.6241081],[27.8494268,36.6247024],[27.8495113,36.6247688],[27.8498193,36.6247922],[27.8500901,36.6249029],[27.8505945,36.6253388],[27.8506572,36.6253699],[27.8509614,36.6253438],[27.8510383,36.6253615],[27.8512532,36.6255608],[27.8514433,36.6256484],[27.8515493,36.6258154],[27.851683,36.6257897],[27.8518146,36.6258585],[27.8525534,36.6260233],[27.8530439,36.6260934],[27.8534923,36.6261872],[27.8542769,36.6263637],[27.8545039,36.6264406],[27.8549311,36.6264933],[27.8550694,36.6264968],[27.8551657,36.6264564],[27.8557244,36.6264532],[27.8566394,36.6262262],[27.8569087,36.6261808],[27.8572134,36.6261963],[27.8575236,36.6263187],[27.85783,36.626331],[27.8579924,36.6263625],[27.858431,36.6263106],[27.8588786,36.6264419],[27.8599651,36.6264191],[27.860283,36.6264893],[27.8604978,36.6265967],[27.8604786,36.6266891],[27.8606572,36.6268322],[27.8610248,36.6271993],[27.8612955,36.6273584],[27.8615178,36.6274026],[27.8623346,36.6277083],[27.8624446,36.6279552],[27.8625619,36.6280054],[27.8625165,36.6280617],[27.8625235,36.6281262],[27.8625704,36.6281973],[27.8627817,36.6282759],[27.8628086,36.6283675],[27.8628794,36.6283882],[27.8629641,36.6283702],[27.8631593,36.6284317],[27.8632677,36.628386],[27.8633877,36.6283893],[27.863557,36.6283392],[27.8636801,36.6283746],[27.8639734,36.6285693],[27.8641905,36.6288712],[27.8643092,36.6292986],[27.8642701,36.629426],[27.8643191,36.6295358],[27.864486,36.6296288],[27.864647,36.6296687],[27.8647819,36.6296606],[27.8648158,36.6296864],[27.8649808,36.6296794],[27.8652451,36.6296119],[27.8654664,36.6296441],[27.865826,36.6297495],[27.8664781,36.6300637],[27.8668889,36.6302268],[27.8670431,36.6303629],[27.8673972,36.6304344],[27.867985,36.6307069],[27.8680602,36.6307923],[27.8681417,36.6307696],[27.8684141,36.63091],[27.8686542,36.6309802],[27.8694232,36.6310055],[27.8697135,36.6311704],[27.8701117,36.631564],[27.8705394,36.6317447],[27.8715278,36.6318287],[27.871648,36.6317996],[27.8718019,36.6318414],[27.8719517,36.6318238],[27.8724192,36.6315917],[27.8727983,36.6314854],[27.8728571,36.6314418],[27.8729207,36.6311957],[27.8728257,36.6308281],[27.8725781,36.6305277],[27.8724666,36.6302329],[27.8723805,36.6301058],[27.8723323,36.6299821],[27.8723411,36.6299593],[27.8724089,36.6299467],[27.8724182,36.6298863],[27.8723771,36.6298495],[27.87232,36.6295158],[27.8722648,36.629399],[27.8722628,36.6291776],[27.8721944,36.6290162],[27.8722233,36.6287953],[27.8719143,36.6281466],[27.8717475,36.6278584],[27.8716893,36.6278579],[27.8716648,36.6277222],[27.8715818,36.6277063],[27.8716124,36.6276499],[27.8715053,36.627473],[27.8714258,36.627391],[27.8713847,36.6272168],[27.8711912,36.6269219],[27.8711514,36.626713],[27.871078,36.6265411],[27.871113,36.6261628],[27.8712151,36.6259771],[27.871456,36.6256681],[27.8714676,36.6255356],[27.871316,36.6251485],[27.8712451,36.6250729],[27.8710438,36.6246061],[27.8710674,36.6245429],[27.8709005,36.6243012],[27.8704696,36.6240318],[27.8704623,36.6240103],[27.8704932,36.6240052],[27.8704836,36.6239553],[27.87037,36.6239667],[27.8703144,36.6239291],[27.8702983,36.6238876],[27.8703646,36.6238888],[27.8703645,36.6238471],[27.870308,36.6238429],[27.8703184,36.6234763],[27.8703419,36.6234265],[27.8703963,36.6233689],[27.8704634,36.6234033],[27.8706313,36.6232564],[27.8707057,36.6232476],[27.8708543,36.6232879],[27.8708607,36.6232695],[27.8710689,36.6232406],[27.8713263,36.6232569],[27.8717926,36.6232279],[27.8718801,36.6232049],[27.8719181,36.6231369],[27.8723359,36.6230933],[27.8726316,36.6229758],[27.8728177,36.6229576],[27.8728261,36.6229188],[27.8727359,36.622902],[27.8722189,36.6222973],[27.8721685,36.6220643],[27.8719661,36.6215988],[27.8720127,36.6215087],[27.8719321,36.621325],[27.871898,36.6209406],[27.8717416,36.6206682],[27.8713865,36.6203969],[27.871148,36.6200396],[27.8705231,36.6199171],[27.8702177,36.6199222],[27.8697342,36.6198222],[27.8695998,36.6197105],[27.8696291,36.6195665],[27.8697737,36.6193552],[27.869789,36.6192096],[27.8694981,36.618924],[27.869045,36.618843],[27.8688296,36.6184488],[27.868687,36.6182654],[27.8686204,36.6182782],[27.8684771,36.6181806],[27.868499,36.6181383],[27.868417,36.618057],[27.8676846,36.6178849],[27.8675698,36.6179456],[27.8673528,36.6179213],[27.8670729,36.6178549],[27.8670266,36.6177662],[27.8668242,36.6176727],[27.8667408,36.6175657],[27.8661108,36.6174526],[27.8656646,36.6174617],[27.865653,36.6175121],[27.8654058,36.6176551],[27.8650073,36.6176814],[27.8648915,36.617632],[27.8647129,36.6176394],[27.8642464,36.6175123],[27.8633205,36.6171682],[27.8628011,36.6171841],[27.8625256,36.6171521],[27.8623026,36.6171958],[27.8617046,36.6175215],[27.8615621,36.6174732],[27.8613672,36.6171898],[27.8611049,36.6170737],[27.8606542,36.6169871],[27.8602993,36.6169908],[27.8599694,36.6169643],[27.8599276,36.6170278],[27.8595413,36.6171135],[27.8594952,36.6171569]]],[[[27.8720204,36.624593],[27.8720277,36.6246252],[27.8719893,36.6246298],[27.8719897,36.6246572],[27.872124,36.6247144],[27.8722593,36.6248185],[27.8723707,36.6250346],[27.872506,36.6251771],[27.872623,36.6252439],[27.8729628,36.6252959],[27.8730192,36.6252518],[27.8731644,36.6252348],[27.8732673,36.6251681],[27.8732941,36.6251149],[27.8732179,36.6248332],[27.8732222,36.6247268],[27.8733335,36.624504],[27.8733208,36.6242234],[27.8732969,36.624177],[27.8729519,36.624013],[27.8728726,36.6239529],[27.8725459,36.6238986],[27.8724711,36.6239327],[27.8723754,36.6239051],[27.8722094,36.623945],[27.8720181,36.624076],[27.8718954,36.6242498],[27.8718828,36.6243202],[27.871923,36.6244533],[27.8719175,36.6245126],[27.8720204,36.624593]]],[[[27.7917269,36.6306067],[27.791751,36.6308167],[27.7915325,36.6308545],[27.7916561,36.6309433],[27.7918114,36.6310002],[27.791723,36.6312],[27.7916052,36.6312711],[27.7918591,36.6316277],[27.7922398,36.6318986],[27.792688,36.632093],[27.7931745,36.632238],[27.793327,36.632217],[27.7936067,36.6315606],[27.7935216,36.6313129],[27.793626,36.6308485],[27.79358,36.6306011],[27.7936851,36.6304942],[27.7936351,36.6303266],[27.793784,36.630159],[27.793778,36.629645],[27.793618,36.629517],[27.7933011,36.6294441],[27.7929616,36.6296585],[27.7926665,36.6299119],[27.792667,36.630037],[27.7918555,36.6302566],[27.7916563,36.6303357],[27.7917269,36.6306067]]],[[[27.8125841,36.6333672],[27.8123973,36.633406],[27.8122196,36.6334743],[27.8121581,36.6335677],[27.8120465,36.6336292],[27.8121307,36.6336953],[27.8122378,36.6337089],[27.8125226,36.6336474],[27.8125567,36.6335426],[27.8126501,36.6334902],[27.8125909,36.6334401],[27.8125841,36.6333672]]],[[[27.8084767,36.6339695],[27.8084092,36.6341032],[27.8084379,36.6342472],[27.8086614,36.6341099],[27.8087206,36.6341326],[27.808757,36.6341007],[27.8087251,36.6340051],[27.8084767,36.6339695]]],[[[27.82985,36.6429],[27.8297763,36.6428747],[27.8297623,36.6429703],[27.8297904,36.6430266],[27.8298535,36.6430266],[27.829871,36.6429675],[27.82985,36.6429]]],[[[27.8112174,36.645877],[27.8110685,36.6458803],[27.8109123,36.6457971],[27.8109616,36.6457577],[27.8107677,36.6457305],[27.810719,36.6456976],[27.8106361,36.6456861],[27.8105792,36.6457075],[27.8102589,36.6456721],[27.8102915,36.6456208],[27.8101262,36.6456341],[27.8101114,36.6456042],[27.8099415,36.6455927],[27.8098741,36.6456996],[27.8096849,36.6456984],[27.8093893,36.6457695],[27.8093681,36.6458186],[27.8088452,36.6460998],[27.8088667,36.6462048],[27.8088328,36.6462442],[27.8088866,36.6463255],[27.8089373,36.6463445],[27.8089381,36.6464195],[27.8090328,36.6464414],[27.8090324,36.6465078],[27.8091136,36.6464817],[27.809432,36.6465818],[27.8094692,36.6466533],[27.8096393,36.6467211],[27.8095913,36.64683],[27.8096589,36.6469233],[27.8097779,36.6470165],[27.8098968,36.6472694],[27.8100222,36.647409],[27.8100448,36.6475636],[27.8102268,36.6476947],[27.8102536,36.6478144],[27.8104049,36.6479231],[27.8105223,36.6479749],[27.8105553,36.6480754],[27.8106782,36.6481888],[27.8109355,36.6480857],[27.8110572,36.6480012],[27.8112728,36.6479053],[27.8113216,36.6478462],[27.8114384,36.6477895],[27.8117687,36.64746],[27.8118634,36.6474695],[27.8119005,36.6474437],[27.8119086,36.6474012],[27.8120687,36.6473161],[27.8121044,36.6472816],[27.8120611,36.6472241],[27.8121836,36.6471438],[27.8120795,36.6466627],[27.8121648,36.6463679],[27.812219,36.6463211],[27.8122455,36.6461425],[27.8123083,36.6460846],[27.812257,36.646051],[27.8121318,36.6460703],[27.8120547,36.6460424],[27.8120147,36.6459847],[27.8120262,36.6459261],[27.8120712,36.6458828],[27.8120099,36.6458844],[27.8117648,36.6457658],[27.8115242,36.6457338],[27.8113574,36.6457517],[27.8112974,36.6458177],[27.8113212,36.6458396],[27.8112174,36.645877]]],[[[27.8312002,36.6473598],[27.8311945,36.6474224],[27.8312538,36.6474383],[27.8313244,36.647419],[27.8313802,36.64737],[27.8312002,36.6473598]]],[[[27.8297512,36.6474591],[27.8297239,36.6474774],[27.8297125,36.647532],[27.829749,36.6475389],[27.8297512,36.6474591]]],[[[27.8289486,36.6475238],[27.8287722,36.6475209],[27.8287158,36.6475719],[27.828744,36.6476285],[27.8290191,36.6476681],[27.8291461,36.6475577],[27.8291249,36.6475011],[27.8290544,36.6474926],[27.8289486,36.6475238]]],[[[27.8665737,36.6511093],[27.8667009,36.6511276],[27.8667734,36.6511697],[27.8669687,36.6511676],[27.8670004,36.6511948],[27.8670737,36.6511962],[27.867192,36.6511727],[27.8672678,36.6512],[27.8672094,36.6511127],[27.867012,36.6511046],[27.8669628,36.651111],[27.8669438,36.651139],[27.8668674,36.6511172],[27.866816,36.6510554],[27.8667152,36.6511004],[27.8666032,36.6510708],[27.8665167,36.651009],[27.8664473,36.6510137],[27.8664351,36.6509867],[27.8662023,36.6508981],[27.8662218,36.6509655],[27.8663078,36.6509994],[27.866333,36.6510373],[27.8664648,36.6510635],[27.8664947,36.6510374],[27.8665737,36.6511093]]],[[[27.8171488,36.650659],[27.8170846,36.6506893],[27.8172702,36.6508983],[27.8175444,36.6509886],[27.8177448,36.6511483],[27.8176697,36.6512537],[27.8175839,36.6512236],[27.8173704,36.6513063],[27.8173979,36.6514561],[27.8173369,36.6515011],[27.8172257,36.6516517],[27.8169345,36.6518079],[27.8171264,36.6521981],[27.8170802,36.6522324],[27.8168437,36.652184],[27.8166848,36.6522577],[27.8165471,36.6524176],[27.8163755,36.6524564],[27.8161876,36.652585],[27.8161043,36.6526071],[27.8160999,36.6526607],[27.816066,36.6526933],[27.8160879,36.6527533],[27.8161569,36.6528472],[27.8163091,36.6529184],[27.8164372,36.6529448],[27.8167775,36.653146],[27.8168931,36.6531427],[27.8169531,36.6532136],[27.8171144,36.6532866],[27.8173607,36.6535311],[27.8178582,36.6536294],[27.8180312,36.6537721],[27.8184322,36.6538605],[27.8184819,36.6539412],[27.8185033,36.6541127],[27.8184644,36.6543468],[27.8184778,36.6548326],[27.818732,36.6552078],[27.8189494,36.6553851],[27.8195757,36.6558164],[27.8198518,36.6559807],[27.8200477,36.6559977],[27.8204604,36.6556303],[27.8207261,36.6553594],[27.8207129,36.6551555],[27.8205928,36.655107],[27.820345,36.6549],[27.8202859,36.6544318],[27.8202011,36.6541943],[27.8202042,36.6540764],[27.8202356,36.6540266],[27.8203126,36.65391],[27.8204099,36.6538661],[27.8204637,36.6537859],[27.8204742,36.6535835],[27.8205916,36.6535741],[27.8206422,36.6534682],[27.8209868,36.6531801],[27.8211085,36.6531624],[27.8212139,36.6531774],[27.821309,36.653216],[27.8213139,36.6532539],[27.82142,36.6532729],[27.8214773,36.6532348],[27.8215417,36.6531698],[27.8215505,36.6531104],[27.8216,36.6530967],[27.821681,36.6529538],[27.8217435,36.6527463],[27.8217819,36.6527468],[27.8218304,36.6525726],[27.8218834,36.6524968],[27.8219435,36.6525163],[27.8219976,36.6524834],[27.8219745,36.652395],[27.8220001,36.6521954],[27.821951,36.6520729],[27.821992,36.6520188],[27.8218847,36.651807],[27.8217515,36.6517556],[27.8217318,36.6515788],[27.8217599,36.6515471],[27.821759,36.6514438],[27.8219007,36.6512992],[27.8218635,36.6512607],[27.821894,36.6512321],[27.8219181,36.6511478],[27.8217914,36.6511334],[27.8218099,36.6510739],[27.8217356,36.6510663],[27.821576,36.6511054],[27.8215377,36.6510801],[27.8215257,36.6510372],[27.8212888,36.6509126],[27.8212596,36.6507312],[27.8211736,36.6506998],[27.8206795,36.6506576],[27.8199859,36.6506701],[27.8190017,36.6504521],[27.8184956,36.6503013],[27.8183213,36.6502983],[27.817843,36.6502121],[27.8174317,36.6504226],[27.8170517,36.6504395],[27.81717,36.6506201],[27.8171488,36.650659]]],[[[27.844911,36.6623983],[27.8451661,36.6622396],[27.8452865,36.662095],[27.84561,36.661788],[27.845869,36.6614766],[27.8462215,36.6611607],[27.8464249,36.6611186],[27.8465775,36.6612545],[27.8467461,36.6612158],[27.846839,36.6612263],[27.8472199,36.6610654],[27.8473111,36.6611133],[27.8473794,36.6610404],[27.8479404,36.661069],[27.8481061,36.6610518],[27.8479765,36.6613769],[27.8479132,36.661678],[27.8477706,36.6618804],[27.8485077,36.6623762],[27.8487658,36.6631481],[27.8489664,36.663436],[27.8491881,36.6634778],[27.849325,36.6636071],[27.8497041,36.6638283],[27.8498315,36.6633722],[27.8501203,36.6628712],[27.8506302,36.6630988],[27.8507577,36.6631931],[27.8507918,36.6632842],[27.8509633,36.6634192],[27.8511495,36.6635188],[27.8514115,36.6633776],[27.8514661,36.6632888],[27.8516233,36.6634163],[27.8516324,36.6635712],[27.8515618,36.6637056],[27.8517623,36.6637854],[27.8519308,36.6637056],[27.8519979,36.6636048],[27.8521336,36.6637671],[27.852211,36.6637239],[27.8523181,36.6637876],[27.8524483,36.6639152],[27.8526234,36.6640109],[27.8527464,36.6642797],[27.852655,36.664436],[27.8526302,36.6645667],[27.8527646,36.6646351],[27.8529942,36.6646805],[27.8532469,36.6648114],[27.8533113,36.6650588],[27.8534844,36.6650109],[27.8539981,36.6644196],[27.8540539,36.664061],[27.854241,36.663654],[27.8544768,36.6633767],[27.8545164,36.6632181],[27.8549702,36.6635021],[27.8553977,36.663903],[27.8558982,36.6647854],[27.8562416,36.6653255],[27.8568143,36.6660007],[27.8568332,36.6662222],[27.8565544,36.666719],[27.8564458,36.6668416],[27.8565187,36.6670087],[27.8564413,36.66715],[27.8565163,36.6675876],[27.8568023,36.6681614],[27.85749,36.6677263],[27.8578089,36.6675576],[27.8580131,36.6674894],[27.858858,36.6676549],[27.8600344,36.6680303],[27.8604369,36.6678379],[27.860816,36.6676028],[27.8608792,36.6672848],[27.8606442,36.667109],[27.8602968,36.666729],[27.8600345,36.6665488],[27.8596528,36.6663737],[27.8593822,36.6662023],[27.85895,36.6658281],[27.8587754,36.6657079],[27.858565,36.665421],[27.858373,36.6647786],[27.8583594,36.6640496],[27.8584184,36.6636379],[27.8586031,36.6634665],[27.8588359,36.6633298],[27.8590329,36.6631428],[27.8590944,36.6628958],[27.8589948,36.662732],[27.8587749,36.6625452],[27.8582849,36.6622547],[27.8578786,36.6618505],[27.8579616,36.6617941],[27.8578426,36.6616273],[27.8575649,36.661424],[27.8574589,36.6610458],[27.8576782,36.6603866],[27.857552,36.66029],[27.8571875,36.6598306],[27.8570854,36.6595045],[27.8569743,36.6594572],[27.8569288,36.659366],[27.8566463,36.6591975],[27.8565711,36.6590061],[27.8566467,36.6589471],[27.8561702,36.658553],[27.8560966,36.658361],[27.8564997,36.6579525],[27.8568463,36.6578982],[27.85688,36.6580099],[27.8569907,36.6579856],[27.8569599,36.6579107],[27.8569917,36.6578943],[27.8571879,36.6578907],[27.858634,36.658004],[27.8587121,36.6581373],[27.8588302,36.658078],[27.8592371,36.6580726],[27.8595944,36.6581416],[27.8598163,36.6581422],[27.8600529,36.6580742],[27.860554,36.657827],[27.86087,36.657568],[27.8612424,36.6574061],[27.8616576,36.6571896],[27.8620281,36.6569567],[27.8620566,36.6567805],[27.8620079,36.6566359],[27.8616716,36.6559126],[27.8615987,36.6556347],[27.8614889,36.6553896],[27.8621712,36.6553549],[27.8625862,36.6554007],[27.8628562,36.6553334],[27.8632664,36.6553788],[27.8638702,36.655398],[27.864706,36.6555553],[27.8652217,36.6555829],[27.8656917,36.6555134],[27.8660345,36.6553744],[27.8663006,36.6551072],[27.8665214,36.6547941],[27.8666621,36.6544706],[27.8667151,36.6540674],[27.8666648,36.6536469],[27.8664336,36.6529336],[27.866161,36.6526581],[27.8657322,36.6523992],[27.8646758,36.6518785],[27.8639842,36.6514192],[27.8638141,36.6511941],[27.8637797,36.6507823],[27.8637423,36.6506641],[27.8636711,36.6505723],[27.863501,36.650484],[27.8624582,36.650137],[27.8623891,36.6500194],[27.8624461,36.6499169],[27.86238,36.649901],[27.862257,36.6499374],[27.8620274,36.6496018],[27.8616145,36.6493326],[27.861227,36.64902],[27.8610957,36.6488867],[27.8609403,36.6488303],[27.8608105,36.6488554],[27.8605417,36.6487232],[27.8603328,36.6485516],[27.860014,36.6485596],[27.8598214,36.6485172],[27.8596031,36.6482357],[27.8594712,36.6479273],[27.8596922,36.6478581],[27.8597057,36.6477346],[27.8594872,36.6474766],[27.8591939,36.6472903],[27.8587177,36.6472559],[27.8585439,36.6471696],[27.8582865,36.6471081],[27.8578673,36.6471286],[27.8569726,36.6469559],[27.856783,36.6470147],[27.8566372,36.6469601],[27.8563258,36.6469394],[27.8562317,36.6468803],[27.8560428,36.6469164],[27.8557579,36.6468986],[27.8556558,36.6467877],[27.8544161,36.646689],[27.854177,36.6467049],[27.8541496,36.6466297],[27.8537216,36.6464627],[27.8534799,36.646468],[27.8532042,36.6463177],[27.8519468,36.6460853],[27.8518511,36.646181],[27.8516807,36.6462385],[27.85137,36.6462083],[27.851022,36.6463488],[27.8506165,36.6463289],[27.8494931,36.6464486],[27.8492679,36.6464224],[27.8491368,36.6463434],[27.8484815,36.6462488],[27.8478429,36.6464163],[27.8474819,36.6464019],[27.847314,36.6463369],[27.8469749,36.6466368],[27.8466511,36.646726],[27.8466023,36.6466448],[27.8465533,36.6466638],[27.8465806,36.6467091],[27.8464532,36.6467568],[27.8463634,36.6467505],[27.8463103,36.646696],[27.8462693,36.6465823],[27.8461198,36.6464868],[27.8460703,36.6464262],[27.8459378,36.6463653],[27.8455671,36.6463367],[27.844857,36.646491],[27.8444756,36.646537],[27.8439886,36.6464783],[27.8434225,36.6465158],[27.8428519,36.6465849],[27.8425819,36.6464771],[27.8419366,36.6460873],[27.8415946,36.6459661],[27.8407231,36.6457618],[27.8403479,36.6455762],[27.8392924,36.6454079],[27.8387214,36.6452691],[27.8386658,36.6451361],[27.8379627,36.6450418],[27.8367747,36.6451738],[27.8353578,36.6454371],[27.8346675,36.6457681],[27.834119,36.646069],[27.8338458,36.6461479],[27.8335702,36.6463678],[27.8335026,36.6465035],[27.8333094,36.6465946],[27.8332132,36.6465351],[27.832218,36.64711],[27.8314942,36.6472921],[27.8316325,36.647517],[27.832184,36.6474638],[27.8322034,36.647402],[27.8323833,36.6473929],[27.8324289,36.6474453],[27.832684,36.6475227],[27.8329354,36.6477721],[27.8330849,36.6477847],[27.833182,36.647874],[27.8334515,36.6482375],[27.8336914,36.6486291],[27.8342463,36.6489643],[27.8345954,36.649331],[27.8345474,36.6494499],[27.834389,36.6494926],[27.834203,36.6494264],[27.8334402,36.6495162],[27.8329135,36.6495348],[27.832445,36.6495148],[27.8321721,36.6496403],[27.832088,36.649808],[27.831929,36.649938],[27.8317637,36.6501698],[27.8315259,36.6503699],[27.8304113,36.6508465],[27.8300227,36.6512122],[27.8300852,36.6513784],[27.8298664,36.6517664],[27.8296816,36.6518783],[27.8297311,36.6520974],[27.8295405,36.6523453],[27.8295771,36.6527379],[27.8295174,36.6529346],[27.8294098,36.6531331],[27.829275,36.6532482],[27.8292283,36.653425],[27.8292738,36.6535139],[27.8290623,36.6536548],[27.8290415,36.6537599],[27.8289162,36.6538237],[27.8289177,36.6539379],[27.8291622,36.6541585],[27.8292228,36.654325],[27.8294629,36.6544114],[27.8297984,36.6547292],[27.8304835,36.6548511],[27.830713,36.655043],[27.8310575,36.6551358],[27.8312963,36.6552467],[27.8318437,36.6553117],[27.8320257,36.6553044],[27.8320917,36.6555569],[27.8322462,36.6558838],[27.8321487,36.6560903],[27.8319755,36.6562266],[27.831914,36.6563386],[27.8319095,36.656514],[27.8320439,36.6565732],[27.8320815,36.6566836],[27.8322193,36.6566985],[27.8322603,36.6568762],[27.8323947,36.6569582],[27.8324468,36.6571405],[27.8323947,36.6574503],[27.8322671,36.6575277],[27.8323362,36.6576677],[27.8323173,36.6578147],[27.8322261,36.6579286],[27.83234,36.6580721],[27.8325119,36.658156],[27.833028,36.6584936],[27.8334608,36.6584068],[27.8340487,36.6582434],[27.8342401,36.658229],[27.8345474,36.6579924],[27.8350776,36.6578344],[27.8353486,36.6581671],[27.8354495,36.6582407],[27.8354427,36.6583204],[27.83557,36.6585685],[27.8357593,36.6584936],[27.8364483,36.6584436],[27.8368428,36.6588213],[27.8369728,36.6590861],[27.8371082,36.6594412],[27.837296,36.659664],[27.8376782,36.6600049],[27.8382876,36.6607714],[27.8383351,36.6613232],[27.838459,36.6615252],[27.8386427,36.6616264],[27.8392258,36.661709],[27.83945,36.6616546],[27.839548,36.661446],[27.839698,36.660674],[27.8398454,36.6603672],[27.8401147,36.6599976],[27.8404927,36.65964],[27.8408421,36.6593964],[27.8410457,36.6591901],[27.8414092,36.6585479],[27.8417614,36.6586988],[27.8423082,36.6590143],[27.8435317,36.6587978],[27.8436233,36.659212],[27.8439039,36.6598134],[27.8437534,36.6603399],[27.8437292,36.6606622],[27.8439913,36.6613817],[27.8441697,36.6616714],[27.8441629,36.661865],[27.8442222,36.6621747],[27.8443711,36.6622093],[27.8446015,36.6624233],[27.8447163,36.6624717],[27.844911,36.6623983]]],[[[27.7900597,36.7518644],[27.7900313,36.751944],[27.7901023,36.7520863],[27.7902799,36.7522001],[27.7903438,36.7523594],[27.7906989,36.7525529],[27.7906847,36.7526496],[27.790841,36.752883],[27.7910896,36.7529797],[27.791331,36.7532301],[27.7915299,36.7532301],[27.791537,36.7530821],[27.7917714,36.7530594],[27.791743,36.7529342],[27.791537,36.7526326],[27.7912742,36.7525586],[27.7910967,36.7523765],[27.7908836,36.7523253],[27.7905001,36.7520692],[27.7902941,36.7520692],[27.7902586,36.7518644],[27.7900597,36.7518644]]],[[[27.7850369,36.7541382],[27.7849665,36.7541656],[27.7849558,36.7541963],[27.7850646,36.7542391],[27.7850433,36.7542664],[27.78512,36.7542664],[27.7850987,36.7541639],[27.7850369,36.7541382]]],[[[27.7921593,36.7546809],[27.792385,36.754693],[27.7924552,36.7546194],[27.7924183,36.7544918],[27.7923366,36.7544592],[27.7922319,36.7545094],[27.7921423,36.7544577],[27.7921282,36.7543616],[27.7919857,36.7542105],[27.7920876,36.7540794],[27.7919415,36.7538513],[27.7918245,36.7538102],[27.7917581,36.7538723],[27.7918147,36.7539916],[27.7915441,36.754004],[27.7914624,36.75394],[27.7914071,36.7539405],[27.7916264,36.7541699],[27.7917043,36.7543259],[27.7918497,36.754501],[27.7921018,36.7545814],[27.7921593,36.7546809]]],[[[27.7854816,36.7539812],[27.7856125,36.7540864],[27.7856143,36.7542408],[27.7855231,36.7543024],[27.7854859,36.7542822],[27.7854161,36.7542254],[27.7854298,36.7541589],[27.7853973,36.7540976],[27.7853417,36.754139],[27.7853181,36.7542981],[27.7852861,36.7543034],[27.7852935,36.7543439],[27.785333,36.7543759],[27.7853693,36.754351],[27.785429,36.7544278],[27.7853608,36.754465],[27.7853376,36.7545805],[27.7854253,36.7547233],[27.7854906,36.7547312],[27.7857234,36.7549268],[27.7858616,36.7549399],[27.7860752,36.7548775],[27.7862538,36.754745],[27.7863145,36.754627],[27.7862598,36.7545536],[27.7861069,36.7544324],[27.7861166,36.7543473],[27.7860491,36.7542451],[27.7859255,36.754171],[27.7858171,36.7541698],[27.785818,36.7540213],[27.7857488,36.7538896],[27.7856174,36.7538342],[27.7855299,36.7538918],[27.7854764,36.7539468],[27.7854816,36.7539812]]],[[[27.7923829,36.7558465],[27.7923812,36.7560814],[27.7924479,36.7561025],[27.7925636,36.7560649],[27.7926794,36.7559539],[27.7927141,36.7557973],[27.792703,36.7556814],[27.7925203,36.755715],[27.7923829,36.7558465]]],[[[27.793402,36.7558599],[27.793346,36.7559088],[27.7933613,36.75597],[27.7934325,36.7560149],[27.7935343,36.7560475],[27.7936463,36.7559496],[27.7936412,36.7558803],[27.7935852,36.7558436],[27.793402,36.7558599]]],[[[27.806969,36.7607052],[27.8072785,36.7606432],[27.807273,36.7605322],[27.8073461,36.7603666],[27.8073154,36.760146],[27.8071711,36.7597707],[27.8068102,36.759189],[27.8062511,36.7588944],[27.8058657,36.7585732],[27.8054977,36.7585646],[27.8050614,36.7584218],[27.8049386,36.7585331],[27.8049386,36.7588733],[27.8051373,36.7591238],[27.8053073,36.7591604],[27.805668,36.7598058],[27.8060594,36.7602768],[27.8063954,36.7605226],[27.806969,36.7607052]]],[[[27.8261246,36.8137035],[27.8261138,36.8136282],[27.8262105,36.8136153],[27.8261756,36.8135551],[27.8262616,36.8134927],[27.8261891,36.8134626],[27.8260816,36.8135035],[27.8260628,36.8135465],[27.8259688,36.8135831],[27.8259312,36.8136519],[27.8259258,36.8138089],[27.8259768,36.8138239],[27.8261246,36.8137035]]],[[[28.0127821,36.3777],[28.0126635,36.3776127],[28.0126454,36.3776397],[28.0126738,36.3776917],[28.0127409,36.3777249],[28.0127821,36.3777]]],[[[27.8754999,36.5215193],[27.8754728,36.5214175],[27.8753942,36.5213029],[27.8753342,36.5214085],[27.8753847,36.5214595],[27.8753401,36.5215089],[27.8753209,36.5215941],[27.8753256,36.5216762],[27.8753946,36.5218136],[27.8754874,36.5218965],[27.8757203,36.5219694],[27.875777,36.5219506],[27.8758267,36.5219687],[27.8759488,36.5218162],[27.8758241,36.5217802],[27.8758277,36.521635],[27.875735,36.5216318],[27.8757018,36.5215935],[27.8755734,36.5215564],[27.8754999,36.5215193]]],[[[27.8735439,36.5220918],[27.8735634,36.5220753],[27.8735386,36.5220806],[27.8735439,36.5220918]]],[[[27.8749078,36.5227573],[27.8749407,36.5227369],[27.8749642,36.5226999],[27.8748758,36.5227203],[27.8748749,36.5227444],[27.8749078,36.5227573]]],[[[27.8749426,36.5229032],[27.8749454,36.5228752],[27.8748994,36.5228503],[27.8748777,36.5228752],[27.8748862,36.5229092],[27.8749426,36.5229032]]],[[[28.0354599,36.5549472],[28.035432,36.5549492],[28.0353815,36.5548571],[28.0352686,36.5547861],[28.035243,36.5549443],[28.0353202,36.5550554],[28.0352674,36.5550472],[28.0353344,36.5551109],[28.0353324,36.5551468],[28.0357533,36.5553184],[28.0356841,36.5551942],[28.035741,36.5551795],[28.0356617,36.555026],[28.0354645,36.5549114],[28.0354599,36.5549472]]],[[[28.0347972,36.5562765],[28.0346196,36.5565879],[28.0345227,36.5568214],[28.0346842,36.556977],[28.0346842,36.5571327],[28.034668,36.5572495],[28.0345065,36.5575478],[28.0345065,36.5586115],[28.0350556,36.5590656],[28.0354594,36.5591434],[28.035524,36.5590137],[28.035847,36.558884],[28.0359923,36.5585467],[28.0359923,36.5583132],[28.0360569,36.5580537],[28.0362184,36.5578073],[28.0361699,36.5575348],[28.0362991,36.5573143],[28.03596,36.557003],[28.036073,36.5567954],[28.036073,36.5560949],[28.0359439,36.5560819],[28.0357178,36.5561728],[28.035847,36.5557576],[28.0356661,36.5554389],[28.0356463,36.5553119],[28.0353302,36.5551998],[28.0351364,36.5552517],[28.0351525,36.5555112],[28.0350395,36.5556149],[28.034991,36.5558744],[28.0348457,36.5560819],[28.0347972,36.5562765]]],[[[27.8737748,36.5781028],[27.8738072,36.5780575],[27.8737952,36.5780363],[27.87374,36.5780613],[27.8737748,36.5781028]]],[[[27.9758205,36.6114507],[27.9752934,36.6114767],[27.9751313,36.6115353],[27.9751518,36.6118095],[27.9754313,36.6118933],[27.9759989,36.6115744],[27.9759502,36.6114702],[27.9758205,36.6114507]]],[[[27.9976691,36.6125472],[27.9974116,36.612375],[27.9974223,36.6121941],[27.9973258,36.611953],[27.9972292,36.6118152],[27.9970683,36.6117635],[27.9969181,36.6117635],[27.9968,36.6118582],[27.9967249,36.6120046],[27.9963065,36.6122027],[27.9962636,36.612375],[27.9964245,36.6126247],[27.9966177,36.6126764],[27.9966928,36.6127625],[27.9966928,36.6128831],[27.9969395,36.612995],[27.9972399,36.6133309],[27.9975833,36.6132792],[27.9976476,36.6131845],[27.997594,36.6130639],[27.9977013,36.6129692],[27.9977442,36.6127969],[27.9976691,36.612728],[27.9976691,36.6125472]]],[[[28.0263529,36.6133942],[28.0262332,36.6135351],[28.0262093,36.6136759],[28.026297,36.6138039],[28.0265283,36.6140471],[28.0267675,36.6141175],[28.0267117,36.6139447],[28.0265761,36.6137591],[28.0264406,36.613407],[28.0263529,36.6133942]]],[[[27.874501,36.6211739],[27.8744487,36.6211218],[27.8744757,36.6210892],[27.8744523,36.6210602],[27.8743431,36.6210921],[27.8742682,36.6211696],[27.8742628,36.6212094],[27.8744541,36.62131],[27.8744938,36.6212854],[27.8746562,36.6212738],[27.8747031,36.6212224],[27.8746625,36.6212202],[27.8746444,36.6211833],[27.8745714,36.6211594],[27.874501,36.6211739]]],[[[28.0363629,36.6675498],[28.0363867,36.6668814],[28.0367319,36.6666427],[28.03722,36.666423],[28.0373272,36.6660793],[28.0374938,36.6658119],[28.0378518,36.6655349],[28.0383152,36.6651244],[28.039089,36.6639976],[28.0398866,36.6636061],[28.0406961,36.6634533],[28.0410532,36.6632623],[28.0416127,36.6628326],[28.0419818,36.6626225],[28.0420889,36.6623742],[28.0423627,36.6619254],[28.0424341,36.6615816],[28.0426246,36.6615339],[28.0431722,36.6612379],[28.0433389,36.6610755],[28.0435532,36.6607508],[28.0435412,36.6604452],[28.043459,36.660091],[28.0431127,36.6596335],[28.0426008,36.6593184],[28.0423746,36.6589078],[28.0428032,36.6583348],[28.0428032,36.6580769],[28.0427198,36.6575039],[28.0426008,36.6569787],[28.0424818,36.6566444],[28.0424818,36.6563961],[28.0429698,36.6565012],[28.0432317,36.6566444],[28.0436246,36.6567495],[28.044065,36.6567017],[28.0450531,36.6567113],[28.0455412,36.656654],[28.0456602,36.6564152],[28.0456959,36.6561478],[28.0458745,36.6560332],[28.0461245,36.6555366],[28.0460888,36.6552119],[28.0459459,36.6548299],[28.0455531,36.6544001],[28.0454817,36.6540563],[28.045815,36.6534547],[28.0452912,36.6530631],[28.0449222,36.6526142],[28.0436484,36.6512198],[28.0432794,36.6507518],[28.0427556,36.6503603],[28.0417199,36.6498923],[28.0408628,36.6499687],[28.0405532,36.6498827],[28.0399223,36.6496153],[28.0395533,36.6496057],[28.0387319,36.6498445],[28.0384943,36.6498935],[28.0381486,36.6500451],[28.0378822,36.650323],[28.03747,36.6504271],[28.037101,36.6506659],[28.0368153,36.6509524],[28.0365653,36.6514395],[28.03647,36.6519648],[28.0364819,36.652471],[28.0365177,36.6526906],[28.0368153,36.6529771],[28.0364224,36.653235],[28.0359939,36.653426],[28.0356367,36.6536839],[28.0353629,36.6541041],[28.0354344,36.6546198],[28.0355296,36.654849],[28.0356486,36.6553743],[28.0356486,36.655699],[28.0355415,36.6559282],[28.0353986,36.6560714],[28.034732,36.6565967],[28.034363,36.6570073],[28.0341487,36.6575135],[28.033613,36.6578859],[28.0335654,36.6580865],[28.0335654,36.6581915],[28.0333392,36.6585831],[28.0327678,36.6585926],[28.0323868,36.6584398],[28.0320059,36.6582202],[28.0317321,36.6584016],[28.0311012,36.6584016],[28.0306369,36.6581056],[28.0302083,36.658287],[28.0299226,36.6582679],[28.0296488,36.6582202],[28.0289227,36.6579337],[28.0285774,36.6581247],[28.028506,36.6583539],[28.0283632,36.6585544],[28.027887,36.6598723],[28.027637,36.6602447],[28.0276013,36.660493],[28.0284346,36.6612188],[28.0284346,36.6614002],[28.0285893,36.6616294],[28.029006,36.6623742],[28.0293393,36.6626607],[28.0294465,36.6629472],[28.0297083,36.6632528],[28.0298393,36.6636825],[28.0300417,36.6638639],[28.0299345,36.6641886],[28.0309464,36.6650193],[28.0313512,36.6654204],[28.0318273,36.6659551],[28.0327202,36.6663275],[28.0331487,36.6662894],[28.0335178,36.6663371],[28.033732,36.6665472],[28.0339463,36.6669387],[28.0341368,36.6671774],[28.0344701,36.6677694],[28.0345296,36.668285],[28.034967,36.6689],[28.0350296,36.6696218],[28.0352439,36.669851],[28.0355296,36.6702234],[28.0358272,36.6705194],[28.0360772,36.6704239],[28.03622,36.6701279],[28.0361724,36.6696409],[28.0362796,36.6692685],[28.0364507,36.6689136],[28.0365411,36.6684452],[28.0364581,36.6681418],[28.0363629,36.6675498]]],[[[28.0143142,36.6697714],[28.0141544,36.6696332],[28.0140689,36.6691801],[28.0136687,36.6686045],[28.01377,36.6681945],[28.0137834,36.667815],[28.0140647,36.6672388],[28.0137079,36.6666662],[28.0133856,36.6666941],[28.0128732,36.6668174],[28.0122718,36.6670164],[28.0119766,36.6672066],[28.011656,36.6675471],[28.0116304,36.6680815],[28.0117607,36.6685886],[28.0115151,36.668698],[28.0116945,36.6691399],[28.0117457,36.6696024],[28.011703,36.6697332],[28.0118354,36.6699518],[28.0122069,36.6703628],[28.0126425,36.6704553],[28.0129244,36.6705683],[28.0133195,36.6707789],[28.013638,36.670849],[28.0137316,36.6707842],[28.0140647,36.6704553],[28.0143209,36.6700237],[28.0143142,36.6697714]]],[[[28.0356445,36.670605],[28.035602,36.6706561],[28.0354251,36.6707583],[28.0353118,36.6709343],[28.0352552,36.6712125],[28.0353614,36.6713885],[28.0356233,36.6714339],[28.0357436,36.6712466],[28.0357436,36.6710706],[28.0358639,36.6706675],[28.0358285,36.6705994],[28.0356445,36.670605]]],[[[27.9679184,36.6750436],[27.9679688,36.674948],[27.9678909,36.6749186],[27.9678611,36.6750031],[27.9679184,36.6750436]]],[[[28.0367184,36.6874765],[28.0363657,36.6877904],[28.0364336,36.6880234],[28.0365461,36.6880714],[28.0367142,36.6882596],[28.0368894,36.6882072],[28.0369036,36.6881123],[28.036876,36.6880158],[28.0369732,36.687781],[28.0370243,36.6875464],[28.036885,36.6874533],[28.0367184,36.6874765]]],[[[27.9880817,36.70321],[27.9880968,36.7035559],[27.988054,36.703725],[27.9881428,36.703982],[27.98806,36.704239],[27.9881305,36.7046235],[27.9884708,36.7043229],[27.988498,36.7041228],[27.9886593,36.7040001],[27.9886925,36.7038621],[27.9886398,36.7037327],[27.9887454,36.703771],[27.988851,36.703719],[27.989482,36.7032],[27.9900435,36.7028601],[27.9902052,36.7025367],[27.9901194,36.7021911],[27.989716,36.7020448],[27.9895135,36.7019068],[27.9890703,36.7017095],[27.9888387,36.701892],[27.9884828,36.7019084],[27.988351,36.702052],[27.9877288,36.7023963],[27.9877803,36.7026745],[27.9880817,36.70321]]],[[[27.995462,36.709187],[27.996104,36.709438],[27.996426,36.709692],[27.996632,36.7099896],[27.9969965,36.7102863],[27.9974769,36.7103666],[27.997803,36.7099676],[27.9978,36.7098812],[27.9978528,36.7097568],[27.997857,36.709296],[27.9979314,36.7087926],[27.9978143,36.7083915],[27.9974017,36.708272],[27.9971169,36.7080757],[27.997041,36.707889],[27.9964,36.707637],[27.9958451,36.7077283],[27.9954702,36.7078578],[27.995457,36.7082006],[27.995188,36.7083232],[27.994816,36.70855],[27.994819,36.708807],[27.995462,36.709187]]],[[[28.0033082,36.7151721],[28.0030507,36.7152366],[28.0027127,36.7154043],[28.0026323,36.7156882],[28.002732,36.716191],[28.0025303,36.7168535],[28.0023318,36.7170513],[28.0016881,36.7172534],[28.0013126,36.7175759],[28.000996,36.717618],[28.000522,36.718008],[28.0002183,36.7183585],[28.0000251,36.7186208],[27.9999179,36.7189519],[27.9999554,36.71924],[28.0004758,36.7197904],[28.0009639,36.7200484],[28.0012697,36.7203236],[28.001731,36.720444],[28.0020046,36.7201043],[28.0022943,36.7196657],[28.0027074,36.7192916],[28.0032384,36.7189261],[28.003404,36.718755],[28.00372,36.718495],[28.0041718,36.7178984],[28.0043113,36.7175759],[28.0044991,36.7173609],[28.0046546,36.7170986],[28.004973,36.716686],[28.0046546,36.7163848],[28.0045581,36.7161827],[28.00464,36.715661],[28.0047941,36.715099],[28.0047297,36.7148625],[28.004955,36.7144282],[28.0050945,36.7142906],[28.0051053,36.7140541],[28.0049604,36.7136154],[28.0046546,36.7133144],[28.004288,36.713095],[28.004127,36.712968],[28.0038071,36.7130478],[28.003653,36.713357],[28.003656,36.713614],[28.0034316,36.7140369],[28.003689,36.7143035],[28.0037373,36.7143938],[28.00367,36.714642],[28.0033082,36.7151721]]],[[[28.0146593,36.7135466],[28.0147773,36.7141315],[28.0149382,36.7144196],[28.0147558,36.7150689],[28.0147022,36.7151893],[28.0144447,36.7155118],[28.0140209,36.7156279],[28.0137795,36.7157398],[28.0135006,36.7160064],[28.0131733,36.7162515],[28.01295,36.716619],[28.0127174,36.7167159],[28.012417,36.7170642],[28.0122614,36.7177135],[28.0120629,36.7182725],[28.0122346,36.7185606],[28.0126154,36.7190078],[28.012828,36.719446],[28.0130714,36.719627],[28.013468,36.719568],[28.0139136,36.7193604],[28.0147076,36.7192486],[28.015376,36.719038],[28.0157483,36.7191153],[28.0160594,36.7193045],[28.0162257,36.719584],[28.0163115,36.7196829],[28.0164885,36.7196442],[28.016819,36.719668],[28.017142,36.719923],[28.017145,36.720179],[28.0168855,36.720444],[28.0168426,36.7207192],[28.0161399,36.721003],[28.0155927,36.722035],[28.0157804,36.7223402],[28.0167353,36.722753],[28.0172503,36.7230024],[28.01754,36.7231959],[28.0175507,36.7235399],[28.017354,36.723902],[28.017196,36.724033],[28.01704,36.724291],[28.0176741,36.7244514],[28.0192029,36.7244815],[28.0197984,36.7247524],[28.020242,36.725034],[28.021,36.7253415],[28.021522,36.72528],[28.021677,36.725022],[28.0220085,36.7245632],[28.0223143,36.7242923],[28.0228829,36.7241203],[28.0235696,36.7241848],[28.024063,36.724359],[28.024385,36.724613],[28.0249536,36.7248943],[28.0253935,36.7249416],[28.0258924,36.725062],[28.02598,36.724599],[28.026296,36.72434],[28.0271316,36.7242278],[28.0279523,36.7245331],[28.028993,36.7250706],[28.0291969,36.7254188],[28.0291218,36.7255306],[28.0289233,36.7257241],[28.0287462,36.725823],[28.0285853,36.7260079],[28.028875,36.726244],[28.0292344,36.7262014],[28.029508,36.7262143],[28.0298084,36.7265023],[28.0303663,36.7264379],[28.0311388,36.7264808],[28.03303,36.726722],[28.0332953,36.7268248],[28.0333435,36.7267517],[28.0332792,36.7264765],[28.033424,36.7261498],[28.0336064,36.7259477],[28.033644,36.7255392],[28.0335957,36.7254317],[28.0334347,36.7252254],[28.0332255,36.7250104],[28.033162,36.724666],[28.0329841,36.7243353],[28.0327427,36.7237377],[28.0325657,36.7234539],[28.032503,36.72313],[28.032217,36.7224391],[28.032009,36.721978],[28.031847,36.721851],[28.0315679,36.721433],[28.0314875,36.7211449],[28.0313533,36.7208353],[28.031189,36.720316],[28.03101,36.7200957],[28.031178,36.719545],[28.03181,36.719026],[28.0320775,36.7188401],[28.0319917,36.7184402],[28.031639,36.718127],[28.0312782,36.7179586],[28.0306667,36.7179242],[28.0301195,36.717864],[28.028757,36.717382],[28.0283439,36.717434],[28.027786,36.7174598],[28.0275071,36.7172835],[28.0273086,36.7170857],[28.0272281,36.7168664],[28.0269653,36.7164794],[28.0266434,36.7162773],[28.025592,36.716144],[28.025387,36.715998],[28.0250931,36.715929],[28.0245352,36.7160279],[28.0240416,36.7161956],[28.0236447,36.7160537],[28.023312,36.715887],[28.0228078,36.7159462],[28.0224216,36.7158387],[28.0221909,36.7156408],[28.022029,36.715384],[28.021794,36.7152753],[28.0216062,36.715142],[28.0212253,36.7150001],[28.020742,36.714625],[28.0202329,36.714454],[28.0200344,36.7145744],[28.0197126,36.7143637],[28.0196589,36.713981],[28.0197823,36.713753],[28.0194497,36.7138649],[28.0193639,36.7138735],[28.0193156,36.7136541],[28.0190366,36.7134133],[28.0185699,36.7133531],[28.0181944,36.7132198],[28.0177867,36.7130349],[28.0174327,36.7126264],[28.017363,36.71247],[28.0172825,36.7121447],[28.0170572,36.7121275],[28.016789,36.7121791],[28.016241,36.712094],[28.0157751,36.7119039],[28.0157268,36.7117534],[28.015244,36.7117362],[28.014957,36.711463],[28.0146593,36.711504],[28.0148739,36.7120243],[28.0147934,36.7122006],[28.0148041,36.7124414],[28.0146056,36.7131166],[28.0146593,36.7135466]]],[[[27.8906929,36.7415021],[27.8908002,36.7414548],[27.8908485,36.7413946],[27.8907359,36.7413946],[27.8906929,36.7415021]]],[[[27.8887188,36.7416612],[27.8891587,36.7416182],[27.8893411,36.7415752],[27.8895074,36.7415924],[27.8895932,36.7416354],[27.8896844,36.7416311],[27.8898293,36.7417041],[27.8900117,36.7416483],[27.8904355,36.7415752],[27.8906286,36.741644],[27.8906125,36.7414505],[27.8905159,36.7413946],[27.8905696,36.7413388],[27.8904998,36.741313],[27.8903496,36.7413302],[27.8901941,36.7414032],[27.8900653,36.7413216],[27.8899902,36.7412356],[27.8898883,36.741184],[27.8897434,36.7412356],[27.8898078,36.7412872],[27.8897917,36.7413903],[27.8898078,36.7414548],[27.8897381,36.7415365],[27.889663,36.7414763],[27.8894967,36.7414376],[27.8891909,36.7415279],[27.8891426,36.7415064],[27.8892285,36.7414376],[27.8891534,36.7413989],[27.8890246,36.7414247],[27.8887778,36.7414161],[27.8887939,36.7415064],[27.8886867,36.7415365],[27.8885472,36.7414978],[27.8884238,36.7414935],[27.8883219,36.7415408],[27.8883165,36.7416182],[27.8883916,36.7417041],[27.8879034,36.7417342],[27.8878713,36.7417944],[27.8880107,36.7418589],[27.8881717,36.741803],[27.8885579,36.7417428],[27.8887188,36.7416612]]],[[[27.9129936,36.7486498],[27.913044,36.7484762],[27.9129966,36.7484524],[27.9128571,36.7485142],[27.9128244,36.7487092],[27.9128897,36.7487615],[27.9129728,36.7487639],[27.9130173,36.7486926],[27.9129936,36.7486498]]],[[[27.9127197,36.7500465],[27.9129562,36.7501914],[27.9129516,36.7499982],[27.9128403,36.749909],[27.9127244,36.7499648],[27.9127197,36.7500465]]],[[[27.9127512,36.7513601],[27.9134357,36.7516286],[27.9135256,36.7515942],[27.9135302,36.7514456],[27.9136647,36.7513304],[27.913609,36.7512189],[27.9134838,36.7511632],[27.9133865,36.7509588],[27.913303,36.7508919],[27.9132149,36.7507247],[27.9130943,36.7506058],[27.912983,36.7506764],[27.9128624,36.7506987],[27.9128393,36.7509217],[27.9128995,36.7510034],[27.9128346,36.7510777],[27.9129135,36.7511706],[27.9127512,36.7513601]]],[[[27.9110764,36.751583],[27.911001,36.7516197],[27.9110546,36.7516758],[27.9111472,36.7516796],[27.9112303,36.7516415],[27.9112018,36.7515764],[27.9110764,36.751583]]],[[[27.9585314,36.7594709],[27.9588291,36.759617],[27.9586145,36.7593183],[27.9584616,36.7589874],[27.9585046,36.7587188],[27.9582524,36.758564],[27.9580325,36.7584996],[27.9575282,36.7585361],[27.9574397,36.7585812],[27.957468,36.758697],[27.9580057,36.7589208],[27.9581344,36.7590819],[27.9585314,36.7594709]]],[[[28.0353728,36.7605606],[28.0351863,36.7606251],[28.0351058,36.7605912],[28.0350252,36.7606353],[28.034843,36.7605131],[28.0346777,36.7605369],[28.0345675,36.7605199],[28.0344191,36.760598],[28.0342877,36.7605776],[28.0340885,36.7606455],[28.0339655,36.7607848],[28.0338341,36.7609953],[28.0338596,36.7610666],[28.0337663,36.7612058],[28.0337918,36.7612941],[28.033707,36.7615284],[28.0336349,36.7616133],[28.0336307,36.7617152],[28.0337197,36.7617797],[28.03369,36.7618443],[28.0338129,36.7617933],[28.0339316,36.7617797],[28.0339359,36.7616303],[28.0340079,36.761396],[28.0342114,36.7612636],[28.034737,36.7611175],[28.0350295,36.761104],[28.0351694,36.7610462],[28.035288,36.7610904],[28.0353431,36.7610225],[28.0354788,36.7609885],[28.0356229,36.76089],[28.0357458,36.7609138],[28.0358264,36.7608629],[28.0357501,36.7607644],[28.0358009,36.7606625],[28.0359747,36.7606761],[28.0360976,36.7606489],[28.0362248,36.7606829],[28.0363562,36.7604825],[28.0364367,36.7605199],[28.0363774,36.7606082],[28.0364919,36.7606523],[28.0365978,36.760547],[28.0366148,36.7604146],[28.0362799,36.7603908],[28.036157,36.7603331],[28.0360976,36.760384],[28.0361231,36.7604486],[28.0358433,36.7604927],[28.0357162,36.7604384],[28.0356229,36.7604825],[28.0354152,36.7604927],[28.0353728,36.7605606]]],[[[28.0345881,36.7627629],[28.0344862,36.7627822],[28.0344808,36.7628467],[28.0345291,36.7628961],[28.0346122,36.7628402],[28.034623,36.7627865],[28.0346712,36.762765],[28.0346712,36.7627263],[28.0346096,36.7627134],[28.0345881,36.7627629]]],[[[28.0141175,36.7976317],[28.0140263,36.7977949],[28.0141228,36.7981342],[28.0141175,36.7983061],[28.0141658,36.7984736],[28.0144232,36.7987184],[28.0144876,36.7986239],[28.014552,36.7983533],[28.0146646,36.7981858],[28.0146593,36.7976961],[28.0144232,36.797636],[28.0141175,36.7976317]]],[[[28.019498,36.8667766],[28.019247,36.866856],[28.0191225,36.8672229],[28.0191332,36.8673131],[28.019278,36.8675019],[28.0189615,36.8676221],[28.0185485,36.8677251],[28.0182856,36.8682229],[28.0183446,36.8683216],[28.0186343,36.8681971],[28.0191708,36.867901],[28.020218,36.867747],[28.022456,36.867727],[28.023099,36.867979],[28.0233121,36.8679096],[28.023465,36.8679804],[28.023532,36.8680963],[28.0239344,36.8683216],[28.0245405,36.8683001],[28.0247498,36.8683516],[28.0254471,36.8688752],[28.0256993,36.8687379],[28.0260104,36.8686263],[28.025769,36.8685018],[28.0256081,36.868386],[28.0255973,36.8682529],[28.0257422,36.8680169],[28.0260318,36.8677809],[28.0261338,36.8677508],[28.026933,36.867818],[28.0270082,36.867901],[28.0270404,36.8678839],[28.0270189,36.8678109],[28.0268151,36.867592],[28.026926,36.867304],[28.027212,36.8670985],[28.0274695,36.8670341],[28.0277055,36.8670341],[28.0281615,36.8672229],[28.0283922,36.86718],[28.028286,36.8668613],[28.0280918,36.8668152],[28.0278021,36.8663732],[28.0276626,36.8662916],[28.0274534,36.8662273],[28.0271959,36.8661028],[28.0271316,36.8660041],[28.0270028,36.8659526],[28.0268955,36.8659569],[28.0266702,36.8662101],[28.0265361,36.8662616],[28.0264342,36.8662616],[28.0261499,36.8660856],[28.0260318,36.8662444],[28.0259997,36.8663775],[28.0258816,36.8664461],[28.0256027,36.8665234],[28.0253881,36.8663174],[28.0250555,36.8664504],[28.0248839,36.8666049],[28.0245566,36.8668195],[28.0244011,36.8668539],[28.0242777,36.8667852],[28.0242026,36.8666693],[28.024106,36.8666049],[28.0238914,36.8665792],[28.0234462,36.8666393],[28.0232584,36.8664333],[28.0225235,36.8662702],[28.0223679,36.8665706],[28.021751,36.8666264],[28.0214292,36.8668882],[28.0211502,36.866974],[28.0209732,36.866974],[28.020843,36.866714],[28.019498,36.8667766]]],[[[28.0333757,36.8692314],[28.0340195,36.8698151],[28.0338746,36.8700983],[28.033703,36.8702528],[28.0342662,36.870476],[28.0345452,36.8708107],[28.0352747,36.8711454],[28.036252,36.871205],[28.0367982,36.8716647],[28.0371952,36.8717892],[28.037537,36.871707],[28.0380513,36.8722508],[28.0385148,36.8719823],[28.0389157,36.8720275],[28.0390084,36.8717849],[28.0385034,36.8716778],[28.0383325,36.8713772],[28.038172,36.871317],[28.037737,36.8708579],[28.0374795,36.8706433],[28.0372381,36.8705661],[28.0368036,36.8702399],[28.0363423,36.8700039],[28.0354786,36.8698022],[28.0351192,36.8695876],[28.03469,36.8694975],[28.0344915,36.8692572],[28.0343467,36.8693215],[28.0339765,36.8692615],[28.0337352,36.869107],[28.0334616,36.868695],[28.033018,36.868536],[28.032893,36.8683181],[28.0323029,36.8681156],[28.0320072,36.8681653],[28.0323458,36.868519],[28.0325496,36.8687679],[28.0328929,36.8688795],[28.0330485,36.8691713],[28.0333757,36.8692314]]],[[[28.0341321,36.8845916],[28.0338719,36.8846194],[28.0340704,36.8847761],[28.033931,36.8850013],[28.033883,36.885227],[28.0341455,36.8854154],[28.0342475,36.8854561],[28.0343816,36.8853832],[28.034522,36.885221],[28.0346391,36.8847246],[28.03491,36.884613],[28.0352828,36.8845787],[28.0357066,36.8843899],[28.0357093,36.8841582],[28.0358353,36.8840681],[28.035943,36.883925],[28.0359077,36.8836476],[28.03561,36.8836948],[28.0352291,36.8836519],[28.0350387,36.8835661],[28.0348939,36.8834481],[28.0348885,36.8833022],[28.034808,36.8831413],[28.0345666,36.8831885],[28.0346525,36.8833043],[28.0346471,36.8834609],[28.034341,36.883682],[28.0341482,36.8840509],[28.0341294,36.8841196],[28.0342582,36.8845036],[28.0341321,36.8845916]]],[[[27.9486468,36.3504856],[27.948948,36.350263],[27.949264,36.350131],[27.949582,36.350129],[27.9507223,36.3505899],[27.9511489,36.3507385],[27.9524989,36.3513049],[27.953091,36.351385],[27.9541863,36.3516942],[27.9553182,36.3521018],[27.9560373,36.3524062],[27.9561505,36.3525267],[27.9562122,36.3524831],[27.9570332,36.3528078],[27.9570707,36.3528741],[27.9572161,36.3527481],[27.9576627,36.3529225],[27.9577877,36.3528207],[27.9581106,36.3529337],[27.9582472,36.352768],[27.9583907,36.3527594],[27.9586315,36.3528233],[27.9587672,36.3527097],[27.9591519,36.3527414],[27.9603573,36.3532932],[27.9608682,36.3536241],[27.9610223,36.3535347],[27.961376,36.353631],[27.961697,36.353886],[27.9622255,36.354227],[27.9627749,36.3546478],[27.963298,36.3549],[27.9638438,36.3553256],[27.964578,36.3557532],[27.965219,36.35617],[27.965482,36.3563831],[27.965858,36.356421],[27.9671241,36.3571529],[27.968414,36.3577881],[27.9692075,36.358362],[27.969417,36.3585444],[27.9695271,36.358767],[27.9698841,36.3591382],[27.9700045,36.359334],[27.9705017,36.359893],[27.9708613,36.3601421],[27.9711603,36.3604678],[27.9714163,36.3606008],[27.9717641,36.360613],[27.9721082,36.360715],[27.9725681,36.3612175],[27.9729197,36.3615188],[27.9733466,36.3618181],[27.9737861,36.3622483],[27.9746157,36.3629108],[27.9749445,36.3632104],[27.9754146,36.3635416],[27.975321,36.363924],[27.9754171,36.3645983],[27.9755445,36.3649188],[27.9764801,36.365386],[27.9768864,36.3654076],[27.9768856,36.3653631],[27.9765404,36.365321],[27.9762346,36.3651624],[27.9761032,36.3649575],[27.9759168,36.3649227],[27.9756539,36.364746],[27.9755267,36.3642081],[27.9755912,36.3639257],[27.9755299,36.3639128],[27.9756226,36.3634786],[27.9757324,36.3634317],[27.9762212,36.3633873],[27.9770618,36.363911],[27.9770802,36.3640337],[27.976758,36.364426],[27.9764972,36.3648113],[27.9765608,36.3648401],[27.977074,36.364295],[27.977709,36.36429],[27.9784366,36.3644944],[27.9785978,36.3645898],[27.9785623,36.3646811],[27.9785899,36.3646956],[27.9787063,36.3646624],[27.9790945,36.3649216],[27.9790809,36.3649813],[27.9791273,36.3650029],[27.9791864,36.3649889],[27.9795069,36.3652227],[27.9795052,36.3653203],[27.9795873,36.3652973],[27.9796512,36.3653074],[27.9800285,36.3656078],[27.9802699,36.3658375],[27.9801925,36.3660321],[27.9802609,36.3660963],[27.9803576,36.3660204],[27.9804821,36.3660426],[27.9808333,36.3663886],[27.9808887,36.3665253],[27.980735,36.3666392],[27.9808043,36.3666798],[27.981029,36.366543],[27.9812261,36.3666189],[27.9818167,36.3671002],[27.9819516,36.3671759],[27.9824807,36.3673777],[27.9834252,36.3676273],[27.98506,36.367826],[27.9856851,36.3680307],[27.986016,36.368075],[27.9866553,36.3680958],[27.988881,36.368566],[27.9902027,36.3689134],[27.9910806,36.3693114],[27.9913472,36.3691622],[27.991808,36.3693818],[27.9921275,36.3694386],[27.992492,36.3696449],[27.9927854,36.3695635],[27.9935214,36.3699345],[27.9937701,36.3698507],[27.9944379,36.3701861],[27.9947126,36.3701209],[27.9953797,36.3704289],[27.9955277,36.3703816],[27.9957952,36.3703955],[27.9967189,36.3707903],[27.9969913,36.3708258],[27.9971832,36.3708822],[27.9974997,36.3710806],[27.9976813,36.3709741],[27.9984777,36.3711851],[27.9990977,36.3712937],[27.9994765,36.3714065],[28.0001224,36.3717177],[28.000579,36.3717219],[28.0010174,36.3719328],[28.0013858,36.3721563],[28.0015466,36.3720979],[28.0018942,36.3722044],[28.002094,36.3723422],[28.0028048,36.3726556],[28.0034248,36.3729877],[28.00355,36.3729578],[28.0047603,36.3734208],[28.0052796,36.373585],[28.0054897,36.3736957],[28.0057154,36.373654],[28.006104,36.373817],[28.0065184,36.3739385],[28.006743,36.374069],[28.0071678,36.3741995],[28.0089103,36.3749812],[28.009298,36.375075],[28.009619,36.375329],[28.010257,36.375581],[28.0108293,36.3759388],[28.011217,36.376086],[28.011859,36.376595],[28.0124936,36.3770364],[28.01282,36.37723],[28.01314,36.377355],[28.013782,36.377863],[28.0144725,36.3783408],[28.0147011,36.3783872],[28.0150511,36.378621],[28.0154686,36.3789748],[28.0162381,36.379724],[28.0164803,36.3799138],[28.0167273,36.3801578],[28.0170554,36.3805356],[28.0173178,36.3807933],[28.017294,36.3808478],[28.0174332,36.3809422],[28.0176121,36.3808125],[28.0178454,36.3808701],[28.0182785,36.3811621],[28.0185175,36.3814564],[28.0186946,36.3815764],[28.0191108,36.3817371],[28.0195101,36.3820473],[28.019856,36.3823733],[28.02014,36.3827016],[28.020424,36.3829506],[28.0207558,36.3831113],[28.0210398,36.383177],[28.0216107,36.3832834],[28.0221,36.3833264],[28.0242849,36.3832607],[28.0249349,36.3833959],[28.0254622,36.3835594],[28.0258984,36.383763],[28.0260864,36.3836354],[28.0262406,36.383649],[28.0267907,36.3838021],[28.0273103,36.3840437],[28.0281286,36.3844818],[28.0286348,36.384937],[28.0288483,36.3847567],[28.0293659,36.3849431],[28.0323609,36.3863039],[28.0333077,36.3868047],[28.0335722,36.3868012],[28.0345332,36.3874062],[28.0351702,36.3877633],[28.0354827,36.38766],[28.0357453,36.3876633],[28.0368914,36.3882759],[28.0374842,36.3886495],[28.0382256,36.3891765],[28.0385129,36.3891536],[28.0387768,36.3890968],[28.039033,36.389208],[28.0396152,36.3895343],[28.0409166,36.3903164],[28.041274,36.390473],[28.041592,36.39047],[28.0424326,36.3909015],[28.0428339,36.3911614],[28.0431557,36.3913294],[28.043512,36.391481],[28.0447876,36.3918964],[28.0454243,36.3922471],[28.045957,36.392662],[28.0462091,36.3928093],[28.0467064,36.3929755],[28.0469628,36.3932083],[28.0473437,36.3933396],[28.0478448,36.3936755],[28.0482401,36.3939773],[28.0486441,36.3943306],[28.048952,36.39426],[28.049273,36.394514],[28.0499991,36.3949619],[28.0502577,36.3952253],[28.050556,36.395402],[28.0508354,36.3957547],[28.0512544,36.3960409],[28.0525276,36.3971447],[28.0526948,36.3971321],[28.053247,36.3976074],[28.0536616,36.398],[28.0540414,36.3977925],[28.0542121,36.3977701],[28.054402,36.397809],[28.0549141,36.3979748],[28.055359,36.398057],[28.0563076,36.3983674],[28.0565219,36.3984795],[28.0567135,36.3985174],[28.0570027,36.3986324],[28.0574504,36.3988609],[28.057915,36.399062],[28.058236,36.399316],[28.059193,36.399565],[28.0604072,36.3999966],[28.0608041,36.4002293],[28.061406,36.4004888],[28.0618126,36.4007569],[28.0623684,36.4006684],[28.0637814,36.4011818],[28.0643495,36.4014612],[28.0646301,36.4015153],[28.065391,36.4018776],[28.0674711,36.4027126],[28.0691223,36.4033352],[28.0691909,36.4032238],[28.0698534,36.4034425],[28.070372,36.403576],[28.0717519,36.4039887],[28.0738301,36.4046713],[28.0743587,36.4049068],[28.0745773,36.4048876],[28.0761679,36.4052874],[28.0771203,36.4054495],[28.0804154,36.4061818],[28.0833669,36.4070496],[28.0855763,36.4078677],[28.086923,36.4084937],[28.0876837,36.4088],[28.0881292,36.4090263],[28.088714,36.4094037],[28.0889625,36.4093875],[28.0895196,36.4091454],[28.0897583,36.4089793],[28.090036,36.4089818],[28.0903449,36.4090295],[28.0911014,36.4091981],[28.0933413,36.409915],[28.0941568,36.4102128],[28.094422,36.4102313],[28.0963613,36.4107027],[28.0980668,36.4112518],[28.0988554,36.4112792],[28.0996115,36.4114993],[28.0999296,36.4116188],[28.1003071,36.4118068],[28.1004158,36.4117732],[28.1006012,36.4119118],[28.1019388,36.4123919],[28.1022455,36.4124324],[28.1035314,36.4128968],[28.1039617,36.4130168],[28.1042731,36.4131513],[28.1053538,36.4135444],[28.1058445,36.4137842],[28.106706,36.4141317],[28.1072577,36.4143827],[28.108035,36.414794],[28.1089182,36.4153843],[28.1092073,36.4157372],[28.1095134,36.4159418],[28.1103234,36.4162201],[28.1109614,36.4164716],[28.1113043,36.4166679],[28.111779,36.417015],[28.1120516,36.4171127],[28.1121928,36.4171355],[28.1131158,36.4171961],[28.1143125,36.4175013],[28.1161539,36.4184804],[28.1164952,36.4187063],[28.1166925,36.4186429],[28.1168794,36.4185356],[28.1170771,36.4185665],[28.1173469,36.4187345],[28.1184027,36.4192222],[28.1186529,36.4192307],[28.1188875,36.4191349],[28.1191044,36.4191195],[28.1212208,36.4194705],[28.122411,36.419798],[28.1236574,36.4200354],[28.1246094,36.4200356],[28.1255878,36.4201001],[28.1263369,36.4200302],[28.1269399,36.4200262],[28.1280034,36.4200979],[28.1299112,36.4203022],[28.130996,36.4205164],[28.1329053,36.4207797],[28.1337205,36.4208094],[28.135462,36.420959],[28.135779,36.420956],[28.1364349,36.4210097],[28.140237,36.421428],[28.1419851,36.4217655],[28.1436385,36.422047],[28.1455704,36.4224539],[28.1474001,36.42288],[28.1480527,36.422991],[28.1487061,36.4231682],[28.1515808,36.4237591],[28.1535679,36.4239262],[28.1549115,36.4240138],[28.1557787,36.4240016],[28.1570809,36.4239285],[28.158075,36.423825],[28.1591838,36.4235159],[28.1601945,36.4231012],[28.16145,36.4227201],[28.161881,36.4225549],[28.1640598,36.4220479],[28.164468,36.4217594],[28.1679348,36.4210102],[28.1689363,36.4207067],[28.1705448,36.4204239],[28.1720718,36.4202146],[28.172163,36.4201159],[28.174228,36.419813],[28.1760285,36.4195921],[28.1780882,36.4194745],[28.178992,36.41951],[28.179627,36.419503],[28.1807098,36.4195606],[28.1822214,36.4198045],[28.1841959,36.4200844],[28.1857532,36.4205299],[28.1865917,36.4208018],[28.187071,36.4210263],[28.1873278,36.4210312],[28.1875433,36.4210757],[28.1885401,36.4216266],[28.188779,36.4215937],[28.1892063,36.4217834],[28.18952,36.421974],[28.1898877,36.4221567],[28.1911689,36.4230545],[28.1914901,36.4230209],[28.1923965,36.4235554],[28.1932188,36.4242529],[28.193527,36.424325],[28.1939971,36.4246046],[28.1944959,36.4249498],[28.1954266,36.4257474],[28.1956878,36.4260015],[28.1958962,36.4261499],[28.1971864,36.4275296],[28.197983,36.4283273],[28.1985564,36.4290524],[28.1995294,36.430147],[28.200188,36.4311272],[28.2008961,36.4318964],[28.201281,36.432262],[28.2013995,36.432589],[28.2024825,36.4340358],[28.2026592,36.4343928],[28.2029971,36.4349288],[28.2033065,36.4354877],[28.2038241,36.4361191],[28.204377,36.437112],[28.2047618,36.4376336],[28.2053386,36.4386487],[28.2059818,36.4399143],[28.2067971,36.4413739],[28.2072003,36.4419679],[28.2073776,36.4423438],[28.2075441,36.4425574],[28.2079801,36.4433186],[28.2082757,36.4437525],[28.2086095,36.4438872],[28.208718,36.4441006],[28.208939,36.44426],[28.2097118,36.4450379],[28.2107522,36.445516],[28.2110442,36.4458301],[28.2113472,36.4460251],[28.211338,36.4460703],[28.2114718,36.4460196],[28.211539,36.4460344],[28.2118425,36.446243],[28.2125464,36.446829],[28.2128944,36.4473505],[28.2132471,36.4476835],[28.2135599,36.4480499],[28.2137252,36.4483063],[28.214027,36.448628],[28.2142191,36.4487646],[28.2145653,36.449198],[28.2148425,36.4496274],[28.2153818,36.4500377],[28.215155,36.4501773],[28.2152028,36.4502269],[28.2154282,36.4500854],[28.2157336,36.4503932],[28.2160416,36.4511498],[28.2161478,36.4515782],[28.2162477,36.4518532],[28.2163375,36.4523495],[28.2164097,36.4525725],[28.2166048,36.4530049],[28.21671,36.453173],[28.2167935,36.4532579],[28.2169362,36.453265],[28.2171811,36.4531468],[28.2174562,36.4531545],[28.2177676,36.4533437],[28.218078,36.4536489],[28.218342,36.4540113],[28.2184046,36.4539789],[28.2185636,36.454155],[28.2187204,36.4544702],[28.2189557,36.4552628],[28.2191447,36.4565191],[28.2191761,36.4566921],[28.2192266,36.4568171],[28.2192131,36.4569446],[28.2192762,36.4572637],[28.2195735,36.4578763],[28.2197344,36.4579951],[28.2198047,36.4580112],[28.2198974,36.4581388],[28.2199546,36.4581508],[28.2199956,36.4581929],[28.2205001,36.4582829],[28.2206127,36.4582744],[28.2208978,36.4581615],[28.22101,36.4580084],[28.221156,36.4577363],[28.2212932,36.4575881],[28.2213717,36.4574628],[28.2216075,36.4569702],[28.2216997,36.4565392],[28.2218804,36.4559201],[28.2220676,36.4555889],[28.2223348,36.4551614],[28.2226155,36.4548411],[28.2234438,36.4540537],[28.2250406,36.453317],[28.2254693,36.4531651],[28.2259372,36.4531247],[28.2260356,36.4531852],[28.2261728,36.4531922],[28.2262328,36.4532369],[28.2264273,36.4532871],[28.226452,36.4533241],[28.2265642,36.4533364],[28.2267408,36.4533026],[28.2267915,36.4532327],[28.2268396,36.4532704],[28.2268777,36.453258],[28.2269272,36.4531849],[28.2270384,36.4531166],[28.2271644,36.4531444],[28.2272133,36.4531169],[28.2272738,36.4530209],[28.2270522,36.4527367],[28.2270079,36.4527063],[28.2269537,36.4527372],[28.2269155,36.4528358],[28.2268491,36.4528357],[28.226788,36.4527774],[28.2267011,36.4527635],[28.2266689,36.4527277],[28.2267187,36.4526515],[28.2267394,36.4525568],[28.2267268,36.4524948],[28.2266825,36.4524582],[28.2266113,36.4524403],[28.226564,36.4524661],[28.2265425,36.4525438],[28.2265751,36.4525556],[28.2265033,36.4527661],[28.226154,36.4527367],[28.2260026,36.4526466],[28.2259412,36.4526028],[28.2260006,36.4523912],[28.2258328,36.4523549],[28.2257358,36.4526044],[28.2256702,36.4525986],[28.2256621,36.4526704],[28.225397,36.4526556],[28.2253285,36.4526147],[28.2253148,36.4525592],[28.2255465,36.4511085],[28.2255802,36.4510631],[28.2256472,36.4510337],[28.2258785,36.4510549],[28.2259013,36.4509662],[28.2256515,36.4509343],[28.2254353,36.4508732],[28.2252947,36.4508052],[28.2251873,36.4506152],[28.2251743,36.4504587],[28.2253465,36.4498337],[28.2254785,36.4498598],[28.2254467,36.4499698],[28.2257059,36.4500134],[28.2257899,36.4497334],[28.2255339,36.4496862],[28.2254965,36.4497889],[28.2253635,36.4497608],[28.2256324,36.4488613],[28.2257465,36.4488838],[28.2257098,36.4489909],[28.2258782,36.4490283],[28.2259684,36.4487656],[28.2257999,36.4487282],[28.2257634,36.4488347],[28.2256486,36.4488131],[28.2258678,36.4481362],[28.2269156,36.4472749],[28.2269478,36.4472713],[28.22758,36.4480675],[28.2276116,36.4481338],[28.2276207,36.4492402],[28.2278422,36.4506609],[28.2274521,36.4509268],[28.2265566,36.4510534],[28.2265632,36.4510981],[28.2264629,36.4511118],[28.2264799,36.4511939],[28.2271938,36.4511147],[28.2275102,36.4511936],[28.2274687,36.4514824],[28.227668,36.4515633],[28.2280533,36.4515174],[28.2282483,36.451412],[28.2283369,36.4511832],[28.2282615,36.4508343],[28.2283184,36.4508045],[28.228157,36.4496097],[28.2281213,36.449114],[28.2281182,36.4488609],[28.2281901,36.4488587],[28.2280898,36.4484235],[28.2282397,36.4484038],[28.2282486,36.4483369],[28.2280914,36.4482206],[28.2282282,36.448126],[28.2281464,36.4480431],[28.2280926,36.4481121],[28.2279887,36.4481584],[28.2279789,36.4480955],[28.2280011,36.4476055],[28.2280857,36.4471945],[28.2281932,36.4469194],[28.2284197,36.4466641],[28.2286054,36.4465982],[28.2286996,36.4466198],[28.2287441,36.4465811],[28.2288225,36.4466056],[28.229012,36.4465826],[28.2290745,36.4466016],[28.229115,36.4465899],[28.2291209,36.4465557],[28.229203,36.4465381],[28.2293189,36.4465547],[28.2293401,36.4465231],[28.2294352,36.4464989],[28.2295764,36.4465218],[28.2297307,36.4464376],[28.2297132,36.4463452],[28.2297873,36.4463136],[28.2297437,36.4461684],[28.2296921,36.4461687],[28.2296511,36.4461375],[28.2296437,36.4460799],[28.2296128,36.4460765],[28.2295805,36.4461405],[28.2293218,36.4462406],[28.2285437,36.4463149],[28.2283264,36.4462469],[28.2283081,36.4462119],[28.228338,36.4461981],[28.2279462,36.4454281],[28.2279058,36.4451618],[28.2281297,36.4447322],[28.2284407,36.444826],[28.2287462,36.4458406],[28.2289144,36.4458469],[28.2289859,36.4440966],[28.2292249,36.4439481],[28.2294041,36.4436282],[28.2294775,36.443574],[28.2298058,36.4435012],[28.2305571,36.4434852],[28.2307895,36.4435334],[28.2308841,36.4435895],[28.2311498,36.4438855],[28.2311902,36.4439553],[28.2312581,36.4441956],[28.2314576,36.4444102],[28.232039,36.4444175],[28.2320119,36.4450032],[28.23199,36.4475781],[28.2321213,36.4476955],[28.2326921,36.447148],[28.2332351,36.446838],[28.2335921,36.4434193],[28.2334559,36.4434086],[28.2334531,36.4433615],[28.2333882,36.4433172],[28.2333475,36.4433472],[28.2332666,36.4433355],[28.2331878,36.4432838],[28.2331706,36.4432047],[28.2332124,36.4431058],[28.2334655,36.4427479],[28.2334557,36.4425482],[28.2333156,36.4423782],[28.2333117,36.4420102],[28.2333965,36.4417254],[28.2336273,36.4415284],[28.2340788,36.4412512],[28.2344888,36.441021],[28.2348241,36.4409216],[28.2351125,36.4408784],[28.235432,36.4408625],[28.2357156,36.440899],[28.2360298,36.4410182],[28.2361371,36.4410724],[28.2358654,36.4412854],[28.2360335,36.4414332],[28.2361988,36.4413112],[28.236246,36.4413475],[28.2360679,36.4414902],[28.2360977,36.4415087],[28.2361609,36.4414788],[28.2364201,36.4415509],[28.2363802,36.4416255],[28.2363806,36.4418337],[28.2366146,36.4418376],[28.2366093,36.4430093],[28.2369173,36.4430137],[28.236892,36.4442834],[28.237206,36.4442859],[28.2372061,36.4447214],[28.2384983,36.4447337],[28.2384613,36.4472991],[28.2383354,36.4473837],[28.2386093,36.4476291],[28.237024,36.4487438],[28.2371131,36.4488247],[28.2388742,36.4475869],[28.2388835,36.4471971],[28.2389331,36.4471986],[28.2389603,36.4446336],[28.2390286,36.4445952],[28.239183,36.4394221],[28.2389768,36.4393638],[28.238752,36.439438],[28.2386679,36.4394119],[28.2385978,36.4393533],[28.2385171,36.439222],[28.2384701,36.4390957],[28.2384505,36.4388855],[28.2385185,36.4383914],[28.2386892,36.438302],[28.2388866,36.4383541],[28.238963,36.4383444],[28.2390309,36.4382557],[28.2389842,36.4379691],[28.2389731,36.4364661],[28.2389149,36.4364911],[28.2387967,36.4364559],[28.2387675,36.4363626],[28.2388971,36.4362123],[28.2389353,36.4360506],[28.2398601,36.4360637],[28.2398648,36.4362218],[28.2399199,36.4362248],[28.2399133,36.4359541],[28.2395223,36.4359532],[28.2395223,36.4359951],[28.2386241,36.4360031],[28.2382281,36.4356805],[28.2382273,36.435077],[28.2398258,36.4350714],[28.2398262,36.4350249],[28.2382284,36.4350307],[28.238222,36.4335205],[28.2397952,36.4335162],[28.2397971,36.4334689],[28.238491,36.4334672],[28.238497,36.4325964],[28.2392382,36.4325898],[28.2392377,36.4327089],[28.2392764,36.4327093],[28.2392758,36.4324344],[28.2392372,36.4324341],[28.2392378,36.4325607],[28.2384967,36.4325641],[28.2384914,36.4320133],[28.2392742,36.4320048],[28.2394339,36.4318732],[28.2393286,36.431746],[28.2393969,36.4317055],[28.2395009,36.4318251],[28.2395528,36.4317996],[28.2394189,36.4316412],[28.2394991,36.4316001],[28.2396297,36.431756],[28.2396934,36.4317212],[28.2405271,36.4327219],[28.2404977,36.4327382],[28.240504,36.4327829],[28.2405518,36.4327849],[28.2405581,36.4373401],[28.2404523,36.4373425],[28.2403582,36.4374537],[28.2400196,36.4375498],[28.239944,36.4376043],[28.2399901,36.4376237],[28.2404951,36.4375301],[28.2408132,36.4375194],[28.240867,36.4374818],[28.2409788,36.4360783],[28.2408944,36.4355581],[28.240887,36.4328235],[28.2408406,36.4326413],[28.2400996,36.4317322],[28.239322,36.4308323],[28.2385263,36.4298451],[28.2384774,36.4295545],[28.2385186,36.4293925],[28.2386381,36.4293487],[28.2387054,36.4292537],[28.2385506,36.4291329],[28.238273,36.429186],[28.2381688,36.4292597],[28.2379723,36.4292902],[28.2379202,36.4293877],[28.2375438,36.4296181],[28.2374258,36.4297241],[28.2374327,36.4298567],[28.2372901,36.429896],[28.2372117,36.4299792],[28.2371108,36.4300185],[28.2369782,36.4300311],[28.236869,36.4300064],[28.2361364,36.429751],[28.2357458,36.4296328],[28.2356655,36.4296297],[28.2351351,36.4292468],[28.2343494,36.4284257],[28.2341265,36.4280082],[28.2339365,36.4277359],[28.2336583,36.4274066],[28.2335623,36.427121],[28.2335874,36.4269663],[28.233456,36.426153],[28.233294,36.426027],[28.2332929,36.4259562],[28.2330992,36.4258602],[28.2329785,36.4257239],[28.232931,36.4255358],[28.233033,36.4252639],[28.2331991,36.4250062],[28.23358,36.423968],[28.2334663,36.4231052],[28.2332772,36.4228083],[28.2333008,36.4219521],[28.2331785,36.4218737],[28.2329744,36.4219909],[28.2328674,36.4221422],[28.2321027,36.4218975],[28.231511,36.4213255],[28.2313053,36.4204292],[28.23166,36.4202743],[28.2317969,36.4201254],[28.2318464,36.4198885],[28.2319049,36.419733],[28.2328771,36.4194753],[28.2330079,36.4193905],[28.2330489,36.4192774],[28.2330635,36.4182605],[28.2330125,36.4182472],[28.2329642,36.4182672],[28.232949,36.4186948],[28.2326674,36.4188103],[28.2322947,36.4188326],[28.232169,36.4187637],[28.2318301,36.4187683],[28.2318447,36.4165414],[28.2324159,36.4165427],[28.2324172,36.4161645],[28.2325457,36.4161648],[28.2325444,36.4165473],[28.2325964,36.4165474],[28.2325972,36.4163168],[28.2326807,36.4163169],[28.2326799,36.4165462],[28.2327367,36.4165463],[28.2327372,36.4163995],[28.2328766,36.4163998],[28.2328761,36.4165457],[28.2333264,36.4165467],[28.2337451,36.4168991],[28.2337367,36.4180985],[28.2338421,36.4180998],[28.2338402,36.4197278],[28.2339368,36.4198208],[28.2340437,36.4197895],[28.2340887,36.419699],[28.2340914,36.4186504],[28.2341328,36.4181727],[28.234166,36.4169676],[28.2341075,36.416778],[28.2340307,36.4166877],[28.2333352,36.4160984],[28.233319,36.4150754],[28.2332846,36.4148674],[28.2332196,36.4147334],[28.233121,36.4146037],[28.2330082,36.4145041],[28.2328095,36.4144286],[28.2324163,36.4143272],[28.2324697,36.4139514],[28.2324228,36.4137346],[28.2324217,36.4134716],[28.2323425,36.4130563],[28.2323408,36.4127669],[28.2321803,36.4124812],[28.231965,36.412295],[28.2313913,36.412285],[28.2313503,36.4125148],[28.2311714,36.4124776],[28.2310156,36.4123938],[28.2309364,36.4122531],[28.2309186,36.4121143],[28.2310299,36.4120449],[28.2312623,36.4120097],[28.2314341,36.411845],[28.2313927,36.4112515],[28.2316169,36.4112],[28.2316141,36.4111346],[28.23147,36.411144],[28.2308296,36.4110188],[28.2306344,36.4109321],[28.2305262,36.4111265],[28.230415,36.4111971],[28.2302277,36.4111903],[28.2300144,36.4111155],[28.2299323,36.410946],[28.229718,36.410905],[28.2295281,36.4108281],[28.2294184,36.4106905],[28.2293537,36.4105274],[28.2293593,36.4102887],[28.2294795,36.4096206],[28.2296569,36.4092273],[28.2297277,36.4092087],[28.2297489,36.4091107],[28.2295001,36.4089269],[28.2294124,36.4087714],[28.2293439,36.4085685],[28.2293831,36.4083666],[28.2293156,36.4082555],[28.2292772,36.4080549],[28.229352,36.407826],[28.229668,36.407694],[28.2306389,36.4077203],[28.230709,36.407828],[28.2307862,36.407868],[28.230914,36.407888],[28.2310728,36.4078411],[28.2311453,36.4077438],[28.231074,36.4076315],[28.2310503,36.407543],[28.2311855,36.4073398],[28.2312857,36.407256],[28.2312925,36.4070594],[28.2314954,36.4068672],[28.2315922,36.4066623],[28.2316499,36.4064643],[28.2314577,36.4063557],[28.2312874,36.4063864],[28.2310789,36.4066815],[28.230991,36.4066582],[28.2309419,36.4066818],[28.2309194,36.4067683],[28.2310401,36.406863],[28.231036,36.4069281],[28.230888,36.4069794],[28.2306304,36.4066092],[28.2301909,36.4064004],[28.2299301,36.4063203],[28.2296204,36.4062691],[28.2293052,36.4061669],[28.2288869,36.4059572],[28.2287032,36.4056324],[28.2285992,36.4053698],[28.2283617,36.4045679],[28.2282671,36.4040505],[28.228287,36.4035691],[28.2283861,36.4032491],[28.2285459,36.4029094],[28.2287189,36.4026513],[28.2291285,36.4021588],[28.229574,36.401786],[28.2300166,36.4015354],[28.2303192,36.4011939],[28.2306764,36.4010706],[28.2321961,36.4013655],[28.2326028,36.4012378],[28.2334471,36.4007846],[28.2335515,36.3999722],[28.2336432,36.3998668],[28.2337148,36.3992438],[28.2336197,36.3992395],[28.2334839,36.3993899],[28.2332253,36.3993364],[28.2331141,36.3990874],[28.233186,36.399051],[28.2331743,36.3989942],[28.2325346,36.399042],[28.2324343,36.3990896],[28.2322868,36.3990357],[28.2321855,36.3989157],[28.2320913,36.3986769],[28.2320741,36.3983913],[28.2321122,36.3980943],[28.2321725,36.3978705],[28.2322807,36.3976831],[28.2324218,36.3975308],[28.2325747,36.3974553],[28.232804,36.3974315],[28.233072,36.3975705],[28.2331503,36.3975757],[28.2331794,36.3976909],[28.2332291,36.3976971],[28.2332256,36.3975808],[28.2335014,36.3975566],[28.2335895,36.3976241],[28.2339774,36.3974974],[28.2343454,36.3974637],[28.23459,36.397366],[28.2349674,36.3972606],[28.2352053,36.3972869],[28.235271,36.3971916],[28.2351711,36.3970489],[28.2352202,36.3969581],[28.2353732,36.3969334],[28.2353921,36.3968273],[28.2355433,36.3968156],[28.2356916,36.3967136],[28.2358526,36.3963],[28.2357724,36.396161],[28.2356018,36.3960386],[28.2351805,36.395845],[28.2350099,36.39562],[28.234903,36.3954314],[28.2348434,36.3952544],[28.2348023,36.3949069],[28.2347364,36.3949477],[28.2346501,36.3949025],[28.2344686,36.394707],[28.2344693,36.3946422],[28.2346255,36.3944735],[28.2348331,36.3943427],[28.2349158,36.3940812],[28.2350158,36.3940492],[28.2351168,36.393858],[28.2352648,36.3937719],[28.2354107,36.3938778],[28.2358583,36.3935256],[28.2362084,36.3932955],[28.2369364,36.3931193],[28.2372258,36.3931451],[28.2373625,36.3931351],[28.2374325,36.3930786],[28.237394,36.3930406],[28.2373592,36.3930428],[28.2373206,36.3930988],[28.2372452,36.3931047],[28.2372242,36.3930389],[28.2373486,36.3929649],[28.2375052,36.392972],[28.2376066,36.3930199],[28.2376272,36.3930649],[28.2376098,36.3930845],[28.2375327,36.3930992],[28.2375371,36.3931341],[28.2376009,36.3931519],[28.2379418,36.3931081],[28.2382906,36.3931051],[28.2386457,36.3929954],[28.238969,36.392953],[28.2401102,36.3925623],[28.2406661,36.3922526],[28.2407664,36.392044],[28.2408026,36.3918893],[28.241015,36.391776],[28.2415604,36.3913376],[28.2416217,36.3912255],[28.241605,36.3907096],[28.2416718,36.3906446],[28.2418836,36.3905818],[28.2421817,36.3907253],[28.2424547,36.3908083],[28.2428754,36.3907209],[28.243065,36.390728],[28.2431206,36.3905504],[28.2430816,36.3902589],[28.2432292,36.3900817],[28.2435301,36.3900234],[28.2435635,36.3898327],[28.2436694,36.3897094],[28.2441765,36.3896645],[28.2440037,36.389521],[28.2438366,36.3894313],[28.2436694,36.3894582],[28.2433669,36.389293],[28.2436364,36.389006],[28.2442935,36.3885779],[28.2447949,36.3883324],[28.2448339,36.388144],[28.2450373,36.3880116],[28.2454608,36.387987],[28.2460542,36.3876483],[28.2468092,36.387498],[28.2471185,36.3873769],[28.2470829,36.3870472],[28.247093,36.3869274],[28.2473051,36.3870271],[28.2475419,36.3870091],[28.2476199,36.3869441],[28.2476283,36.3868409],[28.2474416,36.3868701],[28.2473023,36.3868005],[28.2471643,36.3867656],[28.2471149,36.3868001],[28.2470844,36.3867454],[28.2469429,36.3866951],[28.2468538,36.3864776],[28.2465696,36.3862802],[28.2458703,36.3859258],[28.2457561,36.38578],[28.2455137,36.3856253],[28.2452574,36.3853561],[28.2449909,36.3853224],[28.2449918,36.3851514],[28.2450786,36.3850333],[28.2450067,36.3849053],[28.2446423,36.3847262],[28.2446779,36.3845913],[28.2442879,36.3845218],[28.2440204,36.3844029],[28.243792,36.3842145],[28.2436025,36.3841001],[28.2432404,36.3840424],[28.2431786,36.3842333],[28.2429896,36.3842482],[28.2428336,36.3843244],[28.2425522,36.3842728],[28.242493,36.3842979],[28.2424994,36.3843772],[28.2423872,36.3843898],[28.2423739,36.3843065],[28.2422976,36.3843138],[28.242247,36.3843485],[28.2422205,36.3844721],[28.2420998,36.3844843],[28.2420456,36.3843782],[28.2419575,36.3843924],[28.2419096,36.3844905],[28.2418337,36.3844944],[28.2418007,36.3845519],[28.2417476,36.3845819],[28.2416614,36.3845458],[28.2416686,36.3844345],[28.2416161,36.3844164],[28.2415298,36.3846093],[28.2413821,36.3845958],[28.2411135,36.3844862],[28.2413932,36.3841921],[28.2413062,36.3841253],[28.2412118,36.3841629],[28.2411015,36.3842497],[28.2410275,36.3842019],[28.2410033,36.3841476],[28.2410419,36.3840862],[28.2411508,36.3840708],[28.2412063,36.3839797],[28.2410645,36.383923],[28.240641,36.3839431],[28.2405646,36.3836921],[28.2406121,36.3834984],[28.2405572,36.3834317],[28.2407859,36.3832523],[28.2407497,36.383185],[28.2406773,36.3831407],[28.2406076,36.3831469],[28.2405623,36.3831115],[28.2405807,36.38307],[28.2405203,36.3829778],[28.2406205,36.3829092],[28.2405507,36.3828493],[28.2406274,36.3827748],[28.2407731,36.3827527],[28.2408254,36.3824197],[28.2407413,36.3823462],[28.2406549,36.382339],[28.2404878,36.3823843],[28.2404321,36.3825122],[28.2401007,36.3823681],[28.2400767,36.3823157],[28.2399008,36.3822746],[28.2399219,36.3822253],[28.2398647,36.3821626],[28.2397068,36.3821108],[28.2397308,36.3820781],[28.2399067,36.3821026],[28.2399804,36.3820705],[28.2398439,36.3820077],[28.2395365,36.3819251],[28.2396103,36.3817998],[28.2400515,36.3814233],[28.240052,36.381365],[28.2399324,36.3812617],[28.2399805,36.381139],[28.2399206,36.3810874],[28.2399087,36.3810358],[28.2400335,36.3809536],[28.2400504,36.3808524],[28.2398797,36.3806758],[28.2398668,36.3806211],[28.2398052,36.380563],[28.2397018,36.3805056],[28.2395631,36.3805552],[28.2395324,36.380537],[28.2395452,36.380485],[28.2394363,36.3803404],[28.2393437,36.3804054],[28.2392608,36.3803886],[28.2392904,36.3803256],[28.2391493,36.3802212],[28.2392132,36.3801857],[28.2392275,36.3801157],[28.239093,36.3800045],[28.2391188,36.3798712],[28.2390171,36.3798345],[28.2389513,36.379764],[28.2388686,36.3797224],[28.2388515,36.379646],[28.2387766,36.3796202],[28.2385423,36.3796714],[28.2385257,36.3796334],[28.2387107,36.3795547],[28.2387253,36.3795047],[28.2385575,36.3795277],[28.2385688,36.3794588],[28.2384845,36.3793791],[28.2385409,36.3793185],[28.2385607,36.3791999],[28.2386438,36.3791241],[28.2385816,36.3790031],[28.2383734,36.3788466],[28.2382909,36.3787479],[28.238141,36.3784878],[28.2382568,36.3784125],[28.2383186,36.3784659],[28.238476,36.3784734],[28.2385803,36.3785545],[28.2386508,36.3785585],[28.2387351,36.3786503],[28.2390076,36.3788],[28.2390566,36.3787557],[28.23919,36.3788136],[28.239235,36.3787794],[28.239347,36.3788347],[28.2394436,36.3788293],[28.2396325,36.3789492],[28.2397649,36.3789933],[28.2398407,36.378903],[28.2398412,36.3788543],[28.2401382,36.3788451],[28.2402225,36.3788013],[28.2403791,36.3786097],[28.240435,36.3786594],[28.2404668,36.3786414],[28.2405464,36.3783004],[28.2405885,36.3782689],[28.2405747,36.3780484],[28.2404874,36.3779837],[28.2403663,36.3778349],[28.2402441,36.3777666],[28.2402519,36.3776547],[28.2401011,36.3775547],[28.2401033,36.377391],[28.2400219,36.3773509],[28.2400168,36.3774036],[28.2399419,36.3773845],[28.2398695,36.3773101],[28.2399263,36.3772168],[28.2396572,36.3770643],[28.2388302,36.3770476],[28.2384836,36.3770623],[28.2383138,36.3769227],[28.238015,36.3768566],[28.2377802,36.3767703],[28.2375886,36.3766417],[28.237594,36.376397],[28.2376621,36.3760523],[28.237759,36.3758869],[28.2377011,36.3757007],[28.2373601,36.3753335],[28.2371652,36.3753159],[28.2371836,36.375255],[28.2372753,36.3752586],[28.2373244,36.3751646],[28.2372777,36.3749834],[28.2363708,36.3746096],[28.2362521,36.3747243],[28.236025,36.3747018],[28.2359333,36.374483],[28.2356046,36.3746167],[28.2354234,36.3745796],[28.2353326,36.374646],[28.2353345,36.3748458],[28.2351777,36.3748815],[28.2351085,36.3748692],[28.2350631,36.3748314],[28.2350913,36.3747646],[28.2349568,36.3747092],[28.2349192,36.3746462],[28.2349959,36.3745715],[28.2351348,36.3745832],[28.2351855,36.3743765],[28.2350199,36.3744514],[28.2349095,36.3743878],[28.2345658,36.3739672],[28.2344643,36.3738106],[28.2341579,36.3737039],[28.2338311,36.3736852],[28.233256,36.3737078],[28.2329308,36.3736335],[28.2327457,36.3736513],[28.2324517,36.3737677],[28.2324144,36.3738167],[28.2324546,36.3739829],[28.2324178,36.3740121],[28.2321861,36.3740634],[28.23208,36.374053],[28.2319224,36.3739377],[28.2316516,36.3733807],[28.231727,36.3730444],[28.231731,36.3726786],[28.2317801,36.3724792],[28.2319692,36.3723268],[28.232407,36.372252],[28.2319982,36.3729034],[28.2318718,36.3730476],[28.2319828,36.3731408],[28.2321044,36.3731593],[28.2323598,36.373069],[28.2323286,36.3728568],[28.2321516,36.3727915],[28.2325218,36.372332],[28.2327562,36.3721687],[28.233073,36.371819],[28.233387,36.371559],[28.2333572,36.3714234],[28.2329529,36.3712411],[28.2326628,36.3712349],[28.2322581,36.3713506],[28.2318712,36.3713874],[28.2314949,36.3714988],[28.2309401,36.3714968],[28.2301499,36.3719998],[28.2278822,36.3723888],[28.227495,36.372435],[28.2268409,36.3723134],[28.2262845,36.3719769],[28.225979,36.3717585],[28.2256634,36.3714397],[28.2251406,36.3707832],[28.2248667,36.3705286],[28.2243255,36.3701851],[28.2234678,36.3694736],[28.2227967,36.368748],[28.222442,36.3680339],[28.2216942,36.3667872],[28.2214545,36.3664398],[28.2212724,36.3662699],[28.2210392,36.3659443],[28.2205082,36.3655157],[28.2201137,36.365048],[28.2198659,36.3646365],[28.2195899,36.3640234],[28.2192303,36.3638613],[28.2183125,36.3631316],[28.217869,36.3628422],[28.2174711,36.3624987],[28.2169829,36.3620177],[28.2164273,36.3614027],[28.2159336,36.3609163],[28.2157135,36.3606162],[28.2155013,36.3601093],[28.2156722,36.3599996],[28.2156428,36.3599633],[28.2154196,36.3600088],[28.2152205,36.3598499],[28.2144332,36.3590672],[28.2142031,36.3587816],[28.2138724,36.3583376],[28.2134889,36.357747],[28.2132333,36.3572789],[28.2129498,36.3569225],[28.2114745,36.3552432],[28.2110969,36.3546123],[28.210881,36.354318],[28.2104239,36.3538711],[28.2099321,36.3532611],[28.2098027,36.352987],[28.2094028,36.3522889],[28.2090309,36.35174],[28.2087337,36.3514813],[28.2084557,36.3511339],[28.208326,36.3508951],[28.20818,36.3505336],[28.207922660828192,36.35],[27.947554647398842,36.35],[27.9478656,36.3502637],[27.9481655,36.3504713],[27.948281,36.350781],[27.9487695,36.3509886],[27.9488061,36.3508744],[27.9486954,36.35088],[27.9486082,36.3507263],[27.9486468,36.3504856]]],[[[28.0396091,36.5635683],[28.0398384,36.5636247],[28.040103,36.563589],[28.04032,36.5635913],[28.0405237,36.5633868],[28.0407105,36.563005],[28.0403421,36.5627108],[28.0399007,36.5625608],[28.0392217,36.5622336],[28.0389501,36.5619745],[28.0385766,36.5617972],[28.0379485,36.5616336],[28.0375712,36.5616599],[28.0371383,36.5615989],[28.0365497,36.5614275],[28.0361153,36.5612337],[28.0355282,36.5612637],[28.0355567,36.5614661],[28.0357158,36.5619006],[28.0360562,36.562414],[28.0362471,36.5626236],[28.0366645,36.5628915],[28.0371909,36.5631225],[28.0375492,36.5631959],[28.0380585,36.5632505],[28.0390706,36.5634141],[28.0393424,36.5635419],[28.0396091,36.5635683]]],[[[28.0406235,36.5665931],[28.0405026,36.5666071],[28.0404755,36.5667294],[28.0406728,36.5673272],[28.0412839,36.5674772],[28.0414853,36.5675026],[28.0415895,36.5674499],[28.0415511,36.5670719],[28.0415046,36.5669864],[28.0406235,36.5665931]]],[[[28.0507731,36.5770843],[28.050826,36.5771024],[28.0508538,36.577079],[28.0508075,36.5770631],[28.0507731,36.5770843]]],[[[28.1259801,36.6004925],[28.1262009,36.6005824],[28.1265817,36.6007851],[28.1281779,36.6002086],[28.128401,36.6001787],[28.1284052,36.6000473],[28.1287677,36.5998384],[28.1288181,36.6000287],[28.129121,36.5997644],[28.1292598,36.599556],[28.1292844,36.5992306],[28.129329,36.5991372],[28.1296248,36.5989344],[28.1296376,36.598691],[28.1296063,36.5977845],[28.1289801,36.5976982],[28.1292592,36.5973894],[28.1294249,36.5972591],[28.1295975,36.5970109],[28.1294721,36.5968103],[28.1294404,36.5966612],[28.1293448,36.596555],[28.1291463,36.5964184],[28.1290734,36.5960283],[28.128609,36.5957396],[28.1282783,36.5958577],[28.1279538,36.5957814],[28.1279077,36.5958919],[28.1278378,36.595963],[28.1275625,36.595941],[28.1269279,36.5960532],[28.1267925,36.5961036],[28.1265151,36.5961052],[28.1263022,36.5962089],[28.1261173,36.596184],[28.1257117,36.5962553],[28.1254726,36.5964112],[28.1253167,36.5965908],[28.1249448,36.5966608],[28.1247188,36.5967297],[28.1245044,36.5968012],[28.1243455,36.596911],[28.124225,36.5968726],[28.1240309,36.5969179],[28.1238288,36.5969261],[28.1237126,36.5968878],[28.1234872,36.5969332],[28.1232106,36.5970874],[28.1227883,36.5972736],[28.1225769,36.5972922],[28.1224747,36.5973496],[28.122113,36.5977228],[28.1220817,36.5978512],[28.1220291,36.5978474],[28.121908,36.5981112],[28.1219435,36.5982175],[28.1221365,36.598276],[28.1221223,36.5983619],[28.1222222,36.5984161],[28.122199,36.5984503],[28.1221915,36.5985975],[28.1220324,36.5986112],[28.1220155,36.5987099],[28.1221048,36.5987342],[28.1222438,36.5987292],[28.1222486,36.5987945],[28.1224527,36.5987977],[28.1225418,36.5989666],[28.122393,36.5991193],[28.1223925,36.5992087],[28.1226466,36.5993871],[28.1229353,36.5994082],[28.1243399,36.5993457],[28.1249441,36.5995278],[28.1254526,36.5994613],[28.1257505,36.5995233],[28.125894,36.5996676],[28.1260585,36.6000623],[28.1259801,36.6004925]]],[[[28.0456813,36.6059146],[28.0455111,36.6059735],[28.0455111,36.6060593],[28.0454511,36.6061021],[28.0455111,36.606145],[28.0456079,36.6061396],[28.0457581,36.6060593],[28.0457347,36.6059387],[28.0456813,36.6059146]]],[[[28.0573516,36.6176068],[28.0573516,36.6171488],[28.0571044,36.6168435],[28.056762,36.6164771],[28.0564767,36.6159276],[28.0561153,36.6155612],[28.0559251,36.6152253],[28.0556779,36.6149963],[28.0552785,36.6147978],[28.054841,36.6146757],[28.0545747,36.6144773],[28.0541753,36.6142483],[28.0536618,36.6137139],[28.0534336,36.6134391],[28.0534336,36.6136071],[28.0533004,36.6139582],[28.0535096,36.6142025],[28.0536808,36.6145689],[28.0535667,36.6147368],[28.0535667,36.6149352],[28.0537189,36.6151184],[28.0539471,36.6152406],[28.0541753,36.6153016],[28.0542324,36.6154848],[28.0542324,36.6157291],[28.0543845,36.6160039],[28.054784,36.6160649],[28.0551453,36.6162787],[28.0555257,36.6168435],[28.0556208,36.6171641],[28.0554687,36.6175458],[28.0552594,36.6179121],[28.0558491,36.6191334],[28.0563245,36.6193318],[28.0563626,36.6191334],[28.0565338,36.618996],[28.0569522,36.6187975],[28.0571234,36.6185533],[28.0572946,36.6180801],[28.0573516,36.6176068]]],[[[28.0507878,36.6207548],[28.0504393,36.620665],[28.0501282,36.620645],[28.049618,36.6207249],[28.0491949,36.6209846],[28.0490704,36.6212043],[28.0492696,36.6213941],[28.0496429,36.6215439],[28.0499291,36.6215039],[28.0501904,36.6212243],[28.0507131,36.6212243],[28.0508127,36.6211144],[28.05085,36.6210145],[28.0507878,36.6207548]]],[[[28.0512233,36.6241706],[28.0510118,36.6241407],[28.0508998,36.6242905],[28.0508749,36.6245801],[28.050962,36.6248597],[28.0510864,36.6249197],[28.0512482,36.6248797],[28.051517,36.6246177],[28.0516091,36.6244603],[28.0514846,36.6243903],[28.0513727,36.6242405],[28.0512233,36.6241706]]],[[[28.0528909,36.6260083],[28.0529904,36.6256987],[28.053314,36.6252692],[28.0534757,36.6250096],[28.0534757,36.62469],[28.0535629,36.6244503],[28.0535504,36.6241906],[28.0534384,36.623891],[28.052866,36.6239209],[28.0525424,36.6240408],[28.0524926,36.6242805],[28.0522686,36.6242705],[28.0522313,36.6243804],[28.0521193,36.6244403],[28.0519451,36.6245202],[28.0517584,36.6245302],[28.0517086,36.62464],[28.0515588,36.6246652],[28.0514971,36.6248498],[28.0518953,36.6248997],[28.0520446,36.6247399],[28.0522686,36.6248498],[28.0522562,36.6252093],[28.0521193,36.6252692],[28.0520073,36.6253691],[28.0520073,36.6255489],[28.0520944,36.6257886],[28.0520944,36.6261082],[28.0521815,36.6263079],[28.0526046,36.6268971],[28.0529655,36.6269371],[28.0531398,36.6268572],[28.0531895,36.6266874],[28.0530402,36.6266075],[28.0529406,36.6264477],[28.0528909,36.626258],[28.0528909,36.6260083]]],[[[28.0615598,36.6422957],[28.0611217,36.6428441],[28.0611217,36.643266],[28.0614021,36.643716],[28.0618227,36.6442925],[28.0623485,36.6447987],[28.0620551,36.6453062],[28.0618928,36.6458674],[28.0620997,36.6464566],[28.0621337,36.64699],[28.0622186,36.6473548],[28.0623214,36.6475315],[28.0625823,36.6475187],[28.0632851,36.6473105],[28.063582,36.6472524],[28.0636805,36.6473679],[28.064073,36.6475246],[28.0653585,36.647425],[28.0663508,36.6477829],[28.0676728,36.6481221],[28.0683323,36.6482546],[28.0688131,36.6484168],[28.0689006,36.6484307],[28.0690062,36.6483393],[28.0690251,36.6482822],[28.0690143,36.647944],[28.0687455,36.6475408],[28.0684826,36.6469783],[28.0680619,36.6463737],[28.0675537,36.6452206],[28.0676238,36.6443206],[28.0671155,36.6435753],[28.0670454,36.6427878],[28.0662392,36.6420988],[28.0656434,36.6414519],[28.0656609,36.6410722],[28.0655032,36.6408191],[28.0648372,36.6399191],[28.0639433,36.6396378],[28.0635052,36.6393003],[28.0631547,36.6389487],[28.0628217,36.6386956],[28.0627516,36.6383018],[28.0625237,36.6381471],[28.0618753,36.6379502],[28.0608763,36.6369377],[28.0603505,36.6364877],[28.0593054,36.6359588],[28.0578268,36.6354048],[28.0571608,36.6356438],[28.0570031,36.6361361],[28.0573886,36.6373315],[28.0573886,36.6377955],[28.0568278,36.6382456],[28.0564773,36.6384565],[28.0560216,36.6389487],[28.0555659,36.6391315],[28.0547948,36.6398488],[28.0544793,36.6403269],[28.0534102,36.6412128],[28.0530772,36.6415222],[28.0530247,36.6418738],[28.0530247,36.6421691],[28.0535504,36.6426191],[28.0539535,36.6425488],[28.0550577,36.6425066],[28.0560041,36.6422394],[28.0566175,36.6418035],[28.0568979,36.6415222],[28.0578969,36.6408753],[28.0582299,36.6411847],[28.058633,36.6412832],[28.0591588,36.6412972],[28.0597546,36.6411566],[28.060333,36.6410582],[28.0604206,36.6412269],[28.061034,36.6417191],[28.0615598,36.6422957]]],[[[28.052539,36.6501869],[28.0529147,36.6501719],[28.053328,36.6501869],[28.053497,36.6499759],[28.0534782,36.6494183],[28.0533843,36.6492074],[28.0534219,36.6489813],[28.0536849,36.6489813],[28.0539854,36.6490416],[28.0540981,36.6488909],[28.0542108,36.6486498],[28.0543799,36.6486648],[28.0545865,36.6488005],[28.0549622,36.6488607],[28.0556384,36.6488005],[28.0560141,36.648695],[28.056277,36.6484237],[28.0563897,36.6481223],[28.0567466,36.6481072],[28.0571787,36.6481675],[28.0573477,36.6483031],[28.0577797,36.6485744],[28.0582681,36.6486799],[28.0590383,36.6489059],[28.0596769,36.6490265],[28.0601465,36.6488457],[28.0603907,36.6485141],[28.060541,36.6481976],[28.0603719,36.647851],[28.0599211,36.6475195],[28.0594139,36.6473537],[28.0581554,36.6473386],[28.0576482,36.6472783],[28.0574792,36.647218],[28.0571223,36.6469016],[28.0564461,36.6465851],[28.0559953,36.6467056],[28.0556947,36.6468714],[28.0554318,36.6470673],[28.0550749,36.6470824],[28.054718,36.6469769],[28.0544738,36.6471427],[28.0542108,36.6472331],[28.0538351,36.647218],[28.0536473,36.6469769],[28.0534219,36.6467659],[28.0532528,36.6466906],[28.0529523,36.646781],[28.0527081,36.6468262],[28.052802,36.647007],[28.053065,36.6471578],[28.0532716,36.6475195],[28.0531026,36.6476852],[28.0528959,36.6479565],[28.0525015,36.648273],[28.0526705,36.6483634],[28.0526705,36.6486799],[28.0521258,36.6486648],[28.0506982,36.6486799],[28.0501208,36.6489311],[28.0500618,36.6490366],[28.0500913,36.6492517],[28.0502576,36.6495573],[28.0504433,36.649709],[28.0509236,36.6498102],[28.0512242,36.6498102],[28.0514496,36.6497348],[28.0516186,36.6497348],[28.0517877,36.6498252],[28.0522009,36.6499609],[28.052539,36.6501869]]],[[[28.0499182,36.6487957],[28.049766,36.6486792],[28.0495536,36.6485799],[28.0492599,36.6485288],[28.0489343,36.6482987],[28.0488989,36.6483442],[28.0489944,36.6484265],[28.0491183,36.6484805],[28.0492493,36.6485628],[28.0493059,36.648631],[28.0494687,36.648719],[28.0497447,36.6488383],[28.0498792,36.6488411],[28.0499182,36.6487957]]],[[[28.065538,36.653987],[28.0656561,36.6538245],[28.0657902,36.6537578],[28.065572,36.6535314],[28.0655086,36.6534027],[28.0651894,36.6533382],[28.0646691,36.6534781],[28.0645001,36.6537212],[28.0645967,36.6539622],[28.065001,36.6541117],[28.0653369,36.6541021],[28.065538,36.653987]]],[[[28.0670178,36.6540556],[28.066859,36.6539684],[28.0667336,36.6539818],[28.0666834,36.6540422],[28.0666082,36.6540824],[28.0667837,36.6544848],[28.0669342,36.6545318],[28.067068,36.6544915],[28.0671181,36.6544043],[28.0670763,36.654297],[28.0670596,36.6541294],[28.0670178,36.6540556]]],[[[28.042128,36.6727357],[28.0421575,36.6725383],[28.0421575,36.6720961],[28.0420099,36.6718039],[28.0416751,36.6716617],[28.0413798,36.6717091],[28.0411238,36.6718118],[28.0408678,36.6719697],[28.0406118,36.6720408],[28.0404642,36.6719381],[28.0404543,36.6716933],[28.0405331,36.6710379],[28.0407891,36.6707063],[28.0412813,36.6703983],[28.0417933,36.6698218],[28.0420492,36.6696007],[28.0419902,36.6693322],[28.041813,36.6690321],[28.0415767,36.6687558],[28.0403756,36.66874],[28.040031,36.6689453],[28.0397848,36.6691901],[28.0394796,36.6694033],[28.0394107,36.6698613],[28.0395092,36.6702482],[28.039263,36.6704852],[28.0392335,36.6708247],[28.0390661,36.6712274],[28.039391,36.671946],[28.0401688,36.6726014],[28.0406611,36.6727752],[28.0410352,36.6728462],[28.0412616,36.6728462],[28.0412616,36.6726883],[28.0414093,36.6726804],[28.0419508,36.6729015],[28.042128,36.6727357]]],[[[28.0451823,36.6835097],[28.045094,36.6831684],[28.0449013,36.682885],[28.0446604,36.6827369],[28.0444034,36.6824278],[28.0435522,36.6821123],[28.0431186,36.6820285],[28.0428696,36.6820994],[28.0428054,36.6822926],[28.0428295,36.6825695],[28.0428937,36.6828078],[28.0430704,36.6831941],[28.0432872,36.6834195],[28.0435442,36.6835419],[28.0437128,36.6836578],[28.0444757,36.6837544],[28.0446845,36.6837158],[28.0451823,36.6835097]]],[[[28.0976497,36.7074549],[28.0975535,36.7074143],[28.0975192,36.7073688],[28.097389,36.7073663],[28.0973437,36.7074093],[28.0973436,36.7074833],[28.0973165,36.707511],[28.0973659,36.7075757],[28.0974578,36.7075933],[28.0976497,36.7074549]]],[[[28.0472502,36.7262102],[28.0477133,36.7265093],[28.0478842,36.726585],[28.0485766,36.726758],[28.0486935,36.7266787],[28.0488284,36.7266895],[28.0490532,36.7268409],[28.0492916,36.7271184],[28.0494714,36.7272481],[28.0499705,36.7277815],[28.0501054,36.728077],[28.050038,36.7281238],[28.0500605,36.728286],[28.0502583,36.7284698],[28.0503437,36.7285995],[28.0508249,36.7289239],[28.0509418,36.7291293],[28.0511261,36.7292879],[28.0517017,36.7294969],[28.0523042,36.7294969],[28.0524346,36.7295618],[28.0527673,36.7295005],[28.0529292,36.7295401],[28.0530236,36.7297131],[28.0531091,36.7301348],[28.0531361,36.7304555],[28.0527853,36.7306789],[28.0526864,36.7306789],[28.0524706,36.7309492],[28.0525335,36.7312123],[28.0521918,36.7314213],[28.0521873,36.731569],[28.0520569,36.7316988],[28.0512745,36.731915],[28.0510362,36.7318934],[28.0506135,36.7320772],[28.0502943,36.7320844],[28.0500335,36.7322033],[28.0499031,36.7321672],[28.0492961,36.7324988],[28.0490038,36.7325709],[28.0484507,36.7325168],[28.0482754,36.7325636],[28.0479246,36.7325528],[28.0475155,36.7327438],[28.0470298,36.7329204],[28.046868,36.7330573],[28.0466117,36.7331222],[28.0464543,36.733306],[28.0463104,36.7333997],[28.046234,36.7335907],[28.0461305,36.7336952],[28.0460091,36.7337384],[28.0460046,36.7340988],[28.0461036,36.7342213],[28.0462924,36.734124],[28.0466926,36.7344015],[28.0470118,36.7344916],[28.047421,36.7343871],[28.0475199,36.7344627],[28.0479876,36.7346249],[28.0480775,36.7347474],[28.0483518,36.7348627],[28.0485362,36.7348952],[28.0488014,36.7350141],[28.0498176,36.7351979],[28.0508743,36.7355834],[28.0516028,36.7357204],[28.0517332,36.7352735],[28.051976,36.7350898],[28.051985,36.7349348],[28.0521288,36.7347943],[28.0521288,36.7347114],[28.0523042,36.7344772],[28.052583,36.7342754],[28.0527853,36.7342321],[28.0528483,36.7341781],[28.0533294,36.7340519],[28.0537476,36.7339943],[28.0539454,36.7340483],[28.0542287,36.7341925],[28.0543591,36.7342177],[28.054458,36.7341709],[28.0547413,36.7337204],[28.0550066,36.733533],[28.0553708,36.7334033],[28.055717,36.7333673],[28.0563465,36.7333853],[28.0566208,36.7335006],[28.0575516,36.7334465],[28.0577944,36.7334826],[28.0578034,36.7333745],[28.0579788,36.733324],[28.0584059,36.7332988],[28.0585633,36.7333709],[28.0587881,36.7333637],[28.0591029,36.7334465],[28.0593727,36.7336591],[28.0595166,36.7337168],[28.0597594,36.7339186],[28.0599617,36.7339655],[28.0601326,36.7339078],[28.0603979,36.7339402],[28.0605193,36.733879],[28.0608295,36.7338429],[28.0610768,36.7337781],[28.0611937,36.7336808],[28.061468,36.7336159],[28.0616794,36.7336519],[28.0618862,36.7338069],[28.0633161,36.7344015],[28.0643818,36.7347366],[28.0645841,36.7347654],[28.064656,36.7346393],[28.0646111,36.73456],[28.064647,36.7341925],[28.0645661,36.7341348],[28.0645256,36.7339835],[28.0644717,36.7338898],[28.0644852,36.7335402],[28.0643728,36.7333853],[28.0643818,36.7331979],[28.064058,36.7326934],[28.064031,36.7322862],[28.0637522,36.7316483],[28.0636848,36.7313564],[28.0636218,36.7312123],[28.0636398,36.7308123],[28.0637837,36.7307078],[28.0636803,36.7304411],[28.0635409,36.7302429],[28.0633835,36.7301924],[28.0632307,36.729987],[28.0631003,36.7298897],[28.0629654,36.7296735],[28.0627675,36.7294897],[28.0627136,36.7293167],[28.0625742,36.7291113],[28.0622909,36.7289671],[28.0621515,36.7289743],[28.0619537,36.7288951],[28.0616929,36.7286788],[28.0616164,36.7284446],[28.06154,36.7284085],[28.0610948,36.7276337],[28.0609824,36.7276013],[28.060281,36.7270643],[28.0599662,36.7269742],[28.059584,36.7267904],[28.0591299,36.7266246],[28.0588781,36.7264156],[28.0586353,36.7263219],[28.0584194,36.7264012],[28.0581991,36.7265453],[28.0578933,36.7266138],[28.0574752,36.7265597],[28.0567422,36.7262138],[28.0564724,36.7261813],[28.0561217,36.7260011],[28.0557755,36.7259903],[28.0552584,36.7257561],[28.0549706,36.7252731],[28.0545229,36.7249764],[28.0538877,36.724725],[28.0530763,36.7245576],[28.0529484,36.7245794],[28.0529976,36.7249793],[28.0527346,36.725157],[28.052302,36.7250074],[28.0520103,36.7249946],[28.0516908,36.7249004],[28.0510444,36.7249061],[28.0507774,36.7247765],[28.0507857,36.7246385],[28.0505404,36.7243226],[28.0496681,36.7239727],[28.0494405,36.7239363],[28.0490134,36.7240042],[28.0486524,36.7242268],[28.0478034,36.7245206],[28.0472364,36.7248385],[28.0470468,36.7247484],[28.0463692,36.724986],[28.0454943,36.7250525],[28.0449444,36.7252407],[28.0447969,36.7252378],[28.0447493,36.7252946],[28.044912,36.7255687],[28.0453257,36.7259255],[28.0456359,36.7260444],[28.046171,36.7261381],[28.0468904,36.7261273],[28.0472502,36.7262102]]],[[[28.0812,36.7473525],[28.0812684,36.747111],[28.0814465,36.7467379],[28.0818711,36.7466282],[28.0815971,36.7458709],[28.0813917,36.7458819],[28.0811452,36.7457173],[28.0807617,36.7456405],[28.0807891,36.7459697],[28.0811315,36.7466282],[28.0808028,36.7467599],[28.0806384,36.7469135],[28.0808028,36.7474842],[28.0810493,36.747572],[28.0812,36.7473525]]],[[[28.0594623,36.7614727],[28.0595211,36.7613178],[28.0597397,36.7611764],[28.0598237,36.7610754],[28.0599834,36.7610081],[28.0599414,36.7609003],[28.0595464,36.7605165],[28.0595295,36.760402],[28.0592438,36.7601596],[28.0581537,36.759886],[28.0576677,36.7595178],[28.0574182,36.7594231],[28.0571424,36.7596335],[28.0567484,36.7596335],[28.0565251,36.7599176],[28.0563281,36.7600228],[28.0562493,36.7603279],[28.0560917,36.7605699],[28.0562625,36.7606436],[28.0565251,36.760612],[28.0567221,36.7606436],[28.0568929,36.7608646],[28.0570111,36.7611171],[28.0569979,36.7614538],[28.0570648,36.7615692],[28.0574244,36.7616632],[28.0577728,36.761567],[28.0581706,36.7612935],[28.058444,36.7612799],[28.0588403,36.7615064],[28.0591009,36.7615872],[28.059269,36.7615805],[28.0594623,36.7614727]]],[[[28.1255996,36.7622511],[28.1258217,36.762045],[28.1261374,36.7618202],[28.1263712,36.7617547],[28.1266167,36.7614549],[28.1268038,36.7613144],[28.1266167,36.7612395],[28.1265232,36.7610803],[28.1264648,36.7609023],[28.1265115,36.7607431],[28.1266051,36.7605838],[28.1264881,36.7604714],[28.126266,36.7605276],[28.1258919,36.7606775],[28.125471,36.7609304],[28.1246058,36.7612301],[28.1242199,36.7614175],[28.1238926,36.7616329],[28.1239744,36.7620731],[28.1238341,36.7623729],[28.1236704,36.7626351],[28.123951,36.7627944],[28.1241849,36.7628693],[28.1243018,36.7625602],[28.1248513,36.7625415],[28.1248396,36.7624103],[28.1251787,36.7622511],[28.1255996,36.7622511]]],[[[28.1220741,36.8020574],[28.1222331,36.8020497],[28.1224258,36.8021307],[28.1225559,36.8021346],[28.1225126,36.802069],[28.1222957,36.8019725],[28.1219729,36.8019841],[28.1216211,36.8018606],[28.121491,36.8018838],[28.1214429,36.8018066],[28.1212212,36.8017989],[28.121173,36.8018876],[28.1212019,36.8019494],[28.1213609,36.8020651],[28.1214477,36.8019571],[28.1216549,36.8019378],[28.1220211,36.8022117],[28.1220741,36.8020574]]],[[[28.1222917,36.8023233],[28.1222262,36.802243],[28.1221182,36.8022122],[28.1220835,36.8022585],[28.1226502,36.8026968],[28.1227119,36.802669],[28.1227003,36.8025826],[28.1222917,36.8023233]]],[[[28.1201772,36.8025484],[28.120288,36.8024982],[28.1202687,36.8023362],[28.1200712,36.8023285],[28.1198399,36.8024982],[28.119835,36.8025947],[28.1196809,36.8027259],[28.1196809,36.8028339],[28.1198688,36.8030229],[28.1200037,36.8029998],[28.1201772,36.8025484]]],[[[28.1206459,36.8023295],[28.120538,36.8023727],[28.1200754,36.8032215],[28.1201564,36.8035425],[28.1201486,36.8032462],[28.1205958,36.8024005],[28.1206845,36.802382],[28.1208618,36.8025085],[28.1208965,36.8025764],[28.1203298,36.8034684],[28.1202874,36.8035672],[28.1201949,36.8036258],[28.1202758,36.803811],[28.1202527,36.8036845],[28.120962,36.8026351],[28.12112,36.8027431],[28.1204532,36.8038728],[28.1203876,36.8039499],[28.1203298,36.8038789],[28.1202797,36.8038913],[28.1204223,36.8041382],[28.1204724,36.8041104],[28.1204339,36.8040363],[28.1211779,36.8028172],[28.1212665,36.8028388],[28.1213475,36.8029159],[28.1205881,36.8042647],[28.1204647,36.8042123],[28.120565,36.8043635],[28.1206112,36.8043573],[28.121386,36.8029715],[28.1215248,36.8030487],[28.1206999,36.8045055],[28.1206266,36.804416],[28.1205688,36.8044314],[28.1205842,36.8045147],[28.1206652,36.8046104],[28.1207654,36.8046814],[28.1208001,36.8046166],[28.1207615,36.8045826],[28.1215633,36.8031073],[28.121679,36.8031814],[28.1217021,36.80324],[28.1209659,36.8046104],[28.1208425,36.8046938],[28.1209928,36.8047462],[28.1210429,36.8046938],[28.1211663,36.8046721],[28.1212395,36.8043357],[28.12144,36.8040888],[28.1217098,36.8039931],[28.1221994,36.8040394],[28.122739,36.803953],[28.1226966,36.8038789],[28.1227622,36.8038573],[28.1228508,36.8039499],[28.1229327,36.8039044],[28.1227207,36.8036266],[28.1216848,36.8028318],[28.1212077,36.8025502],[28.1208078,36.8022493],[28.1207847,36.8022894],[28.1208348,36.8023573],[28.1216713,36.8029746],[28.1226542,36.8037894],[28.1226041,36.8038326],[28.1207615,36.8023789],[28.1206459,36.8023295]]],[[[28.1241022,36.8045421],[28.1244037,36.8047546],[28.1245476,36.8050316],[28.124647,36.8051644],[28.1247638,36.8052192],[28.1249011,36.8052334],[28.1253183,36.8051967],[28.1254869,36.8050771],[28.1255688,36.8048688],[28.1254773,36.8042978],[28.1251207,36.8039043],[28.1244702,36.8034375],[28.1238968,36.8031944],[28.1232512,36.8036998],[28.1231933,36.8036767],[28.1232945,36.8035493],[28.1237378,36.8031365],[28.1228127,36.8026851],[28.1227597,36.8027391],[28.1234776,36.8032947],[28.1234391,36.8033757],[28.1233379,36.8033989],[28.121584,36.8020562],[28.1214731,36.802064],[28.1232801,36.8034567],[28.1231692,36.8035725],[28.1230536,36.8035069],[28.1212033,36.8021025],[28.1211333,36.8020825],[28.1211579,36.8021477],[28.1226875,36.8032954],[28.122991,36.8035609],[28.1238583,36.8044599],[28.1241022,36.8045421]]],[[[28.0563724,36.8074172],[28.0566913,36.8074126],[28.0570392,36.8073615],[28.0567493,36.8071944],[28.0565695,36.8069576],[28.0560593,36.8067441],[28.0556882,36.8067441],[28.0554099,36.8069205],[28.0557926,36.8074636],[28.056239,36.807459],[28.0563724,36.8074172]]],[[[27.5512755,36.7595203],[27.5513023,36.7596406],[27.5518334,36.7597996],[27.552608,36.759853],[27.5530779,36.7601692],[27.5533247,36.76044],[27.5536841,36.7605131],[27.553892,36.760747],[27.5543547,36.7610417],[27.554639,36.7611706],[27.554852,36.761127],[27.5554973,36.7612995],[27.5556421,36.7611792],[27.5560015,36.7611061],[27.5560927,36.7612823],[27.5562161,36.7613382],[27.5563234,36.7612952],[27.5568706,36.7612995],[27.5577342,36.7614972],[27.5582063,36.7617078],[27.5586033,36.7619313],[27.55869,36.76188],[27.559011,36.762136],[27.5594509,36.7624384],[27.5596279,36.7626361],[27.5598317,36.762765],[27.5598961,36.7629068],[27.5601107,36.763083],[27.5603145,36.7631561],[27.5605398,36.7633108],[27.5609904,36.763487],[27.5614732,36.7636245],[27.5620258,36.7636976],[27.5626641,36.7639081],[27.5629538,36.7639296],[27.5631309,36.7639984],[27.5633776,36.7639984],[27.5638175,36.7638523],[27.5649977,36.7638824],[27.5654966,36.7639769],[27.565729,36.763902],[27.566368,36.763899],[27.566526,36.76377],[27.566524,36.763514],[27.5662922,36.7631418],[27.5663298,36.7628538],[27.5665766,36.7627679],[27.5672417,36.7627593],[27.5676655,36.7629097],[27.5681322,36.7628195],[27.568915,36.762859],[27.569075,36.762988],[27.5693536,36.7635515],[27.5697881,36.7639554],[27.5702,36.763881],[27.570517,36.763622],[27.5711319,36.7636847],[27.5715932,36.7638415],[27.5718266,36.7638394],[27.5725077,36.7636874],[27.573232,36.763738],[27.573393,36.763865],[27.5738248,36.7640994],[27.5741118,36.7641488],[27.5745115,36.7643551],[27.5746724,36.7645248],[27.5749111,36.7646516],[27.575474,36.764755],[27.5761664,36.7653478],[27.576597,36.7655854],[27.5769228,36.7657109],[27.5772902,36.7656572],[27.5774819,36.76576],[27.577935,36.7656807],[27.5786313,36.7657066],[27.5787064,36.7658613],[27.5787976,36.7658785],[27.5792,36.7658226],[27.579475,36.765891],[27.579635,36.76602],[27.579637,36.766277],[27.5792947,36.7665648],[27.579484,36.767048],[27.5797617,36.7672457],[27.5803735,36.7675225],[27.5805416,36.767545],[27.5808732,36.7676796],[27.5809917,36.7677693],[27.5821021,36.7681969],[27.5822443,36.7682334],[27.5828102,36.7680014],[27.5833198,36.7679305],[27.5835907,36.7678553],[27.5839019,36.7676447],[27.5852323,36.7671548],[27.5858679,36.7670517],[27.5860316,36.7668776],[27.5862569,36.7668648],[27.5864956,36.7669142],[27.5867584,36.7670603],[27.5869516,36.767114],[27.5875443,36.7671097],[27.5879949,36.7670753],[27.5884187,36.7669142],[27.5885904,36.7667509],[27.5887218,36.766695],[27.5890195,36.7666714],[27.5893146,36.7667702],[27.5894326,36.7668819],[27.5897759,36.7668862],[27.5900066,36.7669593],[27.5905162,36.7670195],[27.5907844,36.7670109],[27.591298,36.766861],[27.591615,36.766602],[27.592571,36.766341],[27.5929034,36.7663061],[27.5931233,36.7663233],[27.5932521,36.7662889],[27.5934613,36.7661041],[27.5938314,36.7659451],[27.5947165,36.7657818],[27.5950652,36.7656013],[27.5954086,36.7652189],[27.5959416,36.765097],[27.5966548,36.7651885],[27.5969348,36.7654106],[27.5971087,36.7655172],[27.597354,36.765418],[27.5975142,36.7653055],[27.5973225,36.7650729],[27.5974619,36.7647225],[27.597985,36.764515],[27.598303,36.764257],[27.598939,36.763997],[27.5996089,36.7636546],[27.5997969,36.7636332],[27.599948,36.7634937],[27.6003603,36.7632631],[27.6009715,36.7631432],[27.6014027,36.7630766],[27.6015347,36.7631045],[27.6017578,36.7632415],[27.6023769,36.7632463],[27.6027029,36.7631956],[27.6033506,36.7632506],[27.6036242,36.7633559],[27.6038763,36.7634848],[27.6042277,36.7634805],[27.604402,36.7634419],[27.6045549,36.7633194],[27.6048043,36.7632506],[27.6052147,36.7632227],[27.6056154,36.7632424],[27.605799,36.76332],[27.6061991,36.7635923],[27.6072344,36.7636632],[27.6074785,36.7636481],[27.6077092,36.7635794],[27.6080874,36.7635622],[27.6083583,36.7636374],[27.608836,36.76369],[27.6093695,36.7639017],[27.6095022,36.7641133],[27.6101898,36.7646557],[27.6107288,36.7651336],[27.6110272,36.765517],[27.6113629,36.7657952],[27.6119305,36.7659652],[27.6123826,36.7662276],[27.613562,36.766651],[27.6146152,36.767227],[27.6152871,36.7677977],[27.6157889,36.7683786],[27.6158466,36.7685998],[27.6158057,36.7687865],[27.615585,36.7689982],[27.61491,36.7695555],[27.6148525,36.7697966],[27.6150168,36.7701829],[27.6159489,36.7710185],[27.615898,36.7712116],[27.6159638,36.7713897],[27.6171255,36.7724543],[27.617428,36.7726509],[27.6177912,36.7727636],[27.6183392,36.7727682],[27.6184528,36.7728238],[27.6185951,36.7728206],[27.6186572,36.7727865],[27.6186837,36.7726953],[27.6186381,36.7726222],[27.6183958,36.7726046],[27.6183876,36.7725717],[27.61803,36.7725704],[27.6177546,36.7725362],[27.617515,36.7724279],[27.6173335,36.772291],[27.6168247,36.7717981],[27.6169033,36.771741],[27.6163407,36.7712328],[27.6165166,36.7709875],[27.6153287,36.7699652],[27.6152934,36.7695993],[27.6163681,36.7687075],[27.6175017,36.7695487],[27.617662,36.7694177],[27.6183421,36.7699384],[27.6185215,36.769783],[27.6185862,36.769836],[27.6184142,36.7699968],[27.6185682,36.770121],[27.6173385,36.7711097],[27.6174841,36.771229],[27.6176129,36.7711282],[27.61835,36.7718735],[27.6184263,36.7719107],[27.6185148,36.7719179],[27.6186052,36.7718844],[27.6186213,36.7718293],[27.6186088,36.7717857],[27.6185342,36.7717601],[27.6177787,36.7710163],[27.6185592,36.7703917],[27.618707,36.7703892],[27.6191956,36.7707752],[27.6191949,36.770909],[27.6187087,36.7713042],[27.6187413,36.7714335],[27.6188534,36.7714274],[27.6192935,36.7710564],[27.6200541,36.7712606],[27.6208787,36.7719626],[27.6211793,36.7723532],[27.6214295,36.7728177],[27.6217768,36.7733747],[27.622674,36.774297],[27.6233888,36.7751094],[27.624394,36.776584],[27.6255753,36.777886],[27.626425,36.7789872],[27.626805,36.7795871],[27.6271859,36.7801121],[27.6274652,36.7805981],[27.6278573,36.7811687],[27.6284636,36.7823392],[27.6287491,36.7834276],[27.6287511,36.7838152],[27.6286638,36.7841052],[27.6284545,36.7843368],[27.627847,36.784658],[27.6274853,36.7849127],[27.6266872,36.7852748],[27.626653,36.7854757],[27.6255375,36.7857924],[27.6251977,36.7861817],[27.6251857,36.7862942],[27.624828,36.786601],[27.624658,36.7867949],[27.6245405,36.7871198],[27.6246465,36.7875097],[27.6250294,36.7877923],[27.6252533,36.78792],[27.6261198,36.7882968],[27.626313,36.7885803],[27.6265114,36.788735],[27.6270479,36.7889068],[27.6274127,36.7889798],[27.6276299,36.7895319],[27.6274824,36.7898691],[27.6271766,36.7900345],[27.6268145,36.7899851],[27.6266992,36.7902085],[27.6266885,36.7903675],[27.6269647,36.7905221],[27.6273966,36.7905135],[27.627587,36.7909131],[27.6276755,36.7911794],[27.6275843,36.7916648],[27.6274931,36.791957],[27.6272571,36.7922018],[27.6268387,36.7922577],[27.62631,36.792116],[27.625991,36.792118],[27.625356,36.792635],[27.6249397,36.7931126],[27.624532,36.7932844],[27.6242691,36.7934734],[27.6234859,36.7941693],[27.6231372,36.7941693],[27.6226759,36.7940834],[27.6224559,36.7942939],[27.6224828,36.7944829],[27.6227778,36.7946848],[27.6228368,36.7950371],[27.6230675,36.7952476],[27.623301,36.795344],[27.6234108,36.7955612],[27.6233411,36.7957545],[27.6233464,36.7959349],[27.6232928,36.796227],[27.6231533,36.7963902],[27.6231694,36.7966566],[27.6233411,36.7968155],[27.623633,36.796884],[27.623957,36.797396],[27.6239741,36.7975973],[27.6241404,36.7976961],[27.62444,36.797779],[27.6242155,36.7979152],[27.6242316,36.7980011],[27.6251864,36.7983147],[27.625407,36.79893],[27.625621,36.7992038],[27.6258302,36.7992511],[27.6260984,36.7992253],[27.626688,36.799308],[27.627653,36.800074],[27.6280034,36.8004676],[27.6281833,36.8008189],[27.6286783,36.800983],[27.6290708,36.8011903],[27.6296769,36.8009766],[27.6301593,36.8008705],[27.6304777,36.8007703],[27.6310136,36.8006608],[27.6321582,36.8005498],[27.6327524,36.8007197],[27.6332653,36.8009349],[27.6337266,36.8009478],[27.6340109,36.8010251],[27.6346439,36.8010981],[27.636162,36.8010466],[27.6367146,36.8010938],[27.6378304,36.8007115],[27.6387745,36.8005268],[27.639156,36.80027],[27.6394933,36.8003808],[27.640114,36.800264],[27.6405072,36.8004925],[27.641396,36.800771],[27.6417947,36.8009993],[27.6421326,36.8012699],[27.642521,36.801665],[27.642845,36.802177],[27.6429212,36.8026101],[27.6429105,36.8029709],[27.6429588,36.8032844],[27.6431894,36.8035593],[27.643337,36.803587],[27.6438224,36.804384],[27.643512,36.805513],[27.642886,36.807058],[27.642571,36.807574],[27.642258,36.808346],[27.641623,36.808863],[27.641308,36.809379],[27.6407425,36.8097797],[27.640515,36.810025],[27.640196,36.810156],[27.6400512,36.8105259],[27.640589,36.811026],[27.6410866,36.8112604],[27.6415707,36.8112052],[27.6425135,36.8111573],[27.6433772,36.811007],[27.644036,36.810777],[27.644829,36.810131],[27.6446915,36.8099418],[27.6446646,36.8097958],[27.644824,36.809617],[27.64482,36.809103],[27.645135,36.808587],[27.6451029,36.8084183],[27.645303,36.8082196],[27.646246,36.807682],[27.646564,36.807423],[27.647638,36.8069771],[27.648798,36.807154],[27.6492029,36.8072403],[27.6495892,36.8071501],[27.649912,36.806763],[27.650228,36.806247],[27.650387,36.806118],[27.651026,36.806114],[27.6521212,36.8060162],[27.6527005,36.8058702],[27.65306,36.8059346],[27.6536071,36.8058358],[27.6544547,36.8061966],[27.6551521,36.8062309],[27.6555222,36.8061536],[27.6558119,36.8061536],[27.6558655,36.8060506],[27.6558655,36.8059045],[27.656135,36.805829],[27.656293,36.8057],[27.6566058,36.8055652],[27.6567024,36.8054235],[27.6567141,36.8051451],[27.6581025,36.8040103],[27.6592559,36.803787],[27.660251,36.8037247],[27.660597,36.8038965],[27.6607928,36.8039609],[27.6609135,36.8038729],[27.661128,36.8038729],[27.6613321,36.8034491],[27.6614901,36.8033201],[27.6617825,36.8033661],[27.6617986,36.8032952],[27.6616538,36.803074],[27.6616461,36.8028051],[27.6621902,36.8025585],[27.6623324,36.8025521],[27.6625308,36.8026187],[27.6627374,36.8024855],[27.6630968,36.8021376],[27.6636976,36.8019443],[27.6644432,36.8018627],[27.6661706,36.8017897],[27.6667499,36.8018412],[27.667399,36.8017209],[27.6679999,36.8016479],[27.6687723,36.8016866],[27.669239,36.801751],[27.6696251,36.8018611],[27.6702379,36.8013956],[27.6705658,36.8012835],[27.6713288,36.8014611],[27.6717979,36.8017295],[27.6720393,36.8017467],[27.6722775,36.8015303],[27.6729004,36.8015232],[27.6733321,36.8017209],[27.6738578,36.8017854],[27.6742494,36.8017897],[27.675215,36.8021161],[27.6760572,36.802013],[27.6765722,36.8017424],[27.6768082,36.8015921],[27.6772944,36.801175],[27.6775847,36.8007959],[27.6786482,36.8003894],[27.6794207,36.8002261],[27.6796731,36.8001351],[27.6798321,36.8000051],[27.6813143,36.799483],[27.6816148,36.7991695],[27.6816362,36.7990363],[27.6815761,36.7985821],[27.6819688,36.7979066],[27.6816899,36.7973396],[27.6818186,36.7970646],[27.6820117,36.796794],[27.6817757,36.7964203],[27.681545,36.7957716],[27.6815128,36.7955182],[27.6815772,36.7949726],[27.6816981,36.7943421],[27.6821711,36.7936971],[27.682718,36.7930974],[27.6828031,36.7929231],[27.6830846,36.7924983],[27.6832771,36.7922781],[27.6834065,36.7920558],[27.6843828,36.7906553],[27.6849568,36.7899636],[27.6853291,36.7895691],[27.6858051,36.7891801],[27.6863944,36.7888767],[27.6867591,36.7886611],[27.6873951,36.7884001],[27.6886475,36.7877297],[27.6889851,36.7876201],[27.6908951,36.7868381],[27.692424,36.7864151],[27.6939681,36.7862671],[27.6946556,36.7861659],[27.6961255,36.7860198],[27.6969731,36.7857191],[27.6981161,36.7857291],[27.6999983,36.785985],[27.7005562,36.7858776],[27.7016311,36.7859651],[27.7035531,36.7864671],[27.7042794,36.7866213],[27.7045476,36.7866213],[27.7052665,36.7865096],[27.7062321,36.786501],[27.7064896,36.7863291],[27.7070367,36.7862948],[27.7074551,36.7865096],[27.7084637,36.7865096],[27.7093041,36.7866901],[27.7102621,36.7866841],[27.711575,36.7871454],[27.7125192,36.7873087],[27.7131421,36.7871811],[27.7140971,36.7869181],[27.7154159,36.7868017],[27.7164781,36.7863033],[27.7169611,36.7857451],[27.7179372,36.785341],[27.7186561,36.7849887],[27.7190101,36.7846622],[27.7195895,36.7843271],[27.7211001,36.7843072],[27.7220035,36.7845866],[27.7228672,36.7849733],[27.723704,36.7854544],[27.7241225,36.7855619],[27.7248628,36.7859442],[27.7253563,36.7859958],[27.7258283,36.785927],[27.7262414,36.7857466],[27.7265411,36.7854301],[27.7273143,36.78539],[27.7275235,36.785115],[27.7279848,36.7849432],[27.7290921,36.7850291],[27.7306891,36.7850191],[27.7320082,36.7851666],[27.7330113,36.7854845],[27.7340895,36.7855661],[27.7347011,36.7857208],[27.7364016,36.7857938],[27.7374031,36.7857491],[27.738762,36.7854416],[27.7390731,36.7852869],[27.74234,36.7850377],[27.7429891,36.7851795],[27.7446789,36.786391],[27.7450651,36.7863953],[27.7456123,36.7863438],[27.7471358,36.7867949],[27.7476351,36.7868411],[27.7480853,36.7868249],[27.7486647,36.7868679],[27.749818,36.7870956],[27.7516205,36.7883673],[27.7525378,36.7888355],[27.7548016,36.7891491],[27.7560086,36.7891964],[27.7568615,36.7888785],[27.7583582,36.7893554],[27.7595491,36.7898494],[27.7621776,36.7895272],[27.7632076,36.7892651],[27.7643878,36.7894671],[27.7649671,36.7893854],[27.7655304,36.7890718],[27.7665228,36.7890332],[27.7678586,36.7891534],[27.7685774,36.7890246],[27.7703047,36.7892394],[27.7709163,36.7887367],[27.7722735,36.7889558],[27.7737487,36.789742],[27.7749289,36.7907816],[27.7759374,36.791469],[27.7763075,36.7914862],[27.7784426,36.7933807],[27.779274,36.7943],[27.780791,36.795442],[27.781279,36.79621],[27.7819884,36.797002],[27.7823747,36.7977494],[27.7824283,36.7990293],[27.7828682,36.7994848],[27.7827931,36.7997425],[27.7829487,36.8001205],[27.7825142,36.8005587],[27.7828199,36.8005587],[27.7826644,36.8009753],[27.7829916,36.8013748],[27.7828521,36.8016454],[27.7830399,36.8020062],[27.7836299,36.8021909],[27.7835924,36.8027622],[27.7837104,36.8030371],[27.7835924,36.8032046],[27.7841825,36.8028867],[27.7843166,36.8029383],[27.7843649,36.8026634],[27.7846867,36.8026376],[27.7846546,36.80241],[27.7848155,36.8022167],[27.785427,36.8020534],[27.7859635,36.8020492],[27.7860439,36.8022296],[27.786693,36.8019504],[27.7869237,36.8020363],[27.7874172,36.8018086],[27.7875621,36.8015036],[27.7878893,36.80177],[27.7886832,36.8014521],[27.789563,36.8016583],[27.7898688,36.8015895],[27.7906627,36.8018645],[27.7911723,36.8018559],[27.7910328,36.8016669],[27.7914191,36.8015681],[27.79158,36.8017313],[27.7920682,36.8015165],[27.7927173,36.8018172],[27.7925671,36.802032],[27.7928889,36.8020363],[27.7929479,36.8023455],[27.7933074,36.8022854],[27.7940262,36.8028696],[27.7943588,36.8029555],[27.7943427,36.8033549],[27.7952654,36.8038918],[27.7952278,36.8041195],[27.7954692,36.8039648],[27.7966279,36.8041581],[27.7967245,36.8045576],[27.798303,36.805217],[27.7996427,36.8057259],[27.7999861,36.80564],[27.8012038,36.8065634],[27.8018153,36.8068813],[27.8016437,36.8073838],[27.8021747,36.8071175],[27.8027541,36.8075126],[27.8028507,36.8078734],[27.8030384,36.8078305],[27.8031242,36.8075899],[27.8040094,36.8075728],[27.8044653,36.8079421],[27.8047711,36.8084833],[27.8045673,36.808814],[27.8053129,36.8091791],[27.8065736,36.8098706],[27.807389,36.8098448],[27.8083197,36.8096721],[27.8087622,36.8095527],[27.80922,36.81041],[27.8095937,36.8108541],[27.8099263,36.8107467],[27.8105271,36.8113695],[27.8111655,36.8114597],[27.811187,36.8117131],[27.8119112,36.8114983],[27.8135098,36.8120609],[27.8139443,36.8124002],[27.8144003,36.8126321],[27.8145719,36.8125806],[27.8145129,36.8124088],[27.8152961,36.8123444],[27.815797,36.812934],[27.81628,36.813316],[27.8166,36.813314],[27.817236,36.813052],[27.8177192,36.8130609],[27.8178572,36.8128541],[27.8181085,36.812769],[27.8183598,36.8129079],[27.8184341,36.8131289],[27.819153,36.813039],[27.8197754,36.8127974],[27.8202886,36.8126699],[27.821046,36.8126585],[27.8221113,36.8128144],[27.8229218,36.81265],[27.8231978,36.812429],[27.823757,36.8123979],[27.824254,36.8124966],[27.8241877,36.8126153],[27.8245182,36.8126862],[27.8248144,36.8125905],[27.8249372,36.8127292],[27.8251414,36.8128217],[27.8250205,36.8129637],[27.8252569,36.8129787],[27.825405,36.8131066],[27.8257905,36.8129672],[27.8260735,36.8129787],[27.8263798,36.8132131],[27.827089,36.8130863],[27.8272797,36.8131787],[27.8273603,36.8130647],[27.8275645,36.8130067],[27.8277337,36.8131357],[27.8278814,36.8130303],[27.8278767,36.8128543],[27.8282441,36.8126583],[27.8283166,36.8125938],[27.8282894,36.8124481],[27.8284912,36.8123249],[27.8293206,36.8121098],[27.8297189,36.812069],[27.8311809,36.8120775],[27.8332,36.811914],[27.8335758,36.8118135],[27.8348132,36.8111372],[27.8353625,36.8108848],[27.8358723,36.8105665],[27.8364162,36.8104363],[27.8366898,36.8103805],[27.8382509,36.810359],[27.8389858,36.8105565],[27.8399621,36.8104878],[27.840343,36.810286],[27.841153,36.8092938],[27.8412496,36.8090834],[27.8415124,36.8088042],[27.8417939,36.8086773],[27.8419148,36.8085418],[27.8425541,36.8083289],[27.8427618,36.8082369],[27.8432953,36.8081546],[27.8442916,36.8082007],[27.8447261,36.8081766],[27.8452827,36.8077286],[27.8455662,36.8076612],[27.8458786,36.8074696],[27.8462952,36.8072726],[27.8469324,36.8066834],[27.847837,36.806415],[27.8483847,36.8063074],[27.8488505,36.8060063],[27.849491,36.8058406],[27.8502986,36.8058004],[27.851023,36.805622],[27.8524081,36.8053765],[27.853591,36.8048115],[27.8541497,36.8048309],[27.8546549,36.8047769],[27.8555558,36.8047973],[27.8558414,36.8046135],[27.8568082,36.8045382],[27.857461,36.8041697],[27.8579063,36.804152],[27.859637,36.804532],[27.8600525,36.8045662],[27.8605138,36.8044589],[27.8611468,36.8045405],[27.8615867,36.8046264],[27.862193,36.804514],[27.8629814,36.804592],[27.8632014,36.8045748],[27.8633623,36.8044417],[27.8648,36.8041797],[27.865385,36.804234],[27.866346,36.804483],[27.8669964,36.8048099],[27.8681559,36.8048533],[27.8685011,36.8046366],[27.8688741,36.8046393],[27.8695902,36.804715],[27.870041,36.8049821],[27.8704103,36.8047468],[27.8711598,36.8050053],[27.871463,36.80496],[27.872099,36.804698],[27.873374,36.804432],[27.874332,36.804425],[27.8756421,36.8049449],[27.8760632,36.8052048],[27.8765165,36.8055613],[27.8777476,36.8053337],[27.8781875,36.8051146],[27.8788393,36.8050974],[27.8793301,36.8052843],[27.8796493,36.8054453],[27.8799953,36.8055506],[27.8804486,36.805731],[27.8807383,36.8059092],[27.8808804,36.8058813],[27.8812586,36.8060703],[27.8821867,36.8063344],[27.8826453,36.8066007],[27.8829592,36.8069594],[27.8834554,36.807376],[27.8840776,36.808104],[27.8842842,36.8083681],[27.8846329,36.808978],[27.8851773,36.8088255],[27.8855609,36.8086838],[27.8857004,36.8085678],[27.885467,36.8083703],[27.8855207,36.8074791],[27.885865,36.807166],[27.886501,36.806904],[27.888738,36.806887],[27.889379,36.807139],[27.8899605,36.8074812],[27.8905842,36.8077387],[27.8909599,36.8081542],[27.8914455,36.8084421],[27.8918191,36.808816],[27.8921974,36.8090964],[27.8923422,36.8094965],[27.8927438,36.8096685],[27.8929306,36.8098293],[27.89301,36.8100573],[27.8933602,36.8102181],[27.8936078,36.8103864],[27.8939066,36.8104312],[27.894209,36.810315],[27.8941028,36.8099788],[27.893883,36.809804],[27.893352,36.80972],[27.893401,36.809551],[27.8931034,36.8093544],[27.8929306,36.8089244],[27.8932201,36.8082252],[27.8931361,36.8080645],[27.8935369,36.8075646],[27.8935543,36.8073772],[27.8935144,36.8070774],[27.8936419,36.8068944],[27.8940865,36.8067462],[27.8943177,36.8067037],[27.8948124,36.8067819],[27.8950252,36.8068552],[27.8951629,36.8069801],[27.8950088,36.8076943],[27.8953829,36.8079638],[27.8962052,36.8081138],[27.8965877,36.8080706],[27.8967502,36.807889],[27.8969234,36.8077504],[27.8971667,36.8076828],[27.89741,36.8078127],[27.8975961,36.8075658],[27.8980435,36.8076991],[27.8981015,36.8081591],[27.8984846,36.8079767],[27.898975,36.808095],[27.8992889,36.8082385],[27.8997208,36.8080383],[27.9000337,36.807814],[27.9004213,36.8077691],[27.9007248,36.8080719],[27.9013565,36.8083151],[27.901366,36.807692],[27.9017989,36.807369],[27.902161,36.8073],[27.9022332,36.8074176],[27.9023313,36.8076868],[27.9026629,36.8077317],[27.902806,36.807809],[27.902967,36.807937],[27.9028543,36.808573],[27.9031016,36.8087738],[27.9029466,36.8094858],[27.9033307,36.8100237],[27.9038491,36.810076],[27.9049839,36.8093544],[27.9052901,36.8089556],[27.9054867,36.8089029],[27.9058467,36.8089151],[27.9059762,36.8089918],[27.9062076,36.8090255],[27.9064773,36.8090071],[27.9067056,36.8088929],[27.9074693,36.8086865],[27.9077852,36.8084638],[27.9080474,36.8083355],[27.9081132,36.8081808],[27.9083258,36.8080765],[27.90856,36.808065],[27.9089814,36.8082278],[27.9092741,36.8081416],[27.9094365,36.8079267],[27.9096759,36.8077924],[27.910236,36.8077647],[27.9105095,36.8073656],[27.9105363,36.8071081],[27.910622,36.806851],[27.9108968,36.8066884],[27.9111716,36.8066117],[27.9113242,36.8066988],[27.9116401,36.8067699],[27.9116948,36.8066084],[27.912052,36.806197],[27.9120973,36.8059821],[27.9122172,36.8058191],[27.9122994,36.8056389],[27.9123459,36.8052097],[27.9124568,36.804961],[27.9127106,36.804651],[27.9127988,36.8045048],[27.912989,36.804392],[27.9133751,36.8043298],[27.9135894,36.8042075],[27.9137559,36.8040398],[27.9137238,36.8039409],[27.9137348,36.8036657],[27.9140035,36.8034761],[27.9142463,36.8034143],[27.9145775,36.8031482],[27.9147924,36.8029168],[27.9149052,36.8026865],[27.9148678,36.8024262],[27.9148756,36.8022036],[27.9151379,36.8017381],[27.9154902,36.801507],[27.9160263,36.8013759],[27.9163322,36.8013783],[27.9164054,36.8013238],[27.9166182,36.8012801],[27.9167862,36.8011926],[27.9168324,36.8010563],[27.9172574,36.8008602],[27.9174665,36.800812],[27.9176265,36.8007293],[27.9177409,36.8006208],[27.9176961,36.8003522],[27.9174609,36.8000828],[27.9174135,36.7999295],[27.917527,36.7995118],[27.9179039,36.7991309],[27.9180483,36.7988632],[27.9181048,36.7985966],[27.9180995,36.7983064],[27.9181999,36.7982065],[27.918504,36.798055],[27.9187781,36.7977187],[27.9189945,36.7976151],[27.919669,36.7974498],[27.9200413,36.7974354],[27.9203518,36.7973846],[27.9209037,36.797437],[27.921532,36.7974148],[27.9240441,36.7976562],[27.9245338,36.7977748],[27.9247044,36.7978795],[27.9249542,36.7978654],[27.9255231,36.7980577],[27.9256956,36.7981806],[27.9258922,36.7980801],[27.9263414,36.7980909],[27.9267681,36.7981953],[27.926849,36.7983629],[27.9269227,36.7983607],[27.9268784,36.7982361],[27.9268986,36.7981825],[27.9270853,36.7981267],[27.9276044,36.7983001],[27.927613,36.7983829],[27.9277134,36.798369],[27.9277655,36.7982908],[27.9284642,36.7984827],[27.928602,36.7985867],[27.9287044,36.798715],[27.928882,36.7988605],[27.929131,36.7988977],[27.9292941,36.7988147],[27.9294112,36.7989665],[27.9294881,36.7988692],[27.9296132,36.7988878],[27.9298095,36.7988281],[27.9302507,36.7988637],[27.9304725,36.7989469],[27.9307265,36.7991008],[27.9310716,36.799186],[27.9313445,36.7993346],[27.9314939,36.7993477],[27.931519,36.7994444],[27.9316488,36.7995432],[27.9319036,36.799552],[27.9324298,36.7994494],[27.9326385,36.7994602],[27.9327483,36.7995341],[27.9329628,36.7995522],[27.933002,36.7994219],[27.9329584,36.7991276],[27.9329533,36.7988963],[27.9330394,36.798723],[27.9330145,36.7986283],[27.9330566,36.7985207],[27.9330818,36.7983528],[27.9331583,36.7982622],[27.933267,36.7982189],[27.9333878,36.7981881],[27.9334953,36.7982124],[27.9335548,36.7981536],[27.9336522,36.7981905],[27.9336969,36.7981228],[27.9340133,36.798137],[27.934108,36.7980845],[27.934629,36.7981127],[27.9351204,36.7981581],[27.9354032,36.7982368],[27.9358223,36.7982951],[27.936005,36.7983649],[27.9364217,36.7986753],[27.9368485,36.7986785],[27.93707,36.7985334],[27.9372003,36.798543],[27.9373106,36.7984978],[27.937526,36.7985189],[27.9378162,36.7987003],[27.938321,36.798928],[27.9386145,36.7992431],[27.9387596,36.7995582],[27.9385002,36.7998549],[27.9386193,36.8002734],[27.9391199,36.8007047],[27.93935,36.8008317],[27.9395432,36.8008384],[27.9396774,36.8009869],[27.9399067,36.8011737],[27.9401629,36.8013046],[27.9402621,36.8013861],[27.940419,36.8014525],[27.9404391,36.801403],[27.9402684,36.8009586],[27.9402488,36.8006837],[27.9403335,36.8001916],[27.9404227,36.800067],[27.9406146,36.7999509],[27.9408487,36.7998595],[27.9410754,36.7997986],[27.9413422,36.7997891],[27.941522,36.7997144],[27.9416025,36.7996336],[27.9418171,36.7996783],[27.9419268,36.7995106],[27.9421287,36.7993871],[27.9424981,36.7992267],[27.9427602,36.7990664],[27.9429532,36.7986895],[27.9431843,36.7981276],[27.9433324,36.7979641],[27.9436997,36.7978659],[27.9439168,36.7978491],[27.9445306,36.7978937],[27.9447229,36.7979908],[27.9449418,36.7983007],[27.9455376,36.7985605],[27.9457177,36.7985862],[27.9458793,36.798483],[27.9459681,36.7985411],[27.9460757,36.798509],[27.9462427,36.7985865],[27.9464745,36.7986212],[27.9466775,36.7982269],[27.9467028,36.798092],[27.946933,36.797832],[27.9471322,36.7978115],[27.9472553,36.7977725],[27.9473757,36.7977915],[27.9476702,36.7977177],[27.9484002,36.7975945],[27.9486753,36.7976103],[27.9492241,36.7976988],[27.9494753,36.7978173],[27.9495103,36.7979207],[27.949646,36.7979884],[27.9497871,36.7979616],[27.949959,36.798053],[27.950029,36.7981529],[27.9504062,36.7982683],[27.9505547,36.7982233],[27.9506442,36.7981095],[27.9508072,36.7978218],[27.9509607,36.7973949],[27.9510887,36.7971975],[27.951342,36.7970982],[27.9516811,36.7970719],[27.9520483,36.797131],[27.9523642,36.7971375],[27.9526097,36.7972279],[27.9527,36.7973817],[27.952862,36.7975259],[27.9531302,36.7976271],[27.9535385,36.7978702],[27.9541382,36.7977889],[27.9544326,36.797832],[27.9546496,36.7976042],[27.9548033,36.7975086],[27.9552794,36.7974899],[27.9560135,36.797387],[27.9563491,36.7974845],[27.956674,36.797625],[27.9573751,36.7980179],[27.9577517,36.7982762],[27.957961,36.798386],[27.9584427,36.7988614],[27.9585057,36.7990651],[27.958515,36.7992689],[27.9584654,36.7994511],[27.9584908,36.7996506],[27.9585818,36.7999157],[27.9587079,36.800011],[27.9589681,36.8000334],[27.9590804,36.7998885],[27.9591712,36.799662],[27.9591356,36.7994671],[27.9590571,36.7992551],[27.9591269,36.798762],[27.959243,36.798632],[27.9594254,36.7985488],[27.9596508,36.7985],[27.9601873,36.7984453],[27.9605761,36.7985231],[27.9607053,36.7987213],[27.9606305,36.7989007],[27.9605985,36.799063],[27.9607385,36.7991727],[27.9610722,36.7992525],[27.9613729,36.7990441],[27.961482,36.798871],[27.9616926,36.7987807],[27.9620299,36.7988127],[27.9621309,36.798959],[27.9622757,36.7989654],[27.9625957,36.7988506],[27.9629467,36.7988834],[27.9631126,36.7989396],[27.9632735,36.7989246],[27.96359,36.7986261],[27.9636544,36.7984843],[27.9637653,36.7983919],[27.964089,36.798297],[27.9641908,36.7982266],[27.9640782,36.7979689],[27.9642571,36.7977026],[27.9644151,36.797606],[27.9647675,36.7976317],[27.9655551,36.7974636],[27.9658099,36.7976676],[27.9660647,36.7976482],[27.9663772,36.7979032],[27.9667282,36.7978271],[27.966916,36.7977498],[27.966897,36.797672],[27.966734,36.797416],[27.9664204,36.797176],[27.9665485,36.7968284],[27.966883,36.796515],[27.967199,36.7964622],[27.9674536,36.796485],[27.9679272,36.796605],[27.9678816,36.7964547],[27.9678118,36.7963666],[27.9677394,36.796169],[27.9677916,36.7958737],[27.9679587,36.7957293],[27.9683939,36.7954837],[27.9687137,36.7952647],[27.9694016,36.7951534],[27.9706151,36.7954115],[27.9712366,36.7957145],[27.9718575,36.7956569],[27.972233,36.7954743],[27.9726881,36.7954129],[27.9730269,36.7952445],[27.9734131,36.7953048],[27.9736751,36.7954709],[27.9738039,36.7954817],[27.9739045,36.7953444],[27.974235,36.7952894],[27.976139,36.795926],[27.9765366,36.7962254],[27.9769127,36.7960781],[27.9776864,36.7963332],[27.9779713,36.7964713],[27.9781597,36.7967553],[27.9783816,36.7969294],[27.9783449,36.7970496],[27.9784307,36.7971226],[27.9785433,36.7971484],[27.9788221,36.7970134],[27.9790771,36.7969895],[27.9792806,36.7971255],[27.979677,36.797824],[27.9798087,36.7978902],[27.9799005,36.7978164],[27.9801312,36.7977326],[27.9803217,36.7973991],[27.9804386,36.797273],[27.9805608,36.7972027],[27.9809335,36.797224],[27.9811882,36.7972883],[27.9812951,36.7973642],[27.9815012,36.7974358],[27.9816456,36.7974129],[27.9818168,36.7975531],[27.9819832,36.7976436],[27.9820734,36.7977302],[27.9818963,36.7981684],[27.9818774,36.7983722],[27.9818184,36.7985159],[27.9820225,36.7986794],[27.9821875,36.7987492],[27.9823364,36.7987847],[27.9825015,36.7987515],[27.9826772,36.7988085],[27.9827819,36.7990291],[27.982731,36.79934],[27.9821634,36.7997795],[27.9821995,36.7999159],[27.9823836,36.7999393],[27.9825516,36.799808],[27.9828537,36.7997347],[27.9831505,36.7997259],[27.9835007,36.7993857],[27.9839437,36.7994439],[27.9841117,36.7995682],[27.9841564,36.7997482],[27.9842332,36.7999003],[27.9843798,36.800031],[27.9844657,36.7998954],[27.9846647,36.7998303],[27.984927,36.7995627],[27.985129,36.7996198],[27.985371,36.7998443],[27.985656,36.8000171],[27.9860482,36.8000114],[27.9863217,36.7998331],[27.9865779,36.7998524],[27.9867048,36.8001008],[27.9868961,36.800332],[27.9870821,36.8004617],[27.987515,36.8004196],[27.987694,36.800198],[27.98833,36.8000649],[27.988969,36.8000331],[27.989469,36.8000625],[27.9899476,36.8002638],[27.9900956,36.8003937],[27.9901029,36.800707],[27.9904361,36.8008159],[27.9908444,36.8010021],[27.9911444,36.8010251],[27.9913992,36.8009156],[27.9918069,36.8009263],[27.9918605,36.8008082],[27.9916671,36.8006022],[27.9916754,36.8003464],[27.991721,36.8001531],[27.9920592,36.7999083],[27.9922897,36.799846],[27.9923299,36.7997064],[27.9921931,36.7995926],[27.9918337,36.7994658],[27.9916683,36.7995101],[27.9914146,36.7993981],[27.9912758,36.7990664],[27.9906669,36.7988709],[27.9904301,36.7987676],[27.9902411,36.7987996],[27.9898804,36.7988145],[27.9897222,36.7986638],[27.9896963,36.798513],[27.9897665,36.7981724],[27.9898489,36.7980653],[27.9900492,36.7980139],[27.9903788,36.7980777],[27.9908745,36.7979616],[27.991451,36.7979117],[27.9918578,36.7976322],[27.9924758,36.797433],[27.993092,36.7977855],[27.993412,36.7978045],[27.9935557,36.797709],[27.9934709,36.7971951],[27.9935942,36.7970755],[27.9937307,36.7969884],[27.9944011,36.7968488],[27.9948677,36.7968208],[27.9953152,36.7966093],[27.9956077,36.796593],[27.9958078,36.7969524],[27.9961975,36.7971256],[27.9965873,36.7971269],[27.9968888,36.7974282],[27.9969007,36.7978153],[27.9972837,36.7980109],[27.9976568,36.7979796],[27.9979652,36.7979087],[27.99844,36.7978915],[27.9991707,36.7976189],[27.9999232,36.7971484],[27.9999608,36.7970389],[27.9995234,36.7961246],[27.9995945,36.7958532],[27.9998776,36.795675],[28.0001778,36.7955989],[28.0007592,36.795397],[28.0013553,36.7953566],[28.001689,36.795456],[28.0019662,36.7957939],[28.002356,36.7960015],[28.0024418,36.7963043],[28.0025732,36.7965599],[28.0027332,36.7965675],[28.0028597,36.7966371],[28.0037049,36.7968184],[28.00458,36.796717],[28.0047673,36.796809],[28.0047727,36.7971291],[28.0048102,36.7972794],[28.004998,36.7975715],[28.0055049,36.797404],[28.005748,36.7975284],[28.0058822,36.7978242],[28.005716,36.79812],[28.0056351,36.798379],[28.0057624,36.7985595],[28.0060595,36.7985534],[28.0063257,36.7982996],[28.006146,36.7981042],[28.0060896,36.7980118],[28.0060735,36.7979087],[28.006162,36.7977519],[28.0065054,36.7974255],[28.0064222,36.7970926],[28.0064544,36.7969121],[28.006323,36.7965041],[28.0063069,36.7963408],[28.0064034,36.7961089],[28.0061701,36.7956256],[28.0064242,36.7953261],[28.0067247,36.7951923],[28.006905,36.7951939],[28.0070338,36.795239],[28.0072081,36.7952261],[28.0073878,36.7951144],[28.007428,36.7949619],[28.00742,36.7947621],[28.0075112,36.7945495],[28.0074361,36.7944206],[28.0067367,36.7941823],[28.0066502,36.7939567],[28.0069097,36.793648],[28.0072349,36.7936324],[28.0073529,36.7935142],[28.0071592,36.7933306],[28.0071464,36.7931985],[28.0072993,36.7927882],[28.0071303,36.7924467],[28.0069335,36.7921664],[28.007394,36.792068],[28.0080293,36.7929961],[28.0083588,36.7930052],[28.0085412,36.7930546],[28.0088818,36.7934756],[28.0090615,36.7935164],[28.0091581,36.7937505],[28.0094696,36.7940207],[28.009818,36.794232],[28.0099371,36.7945394],[28.0102631,36.7946247],[28.0103919,36.7948051],[28.0105367,36.7947707],[28.0106979,36.7945742],[28.010864,36.7945366],[28.0109981,36.7945602],[28.0111732,36.7946488],[28.0111246,36.7949546],[28.0113065,36.7951337],[28.0114406,36.7951488],[28.011748,36.795243],[28.0117142,36.7955783],[28.0113709,36.7958124],[28.0111751,36.7961003],[28.011283,36.796275],[28.0115399,36.7962871],[28.0118349,36.7960229],[28.0120039,36.7959392],[28.012555,36.795878],[28.012877,36.796004],[28.0128461,36.7955912],[28.0127174,36.7952755],[28.0127978,36.7950886],[28.0131358,36.7946741],[28.0135086,36.7944335],[28.0134523,36.7942273],[28.0133557,36.7941113],[28.0132082,36.7939953],[28.0132323,36.7937011],[28.013294,36.7934648],[28.0130661,36.7932715],[28.0129158,36.7930288],[28.0128998,36.7926765],[28.0131036,36.7924854],[28.0133906,36.7923457],[28.0139565,36.7924725],[28.0142489,36.7925648],[28.0144179,36.7925197],[28.014426,36.792394],[28.0143133,36.7922577],[28.0139217,36.79203],[28.0136642,36.7919849],[28.0135649,36.7918216],[28.013617,36.791631],[28.0137286,36.7916026],[28.013927,36.7913169],[28.0142704,36.7909861],[28.0142891,36.7908057],[28.0142462,36.790752],[28.0138439,36.7907563],[28.0135274,36.790825],[28.013353,36.7908894],[28.01272,36.7908551],[28.012489,36.790869],[28.0122311,36.790963],[28.0121345,36.7907826],[28.0122794,36.7905034],[28.011842,36.790232],[28.011818,36.7900523],[28.011674,36.789592],[28.011832,36.789462],[28.0119572,36.7895808],[28.012157,36.789845],[28.01272,36.7898842],[28.0135274,36.7900367],[28.0137956,36.7896694],[28.0138385,36.7895791],[28.0140236,36.7893686],[28.0148873,36.7891324],[28.0150241,36.7892118],[28.0152521,36.7892677],[28.0153298,36.7895254],[28.0151486,36.7896068],[28.01486,36.7898705],[28.0159292,36.7899747],[28.016152,36.790068],[28.0161613,36.7901849],[28.0159628,36.7903309],[28.0155954,36.7907068],[28.0155122,36.7909539],[28.01553,36.791357],[28.0154318,36.7916262],[28.0156758,36.7919355],[28.0160192,36.7921675],[28.0162176,36.7924338],[28.0163571,36.7926808],[28.0165449,36.7933316],[28.0167353,36.793555],[28.016907,36.7936646],[28.0169043,36.7937956],[28.0170116,36.7940512],[28.0171269,36.7939417],[28.0173415,36.79383],[28.0174822,36.7936048],[28.0169293,36.792703],[28.0168828,36.7924424],[28.0169943,36.7923091],[28.0173174,36.7921739],[28.0175561,36.7922083],[28.017725,36.7923071],[28.0179611,36.7923092],[28.0181649,36.792378],[28.0183795,36.7925154],[28.0185404,36.792683],[28.0188838,36.7927388],[28.0189696,36.7928247],[28.0193344,36.7930288],[28.0197072,36.7931663],[28.019911,36.7931663],[28.0201149,36.7931104],[28.0203295,36.7929686],[28.0202275,36.7924682],[28.020334,36.792344],[28.0204663,36.7919462],[28.020647,36.791827],[28.0209973,36.7914565],[28.0213836,36.7912245],[28.0214587,36.7910548],[28.0214292,36.79081],[28.0211207,36.790651],[28.020471,36.790544],[28.0203804,36.7903761],[28.0204448,36.7902644],[28.020626,36.790286],[28.020942,36.790026],[28.020954,36.7895741],[28.0211642,36.7895806],[28.0212511,36.7894648],[28.0213917,36.7894522],[28.0214861,36.7894936],[28.0217284,36.7897653],[28.0219752,36.7897309],[28.0223292,36.7894087],[28.0223358,36.7892054],[28.0223036,36.789098],[28.0224488,36.788889],[28.0226779,36.7888202],[28.0228925,36.7888073],[28.023203,36.78888],[28.0232999,36.7889682],[28.0232895,36.7891682],[28.0233967,36.7892713],[28.0235309,36.7893379],[28.0236757,36.7895333],[28.0236542,36.7896751],[28.0235416,36.7897588],[28.0234289,36.7899672],[28.0235684,36.7903066],[28.0236023,36.7905052],[28.0235339,36.7906924],[28.0233655,36.7908047],[28.0232078,36.7907537],[28.0229539,36.7908735],[28.0228174,36.7910595],[28.0228809,36.7912935],[28.0228723,36.791808],[28.022828,36.7920698],[28.02273,36.792323],[28.0228522,36.7925902],[28.0233755,36.7925362],[28.023369,36.792318],[28.0234214,36.7920712],[28.0238324,36.7916837],[28.0239282,36.7915387],[28.0239034,36.7913268],[28.0241342,36.7908006],[28.0241083,36.7906184],[28.0242004,36.7903932],[28.024385,36.7902795],[28.0247991,36.7903042],[28.0249686,36.7904411],[28.0252518,36.7903206],[28.0254632,36.7902966],[28.0256429,36.7903524],[28.02568,36.7905178],[28.0254521,36.7908356],[28.0252242,36.7909172],[28.0251925,36.7911707],[28.0251073,36.7914586],[28.0253653,36.7917164],[28.025441,36.792043],[28.0253774,36.7921954],[28.0250695,36.7924035],[28.0251471,36.7925624],[28.0252032,36.7927599],[28.0251145,36.7930395],[28.0251457,36.7931189],[28.0252165,36.7929794],[28.025364,36.792799],[28.0257142,36.7926858],[28.0260211,36.7927087],[28.0260962,36.7925584],[28.026247,36.7924813],[28.0265549,36.7922212],[28.026748,36.791957],[28.0270418,36.7919154],[28.0271604,36.7918053],[28.0272789,36.7917382],[28.0274511,36.7918085],[28.0275428,36.7919433],[28.0275075,36.7923091],[28.0275634,36.7923801],[28.0276734,36.7923372],[28.0277815,36.7921861],[28.027837,36.792022],[28.0280532,36.7919044],[28.0282152,36.7918517],[28.0280837,36.791798],[28.0277941,36.7914071],[28.0278558,36.7912138],[28.0279711,36.7909947],[28.0285948,36.7901287],[28.0289608,36.7899615],[28.0291176,36.7896353],[28.0293861,36.789549],[28.029719,36.7895831],[28.0297396,36.7894227],[28.0296637,36.7893054],[28.0299118,36.7892272],[28.0302886,36.7892737],[28.0304121,36.7893534],[28.0304837,36.7897857],[28.0306053,36.7898772],[28.0306625,36.7900805],[28.0308494,36.7899673],[28.0310362,36.7898111],[28.031171,36.7896973],[28.0311602,36.7892441],[28.0311189,36.789072],[28.0311954,36.7889494],[28.0315002,36.7888479],[28.0316833,36.7888549],[28.031812,36.7887049],[28.0318729,36.7885393],[28.0318201,36.788329],[28.0316216,36.7879498],[28.0314061,36.7879118],[28.0313037,36.7878242],[28.0311076,36.7877631],[28.0309559,36.7875951],[28.0309981,36.7874252],[28.0312259,36.7874064],[28.0312928,36.7875078],[28.0317874,36.7875612],[28.0319576,36.7872854],[28.0319547,36.787193],[28.0319084,36.7870831],[28.0321052,36.7870538],[28.0323771,36.7870676],[28.0325424,36.7872506],[28.0326468,36.7874791],[28.0325838,36.7878725],[28.032865,36.7879973],[28.0331463,36.7879635],[28.033213,36.7878867],[28.0334124,36.7877594],[28.0336172,36.7877911],[28.0337687,36.7879353],[28.0338248,36.7880886],[28.0337003,36.7883248],[28.0334766,36.7885021],[28.0334745,36.7887357],[28.0336473,36.7890087],[28.0340564,36.7890335],[28.0344225,36.7889638],[28.0350577,36.7890909],[28.0351137,36.7892443],[28.034988,36.789391],[28.0348242,36.7894724],[28.0345953,36.7895061],[28.0345949,36.7896043],[28.0346374,36.7897454],[28.0351557,36.7897043],[28.0353158,36.7897516],[28.035315,36.789902],[28.0353683,36.7900579],[28.0352071,36.7902653],[28.0350261,36.7903959],[28.0348874,36.7905601],[28.0347437,36.7904663],[28.0341911,36.7904856],[28.0339068,36.7904255],[28.0337647,36.7903438],[28.0335903,36.7901677],[28.0333531,36.7902503],[28.033078,36.7902579],[28.0330136,36.7903653],[28.033171,36.7904598],[28.0334745,36.7905121],[28.0336707,36.7904972],[28.0338341,36.7905682],[28.0340022,36.7908225],[28.0339509,36.7911928],[28.0338295,36.7912414],[28.0334294,36.7912825],[28.0333017,36.7912264],[28.032774,36.7912676],[28.0326106,36.7912339],[28.0325592,36.7914284],[28.0326666,36.7915967],[28.0328347,36.791649],[28.0331336,36.7916677],[28.0334092,36.7917575],[28.0334278,36.7921427],[28.0332597,36.7922586],[28.0332121,36.7924768],[28.0330807,36.7926572],[28.0328876,36.7927861],[28.0326757,36.7928247],[28.032614,36.7927667],[28.0322894,36.7926959],[28.0319649,36.7926873],[28.0318469,36.7925111],[28.0317959,36.7923372],[28.0316159,36.7923259],[28.0316953,36.7925167],[28.0317793,36.7926438],[28.0314898,36.7931936],[28.0316766,36.7934329],[28.0320969,36.7936835],[28.0322743,36.7938181],[28.0324611,36.7940238],[28.0322224,36.7944271],[28.0322743,36.7946446],[28.032251,36.7949998],[28.0321249,36.7956169],[28.0326339,36.7955907],[28.0330869,36.7952915],[28.0336332,36.7953292],[28.0338948,36.7954411],[28.0342233,36.7954881],[28.0346654,36.7954112],[28.0350494,36.7951187],[28.0353425,36.7949774],[28.0357862,36.7949662],[28.0359683,36.7951868],[28.0357115,36.7955271],[28.0356554,36.7960619],[28.035576,36.7963012],[28.0350437,36.7965331],[28.0352305,36.7967425],[28.035567,36.796708],[28.035886,36.796705],[28.0362725,36.7967897],[28.0365246,36.7968842],[28.0364978,36.7970088],[28.0364066,36.797172],[28.0363798,36.7973868],[28.0370718,36.79755],[28.0375439,36.7975114],[28.038016,36.7972708],[28.038283,36.796813],[28.0384612,36.796794],[28.0386651,36.7968069],[28.038885,36.7968756],[28.0395609,36.796532],[28.0398935,36.7962957],[28.0400974,36.7963516],[28.0404031,36.7963602],[28.0407035,36.7962485],[28.0411059,36.7961797],[28.0413043,36.796184],[28.0414867,36.7960509],[28.041625,36.795884],[28.041941,36.795624],[28.0424684,36.7956299],[28.0427742,36.7954452],[28.0429512,36.7951574],[28.0431229,36.7949383],[28.043527,36.79484],[28.043772,36.7949082],[28.0441475,36.7952819],[28.0443942,36.7954881],[28.0451989,36.795995],[28.0454349,36.7964246],[28.0454028,36.7967425],[28.0451935,36.7970174],[28.0447,36.7970947],[28.044464,36.7970475],[28.044067,36.7970904],[28.0438363,36.7970346],[28.043234,36.79677],[28.0430317,36.7968713],[28.0431873,36.7974298],[28.0432409,36.7981557],[28.0433804,36.7983232],[28.0435091,36.7984349],[28.043418,36.798566],[28.043102,36.798826],[28.0427688,36.7989289],[28.0427903,36.7990664],[28.0429995,36.7991523],[28.0429995,36.7993198],[28.0427071,36.7998632],[28.042109,36.7999061],[28.042002,36.80012],[28.0418783,36.8002369],[28.0418247,36.8004989],[28.042009,36.800634],[28.0425596,36.8008554],[28.0428117,36.800922],[28.0430049,36.8009027],[28.0432463,36.8006879],[28.043604,36.800491],[28.0440724,36.80037],[28.0443513,36.8003572],[28.044559,36.800226],[28.044875,36.799966],[28.0452928,36.8002068],[28.0455959,36.8002906],[28.0458614,36.800413],[28.0460063,36.80037],[28.0462182,36.8001166],[28.0465588,36.8000371],[28.0467868,36.7998009],[28.0471247,36.7997665],[28.047983,36.7999276],[28.0480957,36.7999792],[28.0482593,36.799977],[28.0482754,36.7998825],[28.0482325,36.7996334],[28.0483317,36.7994852],[28.0486053,36.7994701],[28.0496192,36.7998138],[28.0502844,36.7999877],[28.0505124,36.8004044],[28.0507189,36.8005612],[28.0510059,36.8006879],[28.0512392,36.8008812],[28.0514324,36.8010874],[28.0520546,36.8014181],[28.0524972,36.801547],[28.0526555,36.8015212],[28.0528405,36.8011561],[28.0524892,36.8008189],[28.0524972,36.8005053],[28.053183,36.80015],[28.053605,36.8001424],[28.0538839,36.799889],[28.0543533,36.7999233],[28.054592,36.7998567],[28.0549943,36.7999104],[28.0551901,36.8002476],[28.0550963,36.8005419],[28.055115,36.8006385],[28.0552196,36.800544],[28.0554476,36.8002412],[28.0556542,36.800078],[28.0558982,36.7999405],[28.0560216,36.7997687],[28.0563784,36.7997451],[28.0566519,36.7999169],[28.0568799,36.8001274],[28.0567566,36.8004882],[28.056896,36.8005075],[28.0570623,36.8004581],[28.0573708,36.8004323],[28.0575076,36.8004817],[28.057647,36.8003421],[28.0578938,36.8003249],[28.058328,36.8004684],[28.058622,36.800744],[28.0587923,36.8007631],[28.0589855,36.8005913],[28.0592054,36.800544],[28.059579,36.800607],[28.060063,36.800988],[28.060389,36.801499],[28.0605645,36.8021433],[28.0602087,36.8023443],[28.0600886,36.8030311],[28.0603527,36.803297],[28.060733,36.803294],[28.0609472,36.80355],[28.0608254,36.803875],[28.0607306,36.8044984],[28.0604312,36.8046921],[28.0602089,36.8049355],[28.0600485,36.8053977],[28.0601239,36.8058852],[28.060466,36.8061452],[28.060457,36.80638],[28.060141,36.806639],[28.0596371,36.8068469],[28.059028,36.807034],[28.0585992,36.8070771],[28.0581726,36.8074393],[28.0574487,36.8073521],[28.0584919,36.8079214],[28.0586206,36.8082915],[28.0591729,36.8082528],[28.0595786,36.808445],[28.059559,36.8087046],[28.0588821,36.8090091],[28.0580274,36.809295],[28.0577517,36.8094307],[28.0573458,36.8099121],[28.057795,36.810257],[28.0584919,36.8104529],[28.0590177,36.8104443],[28.0592591,36.8106161],[28.059242,36.811015],[28.0590874,36.8111702],[28.0585563,36.8113978],[28.0582344,36.8116769],[28.0572742,36.8118144],[28.0567914,36.8118316],[28.0558419,36.8120463],[28.0555093,36.8123856],[28.055504,36.8128752],[28.0558526,36.8132188],[28.0565929,36.8137513],[28.0559653,36.8144084],[28.0559438,36.8145759],[28.0561584,36.8148464],[28.056747,36.815404],[28.05675,36.815661],[28.056118,36.816181],[28.0557883,36.8165213],[28.055966,36.816696],[28.0565178,36.8169379],[28.0566359,36.8170367],[28.0567968,36.816998],[28.0569899,36.816779],[28.0573547,36.8168563],[28.0576765,36.8166974],[28.057878,36.816293],[28.058213,36.8163624],[28.058513,36.816031],[28.0585778,36.8159201],[28.058728,36.8158857],[28.0589211,36.8159888],[28.059479,36.8161563],[28.059636,36.816406],[28.05932,36.816666],[28.059141,36.8169078],[28.0592322,36.8172686],[28.060297,36.817942],[28.0603963,36.818471],[28.0601764,36.8188318],[28.0602032,36.8190207],[28.0602729,36.8190035],[28.060509,36.8186256],[28.0608845,36.8180974],[28.061142,36.818033],[28.0614906,36.818033],[28.0619305,36.8182219],[28.0623329,36.8180287],[28.0626494,36.8177793],[28.063822,36.818681],[28.064148,36.819192],[28.0644572,36.8204121],[28.064496,36.821244],[28.064202,36.823045],[28.0639422,36.8236843],[28.0636042,36.8239205],[28.063737,36.824077],[28.064696,36.824068],[28.0645055,36.8242726],[28.0642158,36.8244229],[28.0638832,36.8245817],[28.063426,36.824722],[28.063103,36.824468],[28.062784,36.82447],[28.0625474,36.8246333],[28.062148,36.824733],[28.0617642,36.8249253],[28.060238,36.825264],[28.059921,36.825396],[28.0596238,36.8256853],[28.0594253,36.8259515],[28.0589855,36.8261319],[28.0586904,36.8261362],[28.058272,36.826265],[28.057934,36.8264969],[28.0572689,36.826703],[28.056888,36.8267588],[28.0567002,36.8267073],[28.0563086,36.8264239],[28.056255,36.8257884],[28.0561906,36.8256209],[28.0557346,36.8252774],[28.0554825,36.8251185],[28.0552572,36.82517],[28.0539751,36.8251357],[28.0535299,36.8250541],[28.0531329,36.8250326],[28.053444,36.8253718],[28.053373,36.825711],[28.0531865,36.8259258],[28.052929,36.8260503],[28.0524409,36.8259773],[28.051938,36.825851],[28.051297,36.825729],[28.050971,36.8257368],[28.0510622,36.8258614],[28.0511481,36.8260975],[28.0512714,36.8261791],[28.0520815,36.8264239],[28.0531436,36.8266214],[28.0536586,36.8267975],[28.0539161,36.826849],[28.0543613,36.8268747],[28.0550533,36.8268318],[28.055315,36.827492],[28.055319,36.827749],[28.055003,36.828008],[28.054769,36.8281457],[28.0543989,36.8281758],[28.05421,36.8284],[28.053251,36.828409],[28.052935,36.828668],[28.0520794,36.8286362],[28.0524014,36.8289895],[28.052305,36.829317],[28.0519289,36.829469],[28.0515879,36.8295069],[28.0512795,36.8293197],[28.0514109,36.8297388],[28.0517915,36.8300855],[28.0521855,36.8302937],[28.0539451,36.8306793],[28.0542767,36.8308421],[28.0549695,36.8312846],[28.0552169,36.8315115],[28.055535,36.831857],[28.0558531,36.8320924],[28.0560891,36.8324481],[28.0563118,36.8327198],[28.0562725,36.8331964],[28.0563334,36.8334133],[28.055982,36.8338637],[28.0561398,36.8340217],[28.0563513,36.834051],[28.0564972,36.834105],[28.056521,36.8341682],[28.056683,36.8341612],[28.0567051,36.8342736],[28.0568341,36.834201],[28.057108,36.8344204],[28.0572352,36.8346482],[28.0574169,36.8348652],[28.0576257,36.8350381],[28.0577433,36.8351723],[28.0577527,36.8352823],[28.0576494,36.8354523],[28.0576728,36.835606],[28.0578304,36.8358799],[28.0575918,36.8356887],[28.0575682,36.8353041],[28.0575213,36.8352085],[28.0574443,36.8351307],[28.0575076,36.8350574],[28.0574321,36.8349735],[28.0573511,36.8350399],[28.0568168,36.8344365],[28.0564619,36.8344449],[28.0561557,36.8342474],[28.0554447,36.8340977],[28.0542292,36.8337368],[28.0543524,36.8335703],[28.0545642,36.8333925],[28.054377,36.8331137],[28.054367,36.8329628],[28.0545778,36.83267],[28.0544575,36.8325341],[28.0541725,36.8323206],[28.0540625,36.8321808],[28.0535539,36.8320987],[28.0532085,36.8319761],[28.0529982,36.8319555],[28.0527879,36.8320466],[28.0523552,36.8320021],[28.05196,36.8318888],[28.0516883,36.8318479],[28.0509453,36.8316781],[28.050414,36.8312858],[28.0501989,36.8311545],[28.0500213,36.8310876],[28.0495016,36.8306648],[28.0493449,36.8304624],[28.0489006,36.8302075],[28.048636,36.829863],[28.0482808,36.8296391],[28.0480544,36.8294227],[28.04719,36.829233],[28.0468351,36.8290603],[28.0462986,36.8288628],[28.044946,36.828739],[28.0444533,36.8288156],[28.0439705,36.8289272],[28.0440456,36.8291076],[28.0442816,36.829421],[28.044802,36.829897],[28.044809,36.830411],[28.044582,36.8307521],[28.044337,36.830929],[28.043696,36.830805],[28.043054,36.830554],[28.042734,36.830557],[28.0422914,36.8307821],[28.0420232,36.8308766],[28.041712,36.830941],[28.0413365,36.8309754],[28.0410254,36.8312244],[28.041079,36.831409],[28.0411863,36.831525],[28.041138,36.8319543],[28.040518,36.832118],[28.039879,36.832123],[28.0396628,36.8320316],[28.039235,36.831744],[28.0392873,36.8313661],[28.0390298,36.8311085],[28.038741,36.830721],[28.0387241,36.8304258],[28.0384988,36.8301595],[28.038253,36.830082],[28.0378711,36.8302411],[28.0375493,36.8302411],[28.0370611,36.8301295],[28.0368894,36.8303442],[28.0369592,36.8305889],[28.0372971,36.8309281],[28.037633,36.831501],[28.0374151,36.8316237],[28.036868,36.8316881],[28.03675,36.8318813],[28.0363154,36.8320273],[28.0361491,36.8319629],[28.0359077,36.8319586],[28.0356663,36.8320402],[28.0352157,36.83195],[28.0350012,36.8317654],[28.034969,36.8315464],[28.0349153,36.8313876],[28.0344915,36.8312888],[28.0340785,36.8315292],[28.0339014,36.8316838],[28.03366,36.8316752],[28.0328554,36.8312373],[28.0325389,36.8312459],[28.0325442,36.8314219],[28.0324423,36.8316538],[28.0320132,36.8316538],[28.0314338,36.8314477],[28.0303556,36.8313103],[28.029638,36.831057],[28.02979,36.830542],[28.029949,36.830411],[28.030584,36.830149],[28.030742,36.83002],[28.031058,36.82976],[28.031054,36.829503],[28.0308598,36.8293266],[28.0299586,36.8289015],[28.0296743,36.8289272],[28.029287,36.828748],[28.0292344,36.8283905],[28.0289447,36.8283132],[28.0282795,36.828266],[28.0280113,36.8284163],[28.027845,36.8284592],[28.0276465,36.828442],[28.0272442,36.8285279],[28.0272227,36.8289101],[28.0269867,36.8291462],[28.026416,36.829157],[28.0262035,36.8290131],[28.0260855,36.8287168],[28.0258602,36.8286267],[28.0254418,36.8285408],[28.0251735,36.8287684],[28.0247337,36.8287684],[28.024326,36.8286868],[28.0240497,36.8284764],[28.0238861,36.8282187],[28.023752,36.8281436],[28.0228481,36.8280942],[28.0226228,36.827916],[28.0225074,36.8276326],[28.0226442,36.82736],[28.0224752,36.8273235],[28.0222392,36.827332],[28.0220488,36.8274802],[28.0218261,36.8275811],[28.0214828,36.8276305],[28.021286,36.827917],[28.0210966,36.8280513],[28.020646,36.828077],[28.0203241,36.8279955],[28.020005,36.827671],[28.0198199,36.8277078],[28.0196696,36.827901],[28.0193424,36.8280513],[28.019052,36.828065],[28.0188918,36.8277164],[28.0186236,36.8276391],[28.0182695,36.8277464],[28.0168587,36.8277121],[28.0167246,36.8278838],[28.0168319,36.8280942],[28.017297,36.828337],[28.0173737,36.8284764],[28.0170786,36.8288972],[28.017304,36.828851],[28.0173737,36.8290174],[28.0177277,36.8290861],[28.0179638,36.8291763],[28.0181837,36.8294296],[28.018173,36.8297216],[28.0183285,36.8297216],[28.0184358,36.8296486],[28.018592,36.82961],[28.0187845,36.8299792],[28.0185914,36.8304258],[28.0180979,36.8306362],[28.017486,36.830519],[28.017163,36.830265],[28.016522,36.830142],[28.016392,36.8302841],[28.0163705,36.8305717],[28.0161613,36.8309024],[28.0158234,36.8310011],[28.0155015,36.8308079],[28.0150294,36.8306662],[28.0147022,36.8307993],[28.0146056,36.8309582],[28.015008,36.8312545],[28.015265,36.831694],[28.0149704,36.8318813],[28.0147129,36.8318727],[28.0144125,36.8317869],[28.0140102,36.8318126],[28.014037,36.8319071],[28.0144554,36.832315],[28.0145734,36.832491],[28.0143213,36.8327186],[28.0139673,36.8327572],[28.0136669,36.8326842],[28.013682,36.832863],[28.013463,36.8330277],[28.0132163,36.8330964],[28.0128193,36.8329633],[28.012084,36.832877],[28.011443,36.832754],[28.0110973,36.8327529],[28.0111027,36.8328775],[28.0113655,36.8332209],[28.0112421,36.8333369],[28.010813,36.833402],[28.010496,36.833661],[28.010179,36.833793],[28.010185,36.834307],[28.0098152,36.8344146],[28.0094612,36.8344274],[28.0092359,36.834363],[28.0091071,36.8339723],[28.0089301,36.8337877],[28.0087209,36.8338306],[28.0084205,36.8339594],[28.007942,36.833812],[28.0078894,36.8342385],[28.0075407,36.8344875],[28.0072457,36.8344704],[28.00699,36.834334],[28.006822,36.833821],[28.0065,36.833567],[28.006337,36.833311],[28.005867,36.8333669],[28.0055934,36.8335644],[28.005066,36.833836],[28.004837,36.8339809],[28.005231,36.834349],[28.0051428,36.8345562],[28.004919,36.834865],[28.0047458,36.8352861],[28.0044562,36.8355523],[28.004027,36.8356253],[28.003571,36.8355523],[28.003484,36.835134],[28.002953,36.83505],[28.002842,36.834883],[28.002522,36.834885],[28.002526,36.835142],[28.0026376,36.8353892],[28.003496,36.836033],[28.003816,36.83603],[28.0040216,36.8361491],[28.0039358,36.8363895],[28.004144,36.83667],[28.0045259,36.8368962],[28.0052555,36.8368532],[28.005631,36.8370035],[28.0060333,36.8370379],[28.0061567,36.836952],[28.007341,36.836771],[28.007661,36.836768],[28.007977,36.836509],[28.008517,36.8364711],[28.0091554,36.8365184],[28.0103517,36.8368962],[28.0106145,36.8367974],[28.0111563,36.8367244],[28.011815,36.836733],[28.0123901,36.8369262],[28.0125618,36.837025],[28.0130982,36.8372268],[28.014059,36.837228],[28.0144072,36.8378235],[28.0146056,36.8379996],[28.0149704,36.8381369],[28.0153459,36.8381284],[28.0157214,36.8383087],[28.01599,36.838239],[28.016628,36.8383301],[28.016949,36.838231],[28.0178082,36.8382615],[28.0186236,36.8381069],[28.0188703,36.8381842],[28.0192029,36.8380597],[28.0196053,36.8381026],[28.019827,36.838335],[28.020784,36.838198],[28.021739,36.837933],[28.022056,36.837673],[28.0227327,36.8378321],[28.023973,36.837656],[28.0246586,36.8374715],[28.0249315,36.8372039],[28.025887,36.837383],[28.0261981,36.8373641],[28.0265175,36.8371496],[28.0269921,36.8371409],[28.0277845,36.8370409],[28.0281825,36.8371899],[28.028704,36.8374782],[28.0301087,36.8376552],[28.0303734,36.8379954],[28.0309726,36.8381148],[28.0310355,36.8384511],[28.031061,36.8387896],[28.0312605,36.8389285],[28.0314967,36.8390288],[28.0318562,36.8390862],[28.0322641,36.8389778],[28.0326452,36.839114],[28.0329496,36.8391738],[28.0332434,36.8390791],[28.0328439,36.839276],[28.0325657,36.8391599],[28.0321464,36.8391024],[28.0316811,36.8394988],[28.0313207,36.8395567],[28.030943,36.8395049],[28.0305632,36.8393326],[28.0304889,36.8391808],[28.0302901,36.8389699],[28.03022,36.838759],[28.0300409,36.8386318],[28.0292289,36.8386559],[28.0290553,36.8384997],[28.0288689,36.8382647],[28.0291241,36.8382022],[28.0288993,36.8380731],[28.0284069,36.8382958],[28.0277929,36.8383436],[28.0269912,36.8383013],[28.026542,36.838534],[28.0262969,36.8388634],[28.0256186,36.8389579],[28.0254606,36.8391039],[28.0250264,36.8391806],[28.0247853,36.8394505],[28.0242682,36.8394909],[28.0234722,36.8399177],[28.0228954,36.8399604],[28.0225533,36.8402136],[28.0224109,36.8406099],[28.0219102,36.840884],[28.0217626,36.8414033],[28.0217247,36.8417952],[28.0217941,36.84217],[28.021971,36.8424259],[28.0219128,36.8426477],[28.0217152,36.8427148],[28.0213058,36.8426834],[28.021118,36.8427092],[28.0206811,36.8426938],[28.020482,36.8425751],[28.020401,36.8423878],[28.0201048,36.8421118],[28.0200454,36.8418694],[28.0198226,36.8420229],[28.0196093,36.8420911],[28.0193208,36.8420176],[28.0190479,36.842303],[28.0188865,36.8426661],[28.018921,36.8429627],[28.018773,36.843225],[28.0185324,36.8435592],[28.0181408,36.8436537],[28.018147,36.844258],[28.017515,36.844777],[28.0170733,36.8449544],[28.016718,36.844912],[28.016396,36.844787],[28.0164242,36.8445552],[28.0159575,36.8444006],[28.0157,36.8441559],[28.0152708,36.8439499],[28.0150509,36.8440486],[28.0147237,36.8442633],[28.0144072,36.844362],[28.013513,36.844298],[28.0133557,36.8443534],[28.0132323,36.844641],[28.0130607,36.8448815],[28.012563,36.844947],[28.012245,36.845079],[28.012252,36.845593],[28.0124438,36.8457572],[28.0132645,36.8458388],[28.0140209,36.8459976],[28.014498,36.846216],[28.0151635,36.8463539],[28.016419,36.846456],[28.0171108,36.846663],[28.0174112,36.8466802],[28.0178565,36.8468991],[28.0178404,36.8473284],[28.017712,36.847602],[28.0173361,36.8476117],[28.016755,36.847738],[28.016439,36.847997],[28.0163276,36.8481311],[28.0161989,36.848114],[28.0158234,36.8481655],[28.0155551,36.8482642],[28.014841,36.848011],[28.0146539,36.8481268],[28.0145252,36.8481741],[28.0141175,36.848144],[28.0137902,36.8481998],[28.0133825,36.8480796],[28.0133504,36.8481784],[28.0131948,36.8484102],[28.0134094,36.8488051],[28.013286,36.849067],[28.0128944,36.8491356],[28.0124974,36.8492472],[28.012299,36.849189],[28.0116445,36.8492773],[28.0115962,36.8493546],[28.011682,36.8494447],[28.0119395,36.8494662],[28.012462,36.849445],[28.012624,36.849571],[28.013586,36.84982],[28.013909,36.850074],[28.014229,36.850071],[28.0145305,36.8502689],[28.0147719,36.8505393],[28.0147719,36.850857],[28.0145734,36.8510158],[28.0139834,36.85096],[28.0139297,36.8510459],[28.014037,36.851136],[28.0142301,36.8511403],[28.014403,36.851226],[28.0145466,36.8513936],[28.0145627,36.8515138],[28.0143803,36.8517456],[28.0141067,36.8520246],[28.0145466,36.8522177],[28.0146486,36.8526513],[28.0144286,36.852896],[28.0144179,36.8531793],[28.0145413,36.8534583],[28.0138385,36.8538403],[28.0134201,36.8537845],[28.0132377,36.8534454],[28.0125833,36.8532351],[28.0122185,36.8532651],[28.011712,36.853176],[28.0112529,36.8528058],[28.01075,36.852927],[28.0107164,36.8530805],[28.0104804,36.8534025],[28.0101854,36.8535441],[28.0098689,36.853454],[28.009311,36.8534153],[28.008837,36.853329],[28.00867,36.852817],[28.008507,36.852561],[28.0081522,36.8527929],[28.008002,36.8528573],[28.0077982,36.8528444],[28.00755,36.852697],[28.0072349,36.8525568],[28.0069184,36.8526599],[28.006441,36.8526813],[28.0062318,36.8524967],[28.0060977,36.8524667],[28.0058509,36.8525526],[28.0055773,36.852574],[28.0054057,36.8524967],[28.005293,36.8523379],[28.0052769,36.8521533],[28.0052984,36.8520503],[28.0050248,36.8522864],[28.0047566,36.852368],[28.004424,36.8524281],[28.0040377,36.8528316],[28.003718,36.852987],[28.003398,36.852989],[28.0020127,36.8527586],[28.0018356,36.852589],[28.0017096,36.8524238],[28.001475,36.852621],[28.0008325,36.8528788],[28.0003282,36.8529045],[28.0001378,36.8529539],[28.0000117,36.8530827],[28.0010471,36.8530569],[28.0014843,36.8531213],[28.001803,36.85326],[28.0035335,36.8533209],[28.004357,36.852981],[28.004677,36.852979],[28.005639,36.853227],[28.0058,36.853355],[28.005867,36.8537244],[28.0057543,36.8538703],[28.0057007,36.8540249],[28.00597,36.854124],[28.0062854,36.8541751],[28.0065215,36.8539948],[28.007247,36.853984],[28.0074656,36.8542953],[28.0076587,36.8544155],[28.0080771,36.8544026],[28.0085009,36.8544884],[28.0088067,36.8548404],[28.00915,36.8551495],[28.0089408,36.8555229],[28.009187,36.855638],[28.0095363,36.8556903],[28.0097079,36.8558835],[28.0098313,36.8560938],[28.0099869,36.8561453],[28.0108291,36.8559393],[28.010872,36.8559006],[28.010787,36.855753],[28.011104,36.855493],[28.011423,36.85549],[28.0118805,36.8557075],[28.0119073,36.856038],[28.0118269,36.8561195],[28.0117303,36.8563728],[28.0118108,36.8565059],[28.0120951,36.8565016],[28.0123365,36.8565874],[28.0127603,36.8566604],[28.013035,36.856504],[28.0134684,36.85642],[28.0138493,36.8565359],[28.013999,36.856882],[28.0141121,36.856978],[28.0144072,36.8568278],[28.0145305,36.856626],[28.0150026,36.8565831],[28.0151904,36.8567248],[28.015281,36.857128],[28.0156946,36.8573085],[28.016242,36.857248],[28.016403,36.857375],[28.0165744,36.8576004],[28.01641,36.857889],[28.0157268,36.8584245],[28.0156624,36.8585618],[28.0167729,36.8589481],[28.0168962,36.8593087],[28.016789,36.8595791],[28.0164081,36.859755],[28.015956,36.859819],[28.0156892,36.8599224],[28.0155122,36.8600727],[28.0154478,36.8604289],[28.0151904,36.8605834],[28.0150241,36.8606392],[28.0147451,36.8605963],[28.0144286,36.8608023],[28.0144072,36.8609225],[28.0144447,36.861047],[28.0146593,36.8611543],[28.015014,36.861112],[28.015657,36.861363],[28.015818,36.861491],[28.0158502,36.8618839],[28.0155981,36.8620212],[28.01548,36.8625234],[28.0154532,36.8627294],[28.0151743,36.8629655],[28.0152655,36.8632273],[28.0150831,36.8633217],[28.0146378,36.8632874],[28.0147022,36.863459],[28.015046,36.863552],[28.016647,36.863667],[28.016808,36.863794],[28.017134,36.864305],[28.017296,36.864432],[28.017616,36.864429],[28.018573,36.864293],[28.0185592,36.864017],[28.0184787,36.863708],[28.018716,36.863007],[28.018874,36.862877],[28.0197072,36.8627251],[28.019984,36.862226],[28.0204368,36.8616779],[28.0206138,36.861592],[28.0204582,36.8613002],[28.020603,36.860679],[28.020367,36.8605276],[28.020276,36.860168],[28.0203777,36.8597035],[28.0204689,36.8595018],[28.0203724,36.8588494],[28.020575,36.858624],[28.02105,36.858234],[28.022006,36.857969],[28.022642,36.857706],[28.022799,36.857577],[28.0229419,36.8573385],[28.0231512,36.8571111],[28.024233,36.857179],[28.025196,36.857428],[28.025357,36.857555],[28.025524,36.858067],[28.025842,36.857936],[28.026158,36.857676],[28.0264825,36.8576175],[28.0270028,36.8576905],[28.027282,36.858052],[28.0274481,36.8585747],[28.0277914,36.8587035],[28.0281991,36.8586691],[28.0289125,36.85827],[28.0292,36.858036],[28.0292022,36.8578064],[28.0290198,36.8574029],[28.0289072,36.8570467],[28.0289662,36.8567462],[28.029567,36.8564801],[28.030023,36.8565316],[28.0300873,36.8573471],[28.0303287,36.8574802],[28.030475,36.857768],[28.0305272,36.8580854],[28.030774,36.8582485],[28.031348,36.8584116],[28.031643,36.8582142],[28.031919,36.85814],[28.032077,36.858011],[28.03223,36.857496],[28.033191,36.857615],[28.033675,36.857997],[28.0340517,36.8584374],[28.0343199,36.8585876],[28.0343306,36.8590425],[28.0344379,36.8592958],[28.0346256,36.859446],[28.0350119,36.8594203],[28.035138,36.859782],[28.035779,36.859905],[28.036103,36.860159],[28.0364227,36.8602272],[28.036587,36.86054],[28.0364281,36.8608195],[28.0364066,36.8611843],[28.0358273,36.8613689],[28.0357844,36.8616393],[28.0356663,36.8619483],[28.0355215,36.8620727],[28.0353337,36.8620384],[28.0351675,36.8621929],[28.0352855,36.8623989],[28.035496,36.862605],[28.0362457,36.8629011],[28.036466,36.863368],[28.0368572,36.8635363],[28.0372006,36.8637552],[28.0375063,36.8639998],[28.0375707,36.8642015],[28.037278,36.864388],[28.0368948,36.8647638],[28.0366212,36.8649311],[28.0367392,36.8650771],[28.037129,36.86516],[28.037442,36.8652659],[28.03841,36.865277],[28.038571,36.865404],[28.038738,36.865917],[28.0390513,36.8658796],[28.039692,36.865523],[28.040008,36.865263],[28.0405265,36.865429],[28.0408752,36.8653474],[28.0412131,36.8646522],[28.0413741,36.8643904],[28.0414224,36.8640256],[28.0419481,36.8634805],[28.042683,36.8637251],[28.0430907,36.8638153],[28.0437076,36.8637123],[28.044304,36.863813],[28.0444425,36.8643947],[28.044641,36.8647466],[28.0451131,36.8651801],[28.045494,36.8654118],[28.046086,36.865467],[28.0466849,36.8659998],[28.0470174,36.8665534],[28.04722,36.866613],[28.047227,36.867127],[28.0471623,36.8672444],[28.0462235,36.8678924],[28.0463093,36.8680598],[28.0470818,36.868107],[28.0477899,36.8677079],[28.0476612,36.8672487],[28.0477041,36.8670084],[28.0480957,36.8666693],[28.048176,36.866348],[28.0486482,36.8661629],[28.0493295,36.8662273],[28.0496246,36.8660255],[28.0503702,36.8658925],[28.0505955,36.8660985],[28.050676,36.8660642],[28.0507564,36.8659054],[28.0516738,36.86615],[28.051847,36.865929],[28.0524409,36.8660427],[28.0527198,36.8660127],[28.0532134,36.8657294],[28.053621,36.8656822],[28.0534279,36.866047],[28.0533636,36.8661071],[28.053451,36.866301],[28.054092,36.866424],[28.054253,36.866551],[28.054421,36.867063],[28.0550855,36.8673345],[28.056255,36.8677336],[28.057311,36.867936],[28.0584866,36.8679654],[28.0586475,36.86818],[28.0588514,36.8683001],[28.059074,36.868306],[28.0590069,36.8686563],[28.0587333,36.8687851],[28.0586,36.868695],[28.057934,36.8684589],[28.0577087,36.8687722],[28.057001,36.86871],[28.0564803,36.8685705],[28.055719,36.868464],[28.0554074,36.8683388],[28.054437,36.868219],[28.0537337,36.8682401],[28.053478,36.868227],[28.0529505,36.8680856],[28.0519688,36.8681285],[28.051556,36.867987],[28.051309,36.8679697],[28.0509818,36.8681971],[28.0507028,36.8683173],[28.0503327,36.8682615],[28.049866,36.868386],[28.0494958,36.8686907],[28.0491847,36.868798],[28.0487609,36.8687851],[28.0482566,36.8690726],[28.0480099,36.8692786],[28.0474895,36.8694889],[28.0469102,36.8695533],[28.046463,36.869703],[28.0462933,36.8698279],[28.0463898,36.8702099],[28.046792,36.870341],[28.046953,36.870469],[28.0469906,36.8709051],[28.0469263,36.8711197],[28.047055,36.8713171],[28.0472481,36.8713943],[28.0474681,36.8715617],[28.0476558,36.871905],[28.047937,36.872259],[28.0479938,36.8726517],[28.0483264,36.8725788],[28.0484229,36.8722054],[28.048735,36.872123],[28.048892,36.871993],[28.0491418,36.8716905],[28.0495763,36.871699],[28.0497801,36.8719737],[28.0500698,36.8720938],[28.050617,36.8722183],[28.0510032,36.8722398],[28.0515504,36.8721368],[28.051934,36.872223],[28.0518186,36.8718235],[28.051923,36.871453],[28.052245,36.871578],[28.052564,36.871575],[28.05288,36.871315],[28.0532,36.871313],[28.0537564,36.8717175],[28.0541899,36.8718947],[28.054356,36.8721582],[28.0545652,36.8722183],[28.0547208,36.8721496],[28.0548038,36.8718108],[28.0551227,36.8716786],[28.0554237,36.8717432],[28.0563638,36.8717355],[28.0564848,36.8720104],[28.056646,36.8722453],[28.0567361,36.8724541],[28.0565652,36.8728092],[28.056087,36.8730223],[28.055786,36.873345],[28.0550373,36.8744798],[28.0548027,36.8747195],[28.054525,36.87464],[28.0543205,36.8745371],[28.0541727,36.8748343],[28.0542658,36.875037],[28.054532,36.875154],[28.054693,36.875282],[28.054807,36.8755428],[28.0546496,36.8756814],[28.054461,36.875936],[28.0548781,36.8762502],[28.0548011,36.8769627],[28.0552281,36.8768683],[28.0556903,36.8768314],[28.0563021,36.8770344],[28.05632,36.877323],[28.0562361,36.8775733],[28.0564469,36.8778111],[28.0563759,36.8780084],[28.0571229,36.8782972],[28.0574415,36.8785438],[28.0579332,36.8785916],[28.0579509,36.878831],[28.0586182,36.87911],[28.0590465,36.8790598],[28.059226,36.879352],[28.0590495,36.8798154],[28.0587067,36.8798864],[28.0584253,36.8800662],[28.057964,36.8800849],[28.057674,36.8801902],[28.0573401,36.8801394],[28.0571167,36.880231],[28.0572685,36.8805393],[28.0572951,36.8809345],[28.0578366,36.8811383],[28.0579924,36.8814154],[28.0582821,36.8815601],[28.0584355,36.8815277],[28.0588523,36.8821683],[28.0590567,36.8825972],[28.0586384,36.8831139],[28.0585535,36.8834624],[28.0582136,36.8835785],[28.0580437,36.8835167],[28.0580502,36.883612],[28.0582089,36.8836403],[28.0589509,36.8834898],[28.0585114,36.8839147],[28.0581127,36.8837465],[28.0577901,36.8835385],[28.0576766,36.8829625],[28.057423,36.8829127],[28.05689,36.8831187],[28.0564912,36.8831683],[28.056239,36.882975],[28.0562853,36.8825132],[28.056068,36.882206],[28.054774,36.88119],[28.054771,36.880933],[28.055087,36.880673],[28.055084,36.880416],[28.0547529,36.8802428],[28.0543506,36.8799896],[28.0539697,36.880187],[28.0532241,36.8803758],[28.052361,36.880055],[28.0519795,36.8799682],[28.0517274,36.8799553],[28.0512071,36.8798394],[28.0504024,36.8801012],[28.0500376,36.8802685],[28.0497855,36.880629],[28.049494,36.880851],[28.0489862,36.8808435],[28.048777,36.8809637],[28.0486214,36.8812812],[28.0484819,36.8814528],[28.0484819,36.8817618],[28.0483662,36.8819888],[28.0480581,36.8821437],[28.0478704,36.8821909],[28.0475056,36.8821351],[28.047269,36.881898],[28.0467385,36.8816974],[28.0462915,36.8812836],[28.0456334,36.8814142],[28.0454564,36.8816373],[28.045031,36.881918],[28.044713,36.882049],[28.0445859,36.8822884],[28.044399,36.882437],[28.0440187,36.8824226],[28.0435681,36.8822638],[28.0432999,36.8822981],[28.0431282,36.8824269],[28.0427366,36.8824011],[28.0427474,36.8826929],[28.0433965,36.8831649],[28.0435198,36.883521],[28.043316,36.8837184],[28.0426562,36.8838214],[28.0422163,36.8841861],[28.0415887,36.8843534],[28.0411595,36.884199],[28.0409,36.883881],[28.040548,36.8836025],[28.0405426,36.8839372],[28.0407357,36.8847696],[28.041077,36.885164],[28.0410951,36.8855548],[28.0409181,36.8860311],[28.0407464,36.886237],[28.0409557,36.8867819],[28.0413687,36.8871852],[28.041421,36.886959],[28.041752,36.887727],[28.0416638,36.8884252],[28.0420554,36.8886526],[28.0423182,36.8888543],[28.0423182,36.889146],[28.0423987,36.8892576],[28.042732,36.88926],[28.042894,36.889387],[28.042919,36.8895751],[28.0430478,36.8897595],[28.0438149,36.8898453],[28.0436647,36.8901757],[28.0438578,36.890283],[28.0438149,36.8906648],[28.044032,36.89079],[28.044194,36.890917],[28.0451721,36.8912483],[28.0451292,36.8917588],[28.045169,36.892065],[28.045807,36.89193],[28.046127,36.891927],[28.046288,36.892055],[28.0462933,36.8922908],[28.0464059,36.8926255],[28.0469263,36.8926341],[28.0472749,36.8924281],[28.047511,36.8922565],[28.048369,36.892165],[28.048836,36.8924067],[28.0490184,36.8928228],[28.049184,36.893314],[28.049507,36.893568],[28.049678,36.894337],[28.0498445,36.8942386],[28.0498284,36.8939726],[28.0500376,36.8937367],[28.050629,36.893686],[28.05144,36.894578],[28.0517113,36.8951224],[28.0516308,36.8956972],[28.051465,36.896376],[28.0509764,36.89698],[28.0504078,36.8973961],[28.0498391,36.8976664],[28.0489862,36.8978208],[28.04845,36.898072],[28.0474949,36.8981426],[28.047055,36.8981383],[28.046717,36.8980439],[28.046211,36.898092],[28.045571,36.898098],[28.0450755,36.8979324],[28.044289,36.897852],[28.043646,36.897601],[28.042366,36.897612],[28.042043,36.897358],[28.0410576,36.8973489],[28.0405748,36.8974176],[28.0400491,36.8974304],[28.0394858,36.8972545],[28.038201,36.897135],[28.0374581,36.8972245],[28.0370825,36.8971859],[28.035966,36.897411],[28.0351782,36.8976235],[28.034051,36.897685],[28.0329841,36.8976835],[28.03204,36.8980739],[28.0316591,36.8981812],[28.0309457,36.8983313],[28.0301893,36.8986402],[28.029435,36.899395],[28.0292854,36.8995775],[28.0288535,36.8997899],[28.0280918,36.9004419],[28.0280516,36.9005814],[28.0280489,36.9009953],[28.02786,36.901207],[28.0274937,36.9013149],[28.0267882,36.9013364],[28.0267212,36.9014801],[28.0267265,36.9016645],[28.0268204,36.9018769],[28.0270806,36.9021771],[28.02708,36.902627],[28.026762,36.902758],[28.0269465,36.9029429],[28.027035,36.9031209],[28.026928,36.903271],[28.026858,36.9035069],[28.0266488,36.9036228],[28.0262679,36.9036549],[28.0260828,36.9036035],[28.0249777,36.9035541],[28.0248758,36.9034812],[28.0245674,36.9033804],[28.0242321,36.9034791],[28.0241168,36.903567],[28.0235803,36.9036657],[28.0232853,36.903597],[28.022936,36.90369],[28.0226925,36.9036742],[28.0223975,36.9035305],[28.0221319,36.9035949],[28.021654,36.903573],[28.021501,36.904088],[28.021338,36.9043584],[28.0210912,36.9044314],[28.0210859,36.9046308],[28.0208391,36.9048196],[28.0203322,36.9048067],[28.020067,36.904485],[28.019745,36.90436],[28.0196214,36.9044785],[28.019592,36.904875],[28.0193263,36.9050898],[28.0189803,36.9051306],[28.0188408,36.9050834],[28.018629,36.904627],[28.0185163,36.9045193],[28.0183017,36.9045472],[28.018148,36.904502],[28.0178189,36.9046415],[28.0176499,36.9046673],[28.0173871,36.9046437],[28.017188,36.90451],[28.0169633,36.9042533],[28.016545,36.904259],[28.016229,36.904518],[28.015911,36.90465],[28.015757,36.905165],[28.0151635,36.9054265],[28.014847,36.9056324],[28.01467,36.9061129],[28.0147988,36.906323],[28.0147451,36.9065418],[28.0148095,36.9066448],[28.0150831,36.9067692],[28.0156785,36.9067649],[28.0162901,36.9068764],[28.0166495,36.9067734],[28.017855,36.90656],[28.0184519,36.9066319],[28.0184412,36.9066147],[28.0192405,36.9065289],[28.0193531,36.9064989],[28.020094,36.90654],[28.021057,36.906789],[28.021377,36.906786],[28.0218261,36.9063702],[28.0222285,36.9063831],[28.02265,36.906261],[28.02297,36.906259],[28.023293,36.906513],[28.023613,36.90651],[28.023929,36.906251],[28.0247873,36.9062544],[28.0252486,36.9063574],[28.025217,36.906882],[28.0256027,36.9071209],[28.025946,36.9074083],[28.0256778,36.9076914],[28.0265737,36.9076528],[28.027145,36.907507],[28.0275929,36.9075026],[28.0279255,36.9077],[28.028425,36.907496],[28.0286711,36.9075799],[28.0287731,36.9077729],[28.0296582,36.9080474],[28.0298513,36.9083048],[28.030674,36.908247],[28.031316,36.908371],[28.031468,36.907856],[28.0315304,36.9074812],[28.031778,36.907082],[28.031936,36.906952],[28.0322653,36.9067949],[28.0328017,36.906782],[28.0329841,36.9068764],[28.0333114,36.907138],[28.033644,36.9071595],[28.0340248,36.9069107],[28.03417,36.906547],[28.034808,36.906413],[28.0354893,36.9064346],[28.0358219,36.9068978],[28.036074,36.9070909],[28.0365729,36.907078],[28.0372488,36.9072582],[28.0377316,36.9071166],[28.0382466,36.9072024],[28.038547,36.9074126],[28.0393571,36.9078372],[28.0394804,36.9079616],[28.0395448,36.9081117],[28.0393571,36.9083048],[28.0392122,36.9083734],[28.0390406,36.9085793],[28.03932,36.908815],[28.0399096,36.9089567],[28.0408001,36.9084506],[28.04123,36.908155],[28.0416262,36.9082662],[28.0420124,36.9084935],[28.042198,36.90879],[28.0427313,36.908738],[28.0431336,36.9089053],[28.0430585,36.9094672],[28.0432516,36.9096688],[28.043331,36.909807],[28.0431551,36.9099733],[28.0432677,36.910132],[28.0434555,36.9103122],[28.0439383,36.9104923],[28.0438739,36.9107797],[28.0434984,36.9110928],[28.0430156,36.91111],[28.0426294,36.9109127],[28.042059,36.910332],[28.041893,36.90982],[28.041255,36.909953],[28.040936,36.910085],[28.040783,36.9106],[28.0403978,36.9108698],[28.0406284,36.911363],[28.04048,36.911887],[28.040164,36.912147],[28.040167,36.912404],[28.0398935,36.9126412],[28.039754,36.9129758],[28.0403227,36.9133403],[28.040505,36.913686],[28.040828,36.91394],[28.040839,36.91471],[28.040526,36.915227],[28.040209,36.915486],[28.0393785,36.9156607],[28.038776,36.915884],[28.0383325,36.9159824],[28.03862,36.916271],[28.038944,36.916525],[28.0388099,36.9167887],[28.0389923,36.9170503],[28.0391854,36.9171833],[28.039597,36.917547],[28.0395395,36.9179939],[28.0393571,36.9182083],[28.0389064,36.9183584],[28.0384129,36.918337],[28.0381393,36.9181397],[28.037847,36.918204],[28.037207,36.91821],[28.0369216,36.9179724],[28.0367231,36.9180625],[28.0365676,36.9183713],[28.036251,36.918475],[28.0358165,36.9184999],[28.0355108,36.9183841],[28.035445,36.918097],[28.035442,36.91784],[28.035279,36.917585],[28.034641,36.917718],[28.034325,36.917978],[28.033365,36.917986],[28.033048,36.918246],[28.03273,36.918378],[28.0325442,36.9185557],[28.0321741,36.9185171],[28.0317181,36.9183412],[28.031452,36.918517],[28.0307096,36.9186243],[28.030489,36.918268],[28.029846,36.918017],[28.029526,36.91802],[28.0288321,36.9181954],[28.028571,36.918414],[28.0282527,36.9188087],[28.0278075,36.9188559],[28.0271584,36.9187101],[28.0267239,36.9184656],[28.026657,36.918815],[28.026341,36.919075],[28.0258924,36.9192119],[28.0256993,36.919645],[28.0251199,36.9198552],[28.0247551,36.9198723],[28.0244386,36.9196322],[28.0242884,36.919422],[28.0239987,36.9194606],[28.0230814,36.9196622],[28.0227596,36.9198552],[28.0230331,36.9200096],[28.023313,36.92],[28.023636,36.920255],[28.023803,36.920767],[28.024442,36.920633],[28.0252862,36.9206271],[28.025398,36.920368],[28.0268902,36.9205714],[28.0270243,36.9216264],[28.026378,36.9219],[28.02574,36.922035],[28.0256778,36.9222311],[28.0256724,36.9224884],[28.026705,36.922411],[28.026866,36.922539],[28.0269653,36.9228015],[28.0268151,36.9230759],[28.0268741,36.923434],[28.0265871,36.9235798],[28.026399,36.923442],[28.025759,36.923447],[28.0253291,36.923582],[28.025119,36.923453],[28.0244789,36.923449],[28.0241409,36.9236806],[28.024644,36.923843],[28.024647,36.924099],[28.0245835,36.9242939],[28.0242026,36.9242982],[28.023853,36.924491],[28.0237359,36.9245812],[28.0234355,36.9246627],[28.023213,36.924497],[28.0229258,36.9243453],[28.022545,36.9244611],[28.021927,36.923994],[28.021607,36.923997],[28.021289,36.924128],[28.0210483,36.9244268],[28.0210376,36.9244997],[28.02122,36.9246112],[28.0210805,36.9247828],[28.0209839,36.9250401],[28.020986,36.925416],[28.021624,36.925281],[28.0219603,36.9252459],[28.0221587,36.9253317],[28.0224967,36.9252631],[28.0229,36.925013],[28.02386,36.925005],[28.0241436,36.9249629],[28.024345,36.925387],[28.024507,36.925513],[28.0245137,36.9256919],[28.025077,36.9258334],[28.0253452,36.9258206],[28.025465,36.925377],[28.0258065,36.9254432],[28.0259997,36.9255847],[28.0263376,36.9256019],[28.0267399,36.9257562],[28.0269384,36.925559],[28.0269599,36.9252331],[28.027058,36.924849],[28.0276895,36.9250315],[28.0283815,36.9249629],[28.0289823,36.9248471],[28.030097,36.924823],[28.030259,36.92495],[28.030581,36.925076],[28.0314714,36.9255418],[28.0316001,36.9255032],[28.0310905,36.9251516],[28.03041,36.924306],[28.0300015,36.9241138],[28.0292183,36.9240923],[28.0292398,36.923835],[28.02944,36.923544],[28.0296475,36.9234405],[28.0290037,36.92272],[28.029106,36.922519],[28.0294061,36.9221968],[28.029901,36.922127],[28.0302215,36.9223726],[28.030543,36.92225],[28.0305487,36.9218494],[28.030854,36.921605],[28.0313212,36.9217165],[28.0315679,36.9219009],[28.0317771,36.9218794],[28.032454,36.921591],[28.0327535,36.9216093],[28.032625,36.922489],[28.0322063,36.9228444],[28.0321687,36.922943],[28.0321366,36.9231403],[28.0323082,36.9234105],[28.0326676,36.923226],[28.0330592,36.9229473],[28.033751,36.922864],[28.034072,36.92299],[28.034225,36.922475],[28.034538,36.921959],[28.034697,36.921828],[28.0352962,36.9219738],[28.0354357,36.922304],[28.035825,36.922461],[28.035987,36.922588],[28.0361009,36.9227972],[28.036627,36.922582],[28.0371737,36.9222826],[28.037583,36.922317],[28.0377263,36.9224798],[28.0376834,36.9226685],[28.03727,36.922833],[28.0370611,36.9229902],[28.0370396,36.923226],[28.036809,36.9233461],[28.036482,36.92374],[28.0361706,36.923835],[28.0362135,36.9240194],[28.036647,36.924123],[28.036964,36.923864],[28.037604,36.923858],[28.0377799,36.9240237],[28.038032,36.9240108],[28.038244,36.923852],[28.0387616,36.9238607],[28.0390245,36.9239808],[28.0391103,36.9238736],[28.0392,36.923587],[28.039836,36.923325],[28.039994,36.923195],[28.0405909,36.923329],[28.040666,36.9232518],[28.0405587,36.9231703],[28.039991,36.922938],[28.0397862,36.9227757],[28.0397701,36.9226771],[28.039984,36.922425],[28.040296,36.921908],[28.0405587,36.9218923],[28.0408108,36.9219695],[28.0409825,36.9219609],[28.041253,36.921643],[28.041406,36.921128],[28.0418247,36.9212061],[28.0422699,36.9212018],[28.0427313,36.9213476],[28.0430692,36.921605],[28.0431604,36.921725],[28.0433643,36.921725],[28.043971,36.92149],[28.0444264,36.9214806],[28.0446196,36.921635],[28.0447054,36.9218623],[28.0449361,36.9220338],[28.045263,36.922378],[28.0456388,36.9223898],[28.045901,36.922244],[28.046218,36.921984],[28.046857,36.921979],[28.0474573,36.9224713],[28.0475807,36.9228101],[28.0480474,36.9228315],[28.0482084,36.9226857],[28.0483854,36.9224541],[28.0489218,36.9224327],[28.049424,36.92247],[28.049585,36.922597],[28.049528,36.9230588],[28.0495924,36.923329],[28.049925,36.9235648],[28.0502146,36.923522],[28.0506653,36.9233418],[28.051038,36.923483],[28.051199,36.923611],[28.0514324,36.9241309],[28.0512875,36.9244097],[28.0508745,36.9245383],[28.0505741,36.9245683],[28.050338,36.9250358],[28.0506813,36.9251902],[28.050748,36.92567],[28.0510944,36.9257176],[28.051388,36.925664],[28.0511749,36.925396],[28.0511963,36.9252159],[28.0512929,36.9250615],[28.051536,36.924892],[28.052012,36.924502],[28.052652,36.924496],[28.052972,36.9246284],[28.053611,36.924488],[28.053931,36.924485],[28.054255,36.924739],[28.0543077,36.9248514],[28.0542272,36.925083],[28.0542165,36.9254303],[28.05443,36.925894],[28.054274,36.926152],[28.0547959,36.9264896],[28.0552947,36.9265196],[28.0557161,36.9263264],[28.05571,36.925883],[28.0563408,36.9253574],[28.0568397,36.9254561],[28.057521,36.9257562],[28.0578536,36.925842],[28.057993,36.9257863],[28.0583203,36.9255847],[28.0586958,36.9254775],[28.059068,36.925724],[28.0592966,36.9259535],[28.059361,36.9264338],[28.0593342,36.9265925],[28.059564,36.926876],[28.059361,36.92718],[28.0592,36.9273429],[28.0592376,36.9275059],[28.0588969,36.9280441],[28.0590552,36.9280548],[28.0593127,36.9278018],[28.0598635,36.927786],[28.0598921,36.9285136],[28.0600798,36.9289467],[28.0604607,36.9292641],[28.0606806,36.9293798],[28.061378,36.9293155],[28.0618018,36.9291054],[28.0628425,36.9288481],[28.063274,36.929026],[28.0633897,36.9291611],[28.063513,36.9292255],[28.0639476,36.9292212],[28.0641514,36.9294013],[28.0645215,36.9295085],[28.064877,36.929269],[28.06551,36.928749],[28.0656671,36.9290897],[28.0656566,36.9294662],[28.0663668,36.9292969],[28.06712,36.929505],[28.0679625,36.929855],[28.0681721,36.9300364],[28.068407,36.930043],[28.068727,36.930005],[28.0687878,36.9298167],[28.0691281,36.9294945],[28.06936,36.929485],[28.069997,36.929223],[28.070154,36.929093],[28.07024,36.9285737],[28.0703795,36.9283421],[28.0703,36.928064],[28.0712056,36.9282478],[28.0716509,36.9284493],[28.0720854,36.9284322],[28.072543,36.928301],[28.07271,36.928813],[28.073037,36.929324],[28.073052,36.930351],[28.072735,36.930611],[28.0724662,36.9307606],[28.071941,36.931003],[28.0707174,36.9311208],[28.0702347,36.9309579],[28.0695963,36.9310093],[28.0691457,36.9312495],[28.0683303,36.9314896],[28.067473,36.931814],[28.065873,36.931829],[28.0653101,36.9319527],[28.064916,36.932094],[28.0640387,36.9319699],[28.062997,36.932111],[28.062677,36.932114],[28.0617589,36.9322357],[28.061077,36.932128],[28.0596077,36.9319784],[28.056597,36.932168],[28.0556059,36.9319913],[28.054354,36.931931],[28.0542433,36.9316954],[28.0539054,36.9314424],[28.0535299,36.9313267],[28.0526984,36.9313996],[28.0520493,36.9314896],[28.0516738,36.9318155],[28.051158,36.932217],[28.0506009,36.932433],[28.0504131,36.9326688],[28.0500752,36.9329261],[28.0495548,36.9331791],[28.0492759,36.933282],[28.0488843,36.9333678],[28.048612,36.933267],[28.048292,36.93327],[28.0476397,36.9334449],[28.0472267,36.9335907],[28.0467278,36.9338823],[28.0465025,36.9339338],[28.0463469,36.9339338],[28.0460519,36.9336465],[28.0457514,36.9336851],[28.045423,36.934066],[28.044783,36.934071],[28.044464,36.934203],[28.0443513,36.9345984],[28.043833,36.93485],[28.043513,36.934853],[28.043192,36.934728],[28.0427957,36.9347099],[28.0426186,36.9348557],[28.0432033,36.935173],[28.0434984,36.9356189],[28.0435038,36.935739],[28.043434,36.9359148],[28.043375,36.9361678],[28.0436271,36.9361163],[28.044487,36.935872],[28.0451024,36.9360091],[28.0459982,36.9362535],[28.046734,36.936366],[28.0474949,36.9365451],[28.047694,36.936358],[28.0484766,36.936335],[28.048971,36.93609],[28.049128,36.93596],[28.0495119,36.9357347],[28.0498069,36.9356875],[28.049924,36.935567],[28.0510569,36.9354045],[28.0512,36.935299],[28.05184,36.935293],[28.0522102,36.9355889],[28.0524141,36.9355417],[28.053443,36.935536],[28.054407,36.935785],[28.054727,36.935782],[28.05536,36.935262],[28.0563462,36.9355031],[28.05696,36.935248],[28.0574834,36.9352287],[28.0580574,36.9353188],[28.05856,36.935234],[28.06048,36.935217],[28.0609274,36.9353188],[28.061125,36.935597],[28.061766,36.935719],[28.06209,36.935973],[28.06241,36.93597],[28.063694,36.936216],[28.0644572,36.9364636],[28.0646932,36.9368581],[28.0646127,36.937184],[28.0647147,36.9375613],[28.0650258,36.9377028],[28.065315,36.937742],[28.0653906,36.9379772],[28.0653691,36.9385689],[28.065455,36.9387061],[28.0659807,36.9389205],[28.0663347,36.938869],[28.0667907,36.9385517],[28.0679011,36.9385646],[28.068526,36.938484],[28.068846,36.938481],[28.0691779,36.9390277],[28.069498,36.939375],[28.0701595,36.9397308],[28.070358,36.9402796],[28.0707604,36.9402196],[28.071107,36.940002],[28.0717689,36.9401339],[28.0719835,36.9403611],[28.0722195,36.9405455],[28.0721712,36.9410471],[28.0723053,36.9412015],[28.0726486,36.941373],[28.07257,36.941659],[28.0721605,36.9418918],[28.0721176,36.9419346],[28.0720639,36.9421447],[28.072422,36.942432],[28.0737913,36.9425863],[28.0740809,36.9425349],[28.07434,36.942285],[28.074814,36.941896],[28.0748051,36.9417074],[28.0746013,36.9415616],[28.0742955,36.9414116],[28.074003,36.941133],[28.074159,36.940874],[28.0746657,36.9405026],[28.075271,36.940222],[28.075745,36.939832],[28.0759209,36.9397651],[28.0764466,36.9398337],[28.0771655,36.9400738],[28.0782223,36.9399538],[28.078629,36.940063],[28.078952,36.940317],[28.0791396,36.9405369],[28.0790967,36.9406998],[28.0790859,36.9409657],[28.0792737,36.9411929],[28.0794668,36.9413087],[28.0797672,36.9414244],[28.080405,36.941203],[28.0813605,36.9410686],[28.0816555,36.9405283],[28.0820578,36.9403826],[28.0825567,36.9400181],[28.0827767,36.9397223],[28.082944,36.939638],[28.08326,36.939378],[28.0837315,36.9393021],[28.0840105,36.9393278],[28.0843806,36.9393964],[28.0849814,36.9395851],[28.0854696,36.9397094],[28.0857378,36.939718],[28.0859256,36.9396365],[28.086464,36.939606],[28.0867624,36.9397651],[28.0869824,36.9395722],[28.0875778,36.9393321],[28.0890638,36.9393364],[28.0893964,36.9391434],[28.089653,36.938806],[28.0902278,36.9386546],[28.090931,36.938666],[28.091083,36.938151],[28.091558,36.937761],[28.092041,36.9374755],[28.0921805,36.9371582],[28.092261,36.9367337],[28.0923521,36.9365065],[28.092654,36.936082],[28.092807,36.935566],[28.094721,36.935163],[28.0952382,36.935263],[28.0957854,36.9351129],[28.0964559,36.9350701],[28.0970299,36.9350615],[28.097384,36.9348771],[28.0976361,36.9345469],[28.0976897,36.9341653],[28.0975449,36.9337322],[28.0968583,36.9334535],[28.0963379,36.9331748],[28.096288,36.932836],[28.095964,36.932582],[28.095603,36.9325273],[28.095088,36.9323858],[28.0927062,36.9321414],[28.092114,36.931847],[28.09179,36.931593],[28.091468,36.931468],[28.0914885,36.9311423],[28.091777,36.930695],[28.0924487,36.9306105],[28.093063,36.931068],[28.0935806,36.931168],[28.094343,36.931056],[28.094663,36.931053],[28.094986,36.931307],[28.09563,36.931558],[28.0962735,36.9316611],[28.096593,36.931806],[28.097241,36.932314],[28.0972606,36.9325488],[28.0986339,36.9328789],[28.0988431,36.9331233],[28.0992079,36.9336336],[28.099344,36.933965],[28.099347,36.934221],[28.0991757,36.934637],[28.0991596,36.9349886],[28.0995083,36.935486],[28.099578,36.9360949],[28.0994922,36.936335],[28.099384,36.93679],[28.0989665,36.9374026],[28.098278,36.937699],[28.097958,36.937702],[28.097634,36.937448],[28.096994,36.937454],[28.096676,36.937586],[28.0962628,36.9380372],[28.0963647,36.9386246],[28.096531,36.9389848],[28.0966735,36.940153],[28.0966775,36.9404529],[28.0965329,36.9408201],[28.097282,36.940717],[28.0974913,36.9408413],[28.0978078,36.9407856],[28.0980438,36.9408542],[28.0983174,36.9408413],[28.0986285,36.9409056],[28.0988753,36.9408156],[28.0991703,36.9408713],[28.0992776,36.9407341],[28.099436,36.940386],[28.099911,36.939996],[28.1005007,36.9400696],[28.1010373,36.9401971],[28.1012607,36.9400869],[28.101349,36.939855],[28.10214,36.939205],[28.1029064,36.9393358],[28.10357,36.938549],[28.1036391,36.9386511],[28.1047967,36.9388549],[28.1050545,36.9388077],[28.10517,36.938535],[28.1055452,36.9380512],[28.1058069,36.9379654],[28.106278,36.937625],[28.1072409,36.9375358],[28.1078187,36.937773],[28.108834,36.937344],[28.1092824,36.9372205],[28.1099243,36.9372995],[28.110426,36.9369145],[28.1111529,36.9367796],[28.112341,36.936412],[28.1126658,36.9358859],[28.112485,36.935384],[28.112322,36.935128],[28.11136,36.935008],[28.11104,36.935011],[28.11072,36.9348323],[28.110077,36.934763],[28.109755,36.934639],[28.1095712,36.9344822],[28.1095692,36.9340763],[28.1098896,36.9338061],[28.111022,36.933727],[28.111658,36.933464],[28.1120772,36.9333801],[28.1126245,36.9336056],[28.113258,36.9336567],[28.1146869,36.9332103],[28.1155538,36.9331229],[28.116126,36.932652],[28.11631,36.9326466],[28.116481,36.9324387],[28.1173306,36.9322532],[28.1182191,36.9324882],[28.118459,36.9326412],[28.1186302,36.9329757],[28.1186212,36.9331901],[28.1185202,36.9336963],[28.1190015,36.9338597],[28.1202423,36.9340441],[28.1216694,36.9339334],[28.1221091,36.934142],[28.122393,36.93452],[28.122397,36.934776],[28.1219276,36.9363807],[28.1215986,36.9366874],[28.1214037,36.9371012],[28.1224418,36.9371096],[28.1227432,36.9373895],[28.1229313,36.9374278],[28.1231619,36.9375417],[28.1234271,36.9378913],[28.123821,36.9380303],[28.123754,36.9375908],[28.1240268,36.9369794],[28.1241838,36.9368395],[28.1244217,36.9364106],[28.124818,36.936166],[28.1250054,36.9360762],[28.1252575,36.9359923],[28.125539,36.9359999],[28.125697,36.9359575],[28.1256275,36.9359267],[28.1252008,36.9358617],[28.1247284,36.935708],[28.1246154,36.9354271],[28.1246657,36.935188],[28.1248075,36.9349959],[28.125119,36.934879],[28.125277,36.934749],[28.1255101,36.9346816],[28.1258992,36.9344046],[28.1260226,36.9341322],[28.1261652,36.9339882],[28.1266762,36.9337536],[28.1271872,36.9336444],[28.1280617,36.9338711],[28.1286291,36.9339159],[28.1289538,36.9338907],[28.1292085,36.9339112],[28.1294733,36.9340057],[28.1298621,36.9335134],[28.1298777,36.9331462],[28.1300761,36.932954],[28.1306025,36.9328104],[28.1310668,36.9329122],[28.131326,36.932637],[28.131801,36.932246],[28.1325742,36.9321135],[28.1326854,36.9318592],[28.1327792,36.9314181],[28.1327749,36.9308204],[28.1330553,36.9302969],[28.13305,36.930179],[28.1332309,36.9300735],[28.1339479,36.929951],[28.1341052,36.9296959],[28.1344117,36.9293568],[28.135598,36.929431],[28.1364261,36.9297076],[28.136727,36.930016],[28.1367473,36.9302691],[28.1366501,36.9304908],[28.1362905,36.9308064],[28.1363751,36.9310829],[28.1363026,36.9314477],[28.1360421,36.9317831],[28.1362163,36.9323725],[28.1361923,36.9326672],[28.1362794,36.9329723],[28.1364415,36.9329453],[28.1366663,36.9328143],[28.1371001,36.932699],[28.137568,36.9328695],[28.137729,36.932832],[28.1381836,36.9332021],[28.1381612,36.9335396],[28.1379219,36.9339018],[28.1382345,36.9341178],[28.1383593,36.934367],[28.1384091,36.9346266],[28.1384334,36.9350681],[28.1385819,36.9351045],[28.1389829,36.9348417],[28.1390068,36.9347097],[28.1388683,36.9342916],[28.1389181,36.9341094],[28.1390567,36.9338584],[28.1392066,36.9332906],[28.1394676,36.9330882],[28.139524,36.9328902],[28.1396652,36.9326427],[28.1394766,36.9324395],[28.1394251,36.9322624],[28.1394414,36.9319351],[28.139572,36.9316669],[28.1395023,36.9313952],[28.1393909,36.9312499],[28.1390245,36.9310246],[28.1388768,36.9307811],[28.1385795,36.9306827],[28.1383737,36.9305321],[28.1382918,36.9302753],[28.13832,36.9297716],[28.1381196,36.929401],[28.1381565,36.9290515],[28.1384049,36.928587],[28.1384829,36.9281997],[28.1388354,36.9275866],[28.1389768,36.9274592],[28.1394902,36.9272006],[28.1394529,36.9269413],[28.1397055,36.9267523],[28.1397441,36.9262014],[28.1397131,36.9259604],[28.1397932,36.9258183],[28.1397527,36.9256762],[28.139834,36.9254218],[28.1398975,36.9253146],[28.1399943,36.9252306],[28.1401979,36.9251433],[28.1406717,36.9250278],[28.1415695,36.9248648],[28.1417968,36.9250362],[28.1422381,36.9250846],[28.1425548,36.9248971],[28.142726,36.924563],[28.143358,36.924044],[28.1438092,36.9235486],[28.143982,36.92301],[28.1439545,36.922842],[28.1441338,36.9223912],[28.1440032,36.9221426],[28.1436066,36.921835],[28.1436491,36.9214726],[28.143956,36.921212],[28.144268,36.920695],[28.144576,36.919921],[28.1445563,36.9196544],[28.1446691,36.9194408],[28.1449873,36.9193737],[28.1452017,36.9194215],[28.1452856,36.9191992],[28.1454094,36.9190193],[28.1458031,36.9188859],[28.1464007,36.9189171],[28.1469982,36.9190966],[28.147146,36.9193295],[28.1475596,36.9194088],[28.1477746,36.9194988],[28.1479168,36.9196248],[28.1484482,36.9198493],[28.1486754,36.9200557],[28.1487716,36.9203232],[28.1488147,36.9211738],[28.1490897,36.9217756],[28.1495244,36.9221826],[28.1500103,36.9223928],[28.1506374,36.9230321],[28.1505633,36.9233478],[28.1503003,36.9234702],[28.1499787,36.923564],[28.1494069,36.9239892],[28.1492479,36.9242377],[28.1492519,36.9244884],[28.1493421,36.9246462],[28.1494354,36.9249321],[28.1494779,36.9252669],[28.1489352,36.9256695],[28.1489027,36.9259575],[28.1491974,36.9263999],[28.1492752,36.9267853],[28.149163,36.92707],[28.1488363,36.9271756],[28.1483325,36.9274099],[28.148364,36.9276027],[28.1480659,36.9281555],[28.1483167,36.9285368],[28.1485763,36.92868],[28.1491108,36.9286448],[28.1495596,36.9285153],[28.1502844,36.9280322],[28.1505141,36.9277105],[28.1507438,36.9275603],[28.1508491,36.9275172],[28.1509055,36.9272386],[28.1510477,36.9270286],[28.1522836,36.9271839],[28.1530344,36.927433],[28.1540912,36.9276731],[28.1542844,36.9276302],[28.1544238,36.9273644],[28.1549656,36.9270127],[28.155713,36.926364],[28.1562585,36.9263609],[28.1568754,36.926704],[28.1571543,36.926674],[28.157312,36.926349],[28.1574762,36.9262537],[28.1582808,36.9261808],[28.1586134,36.9262751],[28.1595683,36.9263738],[28.1597507,36.9262794],[28.159579,36.9261937],[28.1592303,36.926125],[28.159066,36.925947],[28.1586724,36.925812],[28.1586456,36.9255332],[28.1591338,36.925426],[28.159532,36.925042],[28.1605768,36.9250572],[28.1607592,36.9251216],[28.1607914,36.9249586],[28.1605446,36.9245812],[28.1605339,36.9242767],[28.1605715,36.923998],[28.160314,36.923879],[28.16031,36.923622],[28.160942,36.923102],[28.160938,36.922845],[28.160775,36.92259],[28.160139,36.922853],[28.159986,36.923369],[28.1597,36.9234657],[28.1595635,36.9237714],[28.1592739,36.9239317],[28.1586453,36.9239366],[28.1584416,36.9238298],[28.1583611,36.9236536],[28.158387,36.923384],[28.158548,36.9232582],[28.1586436,36.9230428],[28.1585151,36.9228274],[28.158536,36.922612],[28.1585742,36.9224794],[28.1591771,36.9222413],[28.1594246,36.921888],[28.159616,36.9214675],[28.1595879,36.9212536],[28.1592515,36.9211769],[28.1589337,36.9212175],[28.1586997,36.9211196],[28.1584745,36.9210657],[28.1583037,36.9210662],[28.1579182,36.921343],[28.157885,36.9218145],[28.1579119,36.9222123],[28.1577082,36.9223727],[28.157693,36.922559],[28.1577921,36.9231599],[28.1573347,36.9237789],[28.1572827,36.9241535],[28.1573982,36.9245225],[28.1574981,36.9246846],[28.1572327,36.9248135],[28.1569133,36.9246676],[28.1567435,36.9245007],[28.1564667,36.9245313],[28.1562675,36.9244048],[28.1562131,36.9242633],[28.1562944,36.924121],[28.156467,36.923403],[28.1564664,36.9231138],[28.1563071,36.9229067],[28.1554484,36.9228474],[28.1551681,36.9230852],[28.1552416,36.922903],[28.155335,36.922514],[28.155967,36.921994],[28.1565211,36.9219612],[28.156667,36.9217919],[28.15676,36.921602],[28.1567215,36.9210807],[28.156744,36.920574],[28.156903,36.920444],[28.157539,36.920181],[28.1577387,36.9200729],[28.157855,36.919921],[28.158012,36.919791],[28.1581156,36.9195803],[28.158803,36.919141],[28.1592684,36.9187908],[28.1596971,36.9186779],[28.1600862,36.9184165],[28.1603184,36.9182125],[28.1605932,36.9181158],[28.1609981,36.9177592],[28.161086,36.917617],[28.1614899,36.9172407],[28.1616688,36.9169895],[28.1617141,36.9167059],[28.1611696,36.9163743],[28.1611595,36.9161465],[28.160994,36.915909],[28.1603886,36.915691],[28.160028,36.9155003],[28.1596014,36.9154615],[28.1592967,36.9152741],[28.159061,36.915028],[28.15887,36.9148933],[28.1590379,36.9144147],[28.1589651,36.9143064],[28.1587219,36.9140749],[28.1586006,36.9137802],[28.1591208,36.9131262],[28.1589706,36.9127803],[28.1588102,36.9121665],[28.15933,36.911686],[28.1601448,36.9113458],[28.160439,36.911033],[28.160365,36.9105214],[28.1599821,36.9100212],[28.1598319,36.9097764],[28.1598766,36.9095778],[28.1598162,36.9093831],[28.1596522,36.9092419],[28.1594826,36.9089499],[28.1598849,36.9087221],[28.1598801,36.9086064],[28.1599902,36.9085265],[28.1595751,36.9084813],[28.1596779,36.908407],[28.1597198,36.9082035],[28.1597122,36.9080645],[28.1598127,36.9080448],[28.1597303,36.9079687],[28.1597149,36.9078389],[28.1596119,36.907669],[28.1596987,36.9076509],[28.1597948,36.9074805],[28.1600193,36.9072966],[28.1607807,36.9070932],[28.1612165,36.9074786],[28.161505,36.907426],[28.1615906,36.9070297],[28.1613188,36.9067584],[28.1615905,36.9064392],[28.1624861,36.9060992],[28.1626096,36.9059211],[28.162763,36.906],[28.163079,36.90574],[28.1632206,36.9057179],[28.1632838,36.9057375],[28.1632871,36.9057666],[28.163401,36.905866],[28.1631155,36.906346],[28.1634264,36.9063386],[28.1635366,36.9064733],[28.1642574,36.9068332],[28.164535,36.906883],[28.1648151,36.9073889],[28.1651096,36.9075459],[28.1652983,36.9077159],[28.1654853,36.9077307],[28.1655605,36.9080172],[28.165989,36.907767],[28.166307,36.9077786],[28.166782,36.907374],[28.1672893,36.9072829],[28.1677285,36.9075456],[28.1679556,36.9076529],[28.1679153,36.9081423],[28.1678556,36.908488],[28.1679205,36.9085587],[28.1679419,36.9086633],[28.1680162,36.9087718],[28.1682509,36.9090602],[28.1683146,36.9092348],[28.1683542,36.9094944],[28.168101,36.90993],[28.167785,36.91019],[28.1674706,36.9107748],[28.1673272,36.910995],[28.166853,36.911061],[28.1665222,36.9112271],[28.16627,36.9115153],[28.1662079,36.9121119],[28.1660916,36.9122815],[28.1659329,36.9123968],[28.165878,36.9125452],[28.1658229,36.9128118],[28.1654044,36.9129651],[28.165168,36.9131482],[28.1648034,36.9131782],[28.1644855,36.9132473],[28.1644436,36.913341],[28.1645644,36.913447],[28.16505,36.9135444],[28.165437,36.913553],[28.1658706,36.9136909],[28.1661411,36.9138659],[28.1661717,36.9139551],[28.1661217,36.914031],[28.1661644,36.9140783],[28.1662309,36.9140972],[28.1662817,36.9140845],[28.1663266,36.9140389],[28.1663154,36.9139932],[28.166274,36.9139622],[28.1662608,36.9138449],[28.1663289,36.9136909],[28.1665455,36.9134559],[28.1666764,36.9133732],[28.1670561,36.9132568],[28.1672049,36.9132559],[28.1675428,36.9133233],[28.1676688,36.9133742],[28.1678004,36.9134758],[28.1679487,36.9136755],[28.1680036,36.9138356],[28.1680143,36.9140007],[28.1679745,36.9141936],[28.1678946,36.9143632],[28.1677026,36.9145349],[28.1673801,36.9146499],[28.1673348,36.9146316],[28.1672936,36.9146579],[28.1672992,36.914702],[28.1673266,36.914724],[28.1673722,36.9147181],[28.1674032,36.914687],[28.1677359,36.9146093],[28.1679036,36.9146429],[28.1683555,36.9149468],[28.1686835,36.9158106],[28.1685898,36.9162432],[28.1687163,36.9163272],[28.1692848,36.9163342],[28.1696299,36.9164969],[28.1697738,36.916672],[28.1698795,36.9170382],[28.1700442,36.9172574],[28.1701304,36.917506],[28.1701308,36.9178885],[28.1705795,36.9184992],[28.1709027,36.9188824],[28.1711869,36.9191474],[28.1714287,36.9195155],[28.171772,36.919913],[28.1721,36.920424],[28.1722137,36.9204367],[28.1723612,36.920345],[28.172903,36.920544],[28.173064,36.920671],[28.173076,36.921442],[28.17276,36.921702],[28.1726379,36.9217753],[28.1722974,36.9217598],[28.171963,36.921838],[28.171315,36.92133],[28.1703695,36.9210116],[28.1697337,36.9206572],[28.16947,36.9204102],[28.1692342,36.9198994],[28.1690069,36.9197175],[28.168408,36.919561],[28.1672373,36.9191328],[28.166803,36.919192],[28.1664625,36.9193558],[28.1663499,36.9195394],[28.1663837,36.9197488],[28.1669138,36.9204464],[28.1669825,36.9206172],[28.1669651,36.9207668],[28.1668465,36.9210487],[28.1668512,36.9213086],[28.1669528,36.9214981],[28.1671932,36.9215176],[28.1673966,36.9212067],[28.1677541,36.9209791],[28.1680125,36.9209909],[28.1683125,36.9210704],[28.1687203,36.9211105],[28.1691066,36.9210592],[28.1693734,36.9212192],[28.170002,36.9217576],[28.1701301,36.9219906],[28.1700776,36.9223383],[28.1699541,36.9226417],[28.1696566,36.9230041],[28.1694757,36.9233523],[28.1694787,36.9234647],[28.1695372,36.9235426],[28.1698791,36.9236206],[28.1701779,36.9235482],[28.17071,36.923648],[28.1710069,36.9240419],[28.1713782,36.9246558],[28.1714597,36.9250239],[28.1720445,36.9256346],[28.1723208,36.9257775],[28.1729035,36.9262677],[28.1729103,36.9267059],[28.1727553,36.9269129],[28.17191,36.9273068],[28.171455,36.9273281],[28.1711442,36.927475],[28.1708759,36.9275031],[28.170604,36.9274293],[28.1703761,36.9274575],[28.1701292,36.9276677],[28.1700607,36.927861],[28.1701997,36.9278911],[28.170935,36.9279501],[28.1709774,36.9281698],[28.1702685,36.9286986],[28.1703403,36.9289298],[28.1701225,36.929491],[28.1697768,36.9295911],[28.1695022,36.9295204],[28.1690798,36.9296567],[28.1688197,36.9296924],[28.1685849,36.9297767],[28.1685138,36.9299026],[28.1687308,36.9302931],[28.1689749,36.9305648],[28.169219,36.930728],[28.1695776,36.9308082],[28.1696129,36.9310943],[28.169568,36.9312498],[28.1694132,36.9313035],[28.1691524,36.9312452],[28.1689682,36.9313923],[28.168619,36.9313721],[28.1685228,36.9314434],[28.1685302,36.9315579],[28.168274,36.931765],[28.1681896,36.9319391],[28.1680216,36.9319732],[28.1677982,36.931927],[28.1675478,36.9315569],[28.1674182,36.9314455],[28.1672516,36.9313932],[28.1671513,36.9314163],[28.1669525,36.9315379],[28.1667505,36.9315882],[28.1664555,36.9314729],[28.1660318,36.9314543],[28.1656976,36.9315787],[28.166007,36.9319387],[28.1663132,36.9323987],[28.1665491,36.9326136],[28.1669512,36.9331192],[28.167784,36.9336862],[28.1682044,36.9342813],[28.1682309,36.9344485],[28.1681473,36.9346574],[28.168005,36.9348084],[28.1679313,36.9349901],[28.1680771,36.935139],[28.1681246,36.9352897],[28.1680711,36.9354806],[28.1679446,36.9356229],[28.167695,36.935752],[28.167373,36.935627],[28.1671727,36.9357399],[28.1669909,36.9360377],[28.1667743,36.9362197],[28.1664601,36.9362916],[28.1661298,36.9362048],[28.1659115,36.9360092],[28.1655714,36.9359428],[28.165455,36.935774],[28.1654263,36.9355156],[28.1652634,36.9354202],[28.1650196,36.9352171],[28.1647329,36.9350826],[28.1639131,36.9350773],[28.1638165,36.9349387],[28.1637522,36.9347443],[28.1624637,36.9345081],[28.1619876,36.9346699],[28.1616141,36.9346127],[28.1613153,36.9344908],[28.1611052,36.934329],[28.1608173,36.9339636],[28.1607373,36.9335561],[28.1605662,36.9334469],[28.1604792,36.9335093],[28.1607647,36.9338839],[28.1607921,36.934055],[28.160778,36.9342214],[28.1607123,36.9343452],[28.1608238,36.9343987],[28.1609347,36.9345132],[28.1611146,36.9347683],[28.1612459,36.9350867],[28.1612435,36.9353954],[28.1612127,36.9355991],[28.1611016,36.935615],[28.1613197,36.9357654],[28.1615978,36.9360972],[28.1618115,36.9362714],[28.1619174,36.9364702],[28.1622109,36.9365799],[28.162362,36.9365944],[28.1624526,36.9368082],[28.1624397,36.9369447],[28.162366,36.9371073],[28.1623858,36.9371878],[28.1628736,36.9372504],[28.1631479,36.9376132],[28.1633824,36.9377947],[28.1637686,36.9378624],[28.164337,36.9382969],[28.1646673,36.9386016],[28.1651333,36.9386485],[28.1653592,36.9388734],[28.1656871,36.9390788],[28.1658809,36.9391185],[28.1660526,36.9389767],[28.166557,36.938722],[28.1670166,36.9388995],[28.1672776,36.9388468],[28.1677778,36.9385245],[28.168054,36.938318],[28.1690039,36.9381053],[28.1692693,36.9378447],[28.169708,36.9376155],[28.1698776,36.9376287],[28.170063,36.9377177],[28.1702504,36.937847],[28.1708292,36.9385284],[28.1710266,36.9391646],[28.170961,36.9394783],[28.1708165,36.939709],[28.170703,36.9397531],[28.170448,36.9399243],[28.1701656,36.9402539],[28.169688,36.940486],[28.1694293,36.9409035],[28.169158,36.9411638],[28.1687688,36.9414043],[28.1686479,36.9417098],[28.1678377,36.9422978],[28.1674371,36.9424276],[28.1671097,36.9424891],[28.1657632,36.9420468],[28.1650424,36.9419765],[28.1645563,36.9419909],[28.1642327,36.9420443],[28.1638523,36.9420262],[28.1635338,36.9419344],[28.1628098,36.941988],[28.1621265,36.9421065],[28.1618707,36.9421914],[28.1615093,36.9422113],[28.1609286,36.9424006],[28.1607024,36.9423892],[28.160502,36.9422691],[28.1600661,36.9425538],[28.1599937,36.9427414],[28.1598359,36.9429778],[28.1596211,36.9431202],[28.1594248,36.9431316],[28.1592993,36.9432416],[28.1591952,36.9432187],[28.1589651,36.9433995],[28.1586694,36.9435295],[28.158534,36.943678],[28.1583062,36.9438653],[28.1580823,36.9439546],[28.1580247,36.944059],[28.1580242,36.9446195],[28.1581352,36.9450328],[28.1583472,36.9454042],[28.1587999,36.9457932],[28.1591137,36.9459921],[28.1595656,36.9461676],[28.1600854,36.946575],[28.1601706,36.9465155],[28.1605258,36.9468231],[28.1608156,36.9468966],[28.1609633,36.9470881],[28.1611092,36.9473523],[28.1611703,36.9478759],[28.1612654,36.9482839],[28.1614517,36.9486705],[28.1622316,36.9491518],[28.1626628,36.9494642],[28.1631585,36.9492126],[28.1633967,36.9492525],[28.1644772,36.9486625],[28.1647634,36.9489335],[28.1650707,36.9493298],[28.1651572,36.949501],[28.1659709,36.9499421],[28.1662633,36.9501505],[28.1664693,36.9502187],[28.1667745,36.9504298],[28.1670269,36.9506958],[28.1674293,36.9507606],[28.1677667,36.9510232],[28.1680289,36.9510056],[28.1685013,36.9512192],[28.1686596,36.9512189],[28.1688233,36.9511844],[28.168952,36.9506843],[28.1689681,36.950402],[28.1688018,36.9503745],[28.168716,36.950257],[28.168705,36.949487],[28.168863,36.949356],[28.1707648,36.9493672],[28.1713288,36.9502123],[28.1715217,36.9503526],[28.1716783,36.9504142],[28.171753,36.9503432],[28.171901,36.949199],[28.172217,36.948938],[28.172521,36.947908],[28.172833,36.947391],[28.1729525,36.9466293],[28.1725073,36.9462091],[28.1720164,36.9458061],[28.1724107,36.9456861],[28.1725046,36.9455275],[28.1728291,36.9453946],[28.172982,36.9454717],[28.1731537,36.9454031],[28.1732851,36.945401],[28.173615,36.9455425],[28.1736485,36.9456637],[28.1734756,36.9460162],[28.1735963,36.9460891],[28.1738833,36.9458554],[28.1740791,36.9458447],[28.1745484,36.9459862],[28.1754416,36.9457225],[28.1755623,36.9457611],[28.1756508,36.9459562],[28.1753772,36.9462156],[28.1751161,36.94637],[28.1748432,36.9466546],[28.1740567,36.9472231],[28.1740911,36.9476571],[28.1738745,36.9479536],[28.1737246,36.9483493],[28.1736229,36.9485159],[28.1734581,36.9492889],[28.1735034,36.9494857],[28.17398,36.9496294],[28.1740431,36.9497157],[28.1739005,36.950147],[28.1738901,36.9505337],[28.1737632,36.9509201],[28.1737243,36.951159],[28.1736719,36.9512895],[28.1734875,36.9514319],[28.1735334,36.9515943],[28.173861,36.951748],[28.174023,36.951875],[28.1742007,36.9519668],[28.1744647,36.9519305],[28.1744419,36.9515669],[28.174493,36.951228],[28.174489,36.950971],[28.174647,36.950841],[28.1755864,36.9507459],[28.1757072,36.9508435],[28.1759244,36.9508992],[28.1761098,36.9508862],[28.1762302,36.9509464],[28.1764599,36.9508055],[28.1765587,36.9506148],[28.1766057,36.9503677],[28.1764721,36.949698],[28.1766346,36.9494701],[28.1767023,36.9493173],[28.1766767,36.9491604],[28.1765437,36.9488529],[28.1765769,36.9487526],[28.1766969,36.9486421],[28.1768789,36.9485648],[28.1770769,36.948648],[28.177255,36.9486705],[28.177335,36.9486109],[28.1773115,36.9484479],[28.1772109,36.9483144],[28.1773876,36.9481659],[28.1773931,36.9480698],[28.1775312,36.947905],[28.1775016,36.9476942],[28.1776281,36.9476341],[28.1777814,36.9476235],[28.1779251,36.9476922],[28.178122,36.947852],[28.178499,36.9480704],[28.1787408,36.9478187],[28.1790503,36.9473844],[28.1791962,36.9473539],[28.179397,36.947454],[28.1795087,36.9476672],[28.1796707,36.9477942],[28.179691,36.9480344],[28.1798378,36.9483999],[28.1799869,36.9484282],[28.179929,36.9488222],[28.1802776,36.948655],[28.1805271,36.9486635],[28.180692,36.948469],[28.1810265,36.9481797],[28.1810987,36.9479983],[28.181482,36.9476689],[28.1814176,36.9476089],[28.1817168,36.9471928],[28.1818975,36.9471766],[28.1824313,36.9473582],[28.1826185,36.9476364],[28.1831261,36.947581],[28.1833598,36.9479584],[28.1835503,36.9479513],[28.1836302,36.9480881],[28.1838448,36.9481057],[28.1841178,36.9483313],[28.1845095,36.9485634],[28.1845893,36.9486744],[28.1852022,36.9484921],[28.1853282,36.9485714],[28.1855482,36.9485907],[28.1856781,36.948541],[28.1857923,36.9484192],[28.1860579,36.9484545],[28.1867553,36.9482795],[28.1869832,36.948162],[28.1870873,36.9480373],[28.1872321,36.9479934],[28.1873828,36.9478434],[28.1875518,36.9478018],[28.1877838,36.9473442],[28.1877071,36.9470568],[28.1878751,36.9467089],[28.187859,36.946214],[28.1875556,36.9459222],[28.1871026,36.9456176],[28.1864586,36.9453676],[28.1861346,36.9451136],[28.1853723,36.9446762],[28.1851978,36.9445205],[28.1850252,36.9440215],[28.1850855,36.943387],[28.1850289,36.9428686],[28.185037,36.9422957],[28.1852252,36.942024],[28.1856393,36.9416471],[28.1859089,36.9414519],[28.1863438,36.9411847],[28.186951,36.941164],[28.1876304,36.9413175],[28.1876639,36.9412943],[28.188111,36.9413183],[28.1885563,36.9413923],[28.1886888,36.9413651],[28.1887234,36.9412254],[28.1884436,36.9407545],[28.1886327,36.9406986],[28.1888394,36.9409876],[28.189213,36.9413673],[28.1892322,36.9412122],[28.1893261,36.9410664],[28.1895038,36.9409264],[28.1893623,36.9408563],[28.1893757,36.9407952],[28.1893207,36.9406816],[28.1894575,36.9408038],[28.1895138,36.9407974],[28.1895339,36.9407545],[28.1894615,36.940688],[28.189479,36.9404994],[28.189377,36.9403257],[28.1894249,36.9399609],[28.1894752,36.9398157],[28.1897793,36.9400447],[28.1898076,36.9400898],[28.1897724,36.9401097],[28.1896614,36.9400718],[28.1895724,36.9400745],[28.1895208,36.9401169],[28.1895062,36.9401714],[28.1895249,36.9402358],[28.1896803,36.9402748],[28.1897442,36.9403211],[28.189769,36.9403094],[28.1897672,36.9402713],[28.1898245,36.9402333],[28.1897951,36.9401658],[28.1898169,36.9401427],[28.1899264,36.9401513],[28.1900198,36.9401899],[28.1902158,36.9401487],[28.1906018,36.9401533],[28.1907305,36.9402133],[28.1909064,36.9403403],[28.1915218,36.9404486],[28.1916528,36.940734],[28.1919107,36.9416917],[28.1919921,36.9418201],[28.1931127,36.9422918],[28.193441,36.9425024],[28.1936003,36.9428266],[28.1937328,36.9436589],[28.1934883,36.9450483],[28.1934303,36.9455033],[28.1934768,36.9459433],[28.1933261,36.9460906],[28.193365,36.946354],[28.193311,36.9474483],[28.1929001,36.9480183],[28.1928961,36.9482312],[28.1930637,36.9483356],[28.1940618,36.9480703],[28.1946814,36.9476826],[28.1948514,36.9477174],[28.1950868,36.9478359],[28.1954248,36.9481558],[28.1956951,36.9482989],[28.196328,36.9483913],[28.196692,36.948181],[28.1969013,36.9479971],[28.1973206,36.9478759],[28.1975871,36.9480075],[28.1976047,36.9483399],[28.1977335,36.9485049],[28.1979105,36.9485371],[28.197988,36.9487174],[28.1982806,36.9488543],[28.1984884,36.9488598],[28.1987125,36.9489551],[28.1988943,36.9489447],[28.1996866,36.9485928],[28.2001005,36.9484696],[28.2003186,36.9483577],[28.2004416,36.9483823],[28.200699,36.948654],[28.2004371,36.9489293],[28.200548,36.949169],[28.2007188,36.9491941],[28.2009494,36.9491544],[28.201105,36.9492101],[28.2012016,36.9493302],[28.2014644,36.9491844],[28.201506,36.949031],[28.201822,36.94877],[28.2023064,36.9487983],[28.202388,36.9489081],[28.2023656,36.9492444],[28.2024196,36.9494318],[28.2027586,36.949755],[28.2032585,36.9500535],[28.2032831,36.9502194],[28.2028416,36.9502597],[28.2026821,36.9504234],[28.2026944,36.9505276],[28.2029902,36.9510086],[28.2031961,36.9510531],[28.2031318,36.951133],[28.2034611,36.9513629],[28.204211,36.9516666],[28.2042733,36.9517873],[28.2047403,36.9518883],[28.2047743,36.9520181],[28.2052931,36.9520997],[28.2053907,36.9521924],[28.2057803,36.9534736],[28.205905,36.953996],[28.205913,36.95451],[28.206282,36.957589],[28.206626,36.959126],[28.2065146,36.9595498],[28.2063394,36.9598846],[28.2060148,36.9606515],[28.2059241,36.9611344],[28.205702,36.961448],[28.2054475,36.9619053],[28.2052501,36.9628153],[28.2050006,36.9631132],[28.2047454,36.9635567],[28.2046314,36.9640023],[28.2043744,36.9645409],[28.2038457,36.9652257],[28.2034922,36.9654779],[28.2031113,36.9660308],[28.2030818,36.9662194],[28.2029336,36.966257],[28.2026612,36.9666183],[28.2026343,36.9668729],[28.2025614,36.967023],[28.202363,36.9669844],[28.2021913,36.9670401],[28.2020867,36.9673509],[28.2021484,36.9675014],[28.2021916,36.9678227],[28.2019669,36.9682393],[28.2011006,36.968618],[28.2008335,36.968915],[28.2007719,36.9692347],[28.2012676,36.9696741],[28.2013465,36.969785],[28.2017579,36.9699131],[28.201974,36.9700382],[28.2026052,36.9700103],[28.2030952,36.9700468],[28.2034945,36.9697176],[28.2039579,36.9695565],[28.2040849,36.9695817],[28.2047538,36.9701189],[28.2047448,36.9703532],[28.2048171,36.9704965],[28.2052781,36.9707537],[28.2055046,36.970979],[28.2058696,36.9710738],[28.2059694,36.971179],[28.2062012,36.971234],[28.2064636,36.9713499],[28.206665,36.971714],[28.2068208,36.971774],[28.2070702,36.9718104],[28.2072982,36.9719904],[28.2075511,36.9719967],[28.20784,36.9721425],[28.2080942,36.9721631],[28.208596,36.972336],[28.2090175,36.9724211],[28.2090477,36.9724887],[28.2088003,36.9726076],[28.2088183,36.9726879],[28.2084221,36.9729697],[28.2083511,36.9731737],[28.2085803,36.9733661],[28.209224,36.9736533],[28.2099686,36.9738746],[28.2103533,36.9738076],[28.2104042,36.9738976],[28.2109326,36.9739168],[28.2112854,36.9737971],[28.2113537,36.974084],[28.2112459,36.9742127],[28.2115093,36.9743733],[28.2120392,36.9745219],[28.2124479,36.9744703],[28.2124802,36.9746111],[28.2125875,36.9747418],[28.2126948,36.9747825],[28.2125564,36.9750774],[28.2126787,36.9751811],[28.2129522,36.9752133],[28.213443,36.975113],[28.2138562,36.9749497],[28.2141271,36.974714],[28.2142746,36.9747333],[28.2142827,36.9749475],[28.214403,36.975103],[28.2150963,36.9755309],[28.2152466,36.975545],[28.2156349,36.9757061],[28.2160189,36.976561],[28.216179,36.9771075],[28.2162353,36.9774824],[28.2161981,36.977671],[28.216061,36.9776496],[28.2158709,36.9777554],[28.2158706,36.9778296],[28.2151837,36.9780401],[28.215093,36.978179],[28.2130526,36.978844],[28.2110409,36.9792047],[28.2100588,36.9791291],[28.209224,36.9790273],[28.2089239,36.9790339],[28.208353,36.9791987],[28.2079195,36.9793821],[28.2077435,36.9796144],[28.2077675,36.9797169],[28.2074789,36.979965],[28.2069567,36.9802333],[28.2064072,36.9807123],[28.2063548,36.9809],[28.2059872,36.981074],[28.2051815,36.9811963],[28.2042989,36.9811712],[28.2039203,36.9810337],[28.203612,36.981121],[28.2023151,36.9813786],[28.2017419,36.9814729],[28.2013015,36.9814496],[28.2007677,36.9815691],[28.2004666,36.9815085],[28.2002494,36.9815535],[28.2001316,36.9814033],[28.1996726,36.9813017],[28.199133,36.981424],[28.1990745,36.9815769],[28.198497,36.981687],[28.1982109,36.9816521],[28.1978434,36.9816864],[28.1969624,36.9820591],[28.1965989,36.9823206],[28.1965291,36.982432],[28.1966042,36.9826501],[28.1968993,36.9827834],[28.1969985,36.9826463],[28.1971863,36.9827663],[28.19772,36.9826356],[28.198193,36.982718],[28.199158,36.982965],[28.199806,36.983472],[28.20045,36.983722],[28.2005069,36.9837861],[28.2007322,36.9837133],[28.2008186,36.9835987],[28.2010245,36.9835547],[28.2011869,36.9833187],[28.2011581,36.9831506],[28.2016002,36.9829741],[28.2016806,36.9828324],[28.2018239,36.9827082],[28.2020547,36.9826242],[28.202333,36.9826618],[28.2026589,36.9827684],[28.2029155,36.9828854],[28.2031177,36.9830217],[28.2034432,36.9831866],[28.2038688,36.9833614],[28.2041568,36.9835334],[28.2043922,36.9838051],[28.2047412,36.983919],[28.205215,36.9842361],[28.2055011,36.9842725],[28.2056816,36.9839184],[28.2056236,36.9837184],[28.2056984,36.9835607],[28.2060454,36.9834283],[28.2074439,36.9837016],[28.2085809,36.9838713],[28.2087955,36.983744],[28.2094466,36.9837286],[28.2098202,36.9838163],[28.2100984,36.9838204],[28.2104216,36.9836841],[28.2107713,36.983588],[28.2108604,36.983681],[28.2107355,36.983916],[28.2107636,36.9841204],[28.210883,36.9842739],[28.2112186,36.9843661],[28.2113728,36.9842727],[28.2115991,36.9843141],[28.2116855,36.9844678],[28.2121224,36.9844458],[28.2123204,36.9843312],[28.2130204,36.9842733],[28.2131974,36.9846546],[28.2134306,36.9848765],[28.2137603,36.9850679],[28.2141164,36.9851488],[28.2147789,36.9851681],[28.2150131,36.985261],[28.2151553,36.9855396],[28.2153502,36.9862393],[28.2154359,36.987039],[28.215397,36.987296],[28.2155684,36.988551],[28.2155406,36.9890085],[28.2146401,36.9893595],[28.213355,36.989757],[28.2131497,36.9898761],[28.2130837,36.9899993],[28.2131293,36.9902007],[28.21326,36.9903668],[28.2133936,36.9906818],[28.2135275,36.9908315],[28.2139597,36.991124],[28.2145134,36.9912162],[28.2151212,36.9911123],[28.2152241,36.991184],[28.2152617,36.9912912],[28.2149042,36.9914759],[28.2147489,36.9916358],[28.2143176,36.9917775],[28.213694,36.9920984],[28.2133932,36.9921046],[28.2129765,36.9924952],[28.2131481,36.9928882],[28.2132836,36.9930244],[28.2132145,36.9938755],[28.2133436,36.9941759],[28.2138114,36.994547],[28.2141011,36.994594],[28.2142532,36.9948859],[28.2141405,36.9951237],[28.2141182,36.9953847],[28.2145697,36.9955029],[28.2150759,36.9955656],[28.2155457,36.9955272],[28.2158679,36.9953808],[28.2159993,36.9954044],[28.2161713,36.9954886],[28.2157453,36.9960918],[28.215064,36.996547],[28.2147631,36.9967003],[28.2147896,36.996951],[28.2148674,36.9971974],[28.2149771,36.9973552],[28.2152072,36.9974711],[28.2152268,36.9976108],[28.2151863,36.9977121],[28.2153017,36.9978525],[28.2153254,36.9983461],[28.2151105,36.9986291],[28.2152323,36.9987036],[28.2154252,36.9986631],[28.2155961,36.9987187],[28.2163046,36.9990951],[28.2166101,36.9990692],[28.2168894,36.9987915],[28.2169814,36.9986097],[28.2170975,36.998484],[28.2179368,36.9980585],[28.2180875,36.9978892],[28.2182775,36.9977704],[28.2185198,36.9974942],[28.218644,36.9976567],[28.2189444,36.9979177],[28.2187876,36.9987654],[28.2189936,36.9990307],[28.2199649,36.9993827],[28.2204506,36.9995193],[28.2206727,36.9997234],[28.2212,36.999695],[28.221358,36.999565],[28.2214727,36.9993196],[28.2219576,36.9991129],[28.222285,36.9987803],[28.222465,36.998655],[28.2226649,36.9986064],[28.2225815,36.9984613],[28.2228252,36.9982768],[28.222934,36.998008],[28.222855,36.9979622],[28.2230427,36.9976696],[28.2229778,36.9974949],[28.2227864,36.9974231],[28.2226648,36.9973162],[28.2226505,36.9970717],[28.2229381,36.9968613],[28.2232644,36.9966891],[28.2236526,36.996738],[28.2239795,36.9966825],[28.224342,36.9965468],[28.2245506,36.9963793],[28.2252755,36.9956887],[28.2256345,36.995402],[28.2257526,36.9952486],[28.2260971,36.9950764],[28.2269935,36.9945311],[28.227838,36.994232],[28.2280673,36.9942037],[28.2287232,36.9939247],[28.229129,36.9937209],[28.229888,36.9935028],[28.2304952,36.9932822],[28.2313325,36.9926494],[28.2319107,36.9924088],[28.2327121,36.9918632],[28.2327902,36.9916354],[28.2333839,36.9917647],[28.2347506,36.9915932],[28.2359554,36.9913377],[28.236438,36.991317],[28.2370761,36.9915054],[28.2378942,36.9915975],[28.238684,36.99155],[28.2393438,36.9920219],[28.2401397,36.9923492],[28.2408299,36.9925134],[28.2417147,36.9923336],[28.2425559,36.9922788],[28.2428957,36.992146],[28.2434433,36.9916331],[28.2441209,36.9912343],[28.2440338,36.9908905],[28.244272,36.990593],[28.2445487,36.9904321],[28.2449508,36.9903584],[28.2455037,36.9899261],[28.2461078,36.9897313],[28.2466834,36.9898084],[28.2470506,36.9897134],[28.247616,36.989401],[28.2487508,36.9889556],[28.2500573,36.9889085],[28.2509623,36.989729],[28.2509217,36.9899393],[28.2509592,36.9899565],[28.2510424,36.9897122],[28.2510964,36.9894111],[28.2516121,36.9897944],[28.2517478,36.9899929],[28.2523123,36.9903191],[28.2526356,36.9904171],[28.2528234,36.9905585],[28.2529692,36.9907078],[28.2540358,36.9910604],[28.254868,36.9920928],[28.2562813,36.9927967],[28.2565869,36.9930057],[28.2573701,36.9939296],[28.2569566,36.9943336],[28.2570451,36.9947724],[28.2572275,36.9950723],[28.2572562,36.9955436],[28.2571149,36.9958478],[28.256849,36.995855],[28.2562429,36.9961175],[28.255983,36.9964134],[28.255905,36.996893],[28.2554626,36.9971674],[28.2552642,36.9971203],[28.2547568,36.9973377],[28.2544784,36.9973618],[28.2534939,36.9977072],[28.2530755,36.9977115],[28.2524829,36.9977756],[28.2516324,36.9984998],[28.2512617,36.9986595],[28.2508496,36.9988881],[28.2501197,36.998984],[28.2500814,36.9991551],[28.249701,36.999398],[28.2490522,36.9996395],[28.2487893,36.9994681],[28.248363,36.9995496],[28.2487035,37.0001964],[28.2489091,37.0004675],[28.249197,37.0013231],[28.2491657,37.0014262],[28.248951,37.0015144],[28.2487782,37.0014204],[28.248282,37.000827],[28.2481833,37.0005601],[28.2477404,37.0002066],[28.247298,37.0001321],[28.247173,37.0001818],[28.2465244,37.0007438],[28.2457657,37.0009912],[28.2456565,37.0009911],[28.2456431,37.0010811],[28.246049,37.001364],[28.2461661,37.001578],[28.2461956,37.0018415],[28.2459976,37.0021414],[28.2457943,37.0022643],[28.24545,37.0023813],[28.2452789,37.0024838],[28.2451378,37.002765],[28.2450309,37.0028058],[28.2450041,37.0029665],[28.245289,37.0032381],[28.2455894,37.0033024],[28.2458121,37.0031824],[28.2459218,37.0032559],[28.246774,37.0034013],[28.2469826,37.0035144],[28.247206,37.003535],[28.2474267,37.0036515],[28.2479122,37.0037333],[28.2499465,37.0037577],[28.250691,37.0038657],[28.2507715,37.0038979],[28.2506052,37.0041142],[28.2506293,37.0041977],[28.2507769,37.0042803],[28.2511086,37.0049938],[28.2510777,37.0051609],[28.2509029,37.0053823],[28.2506637,37.005511],[28.2507554,37.0055986],[28.2510209,37.0056436],[28.2514573,37.0056605],[28.2518953,37.0055686],[28.2522064,37.005363],[28.2522976,37.0050974],[28.2525703,37.0049668],[28.2526857,37.0050787],[28.2528817,37.00548],[28.2533316,37.0056734],[28.2539033,37.0055961],[28.2542877,37.0055695],[28.254447,37.005643],[28.2545074,37.0059001],[28.2544441,37.0060035],[28.2542825,37.0060251],[28.253907,37.0062005],[28.2538383,37.0063002],[28.2534885,37.0065003],[28.2534537,37.006616],[28.2535663,37.0066845],[28.2536935,37.0066594],[28.2546668,37.0069232],[28.2548162,37.0071022],[28.2550549,37.0071879],[28.255914,37.007169],[28.256042,37.0073186],[28.2560981,37.0074925],[28.2556853,37.0077791],[28.255607,37.007943],[28.2558183,37.0082837],[28.256034,37.0085394],[28.2564688,37.0089634],[28.2571474,37.0092241],[28.257389,37.009208],[28.257551,37.009334],[28.258192,37.009328],[28.259161,37.0091943],[28.2595639,37.0089322],[28.2600542,37.0087411],[28.2602275,37.0088478],[28.2601727,37.0091508],[28.2601538,37.0094877],[28.2603577,37.0098181],[28.2607648,37.0101865],[28.261091,37.010324],[28.2614174,37.0103745],[28.2615121,37.0103437],[28.26206,37.0104318],[28.2627149,37.0104553],[28.263338,37.010557],[28.2635231,37.01061],[28.2635602,37.0109747],[28.2637951,37.0111542],[28.2639655,37.0112075],[28.2643883,37.0112498],[28.2659506,37.0111125],[28.2659774,37.0113038],[28.2659125,37.0117436],[28.2661809,37.0121392],[28.266803,37.0123668],[28.267093,37.0124018],[28.2675379,37.0122726],[28.2678062,37.0123197],[28.2678303,37.0124054],[28.2678062,37.0125425],[28.2683024,37.0126753],[28.2685443,37.0126308],[28.268658,37.012685],[28.2688254,37.0129473],[28.26904,37.0134227],[28.2690212,37.0136176],[28.2688093,37.0136755],[28.2685465,37.0138382],[28.268517,37.0140181],[28.2687262,37.014046],[28.2687809,37.0140911],[28.2685196,37.0141788],[28.268415,37.0142987],[28.268367,37.014486],[28.267992,37.0146389],[28.2677686,37.014787],[28.2676278,37.014778],[28.2672644,37.0150483],[28.267258,37.01514],[28.2670956,37.015317],[28.26709,37.0154338],[28.267154,37.0155077],[28.2673357,37.0156766],[28.2676573,37.0159165],[28.2680053,37.0160542],[28.2685131,37.0161701],[28.2688384,37.0162035],[28.2690829,37.0163097],[28.2694754,37.0163979],[28.2700587,37.0166264],[28.2704846,37.016851],[28.2714622,37.0171674],[28.271938,37.017274],[28.2720071,37.0173208],[28.2731827,37.0175378],[28.2736185,37.0174919],[28.2740659,37.0173233],[28.2743394,37.0172641],[28.2747102,37.0174105],[28.2747346,37.0174953],[28.2748824,37.0175392],[28.2748579,37.0178532],[28.2749957,37.0179671],[28.2754548,37.0182493],[28.2762391,37.0184601],[28.277247,37.018629],[28.278537,37.019129],[28.2794618,37.0194328],[28.2798929,37.0193664],[28.2803023,37.0190397],[28.2807287,37.018795],[28.2810031,37.0185638],[28.2811906,37.0183331],[28.281723,37.018067],[28.2821399,37.0180894],[28.2822563,37.0181333],[28.2824505,37.0185445],[28.2827783,37.0186441],[28.2831189,37.0185584],[28.2834617,37.0185566],[28.2835829,37.0186526],[28.2837871,37.0186692],[28.2840309,37.0185735],[28.2842158,37.0183214],[28.2847264,37.0183643],[28.2850678,37.0185077],[28.2852783,37.0188078],[28.2852046,37.0192383],[28.285229,37.0192832],[28.2854685,37.0192618],[28.2858524,37.0192971],[28.2862365,37.0191759],[28.2865894,37.019264],[28.2868189,37.0194689],[28.2869923,37.0194532],[28.287347,37.019163],[28.2876669,37.0190898],[28.288791,37.019275],[28.289111,37.019271],[28.289269,37.019142],[28.2896228,37.019056],[28.2900873,37.0190703],[28.290388,37.019001],[28.291033,37.019251],[28.2915296,37.0195288],[28.2916453,37.0197446],[28.291664,37.0202455],[28.2917266,37.0206154],[28.2918456,37.0209686],[28.2920774,37.0212664],[28.2922185,37.0213662],[28.2925441,37.0215117],[28.292994,37.021541],[28.2933841,37.02171],[28.2942558,37.0217225],[28.2956261,37.0215983],[28.2960381,37.0214533],[28.2975602,37.0215704],[28.297664,37.0218788],[28.2977851,37.0220441],[28.2978887,37.0220754],[28.2980334,37.0222096],[28.2981818,37.0224865],[28.2983509,37.0225518],[28.2987604,37.0226267],[28.2989479,37.0225969],[28.2993509,37.0229563],[28.2995775,37.0229599],[28.2996979,37.0230457],[28.3004952,37.0231085],[28.3011672,37.0229956],[28.3026042,37.0224929],[28.3031898,37.0221824],[28.303552,37.0221455],[28.304214,37.021932],[28.3043878,37.0218369],[28.304651,37.0218149],[28.305722,37.0212171],[28.3058136,37.0212071],[28.3069707,37.0216618],[28.3072651,37.0219313],[28.3078225,37.0221628],[28.3080036,37.0225903],[28.3082039,37.02268],[28.3084846,37.0226616],[28.3085234,37.0228131],[28.3088386,37.0230449],[28.3091497,37.0230792],[28.3089213,37.0234324],[28.3088771,37.0237125],[28.3091683,37.0241658],[28.3096163,37.0246404],[28.3099845,37.0249061],[28.3103367,37.0250833],[28.3109179,37.0250933],[28.3122019,37.0246995],[28.3123777,37.0246979],[28.3133861,37.0243375],[28.3144939,37.0240032],[28.315718,37.0237443],[28.3159769,37.02364],[28.3161091,37.0235133],[28.316896,37.0235246],[28.3172453,37.0234008],[28.3178304,37.0231268],[28.3182961,37.0227601],[28.318642,37.022543],[28.3192107,37.0225609],[28.3197158,37.0227137],[28.3200502,37.0230578],[28.3199,37.0231948],[28.3198777,37.0236455],[28.3200672,37.0239713],[28.320761,37.024704],[28.320924,37.02483],[28.3212281,37.0251291],[28.3216068,37.0253518],[28.322864,37.025836],[28.3239404,37.0260065],[28.3258188,37.0260529],[28.326713,37.02605],[28.326874,37.026177],[28.327204,37.026687],[28.3274481,37.0271476],[28.3277446,37.0272297],[28.328174,37.02719],[28.3280011,37.0273902],[28.3286562,37.028203],[28.3288477,37.0282871],[28.3289337,37.0290322],[28.3290096,37.0293761],[28.3293255,37.0297423],[28.3294717,37.0302994],[28.3296612,37.0307661],[28.3298041,37.0309102],[28.3298457,37.0315267],[28.329607,37.0315523],[28.3295771,37.0316174],[28.3298188,37.0320728],[28.329969,37.032561],[28.3299743,37.0332297],[28.3301385,37.0341873],[28.3302141,37.0344335],[28.3298818,37.0353203],[28.3285753,37.0351677],[28.3283527,37.0351217],[28.3281762,37.0351401],[28.3278534,37.0351012],[28.327822,37.0350691],[28.3277119,37.035036],[28.3276157,37.035064],[28.3277116,37.0351082],[28.3282107,37.0352197],[28.3285369,37.0352381],[28.3289206,37.0353423],[28.3291266,37.0355102],[28.3292683,37.0362776],[28.329318,37.03771],[28.3292412,37.0382273],[28.329025,37.039254],[28.329029,37.039511],[28.328727,37.040542],[28.328736,37.041056],[28.328428,37.04183],[28.328438,37.042344],[28.3282821,37.0435177],[28.3279998,37.0439879],[28.3280475,37.0444449],[28.327977,37.0447033],[28.328087,37.0453667],[28.3280669,37.0456388],[28.3279214,37.0458859],[28.327543,37.046207],[28.3274545,37.0464564],[28.327232,37.046724],[28.3269367,37.0479306],[28.3267282,37.0480228],[28.326843,37.0481653],[28.3268479,37.0486502],[28.3265251,37.0493749],[28.3262971,37.0496168],[28.3259283,37.0498288],[28.3259351,37.049888],[28.3260554,37.0499865],[28.3265013,37.0499218],[28.3269404,37.0497769],[28.3273426,37.0497951],[28.3278003,37.0501562],[28.3280437,37.0500781],[28.3282104,37.0501203],[28.3282479,37.0504522],[28.3286544,37.0511431],[28.3287862,37.0514846],[28.3288816,37.0519021],[28.3288506,37.0520604],[28.328754,37.052069],[28.3286574,37.0516944],[28.3284,37.0513411],[28.328357,37.0510543],[28.3281382,37.0505398],[28.3277156,37.0503293],[28.3275172,37.0501478],[28.3271579,37.050072],[28.3265808,37.0502044],[28.3263315,37.050284],[28.3260106,37.0501956],[28.324616,37.0506196],[28.323985,37.0493845],[28.3239817,37.0492647],[28.3241058,37.0490655],[28.3241138,37.0489672],[28.3240326,37.0489182],[28.3239395,37.0489157],[28.3238,37.0492582],[28.3238271,37.0493894],[28.3244497,37.0505551],[28.3242655,37.0508327],[28.3238279,37.0512315],[28.32354,37.0514303],[28.3226092,37.0519851],[28.3225276,37.0519313],[28.3223287,37.0519598],[28.3207755,37.0514695],[28.3204678,37.0511924],[28.3204861,37.0511485],[28.3204673,37.051111],[28.3203319,37.0509901],[28.3202742,37.051034],[28.3201011,37.0508975],[28.3199801,37.0504139],[28.3198221,37.0503648],[28.3196929,37.0502657],[28.3190636,37.050458],[28.3185723,37.0503971],[28.3181525,37.0503065],[28.3176368,37.0503727],[28.3170408,37.0501916],[28.3165965,37.0499172],[28.3163269,37.0496432],[28.3159832,37.0494801],[28.3157897,37.0491984],[28.3154592,37.0491839],[28.31527,37.04928],[28.31433,37.04931],[28.3141977,37.0494509],[28.3140394,37.0495002],[28.31385,37.04937],[28.3129709,37.0494179],[28.3127761,37.0495023],[28.3127709,37.049713],[28.3126184,37.0501914],[28.3125706,37.0506305],[28.3120653,37.0511421],[28.3120599,37.0511956],[28.3122021,37.0514075],[28.3121484,37.0514953],[28.3119335,37.0515391],[28.3116013,37.0514931],[28.3110326,37.0514567],[28.3105724,37.0512444],[28.3098085,37.0506497],[28.3094305,37.0503928],[28.309177,37.049751],[28.308793,37.0496329],[28.308534,37.049629],[28.3082134,37.0495526],[28.3070147,37.0494402],[28.3067572,37.0492904],[28.3065611,37.0492974],[28.3061789,37.0493974],[28.305646,37.049404],[28.305003,37.0491919],[28.3047724,37.0490677],[28.3042925,37.0490577],[28.3039463,37.0491448],[28.3033186,37.0490806],[28.3029377,37.0488579],[28.3028214,37.0486415],[28.3025675,37.0487051],[28.3024818,37.0488665],[28.3020902,37.0489136],[28.3017576,37.0487552],[28.3013123,37.0487252],[28.301028,37.0487488],[28.3008939,37.0490613],[28.3006895,37.0492065],[28.300572,37.0492026],[28.300196,37.0491024],[28.29999,37.0488965],[28.2998167,37.0486135],[28.2995957,37.0485432],[28.2993714,37.048545],[28.2986175,37.0486627],[28.297951,37.0488111],[28.297455,37.0488638],[28.2972139,37.0488237],[28.2966238,37.0486524],[28.296336,37.048478],[28.2958367,37.0483171],[28.295045,37.047979],[28.2944727,37.0478004],[28.2938998,37.0478175],[28.293565,37.0480068],[28.2931879,37.0484105],[28.2929712,37.0484401],[28.2927534,37.0483891],[28.29217,37.048524],[28.2919005,37.0485026],[28.291647,37.0483788],[28.2914847,37.0481237],[28.2908678,37.0479074],[28.2897252,37.0473937],[28.2889527,37.0472823],[28.287987,37.047542],[28.287785,37.0476863],[28.2875794,37.0477405],[28.2869732,37.0474836],[28.2861149,37.0475478],[28.2860299,37.0477265],[28.2854927,37.0477319],[28.2851279,37.0478518],[28.2846529,37.047848],[28.2845324,37.0476506],[28.2841033,37.0476077],[28.2839477,37.0475135],[28.283004,37.0475191],[28.282715,37.0474345],[28.2823786,37.04749],[28.2821978,37.0476795],[28.2821935,37.048053],[28.2822204,37.0483013],[28.2816627,37.0484874],[28.2811636,37.0484726],[28.2804555,37.0485154],[28.2800639,37.0482585],[28.2794496,37.0481108],[28.2789464,37.0482241],[28.2781126,37.0483237],[28.2774618,37.0485475],[28.2771641,37.0488913],[28.276798,37.049204],[28.27649,37.0494148],[28.2758943,37.0496151],[28.2753703,37.0496991],[28.2751983,37.0497784],[28.2746297,37.0496543],[28.2745868,37.0494445],[28.2743687,37.0491472],[28.2739315,37.0489437],[28.273264,37.048728],[28.272948,37.0486503],[28.2726512,37.0484823],[28.271885,37.0482164],[28.2714593,37.0481322],[28.2711299,37.0480119],[28.2708561,37.0476682],[28.2708993,37.0474959],[28.2708022,37.0473765],[28.2701898,37.0471638],[28.2699573,37.046897],[28.2688262,37.0465485],[28.2683839,37.0463627],[28.2680207,37.0460664],[28.2675916,37.0458095],[28.2672805,37.0455183],[28.2671624,37.0451758],[28.2667655,37.0448547],[28.266449,37.0447776],[28.265875,37.0447733],[28.2652795,37.0448846],[28.2644802,37.0448632],[28.2638687,37.0445335],[28.2634073,37.0443494],[28.26271,37.0441567],[28.2622057,37.0439812],[28.261326,37.04375],[28.2610151,37.0436194],[28.2604998,37.0435059],[28.2600868,37.043219],[28.2592875,37.0428679],[28.2590514,37.0427395],[28.2584399,37.0425682],[28.2579594,37.0424753],[28.2575816,37.0424526],[28.2569057,37.0424869],[28.2565141,37.0424312],[28.2562834,37.0422385],[28.256167,37.041974],[28.2557017,37.0415977],[28.2552399,37.0413276],[28.2546687,37.0411466],[28.2541591,37.0410225],[28.2539016,37.0410288],[28.2535475,37.0409176],[28.2534452,37.0407812],[28.2530634,37.0406859],[28.252826,37.0407934],[28.2528702,37.0408852],[28.2527027,37.0410482],[28.2524773,37.0411295],[28.251957,37.0411466],[28.2516861,37.0409968],[28.2498488,37.0406671],[28.249417,37.040761],[28.2491821,37.0409638],[28.2486299,37.041268],[28.2479567,37.0414976],[28.2476789,37.0415834],[28.247416,37.0416241],[28.2472578,37.0415684],[28.2465979,37.0417461],[28.2462975,37.0417782],[28.2461929,37.0416433],[28.2460266,37.0415513],[28.2459891,37.0414399],[28.2460105,37.0413029],[28.2461715,37.0411595],[28.2460776,37.0409047],[28.2461151,37.0407506],[28.2459113,37.0405001],[28.2457464,37.0404186],[28.2456973,37.0404644],[28.2454889,37.0404599],[28.2449323,37.0403909],[28.2447687,37.0402389],[28.24442,37.040074],[28.2443234,37.0399798],[28.2442966,37.0398877],[28.2443878,37.0397871],[28.2443476,37.0395752],[28.2440874,37.0394339],[28.2439962,37.0393118],[28.2438013,37.0392987],[28.243551,37.0391598],[28.2435037,37.0390502],[28.2433632,37.0389821],[28.2433,37.039027],[28.2429609,37.0390485],[28.242757,37.0389864],[28.2422394,37.0389264],[28.2416449,37.0387803],[28.2413971,37.0386417],[28.2412113,37.0386977],[28.2410699,37.0385603],[28.2408875,37.0385689],[28.2405549,37.0386845],[28.2399702,37.0387573],[28.2397395,37.0386888],[28.2392567,37.03889],[28.2391082,37.0388954],[28.2387359,37.0390591],[28.2381585,37.0395612],[28.2377896,37.0402838],[28.2376152,37.0404551],[28.2371244,37.0403331],[28.2365075,37.0404444],[28.2357135,37.0404572],[28.2351235,37.0405943],[28.2349867,37.0407613],[28.2348273,37.0408639],[28.2346702,37.0408662],[28.2343563,37.0407334],[28.2341552,37.0407527],[28.2339165,37.040727],[28.2321274,37.0410589],[28.2316661,37.0410631],[28.2301345,37.0412044],[28.2290617,37.0413714],[28.2282758,37.041577],[28.2273531,37.0417054],[28.2270232,37.0415192],[28.226696,37.0412879],[28.2259101,37.0410738],[28.2253371,37.0406484],[28.2253522,37.0405215],[28.2251456,37.0404016],[28.2245636,37.0402795],[28.2240942,37.0401018],[28.2232252,37.0398728],[28.2227397,37.0396951],[28.2227601,37.039784],[28.2226807,37.0398449],[28.2225358,37.0398042],[28.2224554,37.0398599],[28.2222881,37.0398723],[28.2220718,37.0397186],[28.2217982,37.0396736],[28.2214174,37.03971],[28.2207374,37.039694],[28.2204947,37.0397143],[28.2203244,37.0396651],[28.2201044,37.0398267],[28.219804,37.0398374],[28.219737,37.039891],[28.2197678,37.0399488],[28.219737,37.0400119],[28.219635,37.0400612],[28.2194862,37.0400879],[28.2194486,37.0401415],[28.2194915,37.04021],[28.2195063,37.0402935],[28.2194325,37.0403299],[28.2192461,37.0402399],[28.2191107,37.0403234],[28.218994,37.0403416],[28.2190168,37.0404219],[28.2189994,37.0404787],[28.2187566,37.0405418],[28.2184924,37.0405076],[28.2185018,37.0405771],[28.2184267,37.0406585],[28.2184938,37.040787],[28.218416,37.040879],[28.2181759,37.0409336],[28.2181424,37.0410075],[28.2180271,37.0409946],[28.2179895,37.0411027],[28.218015,37.0411595],[28.2179117,37.0412323],[28.217673,37.0412665],[28.2173364,37.0410824],[28.2170869,37.0412344],[28.2168241,37.0412965],[28.2167852,37.0412837],[28.216635,37.0410653],[28.2164486,37.0409818],[28.2162595,37.0410717],[28.2155926,37.041037],[28.2154669,37.0411274],[28.2152134,37.0411905],[28.2151316,37.0411466],[28.2150699,37.0410792],[28.2149854,37.0410749],[28.2149264,37.0412023],[28.2148755,37.041198],[28.2149103,37.0410738],[28.2151222,37.0409497],[28.2150337,37.04094],[28.2149117,37.0409871],[28.2148741,37.0410621],[28.2146046,37.0409004],[28.2145321,37.0407998],[28.2141244,37.0408854],[28.2135639,37.040697],[28.2135048,37.040503],[28.2131803,37.040378],[28.2131964,37.0402646],[28.2130784,37.0402667],[28.2128638,37.0401682],[28.2126814,37.040286],[28.2116506,37.0402974],[28.210058,37.0407074],[28.2087386,37.0410139],[28.208068,37.0409325],[28.2077614,37.0407732],[28.2072687,37.0405643],[28.207111,37.040429],[28.2066529,37.0402992],[28.2056641,37.0402107],[28.2054341,37.0402432],[28.2052249,37.0401018],[28.2048922,37.0399851],[28.2042995,37.0399911],[28.203262,37.040211],[28.2028484,37.0403759],[28.202621,37.040217],[28.2023549,37.0400719],[28.20198,37.040224],[28.2016039,37.0403288],[28.201019,37.040234],[28.200378,37.04024],[28.2000053,37.0403288],[28.1997585,37.0402774],[28.1996146,37.0400833],[28.1994233,37.0401168],[28.1992489,37.0400633],[28.1992355,37.0399627],[28.1988476,37.0397775],[28.198448,37.039746],[28.1977227,37.0400398],[28.1974411,37.0401061],[28.1966179,37.0399193],[28.1958035,37.0398234],[28.1953625,37.0396915],[28.1951779,37.0394864],[28.1946916,37.0392539],[28.1941923,37.0392144],[28.1937879,37.0392412],[28.1935573,37.0390057],[28.1935304,37.0389286],[28.1931657,37.0388943],[28.1928438,37.0388344],[28.1923703,37.0389062],[28.1916762,37.0388203],[28.1912605,37.0386897],[28.190896,37.0384446],[28.1904673,37.0378763],[28.1901659,37.0372266],[28.1899031,37.0370179],[28.1895375,37.0368096],[28.188941,37.036374],[28.1881285,37.0360168],[28.1875651,37.0358488],[28.1871843,37.035657],[28.1869376,37.0354601],[28.186678,37.035112],[28.1865567,37.0347235],[28.185972,37.0341668],[28.185219,37.03397],[28.1848133,37.03382],[28.1842822,37.03382],[28.183934,37.033726],[28.182012,37.033745],[28.1810822,37.0337314],[28.1802982,37.0336424],[28.179128,37.033774],[28.1788415,37.0337769],[28.1780723,37.0339069],[28.1774554,37.0339043],[28.1768689,37.0338581],[28.1761587,37.0334414],[28.1758704,37.0333755],[28.1754357,37.0332114],[28.1751172,37.0331579],[28.1749309,37.0327923],[28.174623,37.032534],[28.173333,37.032033],[28.173009,37.031779],[28.1724107,37.0315803],[28.1722069,37.0314689],[28.1717777,37.0313747],[28.171311,37.0311949],[28.1708872,37.0309893],[28.1706887,37.0306895],[28.1703079,37.0304454],[28.1699216,37.0300557],[28.1695676,37.0299701],[28.1694764,37.030317],[28.169353,37.0305611],[28.168824,37.030536],[28.168502,37.030411],[28.1685483,37.0301799],[28.1683123,37.0299958],[28.1678563,37.0297688],[28.1674755,37.0296489],[28.1670463,37.0295332],[28.1663972,37.0296146],[28.1661504,37.0297217],[28.1655872,37.0298801],[28.1653136,37.0297988],[28.1650615,37.0296532],[28.1645787,37.0295675],[28.164003,37.029556],[28.163681,37.029431],[28.1637213,37.029054],[28.1632,37.0290279],[28.1626001,37.0291038],[28.161747,37.0289788],[28.161478,37.0291478],[28.1614492,37.0292721],[28.1612395,37.0293117],[28.1611508,37.0294562],[28.1603837,37.0295461],[28.1600765,37.0294874],[28.1598017,37.0289305],[28.1596446,37.0289159],[28.1594376,37.0291203],[28.1590572,37.0291426],[28.1587509,37.0293619],[28.1585598,37.0296374],[28.1577275,37.0296593],[28.1572278,37.0296301],[28.1564872,37.0296279],[28.1558616,37.0298109],[28.1551746,37.0303957],[28.1543023,37.0310882],[28.1541126,37.0311906],[28.1537195,37.031057],[28.1527796,37.0308951],[28.1525064,37.0309081],[28.1521086,37.0310074],[28.1508816,37.0308802],[28.1500025,37.0306974],[28.1496691,37.0305848],[28.1490619,37.0307303],[28.148645,37.0307352],[28.1481891,37.0308311],[28.1478315,37.0307528],[28.1472664,37.0308959],[28.1465415,37.0304359],[28.1461169,37.0303576],[28.1458653,37.030367],[28.1450311,37.0308414],[28.1446382,37.0309683],[28.1441,37.0310642],[28.1435726,37.0310529],[28.1426742,37.0308768],[28.1412318,37.0307226],[28.1404928,37.0308507],[28.1394487,37.0309742],[28.1387035,37.0313713],[28.1381618,37.0314775],[28.1377882,37.0314719],[28.137435,37.031355],[28.13647,37.031107],[28.133907,37.031132],[28.131989,37.031407],[28.131352,37.03167],[28.130395,37.031936],[28.128796,37.032208],[28.1285573,37.0322163],[28.1276305,37.0328875],[28.1267653,37.0330955],[28.1262834,37.0330192],[28.12608,37.0330266],[28.1254216,37.0334909],[28.1250501,37.0335847],[28.1244641,37.0338028],[28.1240308,37.0340982],[28.1236026,37.0341669],[28.1225806,37.0340854],[28.121138,37.034336],[28.1206882,37.03449],[28.1197156,37.0348776],[28.119335,37.0349503],[28.1187711,37.0349279],[28.1172189,37.0344707],[28.1166046,37.034431],[28.1153097,37.0339472],[28.1148531,37.0338942],[28.1140729,37.0343249],[28.1129689,37.034484],[28.1122384,37.0343713],[28.1113834,37.0344508],[28.111068,37.0343316],[28.1105534,37.0342123],[28.1100055,37.0345105],[28.109632,37.0345171],[28.1092252,37.0346761],[28.1086193,37.0344906],[28.1076647,37.0344972],[28.1067765,37.0346563],[28.1062868,37.0345966],[28.1051828,37.0348285],[28.1048839,37.0346894],[28.1044357,37.0347159],[28.1033234,37.0345966],[28.1022028,37.0347623],[28.1010241,37.0347822],[28.1003683,37.0345105],[28.0995466,37.0337683],[28.0988493,37.0328605],[28.0982766,37.0318003],[28.097654,37.0303027],[28.0975046,37.0292756],[28.0976374,37.0288117],[28.0977868,37.0284538],[28.0981105,37.028149],[28.0984011,37.0280032],[28.0992543,37.0279891],[28.0996468,37.028259],[28.0996821,37.0283675],[28.099932,37.0282404],[28.1000697,37.0282417],[28.1001276,37.0282948],[28.1009079,37.0283014],[28.1014308,37.028149],[28.1015387,37.0279635],[28.1014557,37.0276984],[28.1011403,37.0274664],[28.1011904,37.0273011],[28.10156,37.0268685],[28.102507,37.0271853],[28.1026183,37.0270248],[28.1024011,37.02695],[28.1026178,37.0266116],[28.1028918,37.0264857],[28.1034562,37.0265851],[28.1037052,37.0265652],[28.1038547,37.0262802],[28.1043278,37.0260483],[28.1051994,37.0261411],[28.1062121,37.025876],[28.1065026,37.0253723],[28.10759,37.0252066],[28.1078224,37.0244777],[28.1080548,37.0242656],[28.108362,37.0241596],[28.1087853,37.0242325],[28.109192,37.0242325],[28.1126285,37.0233577],[28.1134835,37.0229667],[28.1140729,37.0221846],[28.1139733,37.021734],[28.1134918,37.0211972],[28.1129274,37.0209917],[28.1125372,37.0206404],[28.1123048,37.0207929],[28.1120641,37.0205543],[28.1121305,37.0203356],[28.1111676,37.0200042],[28.1111261,37.0196397],[28.1114332,37.0194939],[28.1117487,37.0192089],[28.1122882,37.0190034],[28.1130021,37.0185196],[28.1133507,37.0179762],[28.1135006,37.0175284],[28.1136811,37.0173056],[28.1138741,37.0172754],[28.11418,37.0170786],[28.1147369,37.0168826],[28.1154674,37.0161933],[28.1155089,37.0159215],[28.1152984,37.0157101],[28.1150516,37.0155548],[28.1150007,37.0152493],[28.1148237,37.0151382],[28.1144538,37.0151028],[28.1135665,37.0149141],[28.1133839,37.0144236],[28.1128942,37.0144767],[28.1125621,37.014185],[28.112172,37.0144833],[28.1117653,37.0145363],[28.1112672,37.0143573],[28.110902,37.0143573],[28.1106198,37.0141585],[28.11013,37.0139729],[28.1097233,37.0140922],[28.1091007,37.0141585],[28.108694,37.0144634],[28.1084616,37.0145297],[28.1076398,37.0141983],[28.1073078,37.0138801],[28.1068429,37.0137277],[28.1062536,37.0136813],[28.1059132,37.0137476],[28.1056061,37.0134758],[28.1052409,37.0134692],[28.1044772,37.0132969],[28.1036471,37.0135554],[28.1032985,37.0135885],[28.1027839,37.0133963],[28.1021364,37.0132836],[28.1008996,37.0128859],[28.1002106,37.0123755],[28.0994553,37.0121237],[28.0987248,37.0121634],[28.0981105,37.0123291],[28.0978615,37.0124617],[28.0977868,37.0127202],[28.0977785,37.0133499],[28.0975959,37.0138934],[28.0969235,37.0142712],[28.096799,37.0145164],[28.0969069,37.0148279],[28.0972805,37.0150069],[28.097571,37.0152985],[28.0998039,37.016127],[28.1003766,37.0160939],[28.1005261,37.016306],[28.1001276,37.0168428],[28.0998205,37.0168892],[28.0997458,37.0170416],[28.0998454,37.0171609],[28.0997043,37.0173465],[28.0993473,37.0174393],[28.0995051,37.0176713],[28.0989489,37.0177508],[28.0988244,37.0180226],[28.0989904,37.0183075],[28.1007087,37.0188841],[28.100717,37.0189504],[28.1013561,37.0190167],[28.101464,37.0191758],[28.1016799,37.0192553],[28.1015055,37.0201566],[28.1011569,37.0202958],[28.1007834,37.0205941],[28.100443,37.021111],[28.1001608,37.0214159],[28.100028,37.0213231],[28.0999865,37.0216081],[28.0997292,37.0216876],[28.0996545,37.0217605],[28.0995466,37.0217737],[28.0992892,37.0219726],[28.0993224,37.022231],[28.0991647,37.0224431],[28.0986086,37.0224166],[28.0984758,37.0224762],[28.0982766,37.0224961],[28.0982101,37.0223702],[28.0979528,37.0222973],[28.0976623,37.0222907],[28.0975793,37.0221581],[28.0974133,37.0222509],[28.0972971,37.0219129],[28.0971144,37.0222178],[28.0971726,37.0223768],[28.0970397,37.0224829],[28.0969816,37.0227413],[28.0967492,37.0227148],[28.0964421,37.0227943],[28.0960769,37.0231986],[28.0958029,37.0231323],[28.0956535,37.0234041],[28.0954792,37.023477],[28.0954875,37.023351],[28.0953381,37.0233709],[28.0949812,37.0230859],[28.0946823,37.0229004],[28.0946408,37.0227214],[28.0944748,37.0226817],[28.0944748,37.0224564],[28.0939021,37.0220123],[28.0936281,37.0216147],[28.0931135,37.0211375],[28.0928147,37.021111],[28.0922087,37.0213827],[28.0913454,37.0215285],[28.0908972,37.0212767],[28.0903742,37.0210977],[28.0902746,37.0214092],[28.0903327,37.0216014],[28.0906814,37.0216611],[28.0908059,37.0217737],[28.0908391,37.0219858],[28.0906233,37.0221714],[28.0902663,37.0222111],[28.0902995,37.022463],[28.0905403,37.0227413],[28.0905154,37.0229203],[28.0902663,37.022907],[28.0901584,37.0229667],[28.0901999,37.0232384],[28.0902912,37.0232185],[28.0903161,37.0230859],[28.0904822,37.0231125],[28.0904988,37.023351],[28.0907063,37.0234902],[28.0905984,37.0238216],[28.0905984,37.0243385],[28.0914035,37.0258163],[28.0914367,37.0261941],[28.0916028,37.0266116],[28.0913122,37.0268104],[28.090947,37.0269164],[28.0911213,37.0271483],[28.0909138,37.0274399],[28.0908142,37.0277646],[28.0905403,37.0277381],[28.0902995,37.028149],[28.089967,37.028204],[28.0897019,37.0285002],[28.08932,37.0286791],[28.088905,37.0291165],[28.0886227,37.0292491],[28.0882907,37.0292491],[28.0880582,37.028878],[28.0872198,37.0287719],[28.0867715,37.0289906],[28.0863067,37.0289045],[28.0862486,37.0284339],[28.0859922,37.0276523],[28.0858235,37.0276113],[28.0845883,37.0279965],[28.0846909,37.0277084],[28.08465,37.02607],[28.0845335,37.0259817],[28.0840767,37.0259066],[28.0838025,37.0257852],[28.083603,37.0253257],[28.0832813,37.0249382],[28.0830111,37.0251125],[28.08252,37.0252487],[28.082238,37.025449],[28.081605,37.025968],[28.0808435,37.026463],[28.0802274,37.0262966],[28.079685,37.026115],[28.079837,37.0256],[28.080154,37.02534],[28.0802524,37.0250286],[28.0803527,37.0244342],[28.0803632,37.0238045],[28.0802841,37.0233634],[28.0800782,37.0230099],[28.079639,37.022904],[28.0790629,37.0228213],[28.078993,37.022525],[28.0789163,37.0223365],[28.0787158,37.0221455],[28.0782652,37.0220598],[28.0769348,37.0221112],[28.0756289,37.0219765],[28.0754259,37.0218682],[28.0752655,37.0219997],[28.0752523,37.0222302],[28.0749374,37.0226019],[28.0748266,37.0228565],[28.0744028,37.0228265],[28.0739522,37.0229678],[28.073472,37.0227161],[28.07208,37.0225524],[28.0718279,37.0226809],[28.0715533,37.022749],[28.0712333,37.0226706],[28.0709696,37.022441],[28.0707979,37.0224924],[28.0707304,37.0226552],[28.0702722,37.0228736],[28.0702454,37.0229935],[28.0698001,37.0230449],[28.0695382,37.0229446],[28.069466,37.0230852],[28.0687498,37.0229996],[28.0689854,37.0234642],[28.0689665,37.0236501],[28.0696051,37.0243332],[28.0694973,37.0244198],[28.0688184,37.0242741],[28.0686951,37.0243341],[28.0689043,37.0244197],[28.0688077,37.0245182],[28.0684772,37.0245256],[28.067944,37.0242287],[28.0674934,37.0238544],[28.0673459,37.0239896],[28.067163,37.024301],[28.0669898,37.0241803],[28.0668202,37.0242983],[28.0666946,37.0244301],[28.0665117,37.0248094],[28.0664096,37.0252697],[28.0661362,37.0251863],[28.0660289,37.0254604],[28.065719,37.0255499],[28.0655242,37.025406],[28.0644202,37.0249536],[28.0630986,37.0245993],[28.0626547,37.0246039],[28.061893,37.0244197],[28.061077,37.024355],[28.0604003,37.0244197],[28.0599667,37.0243327],[28.0594736,37.0241499],[28.058831,37.024119],[28.0584641,37.0239378],[28.058186,37.023867],[28.0579126,37.0239229],[28.0576533,37.023933],[28.0572313,37.023833],[28.0568298,37.0237968],[28.0566973,37.0238183],[28.055947,37.024144],[28.0549897,37.0237161],[28.0546107,37.0236035],[28.0541972,37.0237093],[28.0537675,37.0240249],[28.0535709,37.0243011],[28.0533045,37.0240899],[28.0531329,37.0241113],[28.0527494,37.0243101],[28.051135,37.023673],[28.050174,37.023682],[28.04985,37.023428],[28.047928,37.023445],[28.047604,37.023191],[28.046002,37.023205],[28.045358,37.022954],[28.043115,37.022973],[28.042799,37.023233],[28.039598,37.023518],[28.039278,37.023521],[28.0380458,37.0234186],[28.0375171,37.0230663],[28.0371308,37.0232077],[28.0363101,37.0232119],[28.0361538,37.0230607],[28.035427,37.023041],[28.034462,37.022792],[28.033501,37.022801],[28.032596,37.0226634],[28.0318737,37.0225909],[28.0315143,37.0224624],[28.031112,37.0225781],[28.0307719,37.022342],[28.030291,37.022315],[28.0297548,37.0223768],[28.0293804,37.0226113],[28.0290345,37.0226258],[28.028052,37.022591],[28.027669,37.0224441],[28.0273182,37.0221001],[28.0268922,37.0219018],[28.0265667,37.0218388],[28.0261285,37.0220958],[28.0259353,37.0220256],[28.0257825,37.0221318],[28.0258486,37.022345],[28.0254525,37.0227708],[28.025018,37.0228779],[28.0245298,37.0228093],[28.0243518,37.022624],[28.0238378,37.0225738],[28.0234879,37.0223002],[28.0229205,37.0223639],[28.0225323,37.0222739],[28.0221157,37.0223069],[28.021962,37.022387],[28.0212077,37.022527],[28.0207426,37.0228387],[28.02005,37.023174],[28.0195194,37.0235075],[28.0189418,37.0234904],[28.0181114,37.0236556],[28.0169447,37.0236659],[28.0165905,37.0237345],[28.0162954,37.023546],[28.0158309,37.0235889],[28.0151997,37.0235277],[28.0141797,37.0236727],[28.0138278,37.0235589],[28.0134279,37.0236346],[28.013005,37.023491],[28.0117616,37.0235919],[28.010763,37.0235935],[28.010129,37.0236531],[28.0095955,37.0235565],[28.0093753,37.0235995],[28.009164,37.023781],[28.0087338,37.0238447],[28.0086129,37.0237089],[28.0079172,37.0236961],[28.007563,37.023794],[28.0064768,37.0238671],[28.0059421,37.0240428],[28.005529,37.0240343],[28.0050999,37.0241328],[28.004498,37.0241174],[28.003725,37.024341],[28.0020636,37.0247516],[28.0019503,37.024928],[28.0017418,37.0249379],[28.0014608,37.0252071],[28.0011302,37.0253748],[28.0009593,37.0253973],[28.0007768,37.0252627],[28.0005209,37.0253655],[27.9994292,37.0259868],[27.997992,37.026958],[27.997697,37.0271007],[27.9973763,37.0271378],[27.9972214,37.0273006],[27.9964685,37.0276789],[27.9960447,37.0277131],[27.9956697,37.0275873],[27.99352,37.028023],[27.9913811,37.0283817],[27.9911444,37.0275044],[27.9922186,37.0274315],[27.9924372,37.0275033],[27.9925579,37.027454],[27.9925472,37.0273727],[27.9924184,37.0272677],[27.9921851,37.0273041],[27.9910786,37.0273256],[27.9888698,37.0277934],[27.9888028,37.0277356],[27.9887532,37.0277677],[27.988953,37.0279755],[27.9890227,37.0279904],[27.9896316,37.0278716],[27.9896799,37.0280247],[27.9900593,37.0279518],[27.9900795,37.0280215],[27.9897013,37.0280996],[27.989796,37.0283849],[27.9891353,37.0287208],[27.9889378,37.0287385],[27.9876013,37.0293355],[27.9875333,37.0292398],[27.9873288,37.0293308],[27.9864682,37.0293955],[27.9852726,37.0299263],[27.9851348,37.0299279],[27.9844741,37.0302449],[27.9843744,37.0304776],[27.9830596,37.0310762],[27.9830165,37.0310072],[27.9826056,37.0311938],[27.98181,37.0306726],[27.981698,37.0305284],[27.9816418,37.0303603],[27.9816543,37.0301415],[27.9827303,37.0295482],[27.983433,37.0291928],[27.9842551,37.0288442],[27.9854232,37.0284498],[27.9863217,37.0282099],[27.9877262,37.0279284],[27.987919,37.0280247],[27.9880115,37.0280333],[27.9880893,37.0280097],[27.988147,37.0279605],[27.9881604,37.0278994],[27.9880826,37.0277988],[27.9880035,37.0277774],[27.9869118,37.027968],[27.985898,37.0282014],[27.9848841,37.0284969],[27.9839641,37.028848],[27.9830307,37.0292527],[27.9797024,37.0311146],[27.9797081,37.0311662],[27.9797792,37.0311906],[27.9810135,37.0304987],[27.9816057,37.0311948],[27.9812048,37.0314969],[27.980592,37.0317804],[27.9799954,37.0319595],[27.9797838,37.0319485],[27.9788472,37.0321392],[27.977825,37.0321318],[27.9773749,37.0320836],[27.9765055,37.0318426],[27.975919,37.0315751],[27.9755099,37.0313578],[27.974974,37.031003],[27.9742222,37.0303862],[27.973915,37.0301055],[27.9733503,37.0294447],[27.973107,37.0291221],[27.9727954,37.0286486],[27.972588,37.0282643],[27.9724007,37.0277688],[27.972339,37.0264315],[27.9725384,37.0264136],[27.9725377,37.0263497],[27.9724255,37.0263281],[27.9724262,37.0259903],[27.9734148,37.0258423],[27.9735276,37.026011],[27.9735653,37.0260019],[27.9735729,37.0260304],[27.9734025,37.0262171],[27.9734025,37.0262538],[27.9734439,37.0262749],[27.9734967,37.026263],[27.973752,37.0260464],[27.973591,37.0257288],[27.9734375,37.0256865],[27.9731069,37.0257368],[27.9725019,37.0254133],[27.9722771,37.0251094],[27.9721693,37.0248766],[27.9719568,37.0248103],[27.971583,37.0243906],[27.9709871,37.023637],[27.969738,37.02244],[27.9684686,37.0210939],[27.9684363,37.0209563],[27.9684884,37.0206915],[27.9684128,37.0206692],[27.9673298,37.0206768],[27.96683,37.0206396],[27.9664049,37.020529],[27.9660841,37.0204075],[27.9657992,37.0201904],[27.9653602,37.0200113],[27.9648957,37.0198781],[27.964605,37.0198567],[27.9637961,37.0197141],[27.963071,37.019653],[27.962645,37.019653],[27.962232,37.0196167],[27.9612942,37.0194632],[27.9610628,37.0193434],[27.9597717,37.0190784],[27.959351,37.0189468],[27.958476,37.018549],[27.9580275,37.0184613],[27.9577572,37.0183473],[27.9570292,37.0181679],[27.9564049,37.0179161],[27.9560679,37.0178671],[27.9557966,37.0177623],[27.9555067,37.0175832],[27.9554521,37.0174877],[27.9549393,37.0175345],[27.9546234,37.0175343],[27.9534207,37.0172883],[27.95309,37.0171994],[27.9523792,37.0169321],[27.9519149,37.0169011],[27.9514232,37.01681],[27.9512379,37.0167451],[27.9510397,37.0167228],[27.9507291,37.0167479],[27.9498347,37.0166891],[27.9493163,37.0166391],[27.9491134,37.0165643],[27.9485507,37.0165304],[27.9477585,37.0164102],[27.9475861,37.0164258],[27.9470529,37.0163738],[27.9469195,37.0163401],[27.9463667,37.0163115],[27.9456527,37.0163604],[27.9454953,37.0163323],[27.9454321,37.0162409],[27.9445729,37.0167628],[27.9440217,37.0171382],[27.9436398,37.0175078],[27.9432152,37.0180004],[27.9428913,37.0185084],[27.9420408,37.0196533],[27.9413733,37.0203009],[27.940089,37.021394],[27.9397092,37.0217642],[27.9386993,37.0225083],[27.938503,37.022691],[27.9382933,37.0231198],[27.9376871,37.0240142],[27.937318,37.0244507],[27.93677,37.025017],[27.9358473,37.0257846],[27.9354344,37.0261726],[27.9344824,37.0269155],[27.9334695,37.027625],[27.9327808,37.0280274],[27.9326458,37.0280718],[27.932318,37.0283027],[27.9305654,37.029325],[27.9294704,37.0298505],[27.9285579,37.0301935],[27.9275423,37.0304654],[27.9257939,37.0307477],[27.9251447,37.0307117],[27.9246947,37.0306091],[27.9244312,37.0303577],[27.9243669,37.0301729],[27.9241998,37.0301319],[27.9240005,37.0301678],[27.9233834,37.0305527],[27.923287,37.0306707],[27.9227985,37.0306656],[27.9227342,37.0306091],[27.922738,37.0302763],[27.922688,37.0301856],[27.922388,37.0300695],[27.9222517,37.0298881],[27.9220971,37.0298373],[27.9220017,37.0297575],[27.9216062,37.0296631],[27.9213153,37.0295252],[27.9211926,37.02942],[27.9209881,37.0293692],[27.9208563,37.0293075],[27.9207972,37.0292168],[27.9202881,37.0291043],[27.9199518,37.0288535],[27.9196603,37.0287374],[27.9193573,37.0288632],[27.9191598,37.0288157],[27.9190055,37.0290458],[27.9189283,37.0290074],[27.9190712,37.028765],[27.9189898,37.0287316],[27.9187029,37.0291201],[27.9185746,37.0290615],[27.9188201,37.0286697],[27.9186576,37.028573],[27.9187061,37.0284652],[27.918735,37.0283125],[27.9185882,37.0282407],[27.9181811,37.0281126],[27.917761,37.028023],[27.9168717,37.0277631],[27.9160929,37.0274388],[27.9152403,37.0269273],[27.9151143,37.0268282],[27.9148748,37.0265425],[27.9146703,37.026372],[27.9142976,37.0261833],[27.9141158,37.0260454],[27.9138749,37.0257333],[27.9137749,37.025668],[27.9130795,37.0254612],[27.9128113,37.0253305],[27.9124432,37.0250402],[27.911975,37.0245721],[27.9118023,37.0245612],[27.911675,37.0244705],[27.9113211,37.024455],[27.9110962,37.0246166],[27.9108625,37.0242512],[27.910858,37.0241822],[27.9108034,37.0241242],[27.9104716,37.0240044],[27.9098762,37.0239355],[27.9093808,37.0239609],[27.9091354,37.0239282],[27.9084809,37.0238992],[27.9079445,37.0236669],[27.9078082,37.0235544],[27.9076718,37.0233912],[27.9075036,37.0233403],[27.9064992,37.0232714],[27.9056219,37.0234311],[27.9049961,37.0237238],[27.9048472,37.0237285],[27.9047855,37.0236639],[27.9046883,37.023685],[27.9046935,37.0238812],[27.9042766,37.024077],[27.9040973,37.0240613],[27.9040134,37.0240133],[27.9038867,37.0240071],[27.9036793,37.024039],[27.9036916,37.024166],[27.9035066,37.0242192],[27.9033357,37.0242221],[27.9033175,37.0241242],[27.9032221,37.0241242],[27.9032039,37.0241895],[27.9030403,37.0242838],[27.9023767,37.0245016],[27.9011177,37.025162],[27.9003132,37.025543],[27.8997132,37.0257861],[27.8993814,37.0258769],[27.8993673,37.0258141],[27.8984115,37.0258315],[27.8983932,37.0258888],[27.89822,37.0258992],[27.8980458,37.0258288],[27.8979745,37.0252832],[27.8979452,37.0252477],[27.8978129,37.0252615],[27.8978686,37.0257525],[27.8978508,37.0258513],[27.8977468,37.0258834],[27.8979269,37.0265881],[27.8975724,37.0268784],[27.8971406,37.0271614],[27.8964861,37.0274662],[27.8959634,37.0275896],[27.894459,37.0283879],[27.8942272,37.028435],[27.8941635,37.0284133],[27.8937318,37.0285874],[27.8933454,37.0286927],[27.8930454,37.0286963],[27.8927364,37.0286382],[27.8925273,37.0285475],[27.8920773,37.0284786],[27.8907728,37.0283625],[27.8904001,37.0282935],[27.8901138,37.0281738],[27.8894775,37.0280032],[27.888773,37.0278726],[27.8884548,37.0277819],[27.8883503,37.027673],[27.8880185,37.0276767],[27.8878776,37.0276549],[27.8876912,37.0275315],[27.8874094,37.0275243],[27.8868094,37.0275642],[27.8860959,37.0275315],[27.8852414,37.0274082],[27.8834142,37.0268929],[27.8823824,37.0264574],[27.8822415,37.0263341],[27.8819507,37.0258261],[27.8817325,37.0256265],[27.8816507,37.0254813],[27.881278,37.0254233],[27.8809189,37.0254196],[27.8797599,37.0252709],[27.8792417,37.0251729],[27.8782918,37.0248862],[27.8769464,37.0243238],[27.8766737,37.0242548],[27.8758919,37.024204],[27.8753965,37.0241351],[27.8750965,37.0240335],[27.8738063,37.0236975],[27.8729871,37.0233574],[27.8725424,37.0232864],[27.8718028,37.0232304],[27.8712083,37.0231145],[27.8699585,37.0227371],[27.8689614,37.0223783],[27.8680954,37.0220157],[27.8679269,37.0218999],[27.8676929,37.021799],[27.8673465,37.0217242],[27.8655349,37.0211188],[27.8653617,37.0210179],[27.8648702,37.0208721],[27.8643038,37.0206142],[27.8632646,37.0203451],[27.862862,37.0201956],[27.8628199,37.0201508],[27.8624829,37.0200611],[27.8624314,37.0200162],[27.8624033,37.0199078],[27.8621777,37.0199431],[27.8618103,37.0198665],[27.861701,37.0197819],[27.8616382,37.019766],[27.8611086,37.0198004],[27.8608702,37.0197687],[27.8608206,37.0197396],[27.8607842,37.019655],[27.8607842,37.0195784],[27.8607544,37.0195625],[27.8606882,37.0196127],[27.8605293,37.0196127],[27.8604168,37.0195705],[27.8603175,37.019507],[27.8602546,37.019404],[27.8601288,37.0193035],[27.8599997,37.0192824],[27.8598143,37.0193247],[27.859384,37.019507],[27.8590696,37.0196048],[27.8585698,37.0196709],[27.8575073,37.0196788],[27.8569379,37.0195916],[27.8562793,37.0194462],[27.8559185,37.0194198],[27.8554187,37.0194727],[27.8553293,37.0194436],[27.8545713,37.0194119],[27.8543032,37.0194357],[27.8540086,37.0195097],[27.8528368,37.0195572],[27.8526879,37.0195335],[27.8524893,37.0194489],[27.8516817,37.0191978],[27.8514102,37.0190287],[27.851205,37.0189494],[27.8508045,37.018886],[27.850682,37.0188886],[27.8505099,37.0188093],[27.850457,37.0188622],[27.8502385,37.0188965],[27.849977,37.018878],[27.8498777,37.0188358],[27.8496559,37.0188384],[27.8493746,37.0189388],[27.8493448,37.018989],[27.848845,37.0191423],[27.8482591,37.0192375],[27.8476203,37.0192665],[27.8460811,37.0191793],[27.8453893,37.0190789],[27.8447273,37.018915],[27.8433702,37.0184684],[27.8427148,37.0181909],[27.8419933,37.0178473],[27.841205,37.017383],[27.840186,37.0166845],[27.8397756,37.0163752],[27.839246,37.0159074],[27.8363663,37.013246],[27.836161,37.0130847],[27.83536,37.0122865],[27.8348933,37.0119905],[27.8346153,37.0118874],[27.8343077,37.0118769],[27.8339098,37.0119142],[27.833423,37.0118881],[27.8322527,37.0117386],[27.8317846,37.0117647],[27.8301884,37.0116937],[27.8296922,37.011761],[27.8291117,37.0119965],[27.8283909,37.0121497],[27.8272768,37.0123067],[27.8269023,37.0124637],[27.8263546,37.0126319],[27.8258163,37.0127328],[27.8253388,37.0127515],[27.8247537,37.0127478],[27.824206,37.012673],[27.8235132,37.0125235],[27.8230217,37.012359],[27.8227315,37.0123478],[27.8225349,37.0123815],[27.8218233,37.0123927],[27.8212195,37.012217],[27.8204705,37.0118806],[27.8183172,37.0107929],[27.8172593,37.0101088],[27.8169691,37.0098621],[27.8169129,37.0096976],[27.8170112,37.0096378],[27.8170346,37.0095631],[27.8169925,37.0094435],[27.8165899,37.0089949],[27.8163886,37.0087033],[27.8162342,37.008636],[27.8160563,37.0086061],[27.8160048,37.0085688],[27.8159439,37.008352],[27.8158597,37.0083146],[27.8156443,37.0078174],[27.8152745,37.0074586],[27.8151669,37.0073838],[27.8150733,37.0072343],[27.814872,37.0072118],[27.8148626,37.0071259],[27.8149281,37.0070436],[27.8145115,37.0065951],[27.8143149,37.0065016],[27.8142588,37.0064231],[27.8140107,37.0063259],[27.8139966,37.0061876],[27.8140153,37.006053],[27.8143149,37.005982],[27.8143337,37.0059334],[27.8143243,37.0057166],[27.8142588,37.0054998],[27.8141651,37.0053615],[27.8139826,37.005197],[27.8135379,37.0049839],[27.8130323,37.0046475],[27.812874,37.004479],[27.8118574,37.0038624],[27.8115859,37.0036531],[27.8110382,37.0030737],[27.8102471,37.0023895],[27.809882,37.0021353],[27.8097977,37.0020194],[27.8097134,37.0020007],[27.8096058,37.0022101],[27.8091985,37.0024045],[27.80903,37.0025503],[27.808927,37.0025017],[27.8087726,37.0025279],[27.8085619,37.0026138],[27.8084028,37.0027559],[27.8083185,37.0027409],[27.8082857,37.0025578],[27.8081874,37.0022475],[27.8081547,37.0020045],[27.8079768,37.0018475],[27.8075555,37.0016755],[27.8074197,37.0016493],[27.8066848,37.0017241],[27.8064227,37.0016718],[27.8060997,37.0015185],[27.805786,37.0012269],[27.8051822,37.0007372],[27.8051447,37.0006101],[27.8049949,37.0004007],[27.8049107,37.000382],[27.8047562,37.0004867],[27.8046111,37.0004568],[27.8045409,37.000382],[27.8045081,37.0001428],[27.8043958,37.0000119],[27.8041898,36.9993726],[27.804246,36.9992605],[27.8042132,36.9991782],[27.8038668,36.9986698],[27.8037732,36.9984866],[27.8037653,36.9981806],[27.8036735,36.9980641],[27.8035305,36.9979946],[27.8033473,36.9980875],[27.8032692,36.9980914],[27.8032288,36.9979429],[27.8031534,36.9978561],[27.8030445,36.9978789],[27.8028694,36.9977158],[27.8027782,36.9977758],[27.8026897,36.9977115],[27.8027219,36.9976644],[27.8026816,36.9975991],[27.8026115,36.9976061],[27.8024885,36.9973827],[27.8025502,36.9972704],[27.8024612,36.9971625],[27.8023678,36.9971995],[27.8022617,36.9971808],[27.8022122,36.9970935],[27.8021535,36.9970846],[27.8018774,36.9972118],[27.8017182,36.9971931],[27.8016293,36.9970585],[27.8015446,36.9967744],[27.8012795,36.996576],[27.8009177,36.99655],[27.8007406,36.9963431],[27.8002442,36.9962813],[27.8001547,36.9961874],[27.8001845,36.9961327],[27.7999615,36.9959367],[27.7995312,36.9956476],[27.7995228,36.995578],[27.7991811,36.9953387],[27.7990547,36.9951854],[27.7987925,36.9950583],[27.7983713,36.9950134],[27.7981984,36.9950801],[27.7979708,36.9955485],[27.7977585,36.9960977],[27.7976624,36.9965984],[27.7980669,36.9976523],[27.7983045,36.9979874],[27.7986231,36.9982903],[27.7989315,36.9987627],[27.7991388,36.9989969],[27.7991236,36.9990413],[27.7989112,36.999215],[27.798886,36.999308],[27.7989466,36.9995784],[27.7991843,36.9998893],[27.7995533,37.0002567],[27.8000387,37.0006322],[27.8001853,37.0007937],[27.8005847,37.0013954],[27.8008477,37.0015286],[27.8009033,37.0017103],[27.8007971,37.0021585],[27.8007465,37.0022635],[27.8004128,37.0025542],[27.7999426,37.0028893],[27.7993938,37.003156],[27.7978381,37.0038279],[27.7975091,37.0039273],[27.7971453,37.0039697],[27.7967491,37.0040533],[27.7955757,37.0041775],[27.795309,37.0042538],[27.7949863,37.0044017],[27.79476,37.0045342],[27.7940778,37.0050809],[27.7938121,37.0053954],[27.7937262,37.0054298],[27.7931421,37.0055317],[27.7927618,37.0055457],[27.7922932,37.0055547],[27.7918163,37.0055338],[27.7915109,37.0054944],[27.7904745,37.0053159],[27.7903234,37.0052434],[27.789816,37.004891],[27.7896874,37.0048887],[27.7894457,37.0050138],[27.7892146,37.0050901],[27.7883884,37.0058875],[27.7879559,37.0061629],[27.7878648,37.0061647],[27.7876648,37.0061079],[27.786755,37.005691],[27.7866549,37.0051828],[27.7866978,37.0049716],[27.7868766,37.0045547],[27.7871912,37.0040123],[27.787184,37.0037896],[27.7870982,37.0036811],[27.786419,37.003407],[27.7861473,37.0032243],[27.7858541,37.0029331],[27.785704,37.0027389],[27.7857755,37.0021565],[27.7857612,37.0019909],[27.7858184,37.0018196],[27.7860043,37.0016026],[27.7861258,37.0015683],[27.7868408,37.0017225],[27.7870696,37.0017339],[27.7873342,37.0016883],[27.7876917,37.0014827],[27.7878132,37.0013685],[27.7884854,37.0004149],[27.788645,37.000147],[27.7890788,36.9995583],[27.7891289,36.999387],[27.7889787,36.9986789],[27.7887571,36.9983477],[27.7883423,36.9980622],[27.7877274,36.9978566],[27.7872269,36.9977824],[27.786469,36.9977424],[27.7857183,36.9977538],[27.785704,36.9976967],[27.786183,36.9968401],[27.7861973,36.9966631],[27.7860901,36.9963376],[27.7856253,36.9961606],[27.7848245,36.9954524],[27.7845313,36.9950698],[27.7843168,36.994653],[27.7841381,36.9945787],[27.7839736,36.9945673],[27.7835017,36.9947043],[27.7831228,36.9947615],[27.7824006,36.9947557],[27.7822147,36.9946929],[27.7820717,36.9944131],[27.7819215,36.9943103],[27.7804701,36.9941732],[27.7803557,36.9940762],[27.7803128,36.9939048],[27.78037,36.9938078],[27.7809849,36.993488],[27.781525,36.993001],[27.7817571,36.9925628],[27.7817356,36.9924885],[27.7816355,36.99246],[27.781135,36.9924828],[27.7807918,36.9924372],[27.7800411,36.99246],[27.779655,36.9925514],[27.779326,36.9927684],[27.7791401,36.9930939],[27.7790043,36.9934708],[27.7790329,36.9936707],[27.7791759,36.9937735],[27.7795835,36.9939106],[27.7796621,36.9939677],[27.7796907,36.9940647],[27.7795477,36.9945045],[27.7792688,36.995087],[27.7790043,36.9953325],[27.7785395,36.9956009],[27.7782607,36.9957323],[27.7779675,36.9960349],[27.7778603,36.9962862],[27.7778889,36.9964175],[27.7782607,36.9972798],[27.7783536,36.997651],[27.7783965,36.9980679],[27.7784108,36.9985247],[27.7783822,36.9987075],[27.7782392,36.9988103],[27.7778031,36.9989416],[27.7771882,36.9990387],[27.7766519,36.9990632],[27.7762495,36.9990211],[27.775606,36.9988612],[27.7753272,36.9987641],[27.7751984,36.9986728],[27.7750769,36.9982616],[27.7749768,36.9980846],[27.7748981,36.9977305],[27.7748195,36.9976163],[27.7746121,36.9975192],[27.7745621,36.9974222],[27.7745978,36.9971823],[27.7745478,36.9967826],[27.7744763,36.9966113],[27.7741831,36.99628],[27.7741688,36.9961772],[27.7742117,36.9961144],[27.7744048,36.9960059],[27.7745049,36.995886],[27.7746479,36.9954634],[27.7748481,36.9944355],[27.7749982,36.9942699],[27.7753629,36.9937787],[27.7754273,36.9935275],[27.7752985,36.9932248],[27.7753128,36.9930249],[27.7754487,36.9927736],[27.775435,36.992527],[27.7753915,36.992471],[27.7751269,36.9924538],[27.7749625,36.9924938],[27.7745764,36.9924595],[27.7743905,36.9925166],[27.7741831,36.992648],[27.7738542,36.9931506],[27.7739257,36.9932819],[27.77389,36.9933561],[27.7736755,36.9934304],[27.773461,36.9934418],[27.7732036,36.9935846],[27.773032,36.9937559],[27.7726959,36.993893],[27.7724314,36.9938701],[27.7719809,36.9936588],[27.7717521,36.9937331],[27.7716591,36.9939215],[27.7715519,36.9940414],[27.7713302,36.99407],[27.7712015,36.9939843],[27.770987,36.9936988],[27.7708297,36.993596],[27.7706796,36.9935789],[27.770365,36.9936817],[27.7700718,36.993813],[27.7697501,36.9939786],[27.7695284,36.9941671],[27.7693711,36.9941899],[27.7692352,36.9941328],[27.7691923,36.9940529],[27.7692281,36.9933276],[27.7691852,36.9928193],[27.769128,36.9925166],[27.7690064,36.9923111],[27.7688205,36.9921226],[27.7686918,36.9920769],[27.7682557,36.9921226],[27.7680698,36.9920712],[27.7677194,36.9917571],[27.7675621,36.9917285],[27.7673548,36.9917628],[27.7671689,36.9917],[27.7670688,36.9917057],[27.7671331,36.9918199],[27.7671188,36.991917],[27.7669758,36.9919284],[27.7660463,36.9917057],[27.7658747,36.9917228],[27.7656459,36.9918199],[27.7654457,36.9922254],[27.76546,36.9923682],[27.7655529,36.9924881],[27.7656101,36.9926537],[27.7655315,36.9929678],[27.7654099,36.9931391],[27.7654886,36.9933219],[27.7653885,36.993636],[27.7651096,36.993893],[27.7647092,36.9940129],[27.7643374,36.9940414],[27.7643017,36.9941214],[27.7641944,36.9942128],[27.7640228,36.9942071],[27.7638798,36.9940871],[27.7637297,36.9941728],[27.7635795,36.9942984],[27.7632649,36.994287],[27.7627644,36.9941671],[27.7622281,36.9939958],[27.7620279,36.9938758],[27.7619564,36.9937559],[27.7619421,36.9933733],[27.7619779,36.9930706],[27.7620708,36.9929107],[27.7620565,36.9928422],[27.7613201,36.9921626],[27.7610484,36.9920141],[27.760984,36.991917],[27.7607266,36.9918142],[27.7603906,36.9917228],[27.7602762,36.9916429],[27.7596469,36.9913916],[27.7594467,36.9912831],[27.7593395,36.9911574],[27.7592823,36.9909233],[27.7591321,36.990752],[27.758839,36.9904893],[27.7586173,36.9903636],[27.7584314,36.9903465],[27.7583313,36.9903807],[27.7580453,36.9907063],[27.7577593,36.9907976],[27.7575019,36.9909518],[27.7571587,36.9909747],[27.7568941,36.9910318],[27.7568369,36.9911118],[27.756887,36.9913345],[27.7571301,36.9917057],[27.7574733,36.9919113],[27.7579309,36.9920712],[27.7581669,36.9921911],[27.7582241,36.9922654],[27.7582312,36.9923796],[27.7581526,36.9924767],[27.757888,36.9925338],[27.7572087,36.992865],[27.7571158,36.9930249],[27.7569227,36.9931049],[27.7567511,36.9933162],[27.7566725,36.9935103],[27.7567154,36.9938187],[27.7568155,36.9939387],[27.7568727,36.9943955],[27.7568155,36.9946868],[27.7568655,36.9948923],[27.7569656,36.9950066],[27.7568083,36.9950808],[27.7568441,36.9952693],[27.7570228,36.9952807],[27.7570872,36.9953321],[27.7569942,36.9954177],[27.7570014,36.9955605],[27.757173,36.9957547],[27.7572946,36.9957547],[27.7574805,36.9958974],[27.7575019,36.9959545],[27.757459,36.9960573],[27.7575806,36.9962401],[27.757888,36.9968911],[27.7580239,36.9971195],[27.7582455,36.9973479],[27.7584314,36.9974336],[27.7588175,36.9974279],[27.759125,36.9978276],[27.7594253,36.9983016],[27.759461,36.9984329],[27.7593109,36.9985814],[27.759461,36.9993123],[27.7593895,36.9994437],[27.7592394,36.9995293],[27.758746,36.9995407],[27.7586602,36.9995807],[27.7586173,36.9996949],[27.7585387,36.9997749],[27.7583599,36.9998091],[27.7582026,36.9997235],[27.7576592,36.9997178],[27.7573446,36.9997863],[27.7571444,36.9999176],[27.7572374,36.9999861],[27.7572445,37.0000661],[27.7571086,37.0000889],[27.7569942,37.0002088],[27.7569084,37.0004944],[27.7569013,37.0007399],[27.7564151,37.0009112],[27.7556134,37.001022],[27.7549028,37.0010433],[27.7542415,37.0008647],[27.7539939,37.0007214],[27.7537929,37.0004925],[27.7536438,36.9997737],[27.7533308,36.9995389],[27.7526355,36.9993217],[27.7523491,36.9990822],[27.7521919,36.9986128],[27.7512915,36.9980101],[27.751163,36.9973612],[27.751009,36.9969999],[27.7510718,36.9968066],[27.7508654,36.9964726],[27.7501503,36.9963112],[27.7498394,36.9963183],[27.7493971,36.9961793],[27.7493416,36.9962307],[27.7493775,36.9964247],[27.749535,36.996803],[27.7494746,36.9970336],[27.7491684,36.9972385],[27.7482199,36.9976379],[27.7474214,36.997876],[27.7464475,36.9980752],[27.7448748,36.9979526],[27.7443313,36.9978181],[27.7432963,36.997396],[27.7431688,36.9972188],[27.7431755,36.9971524],[27.7432251,36.9970892],[27.7431017,36.9970153],[27.7429569,36.9971181],[27.7427931,36.997124],[27.7424175,36.9970356],[27.7422394,36.9969339],[27.7421415,36.9967839],[27.7420396,36.9967154],[27.7418129,36.9966297],[27.7417499,36.9965687],[27.7413905,36.9964562],[27.7411303,36.9962955],[27.7409479,36.9961306],[27.7406898,36.9957912],[27.7407092,36.9956936],[27.7409245,36.995434],[27.7409533,36.9952865],[27.7410725,36.9949784],[27.7412215,36.9948774],[27.7413663,36.9948645],[27.7414575,36.994691],[27.7413658,36.9945135],[27.7410327,36.9942763],[27.7404447,36.9941246],[27.740332,36.9939804],[27.7402103,36.9939776],[27.7400896,36.9939198],[27.7400172,36.9938234],[27.7398183,36.9937286],[27.73958,36.9937484],[27.7393627,36.9938253],[27.7391347,36.9940333],[27.7388236,36.9941362],[27.7386385,36.9940933],[27.7382684,36.9939005],[27.7380297,36.9939134],[27.7378124,36.9939969],[27.7375978,36.9940205],[27.737107,36.9939112],[27.7369407,36.9938427],[27.7364954,36.9937998],[27.7359037,36.9938034],[27.7355808,36.993757],[27.734701,36.993532],[27.73461,36.993428],[27.7342612,36.9932492],[27.733646,36.993177],[27.7333063,36.9931636],[27.7330273,36.9932214],[27.7325583,36.993222],[27.7327028,36.9934228],[27.7327082,36.9935856],[27.7325848,36.9937248],[27.7326518,36.9938919],[27.7327974,36.9938614],[27.733013,36.993952],[27.7331856,36.9939926],[27.7331418,36.994185],[27.7333304,36.9942475],[27.7333707,36.9945368],[27.7335821,36.9946865],[27.7339688,36.9948988],[27.7340063,36.9951387],[27.7343523,36.9952737],[27.7345718,36.9954017],[27.7347667,36.9956004],[27.7348003,36.99576],[27.7348003,36.9959035],[27.7350309,36.9960835],[27.735106,36.9961777],[27.7350765,36.9963062],[27.7345347,36.9965247],[27.7342343,36.996589],[27.7338649,36.9965686],[27.73368,36.996646],[27.7335396,36.9968032],[27.7335402,36.9968879],[27.7339342,36.997198],[27.7341249,36.9973789],[27.73433,36.997669],[27.7346384,36.9978664],[27.734963,36.99824],[27.7350267,36.9986074],[27.7348861,36.9989283],[27.7346318,36.9990757],[27.7343879,36.9993053],[27.7343997,36.9995603],[27.7345429,36.9997087],[27.7348358,36.9998612],[27.7348372,37.0000328],[27.7348018,37.000275],[27.7344883,37.0006586],[27.733831,37.001123],[27.7334165,37.0013329],[27.7330575,37.0014541],[27.7325216,37.0015752],[27.7321879,37.0015954],[27.731834,37.0015752],[27.7316873,37.0014944],[27.7314447,37.0011593],[27.7312171,37.0009493],[27.7309694,37.0009049],[27.7307166,37.0008242],[27.7306256,37.0006788],[27.7306559,37.0004325],[27.7305801,37.0003558],[27.730388,37.0003477],[27.7300543,37.0004325],[27.72967,37.0004688],[27.7292504,37.0006546],[27.7286229,37.001039],[27.7283852,37.0011439],[27.7281982,37.0014064],[27.7279454,37.0016446],[27.7268988,37.0023553],[27.7263477,37.0026096],[27.7256753,37.0028115],[27.7249978,37.0029367],[27.7247753,37.0029246],[27.7244265,37.0028277],[27.7240928,37.0025854],[27.723845,37.0023593],[27.7236984,37.0023472],[27.7234456,37.00244],[27.7231372,37.0024966],[27.722845,37.002492],[27.7226367,37.0026339],[27.7223333,37.002755],[27.721853,37.0028156],[27.7213373,37.0027833],[27.7205435,37.0024643],[27.7196537,37.0022422],[27.7193301,37.0021816],[27.718688,37.0021897],[27.7184807,37.0021413],[27.7182532,37.0019757],[27.7180611,37.0018869],[27.7178589,37.0018505],[27.7174089,37.0018344],[27.7172168,37.0017779],[27.7170701,37.0016688],[27.7169842,37.0015437],[27.7166707,37.0014589],[27.7163724,37.0012085],[27.716064,37.0010995],[27.7155938,37.0010672],[27.7155129,37.0010026],[27.7154927,37.0008694],[27.715427,37.0007119],[27.7153056,37.000611],[27.714522,37.0001466],[27.7139962,36.9997509],[27.7128575,36.9986406],[27.7123999,36.9983323],[27.7120567,36.9981838],[27.7119352,36.9981952],[27.7118637,36.9983551],[27.7118422,36.9985436],[27.7116492,36.9987377],[27.7115133,36.9987663],[27.7113846,36.998692],[27.7110128,36.9986178],[27.7107339,36.9986349],[27.7104408,36.998732],[27.7102763,36.998949],[27.7100475,36.9989547],[27.7098473,36.9989033],[27.7097186,36.9988348],[27.7096257,36.9984351],[27.7096114,36.9980467],[27.709547,36.9979554],[27.7093969,36.9978697],[27.7090036,36.9978469],[27.7086962,36.9978811],[27.7086032,36.997824],[27.7082457,36.9972815],[27.7079954,36.9969675],[27.707452,36.9967676],[27.7072232,36.9965563],[27.706973,36.9965334],[27.7067442,36.996602],[27.7065154,36.9969332],[27.706308,36.9971787],[27.705829,36.9978983],[27.7057003,36.9982066],[27.7056431,36.9982637],[27.7053714,36.9981495],[27.7052355,36.9979268],[27.7050424,36.9977441],[27.7043989,36.9973615],[27.7040414,36.9970188],[27.703877,36.9969732],[27.7034265,36.997036],[27.7030261,36.9971902],[27.7027687,36.9973957],[27.7026329,36.9976299],[27.7025256,36.9981552],[27.7024684,36.9987663],[27.7023898,36.9990004],[27.7021109,36.99952],[27.7019679,36.9995771],[27.701832,36.9995714],[27.7015389,36.9993373],[27.7013959,36.9990575],[27.7012028,36.9988462],[27.7002805,36.9982923],[27.6996799,36.9978697],[27.6992508,36.9976127],[27.6977064,36.9973158],[27.6971916,36.9973558],[27.6969056,36.9975499],[27.6967698,36.9977555],[27.6969414,36.9984979],[27.6969342,36.9989547],[27.6967912,36.9991603],[27.6966196,36.9992117],[27.6958474,36.9989775],[27.6949107,36.9988519],[27.6946247,36.9989833],[27.6945675,36.9992402],[27.694957,37.000218],[27.6952863,37.0008397],[27.6953814,37.0011001],[27.6948771,37.0014935],[27.6948153,37.0015552],[27.69478,37.0016464],[27.694014,37.00215],[27.692737,37.002672],[27.69082,37.003197],[27.6898161,37.0034247],[27.6895599,37.003438],[27.6894484,37.003398],[27.6891643,37.0031889],[27.6883121,37.0027173],[27.6881059,37.0026639],[27.687933,37.002699],[27.6871422,37.0033579],[27.6869528,37.0033935],[27.6864403,37.0032868],[27.6859111,37.0033401],[27.6857385,37.0034869],[27.6855546,37.0037005],[27.6854599,37.0037405],[27.6851981,37.0037227],[27.6849196,37.0036338],[27.6843792,37.0033891],[27.6840394,37.0031844],[27.6837665,37.0029487],[27.6836941,37.0027262],[27.6837999,37.0025438],[27.6840116,37.0023881],[27.684123,37.0022636],[27.6841898,37.0020545],[27.6841174,37.0019077],[27.6842511,37.0018988],[27.6842177,37.0013071],[27.6841286,37.0011469],[27.6839225,37.0010402],[27.6836885,37.0009779],[27.6831426,37.0009512],[27.6823794,37.0010135],[27.6817165,37.0010224],[27.6815271,37.0010046],[27.6807473,37.0005375],[27.6804353,37.0004574],[27.6801011,37.0004885],[27.6798225,37.0005997],[27.6795997,37.0008667],[27.6794549,37.0011647],[27.6792543,37.0012582],[27.6789981,37.0013115],[27.6788533,37.0012582],[27.6780901,37.0013916],[27.6777893,37.001574],[27.6776556,37.0015874],[27.6772935,37.001485],[27.67682,37.0012715],[27.6763465,37.0009734],[27.6760234,37.0007065],[27.6759454,37.0005552],[27.6759566,37.0004752],[27.6760791,37.0003195],[27.6761683,37.0001193],[27.676107,36.9998078],[27.6759677,36.999532],[27.6758452,36.9994119],[27.6757059,36.9990782],[27.6754775,36.998878],[27.6749205,36.9987935],[27.6748091,36.998749],[27.6747088,36.9985977],[27.6745807,36.9985711],[27.674291,36.9985933],[27.6734666,36.998838],[27.6730153,36.9989003],[27.6725586,36.9989092],[27.6722243,36.9989492],[27.6720126,36.9989937],[27.6718734,36.999056],[27.671762,36.9989537],[27.6714444,36.9988513],[27.6713108,36.9988513],[27.6711993,36.9987312],[27.6710712,36.9983442],[27.6711548,36.9982596],[27.6715559,36.9980283],[27.6716951,36.9979126],[27.671801,36.9977791],[27.6717954,36.9976724],[27.6715614,36.9975522],[27.6706869,36.9973921],[27.6704139,36.9972853],[27.6700017,36.9972631],[27.6696563,36.9969383],[27.6693054,36.996658],[27.6684753,36.9963822],[27.6678403,36.9962887],[27.6674615,36.9963243],[27.666793,36.9966091],[27.6665089,36.9967025],[27.6663418,36.9967158],[27.6659129,36.9964266],[27.6656065,36.9964],[27.6646776,36.9964432],[27.6644269,36.996501],[27.6643823,36.9965811],[27.6642152,36.99659],[27.6640871,36.99655],[27.6640202,36.9964832],[27.6640369,36.9963409],[27.6639812,36.9961584],[27.6637417,36.9958248],[27.6635467,36.9956423],[27.6632738,36.9954421],[27.6631568,36.9952152],[27.6630788,36.994846],[27.6630231,36.9948193],[27.6627501,36.9948193],[27.6617753,36.9949038],[27.6614801,36.9948371],[27.6612795,36.9948593],[27.6611068,36.9949349],[27.660962,36.9950373],[27.6605999,36.9950106],[27.6603827,36.9950862],[27.6601598,36.9952642],[27.6600874,36.9953932],[27.6599092,36.9954377],[27.6595638,36.9951841],[27.6592407,36.9950462],[27.65899,36.994975],[27.6587004,36.9947125],[27.658511,36.9946057],[27.6576364,36.9943877],[27.6574191,36.994361],[27.6571629,36.9944366],[27.6570348,36.9945835],[27.6568287,36.9952063],[27.6567451,36.9953532],[27.6565668,36.9954243],[27.6563774,36.9954199],[27.655865,36.9953087],[27.6556588,36.9953265],[27.6555251,36.9954466],[27.655361,36.995819],[27.6545726,36.9960828],[27.6544946,36.9960472],[27.6542885,36.9960917],[27.6540601,36.9960962],[27.6536702,36.9963275],[27.6536367,36.9967368],[27.653815,36.9970171],[27.6537871,36.9972173],[27.653659,36.9973953],[27.6534362,36.9976044],[27.6530908,36.9977601],[27.6528791,36.9978135],[27.6527399,36.9979069],[27.6525616,36.9981516],[27.6524224,36.9982628],[27.6520658,36.9983251],[27.6514809,36.9983029],[27.651286,36.9983963],[27.6508626,36.9985431],[27.6503334,36.9986143],[27.6499992,36.998592],[27.6499379,36.9986098],[27.6498042,36.9987477],[27.6495981,36.9988056],[27.6491469,36.9987611],[27.6487068,36.9986543],[27.6482389,36.9984808],[27.6475426,36.9980537],[27.6470078,36.9976889],[27.646863,36.9975465],[27.646863,36.9974398],[27.6469354,36.9973374],[27.6468741,36.9972707],[27.646317,36.9969459],[27.6457878,36.9965233],[27.6455817,36.9964654],[27.645643,36.9961273],[27.6457377,36.9960472],[27.6458993,36.996025],[27.6464799,36.9960843],[27.6466638,36.9960583],[27.647032,36.995608],[27.6471398,36.9953801],[27.6471614,36.9951944],[27.6470749,36.9949438],[27.6467395,36.9944168],[27.6465989,36.9940496],[27.6465881,36.9933584],[27.6464583,36.9928616],[27.6459499,36.9924166],[27.6454252,36.9920623],[27.6448519,36.9917167],[27.6447004,36.9915958],[27.6444246,36.991194],[27.644338,36.9911335],[27.6436133,36.9914143],[27.6434294,36.9914575],[27.6433266,36.9914402],[27.6429155,36.991194],[27.6426829,36.9909261],[27.6425585,36.9907101],[27.642591,36.990546],[27.6428722,36.9904034],[27.6429966,36.9902522],[27.643067,36.989872],[27.6432346,36.989211],[27.6434023,36.9889086],[27.6434997,36.9886019],[27.6434997,36.9881482],[27.6433969,36.9880359],[27.6430183,36.987902],[27.6427478,36.9877508],[27.6426883,36.9875434],[27.6427695,36.9872366],[27.6429588,36.9870984],[27.6431265,36.9870249],[27.6431805,36.9868564],[27.6431102,36.9866318],[27.6431048,36.9864201],[27.6432617,36.9862386],[27.6433753,36.9860183],[27.6433644,36.9858238],[27.6432833,36.9856856],[27.6429966,36.9856294],[27.6425315,36.9856294],[27.6421366,36.9855041],[27.6419582,36.9854091],[27.6416877,36.9851628],[27.6417364,36.9849209],[27.6417256,36.9846357],[27.6418067,36.9843073],[27.6418878,36.984208],[27.6419906,36.9841518],[27.6421583,36.984195],[27.6422556,36.9841648],[27.6425639,36.983979],[27.6428182,36.9837068],[27.6430291,36.9836074],[27.6441541,36.9834216],[27.6456956,36.9829982],[27.6460148,36.9828167],[27.6464421,36.9825186],[27.6469072,36.9822551],[27.6469883,36.9820736],[27.6469343,36.9818403],[27.6469667,36.9817539],[27.6473886,36.9816286],[27.6476158,36.9815119],[27.6477185,36.9813693],[27.647751,36.9810928],[27.6476104,36.9807903],[27.6475617,36.9805959],[27.6476482,36.9803669],[27.6474805,36.9800731],[27.6472209,36.9798527],[27.6468261,36.9796756],[27.6467504,36.9795892],[27.6467449,36.9793558],[27.6466692,36.9792781],[27.6463771,36.9792521],[27.645939,36.9792737],[27.6457497,36.9792478],[27.6453495,36.9791139],[27.6449979,36.9790923],[27.6446517,36.9791744],[27.6442082,36.9793947],[27.6441,36.9794984],[27.6439919,36.9795114],[27.643689,36.979641],[27.6434943,36.9798484],[27.643359,36.9798873],[27.6429966,36.9798743],[27.642591,36.9799175],[27.6425423,36.9798787],[27.6427046,36.97952],[27.6427857,36.9790102],[27.6426505,36.9787855],[27.6425044,36.978725],[27.6423097,36.9787336],[27.6417743,36.9789583],[27.6413902,36.9790534],[27.641109,36.9792694],[27.6409359,36.9795632],[27.6404599,36.9799737],[27.6401949,36.9800774],[27.639865,36.9802632],[27.6389779,36.9805527],[27.6386858,36.9805613],[27.6385019,36.9805052],[27.6383018,36.9805268],[27.6381341,36.9806305],[27.637934,36.9808163],[27.637788,36.9808854],[27.6376744,36.9808508],[27.6374526,36.9806823],[27.6374148,36.9805873],[27.6375716,36.9802114],[27.6376744,36.9798398],[27.637815,36.9796756],[27.6383883,36.979412],[27.6385452,36.9791744],[27.6382044,36.9782324],[27.6380476,36.9780769],[27.6377934,36.978012],[27.6369117,36.978038],[27.6364195,36.9781762],[27.6358462,36.9784052],[27.6354406,36.9784657],[27.635116,36.9783923],[27.6348672,36.9782238],[27.6347753,36.9781935],[27.6346617,36.9782022],[27.6342073,36.978483],[27.63392,36.978594],[27.6336502,36.97882],[27.6334339,36.9791182],[27.6332824,36.9792824],[27.6331743,36.9792824],[27.632647,36.979629],[27.631914,36.9798916],[27.6316923,36.9799391],[27.6314326,36.9798959],[27.6312541,36.9799348],[27.6311135,36.9800299],[27.6310811,36.9803928],[27.6309675,36.980665],[27.6308809,36.9807298],[27.6307836,36.9807644],[27.630415,36.980797],[27.6302751,36.9807601],[27.6300534,36.980462],[27.6298478,36.9802675],[27.6296802,36.9799521],[27.6296153,36.979641],[27.6296261,36.9790275],[27.6296585,36.9789281],[27.629572,36.9788503],[27.6293773,36.9788892],[27.6292799,36.9787984],[27.6289824,36.9788417],[27.6282198,36.9785738],[27.6280143,36.9784485],[27.6279061,36.9784701],[27.6278845,36.9785954],[27.627998,36.9788762],[27.6280197,36.9792737],[27.6278304,36.9793126],[27.6277492,36.9795416],[27.6276411,36.9800126],[27.6275167,36.9804101],[27.6274193,36.9804749],[27.6273273,36.9804533],[27.627257,36.9803107],[27.6270894,36.980233],[27.6268081,36.9802805],[27.6265917,36.9803539],[27.6262834,36.9803799],[27.6259211,36.9802891],[27.6257804,36.9801293],[27.6257534,36.9800644],[27.6254451,36.9800169],[27.6252233,36.9800688],[27.6249258,36.9803323],[27.6248339,36.980557],[27.624796,36.9807903],[27.6246338,36.98092],[27.6244282,36.9810409],[27.6242768,36.9813218],[27.6241848,36.9813477],[27.6239414,36.9813477],[27.6235953,36.9812527],[27.6234168,36.9807558],[27.6234222,36.9803842],[27.6233302,36.9802805],[27.6224004,36.980277],[27.6217381,36.9803211],[27.6212591,36.9804635],[27.6206964,36.9804613],[27.6204123,36.9805124],[27.6202452,36.9805948],[27.620028,36.980904],[27.6198887,36.9809708],[27.6196798,36.9810219],[27.6194681,36.9810086],[27.6192648,36.9808951],[27.6189083,36.980775],[27.6185963,36.9808239],[27.6183902,36.9809196],[27.6180504,36.9811866],[27.6179056,36.9814002],[27.6178137,36.9814491],[27.6176856,36.9814558],[27.6170617,36.9813624],[27.6168609,36.9813034],[27.6165932,36.9813125],[27.6162681,36.9814088],[27.6156925,36.9816623],[27.6151093,36.9822566],[27.614897,36.9825545],[27.6147746,36.9827897],[27.6146599,36.9828401],[27.6144954,36.983028],[27.6142143,36.9832419],[27.6141512,36.9832342],[27.6138797,36.9833534],[27.6138758,36.9834282],[27.613675,36.9833686],[27.6132486,36.9834404],[27.6131377,36.9836039],[27.6131243,36.9837047],[27.6130516,36.9838605],[27.6130803,36.9840209],[27.613195,36.9841783],[27.6131893,36.9842057],[27.6129312,36.9843814],[27.612694,36.9844731],[27.6125998,36.9844829],[27.6120914,36.9841848],[27.6119346,36.9840336],[27.6118156,36.9840422],[27.611345,36.9841632],[27.6110367,36.9843144],[27.6106797,36.9846255],[27.6104093,36.9847422],[27.6099171,36.9848891],[27.6097061,36.9850144],[27.6092626,36.9854248],[27.6089219,36.985818],[27.6084567,36.9865741],[27.6081322,36.9869154],[27.6080132,36.9873301],[27.607878,36.9876153],[27.6078834,36.9880473],[27.6078401,36.988138],[27.6074831,36.9883411],[27.6070721,36.9888509],[27.607018,36.9889805],[27.6070234,36.9891922],[27.6072019,36.9896631],[27.6071856,36.9897754],[27.6064068,36.990566],[27.6062283,36.9908684],[27.6059146,36.9910369],[27.605206,36.9914905],[27.6049734,36.9915683],[27.6043068,36.9915248],[27.604242,36.991594],[27.6042435,36.991641],[27.6041346,36.9917023],[27.6033862,36.991794],[27.6028761,36.9918061],[27.6015659,36.9916331],[27.6007924,36.9915942],[27.6000839,36.9917022],[27.5994024,36.9919442],[27.5993266,36.9920392],[27.5992726,36.9921818],[27.5993287,36.9922399],[27.5992062,36.9923446],[27.5990637,36.9924143],[27.5988091,36.9924704],[27.5981854,36.9924194],[27.5980231,36.9924669],[27.5976445,36.9930112],[27.5974119,36.9932575],[27.597201,36.9934087],[27.5968061,36.9934864],[27.5959407,36.9938147],[27.5955513,36.9940005],[27.5948752,36.9942467],[27.5937448,36.9944757],[27.5935284,36.9944671],[27.5932255,36.9943331],[27.5931011,36.9943418],[27.5930687,36.994385],[27.5931227,36.9944757],[27.5930957,36.9946053],[27.5930308,36.9946874],[27.5928199,36.9947219],[27.5924088,36.9946528],[27.5921275,36.9947479],[27.5920572,36.9947954],[27.5918733,36.9947651],[27.5916786,36.9946399],[27.5913541,36.994601],[27.5910187,36.9946571],[27.5907321,36.9945448],[27.5904941,36.9945362],[27.5901966,36.9946355],[27.5897206,36.9946485],[27.5895421,36.9947047],[27.589461,36.9947003],[27.5892068,36.9945189],[27.5891256,36.9943591],[27.5890012,36.9943159],[27.5887795,36.9943461],[27.5887038,36.9943807],[27.5886713,36.9944757],[27.5885489,36.9946549],[27.5884311,36.9946787],[27.5881455,36.9946714],[27.5880385,36.9946053],[27.5878924,36.9943418],[27.5876599,36.9942079],[27.5874651,36.9941819],[27.5874002,36.9942122],[27.5872975,36.9943288],[27.5867187,36.9943807],[27.5863888,36.9945232],[27.5861021,36.9945448],[27.5858912,36.9946226],[27.5857668,36.9947479],[27.5855883,36.9950373],[27.5856586,36.9952576],[27.5856424,36.995331],[27.585399,36.9954693],[27.5853016,36.9954822],[27.5850258,36.9954045],[27.5843677,36.9949361],[27.5841604,36.9949163],[27.5840557,36.9949334],[27.5840159,36.9949776],[27.5839466,36.9949804],[27.583914,36.9949427],[27.5837074,36.9949765],[27.5835393,36.9949758],[27.5834431,36.9949326],[27.5833542,36.9949247],[27.5831027,36.9948155],[27.582979,36.9948874],[27.5828207,36.9948909],[27.5825874,36.9947971],[27.5822577,36.9946073],[27.5818973,36.9943363],[27.5818751,36.9942873],[27.5819145,36.9942601],[27.5818725,36.9941408],[27.5817244,36.9939779],[27.5809059,36.9942065],[27.5800121,36.9939789],[27.5796,36.994029],[27.5792609,36.9942789],[27.5788788,36.9943255],[27.5780729,36.9941705],[27.577318,36.993891],[27.5772403,36.993741],[27.5770775,36.9938037],[27.5764502,36.9936841],[27.5756361,36.9937817],[27.5755624,36.9937347],[27.5754447,36.9938503],[27.5752459,36.9939522],[27.5751576,36.9940286],[27.5750104,36.9940855],[27.5747773,36.9940502],[27.5746448,36.9939777],[27.574473,36.9938346],[27.5743219,36.9938205],[27.5738988,36.9938928],[27.5737958,36.9938621],[27.5735664,36.9936591],[27.5734543,36.993429],[27.5734929,36.9931725],[27.5733629,36.9931118],[27.5731739,36.9930731],[27.5730872,36.9930912],[27.5730334,36.993069],[27.5729466,36.9928473],[27.572905,36.9928611],[27.5729484,36.9930357],[27.5729224,36.9930759],[27.5728443,36.9931216],[27.5725159,36.9932257],[27.5723845,36.9931175],[27.5724487,36.9932408],[27.5724264,36.9932866],[27.5722277,36.9932962],[27.5720123,36.9932129],[27.5717421,36.992963],[27.571583,36.992656],[27.5716087,36.992517],[27.5717061,36.9923514],[27.5717748,36.992322],[27.571787,36.992271],[27.5717355,36.9922338],[27.5715245,36.9922083],[27.5711294,36.9920535],[27.5711074,36.9920065],[27.5711442,36.9919594],[27.5711147,36.9919242],[27.5708914,36.9918301],[27.5706608,36.9917811],[27.5702731,36.9916106],[27.5699738,36.9915851],[27.5692264,36.9914237],[27.56869,36.991256],[27.5670747,36.9909497],[27.5664503,36.9907914],[27.5651061,36.9906372],[27.5646557,36.9904524],[27.5642822,36.9903948],[27.5636364,36.9900985],[27.5634245,36.9898321],[27.5628353,36.9895105],[27.5614642,36.9886128],[27.5613914,36.9885447],[27.561438,36.9884726],[27.5611283,36.9882209],[27.5610738,36.9882041],[27.5610401,36.9881438],[27.5610324,36.988037],[27.5610763,36.9872462],[27.5611468,36.9870373],[27.5612066,36.9869411],[27.5612684,36.9868854],[27.5613773,36.9868494],[27.5619498,36.9868224],[27.5621972,36.9867889],[27.5622154,36.986884],[27.5625132,36.9868494],[27.5625093,36.9868267],[27.5626344,36.9868125],[27.562623,36.9867448],[27.5629828,36.9866696],[27.563314,36.9864705],[27.5637164,36.9863784],[27.5644451,36.9863157],[27.5651565,36.9862243],[27.566408,36.985872],[27.5671088,36.9858485],[27.568329,36.985863],[27.5695452,36.9859501],[27.570251,36.9859264],[27.570977,36.9858514],[27.5718666,36.985597],[27.5725297,36.9853106],[27.573125,36.984812],[27.5733668,36.9845633],[27.5750376,36.9844702],[27.5754832,36.9843581],[27.5756011,36.9842012],[27.5755485,36.9839854],[27.5751147,36.9836318],[27.5740976,36.9832688],[27.5739759,36.9832001],[27.5738135,36.9829561],[27.5736438,36.9828261],[27.5731485,36.9827265],[27.5728956,36.9827431],[27.5721648,36.982602],[27.5717699,36.9824609],[27.5707481,36.9822035],[27.5703913,36.9820264],[27.5702077,36.9818521],[27.5701073,36.9816446],[27.5699722,36.980607],[27.5698509,36.9804437],[27.5696951,36.9803662],[27.569172,36.9801809],[27.5689123,36.9801726],[27.5686559,36.9802694],[27.5683754,36.9805074],[27.5681606,36.9808532],[27.5679909,36.9813098],[27.5678177,36.981664],[27.5676203,36.9819794],[27.5673397,36.9822063],[27.5670453,36.9823668],[27.5668582,36.9824166],[27.5667716,36.9823585],[27.5664737,36.9825549],[27.5664599,36.9827154],[27.5664218,36.9827763],[27.5663018,36.9828426],[27.5662696,36.9826036],[27.5662354,36.9826072],[27.5662716,36.9828435],[27.5654341,36.9828771],[27.5651069,36.9828265],[27.5648843,36.9826866],[27.5647765,36.9825245],[27.5647272,36.9823984],[27.5647749,36.9822627],[27.5650215,36.9819293],[27.5650915,36.9819489],[27.5650798,36.981977],[27.5651214,36.9819882],[27.5651888,36.9818449],[27.5651479,36.9818326],[27.5651103,36.9819081],[27.5650282,36.9818838],[27.5650778,36.9815699],[27.5651644,36.9812738],[27.5652926,36.9809695],[27.5653549,36.9806817],[27.5653203,36.9797935],[27.5654034,36.9785704],[27.5653549,36.977851],[27.5653826,36.9775521],[27.56549,36.9772671],[27.565587,36.9771038],[27.565729,36.976935],[27.565826,36.9766998],[27.5661135,36.9763982],[27.5662763,36.9763152],[27.5665292,36.9763041],[27.5674159,36.976401],[27.5680186,36.976722],[27.5681156,36.9767524],[27.5682749,36.9767607],[27.5683996,36.9767054],[27.5684308,36.9766085],[27.5684169,36.9765089],[27.5682437,36.9763816],[27.5680775,36.976318],[27.5679147,36.9761741],[27.5674852,36.9759084],[27.5670868,36.9756179],[27.5668963,36.9753688],[27.566588,36.9752],[27.5654311,36.9749095],[27.564347,36.9750063],[27.5640976,36.9751032],[27.5639278,36.9752775],[27.5637408,36.9753494],[27.5636888,36.9755487],[27.5636992,36.9760966],[27.56372,36.9764785],[27.5637858,36.9769406],[27.5637304,36.9770125],[27.5634983,36.9771592],[27.5633182,36.9773141],[27.5632455,36.9775134],[27.5630827,36.9776517],[27.5629026,36.9779174],[27.5628748,36.9782882],[27.5630376,36.9791598],[27.5629995,36.9793563],[27.5628263,36.979763],[27.5627259,36.9798709],[27.5626843,36.9800259],[27.5624463,36.9802769],[27.5617299,36.9805229],[27.5613349,36.9805389],[27.561288,36.9805844],[27.5610336,36.9806111],[27.5609967,36.9806513],[27.5607624,36.980686],[27.5606218,36.9807796],[27.5604377,36.9809909],[27.5601766,36.9814562],[27.5602234,36.9819375],[27.5600594,36.9823627],[27.560036,36.9824991],[27.5601364,36.9828521],[27.5601464,36.9829724],[27.5598887,36.9834137],[27.5597548,36.9838014],[27.5596108,36.9847454],[27.5594602,36.9849566],[27.559112,36.9852321],[27.5587573,36.9856209],[27.5586533,36.9856757],[27.5585325,36.9856977],[27.5582824,36.985702],[27.5580925,36.9856561],[27.5577696,36.9854326],[27.5576592,36.9852962],[27.5575955,36.9849914],[27.5575955,36.9845689],[27.5575453,36.9843763],[27.5574315,36.984248],[27.5571359,36.9840536],[27.5568874,36.9839401],[27.5565181,36.9838134],[27.5561417,36.9835922],[27.5555689,36.9831289],[27.5554576,36.9830779],[27.5550458,36.9831006],[27.5547144,36.9832216],[27.5543096,36.9834163],[27.554151,36.9834731],[27.5540303,36.9834825],[27.5530574,36.9829115],[27.5519519,36.9821324],[27.5518525,36.9821286],[27.5512986,36.9823139],[27.550697,36.983249],[27.5504055,36.983338],[27.5503185,36.98333],[27.5501712,36.983362],[27.55,36.983438009958505],[27.55,37.1],[28.65,37.1],[28.65,36.72097108896518],[28.6497312,36.7211016],[28.6493696,36.7215883],[28.649038,36.721836],[28.6489974,36.722154],[28.6492251,36.7225896],[28.649161,36.7227326],[28.648912,36.7228557],[28.6486246,36.7229483],[28.6483228,36.7229588],[28.6480655,36.7228989],[28.6479618,36.7228523],[28.6480199,36.7226727],[28.6481178,36.7225203],[28.6481077,36.7224241],[28.6477784,36.7219942],[28.6477004,36.7220175],[28.647292,36.7223281],[28.6466921,36.7225829],[28.6465925,36.7225264],[28.6466589,36.7224366],[28.6466991,36.7222999],[28.6461262,36.7221523],[28.6456008,36.7221273],[28.64537,36.721887],[28.6453318,36.7216544],[28.6451111,36.7215253],[28.6449701,36.7212825],[28.6446879,36.7211195],[28.6446298,36.7207636],[28.6446215,36.7204328],[28.6447511,36.7202144],[28.6452854,36.7200685],[28.6454784,36.7199201],[28.6459018,36.7199294],[28.6459576,36.7198257],[28.6459286,36.7197026],[28.6460157,36.7194798],[28.6459078,36.7192669],[28.6459037,36.7191638],[28.6459857,36.7190244],[28.6462149,36.718778],[28.6463892,36.7187879],[28.6464446,36.7186867],[28.6461319,36.7183289],[28.64592,36.717769],[28.6456522,36.7176825],[28.6454081,36.7176597],[28.6452248,36.7178887],[28.6447311,36.7178322],[28.6440837,36.7178189],[28.6435568,36.717759],[28.6433993,36.7176088],[28.6434323,36.7174663],[28.6433238,36.7170536],[28.6431647,36.7169347],[28.6427144,36.7162949],[28.6423908,36.7159995],[28.6424447,36.715893],[28.6425028,36.7156303],[28.6426231,36.7153775],[28.6427155,36.7152828],[28.6429302,36.7153642],[28.6429543,36.7152397],[28.6424537,36.7147922],[28.642453,36.7144666],[28.64201,36.713969],[28.6419329,36.7137402],[28.6411527,36.7134053],[28.6408227,36.7131959],[28.6406064,36.7129647],[28.6404412,36.7126691],[28.6401407,36.7124265],[28.6398173,36.712228],[28.6393847,36.7121852],[28.6394506,36.7118133],[28.6392342,36.7114367],[28.6389646,36.7111582],[28.638436,36.710936],[28.638589,36.710677],[28.638722,36.709391],[28.638081,36.709271],[28.637759,36.709147],[28.637908,36.708631],[28.638051,36.707859],[28.637413,36.707867],[28.636902,36.706333],[28.636869,36.704792],[28.636545,36.70454],[28.636539,36.704283],[28.636677,36.703253],[28.636361,36.703386],[28.636042,36.70339],[28.635077,36.703018],[28.634901,36.70225],[28.634577,36.701998],[28.634407,36.701486],[28.63409,36.701619],[28.633777,36.70188],[28.633461,36.702013],[28.63329,36.701502],[28.632944,36.700222],[28.632779,36.699967],[28.631831,36.700365],[28.631512,36.70037],[28.63055,36.700126],[28.629909,36.700007],[28.629893,36.699236],[28.629252,36.699116],[28.628295,36.699129],[28.627971,36.698877],[28.626055,36.698775],[28.625911,36.699548],[28.625763,36.700063],[28.625125,36.700072],[28.625295,36.700584],[28.62546,36.700838],[28.62482,36.700718],[28.624176,36.70047],[28.623857,36.700474],[28.623222,36.700612],[28.623073,36.701128],[28.623078,36.701385],[28.623249,36.701896],[28.62229,36.70178],[28.621971,36.701784],[28.621657,36.702046],[28.621341,36.702179],[28.621192,36.702695],[28.621038,36.702954],[28.620084,36.703095],[28.61977,36.703356],[28.617868,36.703895],[28.617551,36.704029],[28.617716,36.704283],[28.617878,36.704409],[28.618197,36.704405],[28.618832,36.704268],[28.618843,36.704782],[28.618205,36.704791],[28.618216,36.705304],[28.617578,36.705313],[28.617753,36.706081],[28.617759,36.706338],[28.617445,36.706599],[28.61745,36.706856],[28.617775,36.707108],[28.617946,36.70762],[28.61731,36.707756],[28.616994,36.70789],[28.617158,36.708144],[28.617483,36.708397],[28.61751,36.709681],[28.617356,36.70994],[28.616718,36.709949],[28.616569,36.710464],[28.616437,36.711751],[28.615799,36.711759],[28.615963,36.712014],[28.616134,36.712526],[28.615496,36.712534],[28.61566,36.712789],[28.615677,36.713559],[28.616001,36.713812],[28.616172,36.714323],[28.61681,36.714315],[28.616655,36.714574],[28.61666,36.71483],[28.617001,36.715853],[28.617164,36.715979],[28.618445,36.716219],[28.619402,36.716206],[28.6209333,36.7160123],[28.6217256,36.7162201],[28.6224642,36.7156663],[28.6222075,36.7162283],[28.6221494,36.716752],[28.6222418,36.7170875],[28.6222909,36.7173729],[28.6224525,36.7177795],[28.6228614,36.717773],[28.6230051,36.7172929],[28.6232332,36.717157],[28.623508,36.7169244],[28.6238487,36.7170418],[28.6239418,36.7175471],[28.6237074,36.7176944],[28.6234685,36.7178911],[28.6235655,36.7181366],[28.623127,36.718853],[28.623132,36.71911],[28.623457,36.719362],[28.623462,36.719619],[28.623148,36.71988],[28.623154,36.720137],[28.623803,36.720642],[28.624133,36.721151],[28.624303,36.721662],[28.623344,36.721547],[28.62111,36.721577],[28.620797,36.721838],[28.620481,36.721971],[28.620645,36.722226],[28.620808,36.722352],[28.621451,36.7226],[28.621613,36.722727],[28.6218901,36.7232625],[28.6222429,36.7234016],[28.621948,36.723493],[28.621332,36.724529],[28.621348,36.725299],[28.62151,36.725425],[28.622473,36.725669],[28.623114,36.725789],[28.62297,36.726562],[28.622816,36.726821],[28.6228452,36.7270567],[28.6233423,36.7273044],[28.623515,36.7274138],[28.6237439,36.7275097],[28.6239895,36.7276551],[28.624425,36.72744],[28.6248134,36.7274791],[28.6249186,36.727727],[28.624917,36.728076],[28.624769,36.728592],[28.624447,36.728468],[28.622533,36.728494],[28.621889,36.728246],[28.62157,36.72825],[28.621256,36.728511],[28.62094,36.728644],[28.620967,36.729928],[28.620326,36.729808],[28.619047,36.729698],[28.618914,36.730984],[28.6186158,36.7311862],[28.619723,36.731487],[28.619415,36.732005],[28.6181512,36.7319234],[28.618314,36.73279],[28.6181359,36.7340411],[28.6184724,36.7344668],[28.618544,36.7348186],[28.6195851,36.7346416],[28.6202359,36.735006],[28.6202743,36.7351581],[28.6196949,36.7353084],[28.6194575,36.7354697],[28.6200534,36.7358318],[28.6199537,36.735939],[28.6197631,36.7360351],[28.619179,36.735989],[28.618858,36.735866],[28.6186478,36.7355605],[28.61853,36.735484],[28.617573,36.735498],[28.6160501,36.7355716],[28.6157017,36.7360856],[28.6154065,36.736068],[28.615342,36.735657],[28.6151227,36.7351751],[28.614847,36.734893],[28.6142595,36.7344991],[28.614193,36.734131],[28.613863,36.733622],[28.613393,36.7330938],[28.6132583,36.7330333],[28.6129393,36.733076],[28.6125027,36.7328144],[28.611127,36.732502],[28.610803,36.73225],[28.610162,36.73213],[28.609991,36.731619],[28.6096285,36.7316177],[28.6092587,36.7314719],[28.6089844,36.7317484],[28.6086361,36.7319982],[28.608412,36.732411],[28.6082952,36.7329055],[28.607942,36.732802],[28.6071186,36.7331774],[28.6072296,36.7333531],[28.607515,36.733492],[28.6077429,36.7335733],[28.6080922,36.733987],[28.607988,36.7344663],[28.607822,36.734731],[28.607827,36.734988],[28.6077223,36.735333],[28.6086816,36.7347912],[28.609585,36.735092],[28.610221,36.734955],[28.61057,36.7354647],[28.6111379,36.7351941],[28.6115032,36.7353757],[28.6114707,36.7358132],[28.611244,36.7357737],[28.6115569,36.7360303],[28.6115184,36.7371751],[28.6108347,36.7372444],[28.6107887,36.7376248],[28.6105984,36.7378155],[28.6106977,36.7380188],[28.6102921,36.7382128],[28.61045,36.738292],[28.611099,36.738797],[28.611109,36.739311],[28.611596,36.739689],[28.613511,36.739663],[28.613825,36.739402],[28.614458,36.739136],[28.61476,36.7393397],[28.6149803,36.7395347],[28.61557,36.7401558],[28.616069,36.739885],[28.616383,36.739624],[28.616702,36.73962],[28.617188,36.739999],[28.617518,36.740508],[28.617681,36.740634],[28.620234,36.740599],[28.620395,36.740726],[28.620423,36.74201],[28.620285,36.743039],[28.61965,36.743176],[28.619333,36.743309],[28.619498,36.743564],[28.620147,36.744069],[28.620328,36.745094],[28.620964,36.744956],[28.62224,36.744939],[28.622881,36.745059],[28.622726,36.745318],[28.622759,36.746859],[28.622445,36.74712],[28.622451,36.747377],[28.622613,36.747503],[28.62389,36.747485],[28.624052,36.747612],[28.624068,36.748383],[28.62344,36.748905],[28.623298,36.749677],[28.623936,36.749669],[28.623958,36.750696],[28.624274,36.750563],[28.625226,36.750293],[28.625854,36.749771],[28.626173,36.749766],[28.626334,36.749893],[28.626345,36.750407],[28.626037,36.750924],[28.626059,36.751952],[28.625745,36.752213],[28.62575,36.75247],[28.625913,36.752596],[28.627201,36.753092],[28.627362,36.753218],[28.627539,36.753987],[28.628174,36.753849],[28.6288376,36.7538507],[28.6293504,36.754209],[28.6301424,36.7539929],[28.6304613,36.7538489],[28.6312886,36.7534014],[28.6317579,36.7535587],[28.6316689,36.753941],[28.6318364,36.7543685],[28.6319157,36.7547714],[28.632345,36.75482],[28.632502,36.754689],[28.6326914,36.7543116],[28.633297,36.754549],[28.633459,36.754676],[28.633475,36.755447],[28.6333581,36.7558082],[28.633811,36.756213],[28.633822,36.756726],[28.6337461,36.7568533],[28.6336064,36.7572011],[28.633524,36.757758],[28.633371,36.758017],[28.6330911,36.7584134],[28.632416,36.758158],[28.6317558,36.7580267],[28.6312689,36.7578655],[28.6297309,36.7575989],[28.6304069,36.7584686],[28.6291866,36.7581006],[28.628894,36.7579394],[28.6281589,36.7577788],[28.627617,36.75771],[28.624745,36.757749],[28.623771,36.756992],[28.621851,36.756761],[28.620569,36.756522],[28.620249,36.756526],[28.618659,36.756805],[28.618345,36.757066],[28.617388,36.757079],[28.616428,36.756964],[28.616284,36.757737],[28.61597,36.757998],[28.615816,36.758257],[28.614856,36.758141],[28.614534,36.758017],[28.61439,36.75879],[28.614236,36.759049],[28.612643,36.759199],[28.612007,36.759336],[28.612172,36.759591],[28.612335,36.759717],[28.612724,36.7599008],[28.613612,36.759699],[28.614569,36.759686],[28.6148508,36.7598643],[28.615055,36.760065],[28.6150394,36.7608341],[28.6151802,36.7611478],[28.615726,36.761598],[28.615731,36.761855],[28.615104,36.762377],[28.615125,36.763404],[28.614972,36.763663],[28.6145518,36.7637003],[28.6138925,36.7641679],[28.6134775,36.7641812],[28.613065,36.764074],[28.6125571,36.7642203],[28.612753,36.764464],[28.613395,36.764583],[28.6139428,36.764975],[28.614366,36.765213],[28.614376,36.765726],[28.6136052,36.7659211],[28.6133531,36.766169],[28.615031,36.766488],[28.6146477,36.767153],[28.6146477,36.7673923],[28.614908,36.768288],[28.6150129,36.768527],[28.615233,36.76854],[28.615558,36.768793],[28.6157718,36.7694416],[28.6159929,36.7695743],[28.616694,36.769676],[28.6170191,36.7698054],[28.6168935,36.7700456],[28.6169026,36.7707654],[28.617202,36.771083],[28.61769,36.771461],[28.619286,36.771439],[28.620568,36.771679],[28.621212,36.771927],[28.621537,36.772179],[28.6219785,36.7721909],[28.6223313,36.7719035],[28.6227669,36.7720178],[28.623133,36.772157],[28.6233755,36.7722066],[28.6234336,36.7719621],[28.6238544,36.7719314],[28.6239796,36.7722166],[28.6243231,36.7723145],[28.6247535,36.7722456],[28.625373,36.772384],[28.627326,36.7727096],[28.6278615,36.7730382],[28.6295494,36.7736231],[28.6297985,36.7738936],[28.630037,36.77399],[28.630361,36.774243],[28.630372,36.774756],[28.6302131,36.7773027],[28.6300616,36.7778322],[28.6299118,36.7788258],[28.6297796,36.7793715],[28.6296541,36.7801708],[28.6291874,36.7814274],[28.6287676,36.78217],[28.6282642,36.7829791],[28.6281201,36.7832731],[28.6273392,36.784533],[28.6268886,36.7851396],[28.6256257,36.7865846],[28.6236946,36.7886238],[28.6229628,36.7892207],[28.6215836,36.7905956],[28.6210913,36.7910047],[28.6206149,36.7914834],[28.6195038,36.7922956],[28.618308,36.7930817],[28.6168622,36.7940979],[28.6159737,36.7946144],[28.6150248,36.7952391],[28.6142234,36.795699],[28.610842,36.7978477],[28.6098524,36.7983576],[28.6089137,36.7988769],[28.6068192,36.7999357],[28.6044532,36.8009446],[28.6034897,36.8012651],[28.6031173,36.801538],[28.6029658,36.8017351],[28.6030857,36.8018969],[28.6034697,36.8020038],[28.6028837,36.8019676],[28.6027259,36.802099],[28.6021867,36.8021525],[28.6019643,36.8020315],[28.600438,36.801751],[28.599231,36.8013393],[28.5982704,36.800922],[28.5982275,36.8006729],[28.5984324,36.8003133],[28.5981443,36.8000092],[28.5982425,36.79981],[28.5980922,36.7995624],[28.5978291,36.7993089],[28.5971531,36.7992414],[28.5968653,36.7990516],[28.5954702,36.7989203],[28.5949629,36.7988567],[28.5948439,36.798814],[28.5945663,36.7988838],[28.5944751,36.7990148],[28.5942404,36.7990578],[28.5941318,36.7991576],[28.5940848,36.7992532],[28.5939346,36.7993671],[28.593885,36.7994884],[28.5939936,36.7995238],[28.5941304,36.7996344],[28.5941331,36.7996828],[28.5941881,36.7997526],[28.5943986,36.7998922],[28.5944228,36.7999555],[28.5943799,36.7999942],[28.5944201,36.8003346],[28.594455,36.8004141],[28.5944523,36.8004452],[28.5944054,36.800471],[28.5944121,36.8005204],[28.5946186,36.8007029],[28.5946427,36.8007416],[28.5946266,36.8007899],[28.5946441,36.8008415],[28.5947071,36.8008705],[28.5947178,36.8009027],[28.594683,36.8009542],[28.5947151,36.8009789],[28.5947192,36.8010337],[28.5945998,36.8010509],[28.5945193,36.8010992],[28.5944673,36.8011702],[28.594518,36.8012839],[28.594514,36.8013333],[28.5946012,36.8014439],[28.594683,36.8016297],[28.5950786,36.8019679],[28.5951349,36.8021741],[28.5951027,36.8022117],[28.5951081,36.8022901],[28.5952328,36.8027443],[28.5953846,36.8029614],[28.5954823,36.8030503],[28.5957934,36.8031126],[28.5959932,36.8032028],[28.5960361,36.8032533],[28.5961126,36.8032705],[28.5961957,36.8033489],[28.5962561,36.8034971],[28.5962681,36.8035712],[28.5962467,36.8036195],[28.5961635,36.8036871],[28.5961448,36.803772],[28.5962091,36.8039287],[28.596134,36.8039942],[28.5957934,36.8038353],[28.595611,36.803904],[28.5955627,36.8039803],[28.595674,36.804078],[28.59578,36.8041328],[28.5958712,36.8042358],[28.5961072,36.8043497],[28.5962225,36.8044678],[28.5962588,36.8046686],[28.5964183,36.8049317],[28.596476,36.8050852],[28.5964425,36.8052527],[28.5964116,36.8052828],[28.5963137,36.8053021],[28.5963084,36.8053558],[28.5961474,36.8054589],[28.5958685,36.8053601],[28.5957612,36.8053665],[28.595713,36.8054205],[28.5958275,36.8055076],[28.5958591,36.8057048],[28.5957894,36.8057477],[28.5957756,36.80588],[28.5958028,36.8059969],[28.5958685,36.8060774],[28.5959047,36.8061987],[28.5960171,36.8063479],[28.5961877,36.8064629],[28.5961823,36.8066562],[28.5960858,36.8068172],[28.5959811,36.8068935],[28.5958645,36.8070395],[28.5957947,36.8070545],[28.5956995,36.8070234],[28.595501,36.8070524],[28.5953093,36.8071544],[28.5952449,36.8071351],[28.5947782,36.80712],[28.594345,36.8071587],[28.5942484,36.8072736],[28.5940446,36.8073122],[28.5939384,36.8074116],[28.5939507,36.8075119],[28.5940379,36.8076505],[28.5940661,36.8077471],[28.5939279,36.8079629],[28.5939561,36.8081229],[28.5938703,36.8083785],[28.59383,36.8085868],[28.5938984,36.8086673],[28.5939132,36.8088187],[28.5939051,36.8090045],[28.5938421,36.8091462],[28.5938622,36.80926],[28.5938273,36.8093373],[28.5939547,36.8095735],[28.5938877,36.8097733],[28.5938233,36.8098871],[28.593889,36.8100889],[28.5937616,36.8101866],[28.5937844,36.8103047],[28.5936744,36.8105012],[28.5935175,36.8105742],[28.5934277,36.8105742],[28.5933325,36.8106655],[28.5932681,36.8107847],[28.593107,36.8109203],[28.593028,36.8109243],[28.5925774,36.811211],[28.5924661,36.8112496],[28.5923856,36.811314],[28.5923803,36.8113956],[28.5923427,36.8114772],[28.5923052,36.8115052],[28.5921188,36.8115449],[28.5920343,36.8116136],[28.5920008,36.811721],[28.5919136,36.811794],[28.5913865,36.8120925],[28.5909305,36.8125005],[28.590728,36.8127463],[28.5906637,36.812756],[28.5906368,36.8127968],[28.5906462,36.8128827],[28.5905658,36.8129407],[28.5902041,36.8129389],[28.5901406,36.8129944],[28.5902131,36.8131146],[28.5903753,36.8132188],[28.5903914,36.8132714],[28.5903633,36.8133372],[28.5902747,36.813382],[28.5902117,36.813485],[28.5900401,36.8135183],[28.5900085,36.8136039],[28.5900159,36.8137008],[28.5899958,36.8137245],[28.5898456,36.8137481],[28.5897852,36.8138039],[28.5898148,36.8138737],[28.5897799,36.8139306],[28.5896498,36.8140111],[28.5893373,36.8140133],[28.5892059,36.8140906],[28.5890771,36.8140992],[28.5889913,36.8141797],[28.5886091,36.8142291],[28.5885058,36.8143719],[28.5882859,36.8145931],[28.5883087,36.8149849],[28.5882752,36.8150483],[28.5881236,36.8151707],[28.5881263,36.8152796],[28.5881129,36.8152705],[28.5880686,36.8154971],[28.5879385,36.8157902],[28.5879506,36.8158675],[28.5877146,36.8159104],[28.587618,36.815889],[28.5876341,36.8157107],[28.587551,36.8157021],[28.5874504,36.8157333],[28.5872439,36.8158449],[28.5871835,36.8159952],[28.5871111,36.8160704],[28.5868451,36.8161578],[28.586631,36.8163002],[28.5862434,36.8165042],[28.5861562,36.8164966],[28.5860758,36.8164258],[28.585998,36.8164204],[28.5859537,36.8164977],[28.5859792,36.8166255],[28.5859309,36.8167522],[28.5857163,36.8168477],[28.5855407,36.8168381],[28.5851932,36.8168949],[28.5851839,36.8169465],[28.5852242,36.8169937],[28.5852188,36.8170528],[28.5851651,36.8171043],[28.5847266,36.8172331],[28.5846005,36.8172331],[28.5842881,36.817114],[28.5840681,36.8170861],[28.5839783,36.8171226],[28.5836913,36.8170463],[28.5833842,36.8171226],[28.5831575,36.8171376],[28.5830127,36.8172052],[28.582555,36.8172665],[28.5823488,36.8172246],[28.5821758,36.8170989],[28.5819036,36.8171172],[28.5816126,36.8170238],[28.5812652,36.8169594],[28.5811673,36.8168992],[28.580828,36.8168046],[28.5804124,36.816921],[28.5800868,36.8170961],[28.5797175,36.8172128],[28.5793836,36.8172793],[28.5791198,36.8172634],[28.5789706,36.8172031],[28.5788298,36.8171032],[28.5786206,36.81672],[28.5784757,36.8166373],[28.5782611,36.8167114],[28.578178,36.8166759],[28.5781552,36.8166223],[28.5780698,36.8165614],[28.5779516,36.8166408],[28.5779647,36.8170066],[28.578013,36.8172525],[28.5781002,36.8173974],[28.578064,36.8174296],[28.5779674,36.8174468],[28.5779969,36.8175992],[28.5777569,36.8177689],[28.5775638,36.8178612],[28.5764443,36.8181781],[28.5763742,36.818165],[28.5763165,36.818077],[28.5762067,36.8180298],[28.5761891,36.8180673],[28.5762334,36.8181726],[28.5761797,36.8181973],[28.5760175,36.8181242],[28.5759359,36.8181173],[28.5758847,36.8182069],[28.575713,36.8182252],[28.5754502,36.8181844],[28.5752422,36.8180032],[28.5751149,36.817931],[28.5750639,36.8178752],[28.5750456,36.8177361],[28.5749245,36.817683],[28.574895,36.8177023],[28.574903,36.8177667],[28.5748735,36.8178773],[28.5747904,36.8178977],[28.5747206,36.8178247],[28.5746415,36.8175842],[28.5745762,36.8174708],[28.5742137,36.8174103],[28.5741252,36.8174661],[28.5739803,36.8174318],[28.5737021,36.8171528],[28.5733205,36.8171097],[28.5731435,36.8170131],[28.5728163,36.8169229],[28.5725418,36.816706],[28.5724313,36.8167229],[28.5722013,36.8168735],[28.5721275,36.8168649],[28.572017,36.8167361],[28.5718319,36.8163045],[28.5715552,36.8162163],[28.5712606,36.8164399],[28.5711163,36.8164356],[28.571054,36.8165471],[28.5710728,36.8166265],[28.5711399,36.816721],[28.5711399,36.8168606],[28.5710326,36.817056],[28.5709172,36.8171569],[28.5708448,36.8171161],[28.5706904,36.8171207],[28.570565,36.817177],[28.5704693,36.8172858],[28.5700062,36.8175239],[28.569936,36.8177],[28.5696003,36.8178526],[28.5696217,36.8178827],[28.569782,36.817959],[28.5695547,36.8180437],[28.5695493,36.8181446],[28.5694635,36.8181489],[28.5693401,36.8180673],[28.5687661,36.8180137],[28.5683879,36.8181683],[28.5679952,36.8182096],[28.5677603,36.8183894],[28.5675859,36.8184496],[28.5671057,36.8186812],[28.5670897,36.8188554],[28.5671622,36.818967],[28.5670409,36.8191193],[28.5664508,36.8192689],[28.5661778,36.8194544],[28.5656735,36.8197142],[28.5649706,36.8202209],[28.5646975,36.8202337],[28.5642332,36.820075],[28.5638532,36.8198875],[28.5636311,36.8197193],[28.5632656,36.8196659],[28.5628896,36.8197868],[28.5628193,36.8198774],[28.5629918,36.8202337],[28.5631225,36.8206521],[28.5628356,36.8210528],[28.5629182,36.8211694],[28.562925,36.8213443],[28.5630381,36.8216699],[28.5632124,36.8220303],[28.5632984,36.8221174],[28.5641178,36.8221942],[28.5644601,36.8222804],[28.565077,36.822259],[28.5654303,36.8223299],[28.5657595,36.8224253],[28.5659899,36.8225365],[28.565958,36.8225877],[28.5660743,36.822604],[28.5661693,36.8227438],[28.5662306,36.8229956],[28.5662158,36.8230521],[28.5661829,36.8230798],[28.566068,36.823089],[28.566045,36.8231218],[28.5658955,36.8231179],[28.5658955,36.8230875],[28.5658143,36.8230863],[28.5658244,36.8232965],[28.5660425,36.8238331],[28.5658228,36.8242849],[28.56581,36.824488],[28.5657698,36.8246242],[28.5655659,36.824799],[28.5655499,36.8249288],[28.5656065,36.8250015],[28.5656011,36.8251786],[28.565545,36.8254301],[28.5654391,36.8255085],[28.5652149,36.8261641],[28.565003,36.826499],[28.5646114,36.8266398],[28.5645277,36.8268066],[28.5640531,36.8271601],[28.5635198,36.8275342],[28.5631442,36.8277142],[28.5627126,36.8278811],[28.5626099,36.8278811],[28.5623144,36.8277114],[28.5620254,36.8276857],[28.5615429,36.8273385],[28.5613149,36.8273986],[28.5611674,36.8274115],[28.5608,36.8275725],[28.5601723,36.827959],[28.5600221,36.8281565],[28.5599792,36.8282939],[28.5597593,36.8283604],[28.5597673,36.8285064],[28.5599148,36.8286352],[28.5597673,36.8292235],[28.5595769,36.829348],[28.5592979,36.829771],[28.5591879,36.8298525],[28.5590807,36.8301617],[28.5590592,36.8304086],[28.5593221,36.8305911],[28.5594186,36.830707],[28.5594454,36.8308465],[28.5594079,36.8311686],[28.5593006,36.8313725],[28.5591423,36.8315078],[28.5583993,36.8317852],[28.5578764,36.8318552],[28.5572353,36.8318599],[28.5555831,36.8316495],[28.5542607,36.8315421],[28.5520449,36.8311921],[28.5503904,36.8308229],[28.549909,36.830678],[28.5494335,36.8304548],[28.5490317,36.8301851],[28.5486369,36.8298431],[28.5483783,36.8294583],[28.548279,36.8287485],[28.5482323,36.8285752],[28.5482603,36.8284385],[28.5483935,36.8282661],[28.5486414,36.8282154],[28.5487555,36.8283246],[28.5491066,36.828103],[28.5496849,36.8276805],[28.5500148,36.8274093],[28.5500101,36.8272792],[28.5499102,36.8272612],[28.5496334,36.8270095],[28.5494403,36.8267372],[28.5491967,36.8262156],[28.5491914,36.825958],[28.5493281,36.825651],[28.5496286,36.8252967],[28.5499653,36.8245151],[28.5500341,36.8241893],[28.5498083,36.823476],[28.5497922,36.8232892],[28.5496831,36.8231937],[28.5495615,36.8229822],[28.5496259,36.8228791],[28.5496126,36.8225654],[28.5497814,36.8225163],[28.549816,36.8224126],[28.5500094,36.8221341],[28.54976,36.8221384],[28.5492799,36.822074],[28.5491914,36.8220482],[28.548899,36.8218507],[28.5486951,36.8218335],[28.5485208,36.821928],[28.5482123,36.821958],[28.5477456,36.8220632],[28.5476491,36.8220632],[28.547497,36.821975],[28.547172,36.821723],[28.5465299,36.8211264],[28.5461766,36.8207019],[28.5459056,36.8202961],[28.5456192,36.8199591],[28.5454177,36.8192605],[28.5454351,36.8190922],[28.5455818,36.8188878],[28.545792,36.8186516],[28.545989,36.818527],[28.5460693,36.8182048],[28.5460961,36.8178483],[28.5461873,36.8176529],[28.5466379,36.8175155],[28.5472468,36.817406],[28.5478315,36.8170238],[28.5482311,36.8169229],[28.5487131,36.8166561],[28.5492956,36.8162671],[28.5493711,36.8160661],[28.549269,36.8158696],[28.5488389,36.8152052],[28.5489178,36.8150612],[28.5489607,36.8148937],[28.5489553,36.8147176],[28.5488744,36.8144697],[28.5484511,36.8141786],[28.547813,36.813879],[28.5477751,36.8137749],[28.547648,36.813625],[28.5472655,36.8136031],[28.5471904,36.8135409],[28.5468149,36.8133347],[28.5463831,36.8131866],[28.5460049,36.8131522],[28.5455731,36.8131565],[28.5450579,36.8130439],[28.5444863,36.8126789],[28.5445002,36.8125896],[28.544268,36.812384],[28.5442024,36.8119991],[28.5442427,36.8118294],[28.5442024,36.8117736],[28.5440603,36.8117328],[28.5438699,36.8115309],[28.5437733,36.811518],[28.543769,36.811363],[28.5437277,36.8112432],[28.5434484,36.8110704],[28.5433215,36.8110873],[28.5431296,36.8112582],[28.5429633,36.8113226],[28.5427677,36.8113544],[28.5427541,36.81143],[28.542518,36.8115631],[28.5423517,36.8116125],[28.5420433,36.8118702],[28.5419065,36.8118917],[28.5418406,36.8120177],[28.5416356,36.8122224],[28.5413673,36.8124522],[28.5409731,36.8127163],[28.540737,36.8128043],[28.5405037,36.8128237],[28.5401577,36.8127657],[28.5397956,36.8126605],[28.5394504,36.8124967],[28.5393196,36.8122027],[28.5391308,36.8120449],[28.5387463,36.8114672],[28.538334,36.811177],[28.5380441,36.8110606],[28.5377169,36.8110327],[28.5375023,36.8109747],[28.5373199,36.8110542],[28.5371536,36.8111809],[28.536526,36.8111916],[28.5358205,36.8110778],[28.5356354,36.8109641],[28.5355105,36.8108233],[28.5349675,36.8107405],[28.5346779,36.8105861],[28.5344419,36.8106977],[28.5342059,36.8107643],[28.5338035,36.8107364],[28.5332701,36.8106405],[28.5328694,36.8105088],[28.532567,36.810352],[28.531917,36.809846],[28.5317007,36.809712],[28.5312706,36.8095785],[28.530786,36.8092883],[28.5301691,36.8088724],[28.529488,36.808208],[28.5291752,36.8078592],[28.5285757,36.8069912],[28.5284499,36.8065983],[28.528415,36.8062696],[28.5285276,36.8059539],[28.5284894,36.8058354],[28.5286,36.8054342],[28.5288361,36.8052474],[28.5291418,36.8050777],[28.5294959,36.8049746],[28.5303971,36.8048586],[28.5305393,36.8048071],[28.530694,36.804596],[28.5306063,36.8045086],[28.530689,36.804339],[28.5306922,36.8042144],[28.5304856,36.8040769],[28.5302871,36.8038471],[28.5303408,36.8037784],[28.5305902,36.8036367],[28.5303891,36.8035465],[28.5300833,36.8034734],[28.5298499,36.8033575],[28.529705,36.803067],[28.5296622,36.8028248],[28.5294798,36.8026015],[28.5294181,36.8024726],[28.5294181,36.8021376],[28.5291231,36.8019851],[28.5288951,36.8018004],[28.5287368,36.801096],[28.5287636,36.800806],[28.5290131,36.800675],[28.5289434,36.8005096],[28.5288495,36.8004066],[28.5288146,36.800166],[28.5288575,36.7999749],[28.5290533,36.7998202],[28.529402,36.7994508],[28.5295737,36.7993907],[28.530491,36.7994444],[28.5310194,36.7995904],[28.5312608,36.7996248],[28.5314754,36.7997751],[28.5317758,36.7997708],[28.5319233,36.7997966],[28.5319635,36.7997644],[28.5319716,36.7996914],[28.532032,36.799569],[28.532272,36.7995496],[28.5328996,36.7996269],[28.5332751,36.7997708],[28.5338384,36.7998116],[28.5342461,36.7996291],[28.5345036,36.7995582],[28.5345787,36.7994723],[28.5342944,36.7992683],[28.5339698,36.7990857],[28.5339108,36.7989246],[28.5336748,36.7987764],[28.5337257,36.798639],[28.5338223,36.7984886],[28.5338598,36.7983855],[28.5340583,36.7981536],[28.5343936,36.7980762],[28.5347906,36.7979345],[28.5352653,36.797724],[28.5352761,36.7976896],[28.5351929,36.7975715],[28.535341,36.797343],[28.5355899,36.7971613],[28.5357749,36.7969551],[28.5358527,36.7967639],[28.5358232,36.7965513],[28.5356972,36.7963365],[28.53564,36.796312],[28.5356221,36.7961991],[28.5356596,36.7958253],[28.535788,36.795667],[28.535944,36.795537],[28.5361451,36.7954645],[28.5363865,36.7954795],[28.5364911,36.7955998],[28.5378107,36.7959585],[28.5380226,36.796038],[28.5383338,36.7962119],[28.5385188,36.7962184],[28.5388809,36.7963945],[28.5394281,36.7967661],[28.5395837,36.7968993],[28.5397312,36.7969207],[28.539876,36.796895],[28.5399592,36.7967511],[28.539919,36.7965406],[28.5399565,36.7964375],[28.5399404,36.7962678],[28.5398599,36.7960208],[28.5398465,36.7958146],[28.5398653,36.7957222],[28.5397902,36.7956363],[28.5397714,36.7955032],[28.540273,36.79537],[28.5406405,36.79537],[28.5410964,36.7954946],[28.5414559,36.7955203],[28.5416141,36.7954709],[28.5417992,36.7953013],[28.5418072,36.7951831],[28.541682,36.794949],[28.5415015,36.7948481],[28.541303,36.7947858],[28.5412171,36.7947707],[28.5410911,36.7947944],[28.5409918,36.7947407],[28.540876,36.794574],[28.5407987,36.7946139],[28.540611,36.7944228],[28.5406056,36.7942509],[28.5405681,36.7941822],[28.5403535,36.7940276],[28.5403642,36.7937784],[28.5404554,36.7936001],[28.540796,36.7933639],[28.5409892,36.7933918],[28.5410294,36.7933531],[28.5411984,36.7931297],[28.5413647,36.7928419],[28.5413539,36.7927539],[28.5414585,36.7926443],[28.5416597,36.7925283],[28.5418045,36.7922963],[28.5418099,36.7921438],[28.5418904,36.7919355],[28.5418582,36.7917379],[28.5414961,36.7916176],[28.541139,36.791744],[28.5408604,36.7916305],[28.5406673,36.7913555],[28.5407075,36.7911837],[28.540804,36.790978],[28.5408229,36.7906875],[28.5406888,36.7904255],[28.54047,36.790212],[28.5400891,36.7900541],[28.5400316,36.7895297],[28.5400557,36.7892462],[28.5406,36.788798],[28.5407397,36.7886533],[28.5405278,36.7885373],[28.5403749,36.7881679],[28.5402784,36.7880605],[28.5402945,36.7879273],[28.54045,36.7878113],[28.5404125,36.7874912],[28.54025,36.787261],[28.5402274,36.786995],[28.5402623,36.7867179],[28.5401496,36.7865676],[28.5399538,36.7865955],[28.5400611,36.7868554],[28.5398163,36.7869865],[28.5395378,36.786954],[28.5393745,36.7869714],[28.5390419,36.7869564],[28.5384089,36.7868124],[28.5382023,36.7867158],[28.5380253,36.7865225],[28.5377008,36.7864172],[28.5375345,36.7861186],[28.537511,36.786012],[28.5373254,36.7858621],[28.5370275,36.7858479],[28.536319,36.7857529],[28.5359615,36.7856488],[28.5356435,36.7856804],[28.534635,36.7854763],[28.5344419,36.7855988],[28.5337472,36.7856933],[28.5333046,36.7859188],[28.533023,36.7860971],[28.5328943,36.7861594],[28.5327172,36.7862045],[28.5323417,36.7864301],[28.5319528,36.7866256],[28.5316175,36.7867007],[28.5302818,36.7873709],[28.5304105,36.787517],[28.5302871,36.7877555],[28.5299867,36.7880906],[28.5300162,36.7882259],[28.5300994,36.7883956],[28.5300216,36.7884944],[28.5298499,36.7886039],[28.529807,36.7888123],[28.5296193,36.7890293],[28.5295173,36.7892462],[28.5288092,36.7895598],[28.5285518,36.7896157],[28.5282218,36.7896586],[28.5280904,36.7896393],[28.5278866,36.7894846],[28.5276827,36.7895405],[28.5274547,36.7896629],[28.5270739,36.7897832],[28.52687,36.7898971],[28.526634,36.789983],[28.5262397,36.7899701],[28.5254967,36.7898219],[28.5253331,36.7898971],[28.5249147,36.7897445],[28.5246545,36.7897789],[28.5243756,36.7897703],[28.5238928,36.789592],[28.523525,36.789402],[28.5232249,36.7892075],[28.5229915,36.7891517],[28.522903,36.7891066],[28.5228172,36.7889627],[28.5226402,36.7888703],[28.5224819,36.7889197],[28.522144,36.7893987],[28.5218757,36.7894889],[28.5217229,36.7894696],[28.5214359,36.7891989],[28.5213286,36.7891818],[28.5210818,36.7893021],[28.5208216,36.7890593],[28.5206312,36.7890593],[28.5203737,36.789446],[28.520878,36.7899701],[28.5213286,36.790273],[28.5215029,36.7904448],[28.5216156,36.7906983],[28.5217229,36.7910806],[28.5214868,36.7914565],[28.5211542,36.7916477],[28.5209826,36.7916498],[28.5207063,36.7916069],[28.5204568,36.7916648],[28.5199848,36.7918861],[28.519742,36.791892],[28.5194027,36.7919763],[28.5192579,36.7920429],[28.5191748,36.7921438],[28.5191774,36.7922749],[28.5190675,36.7924016],[28.518979,36.7927045],[28.5189065,36.7930331],[28.5188904,36.793308],[28.5189119,36.7934627],[28.5190085,36.7936087],[28.5193518,36.7936946],[28.5195181,36.7938428],[28.5196897,36.7942187],[28.520117,36.794713],[28.5205051,36.7949662],[28.5208136,36.7950972],[28.5209799,36.7952325],[28.5211489,36.7954194],[28.5212991,36.7957351],[28.5213071,36.7960251],[28.5211542,36.7964246],[28.5210067,36.7967167],[28.5207009,36.7969014],[28.520479,36.796891],[28.520163,36.797024],[28.5200545,36.7971956],[28.519907,36.7972193],[28.5197487,36.7973288],[28.5198238,36.7974534],[28.5199311,36.7975651],[28.5199606,36.7977756],[28.5197943,36.7979968],[28.5197863,36.7981579],[28.5198721,36.7988409],[28.5197756,36.7992317],[28.518936,36.799609],[28.5186517,36.7998825],[28.5181796,36.8000028],[28.5180455,36.7999147],[28.5179114,36.7998997],[28.5179678,36.7999963],[28.5179329,36.8001059],[28.5168278,36.8003421],[28.5163128,36.8002906],[28.5159695,36.8001359],[28.5148483,36.7999341],[28.5141778,36.8000329],[28.513514,36.800063],[28.5127509,36.7998911],[28.5126114,36.7997107],[28.5119891,36.799788],[28.5112166,36.7995604],[28.5108089,36.7993671],[28.5106212,36.7991995],[28.509803,36.798184],[28.509144,36.797165],[28.50881,36.796398],[28.5087839,36.7961583],[28.50848,36.795889],[28.5081965,36.7954623],[28.508065,36.7951896],[28.5077727,36.794745],[28.5075098,36.7944636],[28.5070109,36.7941693],[28.506622,36.7938772],[28.5060883,36.7936195],[28.5054365,36.7931212],[28.5049027,36.7929214],[28.504583,36.792598],[28.5043314,36.7921267],[28.5040605,36.7918023],[28.503765,36.791581],[28.5030025,36.7911543],[28.5027319,36.7909447],[28.5021316,36.7909712],[28.5017813,36.7911078],[28.5015741,36.791362],[28.5013702,36.7918109],[28.5010618,36.7922512],[28.5007158,36.7924682],[28.5005924,36.7926894],[28.5003376,36.7928935],[28.5000131,36.7930675],[28.49971,36.7933488],[28.4994578,36.7937526],[28.4993157,36.7941328],[28.4988543,36.7946655],[28.4987529,36.7949779],[28.4987578,36.7953292],[28.4988463,36.7957201],[28.4989259,36.7958819],[28.4993157,36.7962012],[28.4996483,36.7968584],[28.4997126,36.7972386],[28.4996644,36.7974663],[28.4995061,36.7976853],[28.498783,36.798194],[28.4982857,36.7984263],[28.4978136,36.7985531],[28.496722,36.7988258],[28.4962296,36.798854],[28.4958596,36.799001],[28.49581,36.7990943],[28.4956974,36.7991351],[28.4954506,36.7991609],[28.4950966,36.7993155],[28.4948659,36.7994379],[28.4945574,36.7997257],[28.4942586,36.7997204],[28.4935999,36.7999212],[28.4928167,36.799977],[28.4924626,36.7999792],[28.4911403,36.7998932],[28.490915,36.7998159],[28.490679,36.7996978],[28.4901693,36.7996914],[28.4898823,36.7997408],[28.4896705,36.7997257],[28.4895029,36.7996404],[28.4894425,36.7996656],[28.4894505,36.7998911],[28.4894156,36.7999835],[28.4890562,36.8002133],[28.4888792,36.8004753],[28.4887853,36.8007244],[28.4887719,36.8009628],[28.4889515,36.8012779],[28.489126,36.8015255],[28.489413,36.8017682],[28.4896463,36.8023738],[28.4898264,36.8026333],[28.4902133,36.8028883],[28.490594,36.8030778],[28.490741,36.803114],[28.4910572,36.8030912],[28.492696,36.8024383],[28.4930982,36.8023462],[28.4934526,36.802399],[28.4940257,36.8025533],[28.4942383,36.8026638],[28.4946835,36.8026595],[28.4951019,36.8029086],[28.4954526,36.8031547],[28.4957752,36.8034992],[28.496036,36.8039435],[28.496258,36.8044978],[28.4962633,36.8046761],[28.4959844,36.8048758],[28.495881,36.805039],[28.495886,36.805296],[28.495971,36.8054406],[28.4959871,36.8056081],[28.4959495,36.805737],[28.4958234,36.8058959],[28.495633,36.8059453],[28.4954051,36.8061509],[28.4954506,36.8062954],[28.4958047,36.8064135],[28.4959576,36.806538],[28.4963277,36.8067635],[28.4964243,36.8068623],[28.4964779,36.807032],[28.4965476,36.8071458],[28.4965557,36.8072961],[28.4964833,36.8074078],[28.4965037,36.8076228],[28.4966388,36.8077278],[28.4966898,36.8077084],[28.4969714,36.8077299],[28.4973979,36.8076827],[28.4975401,36.8075409],[28.4978753,36.807571],[28.4985539,36.8075302],[28.4993532,36.8075603],[28.4996268,36.8077213],[28.4997893,36.8079787],[28.4999523,36.8081533],[28.5001057,36.8083984],[28.5001793,36.808619],[28.5002062,36.808954],[28.5000801,36.8090463],[28.5000586,36.8092611],[28.5000828,36.8098645],[28.5000184,36.8100556],[28.4997502,36.8103649],[28.4995678,36.810513],[28.4995034,36.8108803],[28.4994473,36.8109605],[28.499675,36.811157],[28.4997234,36.8112561],[28.500182,36.8114837],[28.5004154,36.8115116],[28.5012522,36.8114579],[28.502022,36.8114601],[28.5026523,36.811576],[28.5029206,36.8120656],[28.5029903,36.812538],[28.5029474,36.8132617],[28.5027301,36.8139016],[28.5018557,36.8151299],[28.5006353,36.8163925],[28.5000774,36.8169229],[28.4990394,36.8178312],[28.4985995,36.8181361],[28.4977198,36.8185397],[28.496723,36.8188018],[28.496376,36.818836],[28.4961024,36.8187931],[28.4954337,36.8185755],[28.4950363,36.8182081],[28.4950542,36.818085],[28.494934,36.8179939],[28.494021,36.8178226],[28.4936428,36.8178312],[28.4933719,36.8177882],[28.492527,36.8175069],[28.4918565,36.817406],[28.491165,36.817172],[28.4909981,36.8170302],[28.490907,36.8169164],[28.4907052,36.8164902],[28.4904922,36.8163867],[28.4900677,36.8163316],[28.4895633,36.8164278],[28.4891286,36.8166996],[28.4882274,36.8171075],[28.4873421,36.8172935],[28.486653,36.8173824],[28.4862319,36.8173867],[28.483617,36.8167384],[28.4828979,36.8164333],[28.4827686,36.8160016],[28.4827933,36.8157054],[28.4831044,36.8152952],[28.4831876,36.8151213],[28.4830937,36.8147606],[28.4832492,36.8146446],[28.4832259,36.8144779],[28.482635,36.8145265],[28.4824204,36.8146038],[28.4822917,36.8147584],[28.4821593,36.8150737],[28.4819269,36.8151385],[28.4818439,36.8151147],[28.4817976,36.8150161],[28.4816177,36.8148887],[28.481589,36.8149087],[28.481538,36.8150977],[28.4807843,36.8155636],[28.4804437,36.8156903],[28.4800762,36.8156367],[28.4799206,36.8156367],[28.479242,36.8157354],[28.4789738,36.8156796],[28.4787592,36.8156839],[28.4785017,36.815744],[28.4774798,36.8155228],[28.4770426,36.8153575],[28.4763586,36.8151711],[28.4762165,36.8151514],[28.4757694,36.8147583],[28.475275,36.8142259],[28.4751345,36.8141794],[28.474815,36.814294],[28.4745884,36.8144878],[28.4744972,36.8147434],[28.4743765,36.8149366],[28.4737332,36.8155055],[28.4731459,36.8156809],[28.472606,36.815733],[28.4716445,36.8156214],[28.470901,36.81544],[28.4702083,36.8149495],[28.469629,36.8145823],[28.4692844,36.8142515],[28.4689423,36.8141142],[28.4686178,36.8138952],[28.468095,36.813734],[28.4679338,36.8135838],[28.4676763,36.8135516],[28.4675744,36.8134378],[28.467127,36.813232],[28.4670326,36.8131264],[28.4661566,36.8128688],[28.46567,36.8127979],[28.4649101,36.8125714],[28.4647474,36.8125037],[28.4645998,36.8123663],[28.464232,36.81224],[28.4635431,36.8116598],[28.4632346,36.8116727],[28.4631112,36.8117092],[28.4627733,36.811896],[28.4624641,36.811893],[28.4619874,36.8119604],[28.4614778,36.8121837],[28.4612873,36.8122932],[28.4612259,36.8125717],[28.4612739,36.8126111],[28.4613276,36.8127227],[28.4611452,36.8136396],[28.4608662,36.8142388],[28.4606838,36.8143912],[28.4603485,36.814578],[28.4601742,36.8146339],[28.4600803,36.8147713],[28.4598362,36.8154885],[28.4599194,36.8157032],[28.45999,36.816018],[28.4598228,36.8164376],[28.4591952,36.8169207],[28.458994,36.8172085],[28.4586346,36.817479],[28.4580928,36.8177474],[28.4569716,36.8184173],[28.4566069,36.8188897],[28.4564808,36.8191216],[28.4564969,36.8192913],[28.45658,36.8194587],[28.4567249,36.8196455],[28.456883,36.82068],[28.4573096,36.8214985],[28.4574276,36.8219],[28.4572265,36.8224368],[28.4569851,36.8227718],[28.4565559,36.8231454],[28.4564406,36.8231797],[28.4562635,36.8231604],[28.4560677,36.8232334],[28.4551853,36.8233343],[28.4547508,36.8233279],[28.4544879,36.8234116],[28.4543565,36.8235061],[28.4535223,36.823665],[28.4532058,36.8236177],[28.4527203,36.8239205],[28.452538,36.8239999],[28.4523448,36.8240493],[28.4521571,36.8239977],[28.4519961,36.8238861],[28.4517923,36.823841],[28.4517306,36.8240192],[28.451736,36.8242575],[28.4517816,36.8243284],[28.4519318,36.8244186],[28.4520686,36.8250884],[28.4521195,36.8252602],[28.4522,36.8253955],[28.4532756,36.8261834],[28.4536725,36.8265527],[28.454673,36.8272698],[28.455098,36.827638],[28.4552819,36.8282123],[28.4553355,36.8286116],[28.4553114,36.8288564],[28.4551853,36.8291076],[28.4547669,36.8296786],[28.4545657,36.8298847],[28.4543753,36.8299792],[28.454276,36.8299148],[28.454024,36.829963],[28.4536886,36.8301123],[28.4536403,36.830151],[28.4535277,36.8303399],[28.4533426,36.8303828],[28.4529671,36.8307134],[28.4525835,36.8308616],[28.4523578,36.8308537],[28.4520664,36.8309799],[28.4519801,36.831394],[28.4517038,36.8315636],[28.4514574,36.8316095],[28.451197,36.8315589],[28.4511137,36.8316924],[28.4510493,36.8317203],[28.450875,36.8317439],[28.4507328,36.8317096],[28.4505564,36.8318],[28.4506268,36.8322322],[28.4504834,36.8325812],[28.4507033,36.8330127],[28.450816,36.8339959],[28.4509903,36.8343179],[28.4512478,36.8344725],[28.4514087,36.834728],[28.4514465,36.8348934],[28.4514515,36.8351563],[28.4513766,36.8354192],[28.450883,36.8360375],[28.4507489,36.8363209],[28.4504968,36.8365205],[28.4502888,36.8369031],[28.4503654,36.8371416],[28.4506167,36.8372437],[28.4519559,36.8374887],[28.4521623,36.8374892],[28.4526817,36.8371076],[28.4529095,36.8370789],[28.4535589,36.8372575],[28.4539196,36.8371214],[28.454472,36.836765],[28.4547052,36.8366729],[28.4551102,36.8366085],[28.455542,36.8366064],[28.45607,36.836746],[28.456232,36.836873],[28.456561,36.837382],[28.4564969,36.8376411],[28.4563601,36.8378944],[28.4564084,36.8387917],[28.4564537,36.8391956],[28.4568148,36.8400541],[28.456808,36.8406184],[28.4567088,36.8409791],[28.4563948,36.8412759],[28.4551156,36.8419085],[28.4545925,36.8420287],[28.4540132,36.8423271],[28.4532497,36.8428226],[28.4526333,36.843058],[28.4521276,36.8434691],[28.4519747,36.8436343],[28.4512514,36.8442174],[28.4510949,36.8444951],[28.4510627,36.8447011],[28.4509039,36.845158],[28.450965,36.845671],[28.4512049,36.8461865],[28.4512693,36.8464033],[28.451288,36.8467682],[28.4515214,36.8473048],[28.451736,36.847616],[28.451972,36.8478757],[28.4525835,36.8484016],[28.4530229,36.8488409],[28.4532359,36.8490922],[28.4534324,36.8493806],[28.4535954,36.8495451],[28.45383,36.8498905],[28.4541485,36.8501813],[28.4544275,36.8506718],[28.45474,36.8510931],[28.4547588,36.8516855],[28.4548627,36.8520548],[28.4552545,36.8522483],[28.4557317,36.8522781],[28.456362,36.852156],[28.4571621,36.852237],[28.4580562,36.8525528],[28.4588258,36.8524047],[28.459239,36.85212],[28.4596217,36.8518915],[28.4597746,36.851752],[28.460507,36.851591],[28.4608072,36.8514687],[28.4610727,36.8514365],[28.4616726,36.8514433],[28.4619966,36.8516385],[28.4625,36.8520083],[28.4629056,36.8520995],[28.4635618,36.8520589],[28.4638086,36.8519516],[28.4643065,36.8518541],[28.4647849,36.8518293],[28.4655114,36.8518485],[28.4658122,36.8519774],[28.4659383,36.8520653],[28.4669144,36.8534659],[28.4673403,36.854535],[28.4673673,36.8548271],[28.4676064,36.8548993],[28.467775,36.8548993],[28.4680277,36.8550186],[28.4683217,36.8558775],[28.4682161,36.8574786],[28.4679166,36.8578822],[28.467663,36.858054],[28.4673294,36.8584551],[28.4673598,36.8587829],[28.4673357,36.8589782],[28.4675288,36.8592979],[28.4675121,36.8596036],[28.4674695,36.8598625],[28.4673581,36.859995],[28.467478,36.8602849],[28.467707,36.860366],[28.468349,36.8607108],[28.4689998,36.8608443],[28.4696424,36.8615985],[28.4697041,36.8618882],[28.469688,36.8621393],[28.469511,36.8625041],[28.4691811,36.8629011],[28.4686277,36.8630035],[28.4683549,36.8631221],[28.4681966,36.8631353],[28.4678346,36.8631071],[28.4678016,36.8633305],[28.4685104,36.864097],[28.4685266,36.864296],[28.4684569,36.8645213],[28.4684238,36.8647622],[28.4685086,36.8648735],[28.4689658,36.8651909],[28.4690789,36.8653301],[28.4691628,36.8654889],[28.469106,36.8656844],[28.4683174,36.8665856],[28.4680009,36.8668195],[28.4674886,36.8669418],[28.4667346,36.8668633],[28.4661429,36.8667049],[28.4658766,36.8665502],[28.4653105,36.8665781],[28.464919,36.8664697],[28.4646213,36.8665642],[28.464219,36.8669976],[28.4639963,36.8671629],[28.4636583,36.8673491],[28.4632065,36.8674195],[28.4631219,36.8675813],[28.4627169,36.8678302],[28.4622531,36.8678882],[28.4618624,36.8678549],[28.4609433,36.8682146],[28.4607321,36.8682615],[28.4604894,36.8682319],[28.4599234,36.86804],[28.4596074,36.8677116],[28.4594205,36.8676564],[28.4593508,36.8676714],[28.4592032,36.8679075],[28.4587854,36.8680765],[28.4583368,36.8681878],[28.4575287,36.8681002],[28.4569396,36.867744],[28.4561952,36.8673908],[28.455919,36.8673908],[28.455726,36.8675306],[28.4555456,36.8678273],[28.455388,36.868224],[28.4546508,36.8691058],[28.4541216,36.869518],[28.4540796,36.8698188],[28.4542248,36.8701469],[28.4545128,36.8704644],[28.4549028,36.8708273],[28.455412,36.8712486],[28.4561563,36.871817],[28.456572,36.8720531],[28.4568,36.8721346],[28.4570602,36.8720059],[28.4572721,36.871963],[28.4586346,36.8721132],[28.4590691,36.872081],[28.4592408,36.872096],[28.4594446,36.8721496],[28.4601259,36.8716668],[28.4602573,36.8714158],[28.460396,36.870988],[28.460711,36.870728],[28.4609199,36.8703816],[28.4616333,36.8700683],[28.461818,36.870071],[28.462462,36.87032],[28.462624,36.870447],[28.462789,36.870702],[28.4629583,36.8709051],[28.4630388,36.8716304],[28.462653,36.871988],[28.4626392,36.8721797],[28.4624809,36.8724264],[28.4626392,36.873068],[28.462615,36.8732203],[28.4625506,36.8734113],[28.4623253,36.8737331],[28.4621268,36.8739305],[28.4619176,36.8739906],[28.4617728,36.8741151],[28.4615207,36.8741945],[28.4612632,36.8741515],[28.4610352,36.8740443],[28.4602386,36.8739091],[28.4599999,36.8739134],[28.4595975,36.8740121],[28.4594741,36.8739735],[28.4593669,36.8738168],[28.4593508,36.8735744],[28.4593776,36.8734285],[28.4595439,36.8732911],[28.4598094,36.8729865],[28.4596968,36.8724565],[28.45945,36.8724822],[28.4592944,36.8726796],[28.4589808,36.8733063],[28.4589726,36.8735443],[28.4588438,36.8737589],[28.4591732,36.8742241],[28.460134,36.8743833],[28.4604371,36.8745378],[28.4605899,36.8746944],[28.4608474,36.8750785],[28.4609815,36.8751793],[28.4610432,36.8752651],[28.461054,36.8756385],[28.4612256,36.8756857],[28.4613785,36.875647],[28.4617513,36.8754089],[28.4618667,36.8754947],[28.461872,36.8756792],[28.4617755,36.8758187],[28.4617996,36.8760762],[28.4618533,36.8762349],[28.4621564,36.8763637],[28.4624863,36.8765461],[28.4626579,36.8766877],[28.462497,36.8767735],[28.4624112,36.8769194],[28.4623092,36.8770224],[28.4621564,36.8770782],[28.4620571,36.8770503],[28.4619364,36.876973],[28.4613034,36.8763787],[28.4612471,36.8766061],[28.4614295,36.8767585],[28.4615609,36.8770717],[28.4617299,36.8773378],[28.4618372,36.8774515],[28.461872,36.8775566],[28.4617272,36.8775201],[28.4614509,36.8773421],[28.4613034,36.8774214],[28.461323,36.877656],[28.4614831,36.8778119],[28.4614992,36.8778548],[28.4614643,36.877902],[28.4613463,36.8778699],[28.4612203,36.8777883],[28.4610057,36.8777089],[28.4609199,36.8778184],[28.4609172,36.8780501],[28.4611317,36.8782797],[28.4613115,36.8783548],[28.4615824,36.8785285],[28.461695,36.8783354],[28.4617808,36.8782389],[28.4618908,36.8781917],[28.4620893,36.8781702],[28.4618774,36.8783483],[28.4618345,36.8784792],[28.4618962,36.8786766],[28.4617352,36.8787388],[28.4615153,36.8789019],[28.4615153,36.8792044],[28.4616843,36.8793867],[28.4617487,36.8793975],[28.4618452,36.8794704],[28.4618264,36.879582],[28.4617057,36.8796571],[28.4617245,36.8797515],[28.4618533,36.8798094],[28.4618238,36.8798909],[28.4614751,36.8801441],[28.4613329,36.8805324],[28.4614751,36.8806955],[28.4614858,36.8807384],[28.461687,36.8807277],[28.4616253,36.8807856],[28.4614536,36.8808564],[28.4613785,36.8809487],[28.4613061,36.8807255],[28.4611317,36.8805732],[28.461121,36.8805389],[28.4611613,36.8803029],[28.4614268,36.8797665],[28.4613597,36.8794039],[28.461239,36.8791829],[28.4611934,36.8789426],[28.4611961,36.8787045],[28.4610459,36.8786122],[28.4606811,36.8785243],[28.4603137,36.8788933],[28.4603325,36.8789898],[28.460429,36.8790842],[28.4604719,36.879213],[28.4604183,36.8792945],[28.4603807,36.8794747],[28.4604263,36.8796292],[28.4602788,36.8798652],[28.4601206,36.8794447],[28.4600776,36.8793846],[28.4600642,36.8792301],[28.4599784,36.879213],[28.4597424,36.8793546],[28.4596458,36.8796077],[28.459568,36.8797193],[28.4594688,36.8796785],[28.4594634,36.8795756],[28.4593883,36.8794061],[28.4593588,36.8792902],[28.459399,36.8791293],[28.4594849,36.8790692],[28.4596243,36.8790563],[28.4597987,36.8789727],[28.4599248,36.8788461],[28.4599918,36.8787002],[28.4599543,36.8786101],[28.4597638,36.8786315],[28.4595922,36.878698],[28.459391,36.8787152],[28.4592462,36.8787002],[28.4589404,36.8787688],[28.4588465,36.8787388],[28.4589913,36.87858],[28.4591603,36.8784942],[28.4593078,36.8783655],[28.4596512,36.8779256],[28.4599838,36.8777325],[28.4600991,36.8777004],[28.4603485,36.8775244],[28.4604317,36.8774172],[28.4604585,36.8772605],[28.4603593,36.8770031],[28.4602064,36.8770374],[28.4600159,36.8771232],[28.4598604,36.8772605],[28.4597316,36.8772713],[28.4596887,36.8772262],[28.4597102,36.8770031],[28.4597799,36.8767992],[28.4599167,36.8765804],[28.4599087,36.8765096],[28.4599864,36.8763079],[28.4600079,36.8761706],[28.4599569,36.8760719],[28.459788,36.8759646],[28.4598684,36.8758938],[28.4598094,36.8757844],[28.4594125,36.8757028],[28.459509,36.8756513],[28.4597155,36.8756771],[28.4602681,36.875823],[28.4603217,36.875735],[28.4602708,36.8754346],[28.46037,36.8753252],[28.4604236,36.8751493],[28.4601474,36.8750248],[28.4599301,36.8750141],[28.4595278,36.8750892],[28.459361,36.875368],[28.4591389,36.8766018],[28.4589404,36.8770374],[28.4583771,36.8776875],[28.4581625,36.8778441],[28.4576816,36.8782682],[28.4568188,36.8787753],[28.4567249,36.8789383],[28.4566927,36.8790993],[28.4563199,36.8793653],[28.4559926,36.879552],[28.4552604,36.8797343],[28.4550713,36.8799274],[28.4549479,36.8800111],[28.4547248,36.8800636],[28.4545784,36.8799053],[28.4542419,36.8793503],[28.4540437,36.8793421],[28.4527932,36.879661],[28.4526472,36.8796405],[28.4525587,36.8794368],[28.4524136,36.8794501],[28.4522788,36.8794923],[28.4522853,36.879628],[28.4522604,36.8797457],[28.4490135,36.8802682],[28.4483453,36.8804499],[28.4475165,36.8805117],[28.4468418,36.8804609],[28.4462097,36.8803151],[28.4456343,36.8800782],[28.4452044,36.8797843],[28.4447851,36.8792232],[28.4450876,36.8789685],[28.4450771,36.8786461],[28.4451865,36.8783691],[28.445507,36.8781516],[28.4461947,36.8778846],[28.4459585,36.8777626],[28.4457251,36.8777261],[28.4449131,36.8773048],[28.4446549,36.876988],[28.4445577,36.8766123],[28.4443921,36.8761856],[28.4445074,36.8758208],[28.4447968,36.8752325],[28.4450416,36.874954],[28.444961,36.874774],[28.444643,36.874905],[28.4443492,36.8748457],[28.443675,36.874403],[28.4434168,36.8738708],[28.44341,36.8731115],[28.4435471,36.8727015],[28.443956,36.872345],[28.4443518,36.8720981],[28.4445745,36.8717827],[28.4445932,36.8715102],[28.4443946,36.8710102],[28.4444766,36.8707405],[28.444891,36.8705918],[28.4449607,36.8704845],[28.4452153,36.8702179],[28.4452277,36.8696125],[28.4451633,36.8693415],[28.4448789,36.8691632],[28.4445835,36.8690578],[28.4444176,36.8686307],[28.4445256,36.8679874],[28.4448254,36.8678015],[28.444989,36.867837],[28.4450776,36.8678125],[28.4451847,36.867753],[28.4452276,36.8676736],[28.4452383,36.8675824],[28.4451954,36.8673356],[28.445241,36.8672755],[28.4452029,36.8671639],[28.4450546,36.8670663],[28.4441963,36.8666457],[28.4440181,36.8662779],[28.4440529,36.8658471],[28.4440308,36.8657547],[28.4439173,36.8657037],[28.4437349,36.8657273],[28.4432816,36.8659118],[28.44311,36.8661071],[28.443,36.8661479],[28.4427801,36.8661929],[28.442595,36.8660363],[28.4424904,36.8660792],[28.4423295,36.8663839],[28.4422168,36.8665234],[28.4421176,36.866562],[28.4419888,36.8665534],[28.4418252,36.8665813],[28.4416535,36.8666951],[28.4415114,36.8668496],[28.4413666,36.8669461],[28.4411359,36.8669762],[28.4407766,36.8669373],[28.4388203,36.8663773],[28.4386253,36.8662122],[28.4385529,36.8660363],[28.438558,36.86586],[28.438459,36.8653303],[28.438243,36.8649098],[28.4382337,36.864708],[28.4383287,36.8646024],[28.4386387,36.8644247],[28.4388131,36.8642144],[28.438839,36.863801],[28.4387219,36.8636371],[28.43851,36.8635792],[28.4382257,36.8633818],[28.4370214,36.8629462],[28.43667,36.862768],[28.436096,36.8625406],[28.4359404,36.8624354],[28.4353897,36.8618858],[28.4353986,36.8617873],[28.435463,36.861665],[28.43544,36.86153],[28.435227,36.8614375],[28.435007,36.8614461],[28.4348912,36.8613866],[28.434474,36.8610516],[28.4340656,36.8606478],[28.4340468,36.8602701],[28.4339556,36.8601263],[28.4332716,36.8595705],[28.4330517,36.8591456],[28.4329095,36.858931],[28.4327111,36.8589138],[28.4321424,36.8591584],[28.4318191,36.859411],[28.4315363,36.8595662],[28.4313029,36.8596542],[28.4307155,36.8597951],[28.4306109,36.8599074],[28.4305814,36.8601242],[28.4300557,36.860489],[28.4298223,36.860592],[28.4294388,36.8606435],[28.4289949,36.8606285],[28.4277289,36.8603774],[28.42758,36.8604117],[28.4273949,36.860386],[28.4269363,36.8602873],[28.4263837,36.860093],[28.4259801,36.8598806],[28.4258007,36.8596444],[28.4258392,36.8593945],[28.4259778,36.8592417],[28.4260324,36.858667],[28.4260941,36.8586005],[28.4260887,36.8584996],[28.4260485,36.8584116],[28.4260753,36.8583944],[28.426086,36.8582893],[28.4258366,36.8582764],[28.4257722,36.8582528],[28.4257266,36.8582034],[28.4257266,36.8581412],[28.4257749,36.8580553],[28.4256795,36.8579366],[28.4251982,36.8579781],[28.4243426,36.8581627],[28.4242326,36.8581648],[28.423892,36.8581026],[28.4234709,36.8580961],[28.4231758,36.8580468],[28.4228995,36.8582485],[28.4227708,36.8583987],[28.4226474,36.8584395],[28.422347,36.8584545],[28.4219366,36.8583837],[28.4215505,36.8581827],[28.4214297,36.8580983],[28.4212624,36.8579026],[28.4213626,36.8576884],[28.421309,36.8575982],[28.4213358,36.857536],[28.421419,36.8575338],[28.421478,36.8574544],[28.4213921,36.8573579],[28.4211642,36.8573171],[28.4210408,36.8571905],[28.4210327,36.8570853],[28.4209496,36.8569093],[28.4207725,36.8566604],[28.420796,36.856312],[28.4206599,36.8562655],[28.4207296,36.8561904],[28.420676,36.8560702],[28.4202334,36.85598],[28.4201771,36.8559135],[28.4201556,36.8558298],[28.4198624,36.8556814],[28.4195763,36.8558556],[28.4193483,36.8560702],[28.4190398,36.856214],[28.4184068,36.8564479],[28.4182432,36.8564651],[28.4180984,36.8564608],[28.4179589,36.8564136],[28.4178141,36.8563427],[28.4176639,36.8562268],[28.4171328,36.8562054],[28.4166607,36.856053],[28.4161511,36.8560594],[28.4159124,36.8559328],[28.4156629,36.8559221],[28.4150541,36.8556967],[28.4145123,36.8553641],[28.4142923,36.8552933],[28.4140697,36.8554735],[28.4138551,36.8556002],[28.4133267,36.8555315],[28.4126347,36.8554886],[28.4124872,36.8555379],[28.4123719,36.8556195],[28.412315,36.85577],[28.4121063,36.8559457],[28.4119508,36.8559972],[28.4118006,36.8560058],[28.4115055,36.8559757],[28.4109462,36.8558392],[28.410071,36.855412],[28.4098211,36.8551924],[28.4096655,36.8549756],[28.4093732,36.8547932],[28.4086195,36.8542245],[28.4085712,36.8541408],[28.4082654,36.8539455],[28.4081206,36.8539068],[28.4079757,36.8539133],[28.4078711,36.8539798],[28.4077719,36.8541708],[28.4077021,36.8543747],[28.4077316,36.8545593],[28.4074581,36.8548941],[28.4074044,36.8549907],[28.4073937,36.8551302],[28.4073025,36.8553212],[28.4073159,36.8554714],[28.4073937,36.8556023],[28.4072006,36.8561453],[28.4068304,36.856948],[28.4066963,36.8573064],[28.4066668,36.8576648],[28.406707,36.8581605],[28.4066829,36.8582592],[28.4063262,36.858785],[28.4061465,36.8589009],[28.4059775,36.8590919],[28.405826,36.859315],[28.4057683,36.8595962],[28.4056315,36.8598151],[28.4056127,36.8599654],[28.4056315,36.8601006],[28.4056905,36.8602293],[28.4057254,36.860489],[28.4057012,36.8605963],[28.4058326,36.8607873],[28.4059641,36.8608903],[28.4059989,36.861253],[28.4060365,36.8613367],[28.4061304,36.8614397],[28.406508,36.86162],[28.406832,36.861873],[28.4069833,36.8620985],[28.4071201,36.8622079],[28.4076914,36.8624161],[28.4078631,36.8625792],[28.4079516,36.8626994],[28.4080562,36.8629247],[28.4080374,36.8631822],[28.4079462,36.8635084],[28.407965,36.8637208],[28.408016,36.863826],[28.4079999,36.8639741],[28.4078845,36.8641071],[28.407855,36.8642208],[28.4079033,36.8644204],[28.4079328,36.8648324],[28.407847,36.864943],[28.4078577,36.8651929],[28.4079194,36.8655256],[28.4080374,36.8656543],[28.4081152,36.8658582],[28.4078953,36.8658238],[28.4075358,36.8658496],[28.4064442,36.8665813],[28.4054705,36.866944],[28.4051165,36.8671135],[28.4045371,36.8672251],[28.4035555,36.8672701],[28.4034267,36.8672229],[28.4032711,36.8670405],[28.4030566,36.8669504],[28.4026194,36.8668817],[28.4025577,36.8668539],[28.4020749,36.866253],[28.401631,36.865915],[28.4013668,36.8657487],[28.4013158,36.8655234],[28.4011307,36.8653453],[28.4008384,36.8651844],[28.4005997,36.8649247],[28.4004468,36.8645985],[28.4003127,36.8644462],[28.4000444,36.8639784],[28.3998567,36.8637058],[28.3994356,36.8634183],[28.3990306,36.863062],[28.3988911,36.8627702],[28.3988723,36.862444],[28.3988348,36.8623496],[28.3986148,36.8622423],[28.3982742,36.8621543],[28.3979121,36.8619783],[28.3974937,36.8617337],[28.3967936,36.8611907],[28.3964556,36.8607422],[28.3965039,36.8605662],[28.3966354,36.860386],[28.3967721,36.8603216],[28.3969304,36.8601392],[28.3959997,36.8592786],[28.3957073,36.8589009],[28.3956644,36.8587249],[28.3956644,36.8585983],[28.3956778,36.8584932],[28.3957502,36.858315],[28.395769,36.8579523],[28.3956617,36.8578],[28.3956081,36.8575768],[28.3953881,36.8571454],[28.3953506,36.8568299],[28.3949777,36.855965],[28.3949536,36.8554285],[28.394879,36.855077],[28.3948114,36.8545507],[28.3948329,36.8543296],[28.3947659,36.8540828],[28.394798,36.8539862],[28.3953318,36.8534497],[28.3954096,36.8530204],[28.3953774,36.8529239],[28.3953184,36.8528831],[28.395,36.852892],[28.3950046,36.8529646],[28.3950555,36.852999],[28.3950394,36.8530505],[28.3948651,36.8531106],[28.3945888,36.853102],[28.3938915,36.8528852],[28.3936956,36.8528466],[28.3936018,36.8528509],[28.3934006,36.8529882],[28.3933094,36.8530204],[28.3928668,36.8530762],[28.3921051,36.8530612],[28.3916599,36.8529904],[28.3906996,36.8529324],[28.390139,36.8529389],[28.3898681,36.8528884],[28.3896723,36.8528831],[28.3894551,36.8529002],[28.3889859,36.8531184],[28.3885153,36.8531572],[28.3881301,36.8531277],[28.3879262,36.8529968],[28.3877385,36.8527543],[28.3874139,36.852207],[28.387371,36.852031],[28.3873737,36.8515417],[28.3874032,36.8513206],[28.3874032,36.8512025],[28.387371,36.8510974],[28.3872154,36.8508527],[28.3869968,36.8506778],[28.3868775,36.8506402],[28.3867863,36.8506402],[28.3867434,36.8507679],[28.3866602,36.8508484],[28.3865543,36.8507947],[28.3864966,36.8506939],[28.3864349,36.8507271],[28.386392,36.8508012],[28.3863303,36.8509149],[28.3863115,36.8510502],[28.3862847,36.8515889],[28.3860621,36.8520696],[28.3859736,36.8520439],[28.3859012,36.8519215],[28.3859172,36.8517241],[28.3858716,36.8516554],[28.3858636,36.8515696],[28.3857281,36.8513383],[28.3855189,36.8512916],[28.3854224,36.8513635],[28.3854049,36.8517348],[28.3852534,36.8518432],[28.3852078,36.8519527],[28.3851032,36.8518915],[28.3848658,36.8518604],[28.3846311,36.8520557],[28.384501,36.8522242],[28.3844098,36.8521791],[28.3841765,36.8522564],[28.384147,36.8521533],[28.3843186,36.8519763],[28.3847196,36.8517584],[28.3851407,36.8516404],[28.3852266,36.8515889],[28.3852883,36.8514086],[28.3851877,36.8511682],[28.3852199,36.8509321],[28.3848605,36.8508205],[28.3846834,36.8507239],[28.3837098,36.850431],[28.3834214,36.8503086],[28.3831251,36.8500929],[28.3831331,36.8499791],[28.3832176,36.8499105],[28.3832606,36.8498032],[28.3833249,36.8495284],[28.3833061,36.8493793],[28.3830741,36.849067],[28.3830821,36.8489875],[28.3831814,36.8488137],[28.3831707,36.8486828],[28.383109,36.8485647],[28.3829078,36.8483243],[28.3822963,36.8479079],[28.382123,36.847904],[28.3819422,36.8479637],[28.3817893,36.8481247],[28.3817518,36.8482063],[28.3816794,36.8482578],[28.3815613,36.848232],[28.3814782,36.8482857],[28.3813843,36.8484359],[28.381336,36.8487042],[28.3811563,36.8487557],[28.3808774,36.8487021],[28.3805233,36.8485518],[28.3802175,36.8482857],[28.3799762,36.8480024],[28.3795255,36.8477383],[28.3793163,36.8475538],[28.379238,36.847424],[28.3789006,36.8472254],[28.3786324,36.8469785],[28.3784553,36.8467016],[28.3784553,36.8464827],[28.3785191,36.8462908],[28.378417,36.8460289],[28.3780932,36.8459804],[28.3780074,36.8459482],[28.3780155,36.8458152],[28.3781147,36.8453966],[28.3781683,36.8449308],[28.3785304,36.8444758],[28.3787611,36.8443083],[28.3790508,36.8441753],[28.3793861,36.8439155],[28.3796301,36.8432845],[28.379641,36.843181],[28.3797884,36.8429797],[28.3799815,36.8428509],[28.3801746,36.8425289],[28.3803034,36.8423979],[28.3804217,36.8423606],[28.3805126,36.8421039],[28.3806467,36.8418398],[28.3808908,36.8415951],[28.381045,36.841238],[28.3812609,36.8410928],[28.381446,36.8410263],[28.3816472,36.8408803],[28.3818993,36.8407751],[28.3824196,36.8406528],[28.3826664,36.8406785],[28.3828998,36.8406635],[28.3831733,36.840597],[28.3833316,36.8405841],[28.3836776,36.8407408],[28.3837473,36.8408417],[28.3838037,36.8408546],[28.3838814,36.8408224],[28.3837742,36.8406206],[28.3835381,36.8404918],[28.3831921,36.8402192],[28.3827469,36.8395323],[28.3825564,36.8393863],[28.3824384,36.8392339],[28.3824572,36.8388024],[28.3825082,36.8385963],[28.3825886,36.838401],[28.3829561,36.8378922],[28.3831251,36.8377742],[28.3839485,36.8378579],[28.3843777,36.8377849],[28.3850549,36.8381817],[28.3854155,36.8378421],[28.3866198,36.8386626],[28.3867149,36.8385701],[28.3855195,36.8377385],[28.3857444,36.8375068],[28.3855586,36.8366556],[28.3861356,36.8361263],[28.3856784,36.8358151],[28.3866049,36.8349012],[28.3863303,36.8346701],[28.3867316,36.8343035],[28.3869328,36.8343911],[28.3874041,36.8339462],[28.3878605,36.8342404],[28.3880481,36.834094],[28.388593,36.83447],[28.3891037,36.8347859],[28.3941348,36.834498],[28.3941779,36.8348661],[28.394257,36.8348677],[28.3941484,36.8336989],[28.3944217,36.8336842],[28.394518,36.8348408],[28.3945766,36.834843],[28.3945573,36.834474],[28.394664,36.8344605],[28.3951447,36.8347403],[28.3977476,36.8363878],[28.3972474,36.8368841],[28.3985882,36.8377227],[28.3990764,36.8372492],[28.3995026,36.8373706],[28.3996282,36.8374754],[28.4001298,36.8375435],[28.4014687,36.8385384],[28.4021339,36.8388217],[28.4022948,36.8389119],[28.4023994,36.8391673],[28.4024692,36.8391652],[28.402732,36.8389677],[28.4033382,36.8391094],[28.4038505,36.8393004],[28.4039605,36.8393648],[28.404175,36.8394335],[28.4043413,36.8394314],[28.404666,36.839548],[28.4049287,36.8397834],[28.4052962,36.8398972],[28.4054866,36.8398865],[28.4058836,36.8397319],[28.4064281,36.8397491],[28.4070396,36.8398092],[28.4075949,36.8399144],[28.4081581,36.8398564],[28.4084532,36.8397534],[28.4088904,36.839528],[28.4089306,36.8394163],[28.4090593,36.8392596],[28.409627,36.8388055],[28.4097782,36.8387938],[28.4100947,36.8388239],[28.4104434,36.8387938],[28.4108028,36.8386393],[28.4111837,36.8385148],[28.4113848,36.838401],[28.4117281,36.8383452],[28.4120688,36.8383688],[28.412318,36.838558],[28.4129888,36.8389054],[28.4136406,36.8390579],[28.4140348,36.8390944],[28.4141797,36.8390664],[28.4144452,36.8388475],[28.4145766,36.8386629],[28.4146893,36.8384117],[28.4146625,36.8379738],[28.415175,36.837496],[28.415809,36.837232],[28.4169638,36.8369606],[28.4179916,36.8368294],[28.4188923,36.8371216],[28.4192035,36.8373963],[28.419477,36.8375831],[28.4200224,36.8376367],[28.4205204,36.8376089],[28.421251,36.837681],[28.4219362,36.8378971],[28.422288,36.8379158],[28.4224945,36.837948],[28.4227225,36.8380167],[28.423178,36.838172],[28.423502,36.838424],[28.4238435,36.8385536],[28.4241851,36.8385778],[28.4245071,36.8384919],[28.4248334,36.8382979],[28.4248745,36.8379062],[28.425242,36.837505],[28.4255147,36.8369777],[28.4255568,36.8365473],[28.4258017,36.836001],[28.4261852,36.8356682],[28.4263462,36.8356468],[28.4265734,36.8356762],[28.4266198,36.8356253],[28.4267163,36.8353534],[28.4267244,36.8351402],[28.4264508,36.8351573],[28.4261004,36.8349777],[28.4255491,36.834504],[28.4251789,36.834017],[28.4251526,36.83388],[28.4251848,36.8336782],[28.4253884,36.8336533],[28.4253618,36.8335644],[28.4251177,36.8332209],[28.4250748,36.8328581],[28.4251446,36.8321626],[28.425293,36.831596],[28.4254155,36.8314734],[28.4259036,36.8314434],[28.4260109,36.8313618],[28.4260029,36.8311986],[28.4255683,36.8302872],[28.4256102,36.8300459],[28.4258285,36.8299041],[28.4259009,36.8298032],[28.426135,36.8296811],[28.4261906,36.8295799],[28.4261557,36.8294575],[28.4262704,36.82931],[28.4263472,36.8291328],[28.426204,36.829016],[28.425395,36.828512],[28.425071,36.828259],[28.4243833,36.8278407],[28.423125,36.826741],[28.423031,36.8266214],[28.4228432,36.8262221],[28.4226313,36.8259065],[28.4225857,36.825797],[28.4225777,36.8255093],[28.4228244,36.8246869],[28.4227547,36.8246097],[28.4225669,36.824483],[28.4222102,36.8239677],[28.4223229,36.8238067],[28.4223416,36.8237143],[28.4221807,36.8234867],[28.422296,36.823184],[28.4222639,36.8230294],[28.42228,36.8228018],[28.422561,36.822123],[28.4230953,36.8219451],[28.423512,36.821726],[28.4237739,36.8215608],[28.4238946,36.8214169],[28.4247369,36.8208243],[28.4249353,36.8207084],[28.4251124,36.8206697],[28.425247,36.82055],[28.4252894,36.8204335],[28.425242,36.820293],[28.4251043,36.8202832],[28.424879,36.8200406],[28.4248388,36.8199354],[28.4248227,36.8197035],[28.4247369,36.819433],[28.4244472,36.8191173],[28.4244445,36.8189348],[28.424255,36.818763],[28.4240985,36.8187008],[28.4240448,36.8186213],[28.4240207,36.8184002],[28.424128,36.818179],[28.4241629,36.8179235],[28.424238,36.8177732],[28.4240904,36.81764],[28.4234118,36.8175434],[28.4228137,36.8175262],[28.4223363,36.8171956],[28.4216899,36.8166115],[28.4217221,36.816502],[28.421652,36.816226],[28.421004,36.81572],[28.4203112,36.8152609],[28.4190828,36.8145845],[28.4191042,36.8144385],[28.4191713,36.8143654],[28.4191713,36.8143053],[28.4190774,36.8142495],[28.4189513,36.8142967],[28.4188709,36.8143848],[28.4187609,36.8144492],[28.4186241,36.8144707],[28.418263,36.814339],[28.4173635,36.8136504],[28.4168243,36.813062],[28.4169075,36.8128752],[28.4169236,36.8125552],[28.4167519,36.8122074],[28.4155637,36.8111401],[28.4145954,36.8101695],[28.4141609,36.8095789],[28.4140912,36.8088423],[28.4142253,36.8083956],[28.4143192,36.8078588],[28.414354,36.8072532],[28.4144425,36.8067743],[28.4146196,36.806276],[28.4147376,36.8060441],[28.4147617,36.8059367],[28.4147429,36.8056919],[28.4148476,36.8050562],[28.4149119,36.8048973],[28.4150514,36.8047427],[28.4147456,36.8042358],[28.4140992,36.8036023],[28.4139812,36.8033274],[28.4136111,36.803132],[28.4134045,36.8031169],[28.4123477,36.8026423],[28.4117021,36.8021464],[28.4114036,36.8018885],[28.4110683,36.8015191],[28.410832,36.801198],[28.4106982,36.8008962],[28.410579,36.7999006],[28.4107223,36.7996441],[28.4109503,36.7994465],[28.4110817,36.7994143],[28.4113839,36.7992847],[28.4114331,36.7992232],[28.4114197,36.7990943],[28.411743,36.798618],[28.4116809,36.7980205],[28.4118936,36.7977196],[28.4120607,36.7975908],[28.4120393,36.7974319],[28.4119132,36.7974083],[28.4112403,36.7970995],[28.4108564,36.7967017],[28.4105426,36.7964504],[28.410264,36.796323],[28.4097889,36.7958984],[28.4097192,36.7956277],[28.4090728,36.7948781],[28.4078067,36.7937956],[28.4074581,36.793409],[28.4074581,36.7926744],[28.40756,36.7922104],[28.4076995,36.7909045],[28.4076834,36.7904276],[28.4077102,36.7902171],[28.4077692,36.7900753],[28.4078121,36.7898648],[28.407442,36.7893085],[28.4074125,36.7891474],[28.4070128,36.7885674],[28.4069753,36.7883934],[28.4067661,36.7881314],[28.406436,36.787891],[28.4063342,36.7877383],[28.4051138,36.7875772],[28.4047061,36.7873924],[28.4043252,36.7873946],[28.4036815,36.7873108],[28.4028044,36.7871282],[28.4019917,36.7868919],[28.4018254,36.7868275],[28.4016189,36.7865933],[28.4013829,36.7863764],[28.4013024,36.7863377],[28.399855,36.786041],[28.3997735,36.7858286],[28.3995992,36.7856954],[28.3994463,36.7856417],[28.3992961,36.7856568],[28.3989716,36.7857599],[28.398934,36.7857964],[28.3987141,36.7857835],[28.3985397,36.7856696],[28.3983064,36.7851627],[28.3981562,36.7850359],[28.3979416,36.7850746],[28.397086,36.7855214],[28.3967721,36.7857255],[28.3965388,36.7857792],[28.3962759,36.7857921],[28.3959568,36.7857728],[28.3957518,36.785579],[28.3956081,36.7853754],[28.3955383,36.7852014],[28.3953625,36.7851681],[28.3952326,36.785356],[28.3951762,36.7855579],[28.3951974,36.7857349],[28.3950853,36.7858105],[28.3950689,36.785921],[28.3947904,36.786127],[28.3946547,36.7863159],[28.3944719,36.7864765],[28.394177,36.7865994],[28.3943657,36.786708],[28.3943421,36.7868072],[28.3943528,36.7869778],[28.3941652,36.7873363],[28.3939941,36.7874591],[28.393811,36.7874955],[28.393752,36.7877469],[28.3935079,36.7878263],[28.3929098,36.7881421],[28.392368,36.7885631],[28.3922124,36.7885395],[28.3921319,36.7887307],[28.3922043,36.7888209],[28.392089,36.788939],[28.3917108,36.7892312],[28.3912986,36.789358],[28.3900908,36.7894266],[28.3893109,36.7893107],[28.3886267,36.7892399],[28.387723,36.7887874],[28.3872983,36.7888026],[28.3860326,36.7886362],[28.3857252,36.7884757],[28.3850994,36.788368],[28.3842218,36.7882622],[28.3840236,36.7883491],[28.3838349,36.7883944],[28.3834951,36.7883529],[28.3831601,36.7884587],[28.3828675,36.7884398],[28.3824948,36.7883491],[28.3824429,36.7881904],[28.3824429,36.788043],[28.3823532,36.7879447],[28.3820418,36.788111],[28.3820468,36.7883784],[28.3819191,36.7886967],[28.3818859,36.789083],[28.3818054,36.7893063],[28.3818108,36.7895383],[28.3819342,36.7898605],[28.3820844,36.7900753],[28.3821863,36.790303],[28.3823204,36.7904491],[28.3825672,36.7906489],[28.3828112,36.7909818],[28.3829373,36.7912224],[28.3830634,36.7916026],[28.3830258,36.7919999],[28.3828193,36.7925584],[28.3828032,36.7927238],[28.3828247,36.7928484],[28.382822,36.7930975],[28.3827227,36.7932737],[28.3827543,36.7937452],[28.3827307,36.7939001],[28.3824759,36.7942099],[28.3820522,36.7945925],[28.3818886,36.7946676],[28.3818591,36.7947235],[28.3816767,36.794818],[28.3816069,36.7948953],[28.381387,36.7949018],[28.3809954,36.795007],[28.3808527,36.7950903],[28.3805601,36.7951773],[28.380395,36.7952793],[28.380408,36.7954258],[28.3802095,36.7958898],[28.380239,36.7961561],[28.3801685,36.7962881],[28.3802444,36.7963902],[28.3801585,36.796474],[28.380003,36.7969143],[28.379909,36.7970741],[28.3797061,36.7972857],[28.3795126,36.7973801],[28.3791587,36.797501],[28.3789936,36.7976484],[28.3786444,36.7978902],[28.3782056,36.7981396],[28.3775327,36.7983275],[28.3769976,36.7984041],[28.3765751,36.7981879],[28.3758134,36.7978636],[28.3756685,36.7978851],[28.3755907,36.7982116],[28.3754618,36.7983431],[28.375223,36.7984229],[28.3750221,36.7984543],[28.3745339,36.7984693],[28.374204,36.7984349],[28.3738607,36.7984435],[28.3733216,36.7983512],[28.3731687,36.7981106],[28.3730426,36.7980397],[28.3730078,36.7979624],[28.3730346,36.7978872],[28.3730319,36.7976682],[28.3729702,36.7974104],[28.3726484,36.7969895],[28.3724445,36.7968864],[28.3722943,36.7968499],[28.371951,36.7963107],[28.3717579,36.796169],[28.3715969,36.7959456],[28.3714011,36.7957888],[28.3711356,36.7956557],[28.3703014,36.7959757],[28.3700144,36.7960208],[28.369711,36.7962081],[28.3694592,36.7962485],[28.3691683,36.7963404],[28.3688664,36.7963494],[28.3685419,36.7962893],[28.3682656,36.7962162],[28.3679223,36.7960788],[28.3677426,36.7959413],[28.3677989,36.7957609],[28.3675897,36.7955676],[28.36741,36.7954559],[28.3671099,36.7955185],[28.3668857,36.79575],[28.3665318,36.7958822],[28.3661307,36.7958161],[28.3659302,36.7958964],[28.3657533,36.7959058],[28.3655232,36.7958822],[28.365423,36.7959483],[28.3654937,36.7960711],[28.3654053,36.7961751],[28.365232,36.7961819],[28.3652052,36.7962678],[28.3648914,36.796315],[28.3647841,36.7963107],[28.3641028,36.796532],[28.3638427,36.7965341],[28.3634235,36.7966899],[28.3630755,36.7968694],[28.3627295,36.7969572],[28.3624399,36.7969508],[28.3622143,36.7971197],[28.3618015,36.7975114],[28.3616186,36.7977478],[28.3609462,36.7983241],[28.360844,36.7984521],[28.3608037,36.7985681],[28.3600084,36.7990608],[28.3592003,36.7993253],[28.3590293,36.7994953],[28.3584453,36.799859],[28.3578023,36.8005655],[28.3574858,36.8010337],[28.3571881,36.8015899],[28.3570969,36.8020195],[28.3569816,36.8023395],[28.3568636,36.8025585],[28.3567134,36.8028163],[28.3564505,36.8031277],[28.3561662,36.8036044],[28.3555734,36.8043862],[28.3555788,36.8045623],[28.3553642,36.8052259],[28.3551443,36.805737],[28.3549082,36.8060935],[28.3544227,36.8064189],[28.3535498,36.8068486],[28.3530426,36.8070233],[28.3525076,36.8071071],[28.3516279,36.807367],[28.3513704,36.8074207],[28.3508543,36.8075003],[28.3500186,36.8075495],[28.3494607,36.8075195],[28.3489993,36.8074572],[28.3482617,36.807309],[28.3479828,36.8072167],[28.3477223,36.8071792],[28.3473363,36.8070255],[28.347103,36.8069856],[28.3468081,36.8070045],[28.3464778,36.8069667],[28.3462065,36.8068061],[28.3460354,36.8068864],[28.3458585,36.8069147],[28.3447607,36.8068408],[28.3441827,36.8069731],[28.3438937,36.8071195],[28.3435103,36.8073603],[28.3428674,36.807672],[28.3424368,36.8078373],[28.3419472,36.8079459],[28.3413279,36.8079553],[28.3406083,36.8078987],[28.3404609,36.8078326],[28.3401778,36.8076956],[28.3400303,36.8075775],[28.3399536,36.8074264],[28.3399183,36.8072753],[28.3399654,36.8070959],[28.3399241,36.8070109],[28.3398357,36.806992],[28.3397708,36.8069258],[28.3396528,36.8069258],[28.3395526,36.8070581],[28.3396351,36.8071573],[28.3396705,36.8072753],[28.3395762,36.8074406],[28.3391043,36.8075775],[28.3386442,36.8076342],[28.3385639,36.8075908],[28.338248,36.8075397],[28.3378775,36.8073603],[28.3377418,36.8073414],[28.3375708,36.8075634],[28.3374469,36.8075775],[28.3373702,36.8076578],[28.337264,36.8077192],[28.3371579,36.8078609],[28.3370281,36.8078892],[28.3369514,36.8080026],[28.3367863,36.8080356],[28.3365268,36.8082151],[28.336411,36.8083762],[28.3363403,36.8086543],[28.3359909,36.8091223],[28.3356165,36.8094797],[28.3348965,36.8098141],[28.3340757,36.8098717],[28.3332117,36.8099639],[28.3324197,36.8099524],[28.3318005,36.8099755],[28.3303461,36.8101945],[28.3292805,36.8104136],[28.3286901,36.8106903],[28.3277685,36.8108863],[28.3267029,36.8110477],[28.3255221,36.8113359],[28.3247733,36.8117048],[28.3239813,36.8119008],[28.3230309,36.812385],[28.3224405,36.812777],[28.3216341,36.813388],[28.3215909,36.813584],[28.3211877,36.8139529],[28.3207413,36.8141489],[28.3202373,36.8144256],[28.3171845,36.8154862],[28.3161765,36.8157628],[28.3156725,36.8158551],[28.3150347,36.8160876],[28.3140597,36.8166159],[28.3133116,36.8168412],[28.3117729,36.8173545],[28.3111453,36.8174962],[28.3099839,36.8176465],[28.309359,36.8174339],[28.3085087,36.8170732],[28.3073527,36.8164999],[28.3066499,36.8161907],[28.3059338,36.8158127],[28.3057353,36.8156216],[28.3055931,36.8153682],[28.3055745,36.8150888],[28.3056643,36.8150768],[28.3057351,36.8151092],[28.3058229,36.8151048],[28.3058666,36.8150185],[28.3060467,36.814965],[28.3060426,36.8148743],[28.3061239,36.8148086],[28.3060568,36.814727],[28.3059577,36.8147286],[28.3059111,36.8146687],[28.3057022,36.8146022],[28.3057269,36.8145286],[28.3055786,36.8144038],[28.3054281,36.8144491],[28.3053407,36.8143318],[28.3052557,36.8143399],[28.3051667,36.814301],[28.3051546,36.8142314],[28.3050069,36.8141877],[28.3049623,36.814122],[28.3049791,36.814042],[28.3049583,36.8140306],[28.3049341,36.8140549],[28.3047911,36.813965],[28.304775,36.8138174],[28.3049605,36.8137589],[28.3050089,36.8138071],[28.3051132,36.8137306],[28.3052254,36.8137083],[28.3053659,36.8136149],[28.3053912,36.8135237],[28.3053707,36.8134451],[28.3054214,36.8134335],[28.3054031,36.8133664],[28.3053539,36.8133249],[28.3053836,36.8133],[28.3053699,36.8132599],[28.3052784,36.8132364],[28.3051923,36.8131738],[28.3052602,36.813077],[28.3052441,36.8130097],[28.3051753,36.8129352],[28.3052266,36.8129252],[28.3051922,36.8128763],[28.30511,36.8128838],[28.3051087,36.8128164],[28.3050351,36.8127389],[28.3050072,36.8126221],[28.3049403,36.8125919],[28.3049728,36.8125685],[28.3049529,36.8125107],[28.3050152,36.8125075],[28.305051,36.8124741],[28.3049986,36.8124452],[28.3049236,36.8123176],[28.3049955,36.81211],[28.3050688,36.8120029],[28.3051269,36.8120181],[28.305228,36.8119745],[28.3052082,36.8118948],[28.3053388,36.8118811],[28.3056993,36.8115695],[28.3055606,36.8113045],[28.3057371,36.8111241],[28.3057046,36.8108437],[28.3055847,36.8109742],[28.305533,36.8109349],[28.3055864,36.8108273],[28.3055727,36.8106463],[28.3054777,36.8106555],[28.3054378,36.8105913],[28.3055375,36.8105916],[28.3055695,36.8105228],[28.3053621,36.8101984],[28.3054807,36.8100961],[28.3054367,36.8099686],[28.3052447,36.8098884],[28.30518,36.810004],[28.3051169,36.8099303],[28.3049029,36.8099316],[28.304621,36.8097955],[28.3046462,36.8095704],[28.3048074,36.8092861],[28.3049606,36.8091609],[28.3050047,36.8089846],[28.3047854,36.8085126],[28.3046438,36.8084194],[28.3046202,36.8080709],[28.3044679,36.8080206],[28.3041688,36.80798],[28.3039861,36.8077122],[28.3040102,36.8075976],[28.3038708,36.8075346],[28.3039109,36.8074506],[28.3038164,36.8074154],[28.3038158,36.8072799],[28.3040269,36.8072058],[28.3040543,36.8069782],[28.3038931,36.8065253],[28.3035664,36.8066035],[28.3035074,36.8064059],[28.3031914,36.8063977],[28.3026241,36.8061694],[28.3023519,36.8060002],[28.3021671,36.8059706],[28.3021947,36.8057855],[28.3020563,36.8058065],[28.3017875,36.8056534],[28.3017722,36.8055466],[28.3016693,36.8055095],[28.3015287,36.8054077],[28.3016073,36.8051019],[28.3014614,36.805078],[28.3013619,36.8044387],[28.3016062,36.8039585],[28.3015671,36.8035651],[28.3014152,36.8034978],[28.3014088,36.8033022],[28.3015738,36.8032818],[28.3015477,36.8031471],[28.301607,36.8029607],[28.3018368,36.8028799],[28.3020139,36.8027311],[28.3019769,36.8025376],[28.3020887,36.8022206],[28.3022057,36.8020724],[28.302354,36.8019848],[28.3026148,36.8015869],[28.3028317,36.8014438],[28.3031755,36.8013982],[28.3034996,36.8015989],[28.3035656,36.8016111],[28.3036401,36.8014683],[28.3038196,36.8014709],[28.3038917,36.8013953],[28.3039676,36.8015168],[28.3047353,36.8011041],[28.3047889,36.8009737],[28.3051154,36.8008373],[28.3054544,36.8006],[28.305581,36.8004458],[28.3058111,36.8003863],[28.3059149,36.8000422],[28.3059503,36.7998285],[28.306086,36.7997933],[28.3065053,36.7999005],[28.3066984,36.7997854],[28.3067148,36.7995949],[28.3068274,36.7997106],[28.3070988,36.7997149],[28.307237,36.7997804],[28.3073384,36.7996846],[28.3072732,36.7994595],[28.3073338,36.7992903],[28.3074862,36.7991531],[28.3076879,36.7991412],[28.3077992,36.7992469],[28.3076878,36.7993469],[28.3080827,36.7994314],[28.3080269,36.7993068],[28.3079062,36.7992104],[28.307908,36.7990895],[28.3080513,36.798922],[28.308191,36.7988345],[28.3087465,36.798798],[28.3089879,36.7985644],[28.309434,36.7985974],[28.3098736,36.7984821],[28.3097784,36.7982031],[28.309906,36.7980876],[28.3101413,36.7980281],[28.3104318,36.7982929],[28.3116755,36.7985508],[28.3120043,36.7984583],[28.3117077,36.7983365],[28.3118957,36.7978045],[28.3120832,36.7977912],[28.3120655,36.797676],[28.3124169,36.7977295],[28.3125024,36.7976973],[28.3123046,36.7974623],[28.3125614,36.7972161],[28.3125056,36.7970269],[28.3126609,36.7970565],[28.3127613,36.7971063],[28.3129198,36.7971058],[28.313044,36.7970007],[28.3129353,36.7969498],[28.3129496,36.796849],[28.3130928,36.7968024],[28.3130139,36.7967517],[28.3130614,36.7967034],[28.3130112,36.7966132],[28.3130949,36.7965365],[28.3130078,36.7964396],[28.3127041,36.796137],[28.3125942,36.7961306],[28.3122431,36.7959823],[28.3121304,36.7959991],[28.3121174,36.7959198],[28.3121496,36.7958624],[28.3122141,36.7958614],[28.3122689,36.7958027],[28.3123596,36.7957911],[28.312428,36.7957461],[28.3129699,36.7957759],[28.3132978,36.7957371],[28.3137615,36.7956169],[28.313906,36.7954561],[28.3137621,36.7950646],[28.3137108,36.7950586],[28.3136359,36.7951159],[28.313547,36.7950671],[28.3134641,36.7949004],[28.3132305,36.7947942],[28.3133906,36.7947494],[28.3134547,36.7946725],[28.3133873,36.7946229],[28.3132217,36.7946779],[28.3130605,36.7946908],[28.312965,36.794732],[28.312818,36.7947184],[28.3127532,36.7947579],[28.3126418,36.7947472],[28.3126509,36.794686],[28.3125836,36.794646],[28.3126592,36.7945494],[28.3125446,36.7944967],[28.3123918,36.7944923],[28.3124417,36.7945638],[28.3123081,36.794543],[28.3122486,36.7944471],[28.3118191,36.7944378],[28.3116342,36.7946032],[28.3114786,36.7945778],[28.3111613,36.7945895],[28.3109335,36.794654],[28.3108401,36.7947583],[28.3107496,36.7947339],[28.3106697,36.7947736],[28.3106908,36.7948386],[28.3106392,36.7948588],[28.3104833,36.7948249],[28.3103223,36.7949062],[28.3102391,36.7949115],[28.3102026,36.7949639],[28.3100509,36.7949943],[28.3099877,36.7950574],[28.310047,36.7951255],[28.3099919,36.7952184],[28.3095246,36.7953683],[28.3094906,36.7954301],[28.3091671,36.7954451],[28.3091267,36.7955397],[28.3089717,36.7954655],[28.3088153,36.795482],[28.3087798,36.7954405],[28.308687,36.7954817],[28.3087267,36.7956428],[28.3086242,36.7956316],[28.3085851,36.7955994],[28.3083383,36.7956299],[28.3082706,36.7955892],[28.3082109,36.795592],[28.3080143,36.7954064],[28.3079266,36.7954092],[28.3078406,36.79548],[28.3076997,36.7953719],[28.3075434,36.7953598],[28.3074706,36.7952386],[28.3073881,36.7952006],[28.3072751,36.7952182],[28.3071813,36.7952548],[28.3071577,36.7952905],[28.3069972,36.7952538],[28.3068364,36.7952859],[28.3067453,36.7953531],[28.3065186,36.795383],[28.3064974,36.795308],[28.3064075,36.7953438],[28.306463,36.7955269],[28.305747,36.7957759],[28.3056855,36.7957457],[28.3056028,36.795809],[28.3053897,36.795829],[28.3053218,36.7958023],[28.3051112,36.7958682],[28.3049838,36.7956822],[28.3048934,36.795712],[28.3049243,36.79593],[28.3038025,36.7963198],[28.3032261,36.7964716],[28.3032774,36.7965682],[28.3026052,36.796779],[28.3024164,36.7967591],[28.302193,36.7968543],[28.3016819,36.7965612],[28.3014958,36.7964266],[28.3015728,36.7963895],[28.3015142,36.7963301],[28.3014295,36.7963576],[28.3012111,36.7962949],[28.3011069,36.796334],[28.3008058,36.7962805],[28.3006661,36.7962792],[28.3006739,36.7961991],[28.3006109,36.7961538],[28.3005164,36.7961912],[28.3005081,36.7960921],[28.3004125,36.7960436],[28.300345,36.7961241],[28.3000047,36.7960677],[28.2998593,36.7959388],[28.2998059,36.7957852],[28.2997182,36.79573],[28.2998692,36.7956866],[28.2998899,36.7954029],[28.300182,36.795334],[28.3003507,36.7952094],[28.3004365,36.795059],[28.3005891,36.7950171],[28.300665,36.7948271],[28.3003646,36.7948451],[28.3000545,36.7947873],[28.2999459,36.7948131],[28.2999167,36.7947673],[28.2995951,36.7947117],[28.2993744,36.7947321],[28.2993739,36.7946735],[28.2991976,36.7947117],[28.2991478,36.7949458],[28.2989127,36.7952145],[28.2986846,36.7952204],[28.2985839,36.79528],[28.2986239,36.795312],[28.2983986,36.795733],[28.2981835,36.7957345],[28.2979496,36.7956512],[28.2976862,36.7955017],[28.2976664,36.7954108],[28.2975577,36.7954308],[28.2974764,36.7953943],[28.2971899,36.7953598],[28.2970027,36.7954852],[28.2971114,36.795634],[28.296977,36.795645],[28.2969475,36.795692],[28.2970609,36.7957852],[28.2969405,36.7959951],[28.2962142,36.7960947],[28.2958411,36.7961057],[28.2957622,36.7960705],[28.2956418,36.7960773],[28.2955605,36.7960219],[28.2954583,36.7960859],[28.2954027,36.7959526],[28.2953237,36.7959506],[28.2953068,36.7958411],[28.2952623,36.7958138],[28.2951499,36.7958],[28.2951212,36.795712],[28.2946993,36.7957255],[28.2944852,36.7957678],[28.2943149,36.7958701],[28.2942688,36.7960644],[28.2944174,36.7961246],[28.2943825,36.7962466],[28.2941942,36.7963134],[28.2936465,36.7963905],[28.2934735,36.7963568],[28.2933616,36.7962369],[28.2933037,36.7961241],[28.2928726,36.7960274],[28.2927576,36.7961059],[28.2926167,36.7959699],[28.2924781,36.7959713],[28.2921399,36.7958185],[28.2922522,36.7957847],[28.2921532,36.7955224],[28.292047,36.7955146],[28.2921284,36.7954567],[28.2920264,36.7954057],[28.2920522,36.7953203],[28.2920098,36.795285],[28.2920939,36.7952545],[28.2920934,36.7952075],[28.2919575,36.7952209],[28.2919186,36.7950095],[28.2921194,36.7947943],[28.2920117,36.7944547],[28.2919055,36.7943975],[28.2917386,36.7940336],[28.2917127,36.7938386],[28.2916201,36.7937417],[28.2915591,36.7933969],[28.2916959,36.7933345],[28.2918769,36.7934882],[28.2919692,36.7934279],[28.2919322,36.793368],[28.2920282,36.793297],[28.2919196,36.7932718],[28.2918704,36.7930108],[28.2917345,36.793027],[28.2917136,36.7930976],[28.2915909,36.7930994],[28.2916623,36.7932246],[28.2914907,36.7933126],[28.291391,36.7932143],[28.2912797,36.7932477],[28.2911634,36.7931063],[28.2910018,36.7930077],[28.290698,36.7929341],[28.2905322,36.7929587],[28.2904476,36.7928117],[28.290353,36.7927562],[28.2902182,36.7927961],[28.2894533,36.7928458],[28.2888174,36.7929422],[28.2881832,36.7929667],[28.288166,36.7928375],[28.2881089,36.7928373],[28.288088,36.7929483],[28.2876067,36.7929185],[28.287368,36.7928721],[28.2872752,36.7927128],[28.2872647,36.7925022],[28.2873194,36.7923093],[28.2876174,36.7922169],[28.2876362,36.7919526],[28.2878407,36.7918475],[28.2876015,36.7918389],[28.2873712,36.7918691],[28.2872117,36.7920311],[28.2870492,36.7920709],[28.2867965,36.791964],[28.2867378,36.7917444],[28.2868082,36.7916646],[28.2868079,36.7915285],[28.286663,36.7914696],[28.2867751,36.7913721],[28.2867218,36.7913151],[28.2865923,36.7913971],[28.2865974,36.7912181],[28.2864469,36.7910858],[28.2862498,36.7911352],[28.2861873,36.7912284],[28.2861736,36.7910772],[28.2860471,36.7910007],[28.2858885,36.7910074],[28.2857171,36.7911676],[28.2858209,36.7913079],[28.2857659,36.7915154],[28.2855191,36.7915324],[28.2852268,36.7917156],[28.2851361,36.7916696],[28.2849564,36.7917768],[28.2849508,36.7918234],[28.284729,36.7919108],[28.2847263,36.7919871],[28.2846512,36.7920685],[28.284461,36.792131],[28.284391,36.7922113],[28.2840539,36.7922138],[28.2837762,36.7923228],[28.2836805,36.7922837],[28.2832265,36.7923721],[28.2831097,36.7924296],[28.2831041,36.7925546],[28.283283,36.7926076],[28.2835155,36.7926046],[28.2835973,36.7926983],[28.284325,36.7928532],[28.284354,36.7929326],[28.2848236,36.7930293],[28.2849736,36.793148],[28.284913,36.7935912],[28.2847943,36.7936526],[28.2845729,36.7940725],[28.2841979,36.794518],[28.2838232,36.794602],[28.2836947,36.7945438],[28.2835611,36.7943682],[28.2835016,36.7943723],[28.2834679,36.7944571],[28.2835517,36.7945004],[28.2834361,36.7945374],[28.2834058,36.7946136],[28.2834686,36.7946821],[28.2834887,36.7948956],[28.2835405,36.7950803],[28.2833825,36.7952444],[28.2827848,36.7954303],[28.282584,36.7954439],[28.2817497,36.7951473],[28.2816138,36.7951793],[28.281366,36.7951022],[28.2812297,36.7949911],[28.2811026,36.7950446],[28.2810209,36.7949856],[28.2809465,36.7950141],[28.2808526,36.7949811],[28.2808188,36.7950549],[28.280704,36.7950885],[28.2802502,36.7950592],[28.280012,36.7950152],[28.2797282,36.795093],[28.2796652,36.7950506],[28.2795389,36.7950683],[28.2794438,36.7951327],[28.2789611,36.7952684],[28.2786774,36.7953039],[28.2785585,36.7954186],[28.2781551,36.7954809],[28.2779722,36.7955545],[28.2778528,36.7958284],[28.2777407,36.795927],[28.2776222,36.7958926],[28.2773269,36.795662],[28.2770871,36.7955994],[28.2766388,36.7955738],[28.2761266,36.7956965],[28.2759689,36.7956342],[28.2754837,36.7957818],[28.275106,36.7959527],[28.2750199,36.7960421],[28.274874,36.7961003],[28.27464,36.7959941],[28.2745146,36.7960322],[28.2743346,36.7961514],[28.2741189,36.7961031],[28.2739881,36.7962382],[28.2739378,36.7965028],[28.2738872,36.7965795],[28.2737314,36.7966138],[28.2737828,36.7967608],[28.2736133,36.7968031],[28.2734862,36.7967681],[28.2734555,36.7968598],[28.2732247,36.7969296],[28.2731525,36.7968147],[28.2730119,36.7968984],[28.2727196,36.7969506],[28.2725343,36.7970546],[28.2724018,36.7972112],[28.2721623,36.7973313],[28.2717535,36.7974181],[28.2714839,36.797408],[28.2713257,36.7974907],[28.2712661,36.7976284],[28.2710223,36.7978812],[28.2706857,36.7980315],[28.2702598,36.7981838],[28.270197,36.7983294],[28.270752,36.799012],[28.2706672,36.7991099],[28.2707056,36.7991735],[28.2705782,36.7996337],[28.2704698,36.7997214],[28.2705171,36.7998179],[28.2704596,36.7998878],[28.2704204,36.7999958],[28.2705833,36.8000626],[28.27105,36.8000624],[28.2715346,36.8001812],[28.2719708,36.8004563],[28.2723001,36.8004689],[28.2723417,36.8005822],[28.2725777,36.800617],[28.2726137,36.80076],[28.2728066,36.8008509],[28.2729305,36.8010188],[28.2729133,36.8012144],[28.27281,36.8013175],[28.2728827,36.8015424],[28.2727803,36.8016822],[28.2728822,36.8017396],[28.273082,36.8016867],[28.2733891,36.801664],[28.273501,36.8016994],[28.2737153,36.8016642],[28.2739508,36.8019331],[28.274109,36.8022434],[28.2741782,36.8026006],[28.2738476,36.8027027],[28.2737855,36.8027709],[28.2738526,36.8028394],[28.2738722,36.8029395],[28.2737566,36.803041],[28.2737957,36.8031476],[28.2740688,36.8032386],[28.2741206,36.8033035],[28.2741455,36.8035096],[28.2741858,36.8035336],[28.2741667,36.8036937],[28.2740725,36.8040369],[28.2739577,36.8042063],[28.2739768,36.804501],[28.2739097,36.804874],[28.2736681,36.8053205],[28.2735517,36.8054631],[28.2732137,36.8057773],[28.2733186,36.805892],[28.273377,36.8061261],[28.2731432,36.8064609],[28.2727371,36.8068034],[28.2725834,36.8067811],[28.2723774,36.8069026],[28.2722929,36.8070448],[28.2719496,36.8074401],[28.2717927,36.8074968],[28.2713858,36.8078162],[28.2712562,36.807787],[28.270804,36.8081284],[28.2709158,36.8082251],[28.2708729,36.8083118],[28.2710057,36.8084325],[28.2709554,36.808631],[28.2708576,36.8088023],[28.2707396,36.8089361],[28.2707791,36.809115],[28.2706849,36.8093061],[28.2705127,36.8094412],[28.2701461,36.8096645],[28.2695833,36.8098709],[28.2691504,36.8105396],[28.2689739,36.8106246],[28.2690134,36.8107932],[28.268878,36.8109202],[28.2688017,36.8111553],[28.2689273,36.8113015],[28.2688615,36.8114286],[28.2686585,36.8115487],[28.2684356,36.81158],[28.2683216,36.8115624],[28.268139,36.8116706],[28.2680303,36.8118087],[28.2680681,36.8122017],[28.2680078,36.8124684],[28.267208,36.8130772],[28.2670586,36.8131308],[28.2662644,36.813649],[28.266174,36.8136533],[28.2658848,36.813809],[28.2659017,36.8139857],[28.2660348,36.8140615],[28.2662015,36.8140896],[28.26648,36.8140873],[28.2666478,36.8141838],[28.2667681,36.814194],[28.2668647,36.8141587],[28.2674398,36.813577],[28.2682173,36.8129183],[28.268681,36.8129269],[28.2688546,36.8132384],[28.2689774,36.8133862],[28.2691739,36.8132783],[28.2693679,36.8131071],[28.2697579,36.8129097],[28.2702617,36.812949],[28.2706857,36.8130909],[28.2708306,36.8133419],[28.2710116,36.8134132],[28.2718063,36.8134882],[28.2722468,36.8134044],[28.2729608,36.8134594],[28.2731833,36.8133425],[28.2734012,36.8133359],[28.2737257,36.8128959],[28.2739403,36.8128109],[28.2740176,36.8127342],[28.2743315,36.8128009],[28.2752366,36.8130742],[28.2758895,36.8134931],[28.2760874,36.8137622],[28.2760214,36.8139969],[28.276,36.8143016],[28.2760279,36.8144665],[28.2760067,36.8146649],[28.2763825,36.8145077],[28.2772434,36.8138781],[28.2773521,36.8136024],[28.2775283,36.8134328],[28.2776419,36.8134565],[28.2777364,36.8134261],[28.2777279,36.8133005],[28.2778001,36.813246],[28.277862,36.8131122],[28.2780167,36.8129554],[28.2780975,36.8129747],[28.2781597,36.8127589],[28.2783167,36.812703],[28.2785108,36.8123754],[28.2787745,36.8123352],[28.2787289,36.8122413],[28.2788131,36.8121282],[28.2786959,36.8119423],[28.2788635,36.8117215],[28.2791961,36.8116646],[28.2793983,36.8115682],[28.2795695,36.8113223],[28.280037,36.8112399],[28.280626,36.8114351],[28.2815825,36.8120065],[28.2817258,36.812044],[28.2818998,36.8121682],[28.282135,36.8121974],[28.2822737,36.8121349],[28.2825821,36.8122792],[28.2829375,36.8125912],[28.2834595,36.8128629],[28.2837183,36.8129339],[28.284027,36.8128936],[28.2845444,36.8131356],[28.2849763,36.8134731],[28.2852488,36.8138499],[28.2863376,36.8149616],[28.286895,36.8149498],[28.2867887,36.8151079],[28.2870166,36.8155778],[28.287166,36.8156906],[28.287526,36.8158649],[28.2885282,36.8160269],[28.2886343,36.8161395],[28.2887492,36.8161965],[28.288786,36.8161836],[28.2887997,36.816145],[28.2888779,36.8161818],[28.2888939,36.8161658],[28.2891752,36.8162767],[28.289162,36.8163031],[28.2892792,36.816352],[28.2893007,36.8163295],[28.2895254,36.8164311],[28.2895532,36.8163811],[28.2896572,36.8163665],[28.2898751,36.8165053],[28.2900995,36.8167207],[28.2903554,36.8170708],[28.2903851,36.8171528],[28.2905072,36.8172162],[28.2907621,36.8172138],[28.2910177,36.8174809],[28.2910314,36.8178121],[28.2913619,36.8181145],[28.2916047,36.8182746],[28.291766,36.8184684],[28.2918901,36.8184985],[28.2922711,36.8186706],[28.292925,36.8186],[28.2932216,36.8186666],[28.2935234,36.8188499],[28.2939922,36.8191982],[28.2939421,36.8192463],[28.2940349,36.8193103],[28.2945343,36.8190964],[28.2945625,36.8188162],[28.2944769,36.8187065],[28.2943718,36.8186204],[28.2946188,36.8183101],[28.294995,36.818057],[28.295193,36.8180016],[28.2953929,36.8180078],[28.2954677,36.818084],[28.2957155,36.818025],[28.296171,36.8177961],[28.2965897,36.8177881],[28.2968633,36.8178807],[28.2969467,36.8179762],[28.2970658,36.8180039],[28.2971977,36.8178863],[28.2974037,36.8178515],[28.2975845,36.817666],[28.2975483,36.8174785],[28.2979309,36.8169734],[28.298023,36.8169818],[28.298168,36.816738],[28.2987054,36.8168038],[28.2988028,36.816777],[28.2990479,36.8168298],[28.2992447,36.8169008],[28.2995841,36.8170991],[28.3003735,36.8176621],[28.300881,36.8180845],[28.3009882,36.8182661],[28.3009703,36.8185671],[28.3007916,36.8186612],[28.3005902,36.8188888],[28.3006205,36.8192394],[28.3008024,36.8194071],[28.3007758,36.8195946],[28.30062,36.8195675],[28.3007283,36.8198114],[28.3008775,36.819864],[28.3010044,36.8197842],[28.3010075,36.8197198],[28.301213,36.819525],[28.3012983,36.8194962],[28.3014686,36.8193341],[28.3015225,36.819379],[28.3016386,36.8192911],[28.301665,36.8189708],[28.3017617,36.8189396],[28.3018098,36.8188248],[28.3023025,36.8185697],[28.3024958,36.8185818],[28.3026169,36.8186361],[28.302821,36.8185332],[28.3026874,36.8183526],[28.3026276,36.8183447],[28.3026137,36.8181613],[28.3026568,36.8180026],[28.3029234,36.8177102],[28.303443,36.8175732],[28.303609,36.8175043],[28.3050142,36.8178227],[28.3055814,36.8179239],[28.3052761,36.819268],[28.3053286,36.819325],[28.3069785,36.8201383],[28.3070362,36.8199343],[28.3074464,36.8200816],[28.3075042,36.8200138],[28.3070496,36.8198581],[28.3070362,36.8198291],[28.3067197,36.8197583],[28.3061779,36.8194802],[28.3057004,36.8191925],[28.3058198,36.818616],[28.3075015,36.8188715],[28.3075015,36.8189649],[28.3079721,36.8189954],[28.3079478,36.8193228],[28.3078931,36.8195051],[28.3079189,36.81951],[28.3079698,36.8193502],[28.3080355,36.8193726],[28.3079224,36.8197511],[28.3079735,36.8197579],[28.3080968,36.8193786],[28.3082125,36.8193797],[28.3080806,36.8197809],[28.3081184,36.8197866],[28.3081661,36.8196548],[28.3081881,36.8196568],[28.3082772,36.8193832],[28.3086342,36.8190805],[28.3088876,36.8186086],[28.3094543,36.8180718],[28.3102975,36.8180696],[28.3105311,36.8180204],[28.3120348,36.8178296],[28.3120465,36.8176937],[28.3122316,36.8175692],[28.3125722,36.8174618],[28.3128968,36.8175112],[28.313047,36.8177023],[28.3129021,36.8178226],[28.3128405,36.8179342],[28.3128431,36.8182391],[28.3127868,36.8185161],[28.3124354,36.8189563],[28.3123657,36.8193084],[28.3124569,36.8196069],[28.3126286,36.8197873],[28.3128753,36.8199676],[28.3131972,36.8204872],[28.3131435,36.8206311],[28.3129799,36.8207728],[28.31287,36.8209102],[28.3126768,36.8210305],[28.3125696,36.8211528],[28.3123514,36.8213267],[28.3123284,36.8214984],[28.3125209,36.8218293],[28.3128847,36.8219571],[28.3129928,36.8219159],[28.3131112,36.8218073],[28.3133592,36.8216593],[28.3134696,36.8216387],[28.3135512,36.8215531],[28.3136611,36.8215345],[28.3140228,36.8217378],[28.3142536,36.8222679],[28.3143545,36.8224326],[28.3146211,36.8226243],[28.3147579,36.8226547],[28.3150646,36.8227757],[28.3152663,36.8230608],[28.3155136,36.8235818],[28.3155451,36.8236978],[28.3155926,36.8237602],[28.3156807,36.8246083],[28.3155548,36.8248526],[28.3156638,36.8250697],[28.3157799,36.8256426],[28.3158745,36.8257334],[28.3159304,36.8259837],[28.3159277,36.8261469],[28.3158043,36.826615],[28.3156085,36.8269456],[28.3154798,36.827083],[28.3153081,36.8273643],[28.3149084,36.8278194],[28.3143766,36.8280865],[28.3140742,36.8281823],[28.3138347,36.8281521],[28.3134944,36.828258],[28.3132686,36.8282268],[28.3130298,36.8285248],[28.3129572,36.828451],[28.3128158,36.8284377],[28.3126528,36.8287009],[28.3124178,36.8285965],[28.312292,36.8286289],[28.3121262,36.8287846],[28.3126393,36.8289229],[28.3128431,36.8293351],[28.3132133,36.8294232],[28.3133259,36.8295477],[28.3131811,36.8296271],[28.3126742,36.8297023],[28.3124462,36.8292536],[28.3121449,36.8290394],[28.3120369,36.8290381],[28.3120291,36.8291217],[28.3121066,36.8293849],[28.3115118,36.8295336],[28.3110085,36.8297211],[28.3103434,36.8296583],[28.3091747,36.8293651],[28.3090549,36.8293053],[28.3089588,36.8293106],[28.308594,36.8291392],[28.3084849,36.8290214],[28.3084623,36.8287779],[28.3083454,36.8281474],[28.3082257,36.8279965],[28.3080187,36.8279391],[28.3077008,36.8279587],[28.3073682,36.8280634],[28.3072403,36.8281935],[28.3070735,36.8284877],[28.3068423,36.8286929],[28.3069023,36.8288211],[28.3064319,36.8289722],[28.3060596,36.8290143],[28.305725,36.828987],[28.30547,36.8290208],[28.3050122,36.8289514],[28.3048281,36.8290158],[28.3043663,36.8290306],[28.304137,36.828983],[28.3036021,36.8289918],[28.3033047,36.8291431],[28.3027197,36.8291627],[28.3026068,36.8291004],[28.3025271,36.8291172],[28.3024831,36.8291934],[28.3014357,36.8296334],[28.3013563,36.8296429],[28.3011844,36.8298093],[28.300948,36.829939],[28.300319,36.830588],[28.2994635,36.830954],[28.2991473,36.8312578],[28.2987267,36.8314749],[28.298334,36.8317209],[28.2979912,36.8318171],[28.2964854,36.8329242],[28.296026,36.8331049],[28.295762,36.8332655],[28.2955046,36.8336185],[28.2955676,36.8337021],[28.2958323,36.8337183],[28.2960144,36.8338683],[28.29606,36.8342277],[28.2956829,36.8348146],[28.2953195,36.8351605],[28.2952098,36.8353466],[28.2949598,36.835612],[28.2945012,36.8354111],[28.2942691,36.8358316],[28.2945717,36.8359176],[28.2946728,36.8364867],[28.2947691,36.8366488],[28.2948166,36.8368452],[28.2947924,36.8369747],[28.2947013,36.8369874],[28.2947227,36.8371174],[28.2948098,36.8373332],[28.2948337,36.8376318],[28.294712,36.8383311],[28.2944491,36.8388068],[28.294072,36.839133],[28.2937069,36.839518],[28.2934505,36.8396404],[28.2932247,36.839611],[28.292804,36.83979],[28.2926746,36.8401066],[28.2921537,36.840417],[28.2911682,36.8408824],[28.290591,36.841226],[28.290131,36.8413954],[28.2894725,36.8414394],[28.2890726,36.8415285],[28.2885761,36.8417571],[28.28839,36.8419935],[28.2881934,36.8423461],[28.2878997,36.8425878],[28.2875599,36.84276],[28.2871605,36.8431273],[28.2870404,36.8432878],[28.2869767,36.8432982],[28.2868927,36.8435473],[28.2867478,36.8436974],[28.2866468,36.8439751],[28.2857366,36.8442777],[28.285371,36.844495],[28.2851678,36.8446952],[28.2844987,36.8451888],[28.2846547,36.8455707],[28.285232,36.845652],[28.2862241,36.8456576],[28.2858378,36.8461606],[28.2860998,36.8462138],[28.2858648,36.8468065],[28.2857821,36.8468134],[28.2855495,36.8470606],[28.2851927,36.8473243],[28.2849457,36.8476541],[28.2848744,36.8478133],[28.2848022,36.8478374],[28.2846189,36.8480939],[28.2844605,36.8482315],[28.284182,36.8483433],[28.2840213,36.8482733],[28.2837903,36.8484383],[28.2838049,36.8485405],[28.2835615,36.848588],[28.2832664,36.8488046],[28.2830771,36.8488541],[28.2829555,36.8488349],[28.2828808,36.8487903],[28.2828317,36.8486986],[28.2827131,36.8487092],[28.2827078,36.848641],[28.282274,36.8486591],[28.2822805,36.8487086],[28.2820086,36.8487254],[28.2819452,36.848782],[28.2816778,36.8487118],[28.2817271,36.8485776],[28.2816478,36.8485647],[28.2813889,36.8488341],[28.2813246,36.8490973],[28.2798499,36.848806],[28.2798308,36.8490623],[28.2801981,36.849421],[28.2812634,36.8503688],[28.2812775,36.8519145],[28.2808457,36.8519763],[28.2809902,36.8525189],[28.2807798,36.85255],[28.2808653,36.8528473],[28.2807919,36.8528554],[28.2807155,36.8525595],[28.2806643,36.852567],[28.2807219,36.8527943],[28.2806555,36.8528065],[28.2805871,36.8525784],[28.2803938,36.8526073],[28.2804721,36.8529119],[28.2784483,36.8532097],[28.2782739,36.8525041],[28.2781817,36.8525206],[28.2780442,36.8535377],[28.2780189,36.853565],[28.2777394,36.8534446],[28.2776732,36.8532793],[28.27593,36.8524651],[28.2758138,36.8522995],[28.2758428,36.8515827],[28.2767124,36.8514113],[28.2766791,36.8513033],[28.2762349,36.8513799],[28.2758087,36.8512045],[28.2756486,36.850631],[28.2748269,36.8501039],[28.2747062,36.8499109],[28.2748271,36.8497906],[28.2750349,36.8499282],[28.2750648,36.8498963],[28.2744956,36.8495281],[28.2737592,36.8500265],[28.2734984,36.8499844],[28.2731761,36.8510779],[28.2728206,36.8508913],[28.2723123,36.8512326],[28.2723834,36.8512959],[28.2728071,36.851018],[28.2729426,36.8510201],[28.2731988,36.8511646],[28.2730567,36.8514361],[28.2712699,36.8528788],[28.2705923,36.8527861],[28.2705527,36.8530354],[28.2704718,36.8530556],[28.2704589,36.8529925],[28.2704973,36.8527757],[28.2688593,36.8524297],[28.2687798,36.8525933],[28.2687007,36.852574],[28.26868,36.8526428],[28.2684654,36.8525756],[28.2669098,36.8518077],[28.2667785,36.851883],[28.2666354,36.8518014],[28.2666624,36.8515508],[28.2655987,36.8509313],[28.2650048,36.8505359],[28.2631003,36.849213],[28.2623582,36.8486337],[28.2622531,36.8486883],[28.2620521,36.8485316],[28.2621259,36.848458],[28.2609778,36.8476076],[28.2602279,36.846937],[28.2574347,36.8446595],[28.2562021,36.8436179],[28.2559679,36.8434631],[28.2547848,36.8424157],[28.2539982,36.8414952],[28.2535503,36.8408834],[28.2530375,36.8402953],[28.2523063,36.8395894],[28.2510506,36.8386808],[28.2498146,36.8375831],[28.2481935,36.8363313],[28.2476538,36.8357573],[28.2473087,36.8353162],[28.2473493,36.8352355],[28.247304,36.8351656],[28.2472877,36.8350068],[28.2469839,36.8346245],[28.2465198,36.8340864],[28.2456437,36.8332202],[28.2450544,36.8325098],[28.244805,36.8323136],[28.2446014,36.8320656],[28.2444908,36.8318382],[28.244362,36.8316579],[28.2445122,36.8315763],[28.2440992,36.8310782],[28.2437178,36.8304888],[28.2435642,36.8301337],[28.2436189,36.8301091],[28.2434755,36.8295573],[28.2434448,36.8292814],[28.2434857,36.8292295],[28.2434482,36.8290028],[28.2434687,36.8288491],[28.2434218,36.8287843],[28.2433791,36.8286443],[28.2434943,36.8285384],[28.2434303,36.8284701],[28.2434175,36.8283301],[28.2435071,36.8281935],[28.2434602,36.827685],[28.2435153,36.8276676],[28.2435039,36.8271647],[28.243384,36.8270181],[28.2433318,36.8270357],[28.2431914,36.8268186],[28.2428602,36.8262741],[28.2428003,36.8260174],[28.2428172,36.8260145],[28.2427989,36.8259056],[28.2428672,36.8259022],[28.2427904,36.8254651],[28.2429312,36.8251305],[28.2430677,36.8244627],[28.2432769,36.8236932],[28.2432806,36.8235775],[28.2434266,36.8233127],[28.2435163,36.8232892],[28.2435677,36.8232351],[28.2436184,36.8230144],[28.2436925,36.8229682],[28.2436805,36.8228728],[28.243595,36.8228845],[28.2435044,36.8226298],[28.2434504,36.8225808],[28.2433447,36.8219613],[28.2433258,36.8219251],[28.2432692,36.82191],[28.2432654,36.8218193],[28.2433409,36.8217861],[28.2433447,36.8215232],[28.2432767,36.8214627],[28.2433258,36.8213691],[28.2433786,36.8213721],[28.243439,36.8211545],[28.2434239,36.8209732],[28.2433484,36.8209097],[28.2433107,36.8203719],[28.2434088,36.8203598],[28.24339,36.8202449],[28.2434957,36.8199186],[28.2435712,36.8198823],[28.2437926,36.8193971],[28.2437605,36.8193405],[28.2438379,36.819168],[28.2438831,36.8184202],[28.2439408,36.818225],[28.2439555,36.8180032],[28.2439277,36.8178176],[28.2436027,36.8175062],[28.2434109,36.8173748],[28.2432942,36.817343],[28.2432583,36.8172841],[28.2432236,36.8171338],[28.2432505,36.8171204],[28.2430665,36.8168071],[28.2428088,36.8165289],[28.2425708,36.8161683],[28.2426086,36.8161502],[28.2425421,36.8160007],[28.2425057,36.81601],[28.2421896,36.8154068],[28.2421405,36.8153856],[28.2419857,36.8146928],[28.242036,36.8146152],[28.2418923,36.8141954],[28.2417666,36.8141522],[28.2416948,36.8139768],[28.2415008,36.81381],[28.2413284,36.8133874],[28.2412746,36.8131717],[28.2410267,36.8126052],[28.240646,36.8119927],[28.2405239,36.8118375],[28.2403515,36.8116592],[28.2399995,36.8114263],[28.2378733,36.8101351],[28.2369825,36.8094738],[28.2360678,36.808621],[28.2359282,36.8084519],[28.2358876,36.8083712],[28.2358539,36.808211],[28.235915,36.8080816],[28.2358968,36.8080406],[28.2358245,36.8080158],[28.2357132,36.8080335],[28.2355426,36.8081965],[28.2353798,36.808274],[28.2350044,36.8082183],[28.2348729,36.8081551],[28.2348459,36.8080906],[28.2348153,36.8080958],[28.2347853,36.8081241],[28.2347683,36.8082489],[28.2346135,36.8082371],[28.2344719,36.8081888],[28.2341711,36.8079686],[28.2338601,36.8076866],[28.2334211,36.8070678],[28.2332268,36.8066127],[28.2330122,36.8058817],[28.2329533,36.8053631],[28.2329641,36.8052579],[28.2330173,36.805293],[28.2330316,36.805281],[28.2329153,36.8051919],[28.232934,36.8051512],[28.2331303,36.8052758],[28.2331537,36.805245],[28.2329566,36.8051212],[28.2330242,36.8050024],[28.2335904,36.8036087],[28.2339236,36.803682],[28.2339509,36.8036059],[28.2338475,36.8035857],[28.2340529,36.8031278],[28.2343218,36.80265],[28.2344668,36.8023421],[28.234748,36.8018778],[28.234955,36.8016051],[28.2354514,36.8011984],[28.2358497,36.8007673],[28.2360725,36.8006093],[28.2362199,36.8006266],[28.2366042,36.8004771],[28.2367443,36.8003908],[28.2368901,36.8002625],[28.2372062,36.8001314],[28.2374446,36.7999866],[28.2377468,36.7998809],[28.2378584,36.7998853],[28.2379417,36.7998186],[28.2382003,36.7998117],[28.2383931,36.7997424],[28.2384157,36.7997658],[28.2383902,36.7997823],[28.2384562,36.7998645],[28.2384147,36.7998977],[28.2393371,36.8006908],[28.2400168,36.8010445],[28.2401918,36.8008061],[28.2400658,36.800699],[28.2405551,36.8000664],[28.241231,36.7997214],[28.2413739,36.7998101],[28.2418146,36.7998376],[28.2420287,36.7999564],[28.2423728,36.8000719],[28.2430377,36.800102],[28.2438614,36.8003765],[28.244443,36.8003145],[28.2448088,36.8003547],[28.2453193,36.8005499],[28.245304,36.8006719],[28.2453955,36.8007024],[28.245537,36.8004923],[28.2455036,36.8004726],[28.2455068,36.8003894],[28.2455787,36.800305],[28.2455783,36.8002754],[28.2454568,36.8002786],[28.245486,36.8001579],[28.2454564,36.8000802],[28.2455112,36.7999324],[28.2454566,36.7998262],[28.2455229,36.7997575],[28.2453396,36.7995451],[28.245441,36.7995326],[28.2453591,36.7992827],[28.2454878,36.7991421],[28.2454761,36.7989766],[28.2454917,36.798886],[28.2455502,36.7987642],[28.2456399,36.7987361],[28.2457999,36.7987392],[28.2459325,36.7986393],[28.2460222,36.7984737],[28.2461236,36.7984675],[28.2462445,36.7982644],[28.2463733,36.7981676],[28.2465059,36.7979021],[28.2467126,36.7978115],[28.2468374,36.7979677],[28.2469701,36.798052],[28.2470169,36.7980302],[28.2470676,36.7978709],[28.2471378,36.7977928],[28.2472197,36.7976304],[28.2474186,36.7976054],[28.2475825,36.7976741],[28.2477892,36.7976741],[28.2478282,36.7976116],[28.2480038,36.7976522],[28.248503,36.7976491],[28.2485577,36.7975741],[28.2484952,36.7974679],[28.2483743,36.7975054],[28.2483041,36.7974461],[28.248269,36.7973399],[28.2481364,36.7971775],[28.2480389,36.7971712],[28.2481442,36.7971369],[28.2481559,36.7970806],[28.2479647,36.7970931],[28.2479257,36.7969963],[28.2477814,36.7969588],[28.2476761,36.7967714],[28.2475981,36.7965746],[28.2475279,36.7960374],[28.2475903,36.7957281],[28.247719,36.795547],[28.2478906,36.7954064],[28.2483816,36.7954581],[28.2486069,36.7953721],[28.2494223,36.7945645],[28.2498515,36.7943841],[28.2502484,36.7943626],[28.2505274,36.7942767],[28.2508319,36.7940164],[28.2509458,36.7938386],[28.2508185,36.7936365],[28.2502323,36.793482],[28.250332,36.792974],[28.2505059,36.792756],[28.2508171,36.7926271],[28.2511867,36.7925309],[28.2516485,36.7925326],[28.2523361,36.7926508],[28.2531184,36.7925541],[28.2531077,36.7922319],[28.2527556,36.7918204],[28.252866,36.791663],[28.2535261,36.7915317],[28.2539016,36.7914157],[28.2542748,36.7913819],[28.2545274,36.7914586],[28.2548972,36.7912785],[28.2551453,36.7913809],[28.2554214,36.7915801],[28.2556238,36.7915874],[28.2561115,36.7916628],[28.2563669,36.791557],[28.2562425,36.7912175],[28.2560323,36.7911558],[28.2559707,36.7910289],[28.2559456,36.7907519],[28.2560061,36.7903045],[28.2558654,36.7900902],[28.2554458,36.7899689],[28.2554275,36.7898108],[28.2551197,36.7893326],[28.2550636,36.7890886],[28.2553714,36.7889756],[28.2555864,36.7885222],[28.2553199,36.7884444],[28.2555931,36.7881042],[28.2558766,36.7880088],[28.2558904,36.78793],[28.2554605,36.7879209],[28.2555336,36.7874396],[28.2552737,36.7872913],[28.2549416,36.7869662],[28.254368,36.7868138],[28.2537397,36.7864174],[28.2533049,36.7860847],[28.2530222,36.7857915],[28.2527097,36.7852815],[28.252641,36.785109],[28.2527996,36.7847498],[28.2527643,36.7845891],[28.2529145,36.7843271],[28.2530379,36.7839232],[28.2528287,36.7838459],[28.2526319,36.7834932],[28.2524103,36.7832229],[28.2520509,36.7829909],[28.2520992,36.7827374],[28.2523084,36.7825526],[28.252641,36.7820371],[28.2529521,36.7818738],[28.2531238,36.781732],[28.2539152,36.7809516],[28.2540089,36.7807309],[28.2541517,36.7807058],[28.2544072,36.7805196],[28.255133,36.7801559],[28.2553462,36.779751],[28.2554711,36.7794239],[28.2554615,36.7791794],[28.2551969,36.7792037],[28.2550419,36.7793095],[28.2547873,36.7792044],[28.2545065,36.7788192],[28.2535138,36.7781021],[28.2531153,36.7779758],[28.2524401,36.777978],[28.2518629,36.7782135],[28.2510575,36.7784823],[28.2507527,36.778638],[28.2504668,36.7785451],[28.2500205,36.7783362],[28.249611,36.778082],[28.2491582,36.7772681],[28.248783,36.776292],[28.2486821,36.775194],[28.2485112,36.7746541],[28.2485241,36.7739707],[28.248729,36.772953],[28.2489145,36.7724407],[28.2488081,36.7723479],[28.248942,36.7721875],[28.2492268,36.7722517],[28.2504462,36.7718562],[28.2509351,36.771402],[28.250889,36.7712181],[28.2510792,36.771033],[28.2516706,36.7710812],[28.252047,36.770734],[28.2524195,36.7703386],[28.2528065,36.7703337],[28.2532979,36.7706874],[28.2533544,36.7708612],[28.2536526,36.7709987],[28.2530218,36.7714584],[28.2529628,36.7720085],[28.2531506,36.7722964],[28.2532525,36.7723866],[28.2540625,36.7715917],[28.2545131,36.771351],[28.2547921,36.7711405],[28.2550871,36.7708311],[28.2551998,36.7707795],[28.2556075,36.7704787],[28.2555726,36.7701315],[28.2555699,36.7697955],[28.2558274,36.7697138],[28.2559884,36.7694775],[28.256491,36.769145],[28.2576835,36.7685364],[28.2581019,36.7682957],[28.2587671,36.7681754],[28.2589281,36.7682012],[28.259207,36.7681582],[28.2593894,36.7680207],[28.2598937,36.7678789],[28.2598937,36.7676855],[28.2600492,36.7674922],[28.260617,36.76756],[28.260932,36.7673],[28.2613903,36.7671871],[28.2617336,36.7671656],[28.262204,36.76703],[28.2626671,36.7669335],[28.2629031,36.7669421],[28.2631606,36.7670109],[28.263776,36.7670498],[28.2638479,36.7669493],[28.2643176,36.7668358],[28.2644439,36.7667058],[28.2645643,36.7666455],[28.2647118,36.7666358],[28.2649948,36.7666841],[28.2652958,36.766795],[28.2654041,36.7667998],[28.2655375,36.7667197],[28.265708,36.766479],[28.2661928,36.7663175],[28.2667346,36.7663706],[28.2671014,36.7663479],[28.2675413,36.7662018],[28.2678156,36.7659157],[28.2678974,36.7656443],[28.268087,36.765555],[28.2682522,36.7651133],[28.2681602,36.7648493],[28.2678491,36.7645871],[28.2679009,36.764433],[28.2676954,36.7641207],[28.267419,36.763763],[28.2669103,36.7635386],[28.2668245,36.7634053],[28.2663641,36.7629782],[28.2660404,36.7627504],[28.2660537,36.7623505],[28.2662942,36.762397],[28.2670396,36.7623337],[28.2671328,36.7620696],[28.2668798,36.7619683],[28.2666192,36.7620072],[28.2664027,36.7619364],[28.2659698,36.7619612],[28.2654705,36.7618036],[28.265387,36.7614976],[28.2656483,36.7613322],[28.266095,36.760951],[28.2661497,36.7606278],[28.2663417,36.7604873],[28.2663631,36.7603283],[28.2666528,36.7601735],[28.2668994,36.7597594],[28.2669181,36.7594716],[28.2669593,36.7593625],[28.2671868,36.7590274],[28.267654,36.758623],[28.268407,36.7582009],[28.2688361,36.7581923],[28.2701933,36.7587424],[28.2705581,36.7588584],[28.271008,36.758715],[28.2712555,36.7585705],[28.2713735,36.7583384],[28.271157,36.758072],[28.2709229,36.7578614],[28.2708853,36.7577539],[28.2709014,36.7576379],[28.2707673,36.7574187],[28.2701075,36.7569373],[28.2698876,36.7567138],[28.2697159,36.7564173],[28.269771,36.7559692],[28.2693504,36.7559985],[28.2691064,36.7556472],[28.2686908,36.7557086],[28.2680156,36.7555961],[28.267546,36.7553568],[28.2674427,36.7547378],[28.2674199,36.7540254],[28.2674588,36.7534774],[28.2674253,36.7533002],[28.2673663,36.7531895],[28.2673395,36.7528822],[28.2673314,36.7520827],[28.2674012,36.7514208],[28.2675728,36.7506815],[28.2677874,36.7498992],[28.2677284,36.7494049],[28.2680288,36.7488483],[28.2683694,36.7483432],[28.2688683,36.7477565],[28.2693484,36.7472944],[28.2698795,36.7468603],[28.2706869,36.7462628],[28.271922,36.7455202],[28.2729788,36.7450603],[28.2730405,36.7449937],[28.2732604,36.7448948],[28.2737365,36.7447315],[28.2745425,36.7445165],[28.2749435,36.7444639],[28.2755014,36.7445326],[28.275885,36.7447293],[28.2766737,36.7447675],[28.2768952,36.7448392],[28.2770349,36.7450926],[28.2770109,36.7452407],[28.277261,36.7453576],[28.2771128,36.745625],[28.2772606,36.745641],[28.2777964,36.7453102],[28.2780668,36.7452809],[28.2794271,36.7457231],[28.2797189,36.7460883],[28.2795936,36.7462922],[28.2794994,36.7465877],[28.2793967,36.7467795],[28.279571,36.7469225],[28.2804911,36.7473621],[28.2807297,36.7475018],[28.2813561,36.7477746],[28.2813964,36.7478602],[28.2815183,36.74794],[28.2821655,36.747915],[28.2824867,36.7477687],[28.2828838,36.7476904],[28.2831996,36.7474096],[28.2833303,36.7473777],[28.2836983,36.747441],[28.2839812,36.7473536],[28.284058,36.7473511],[28.2841393,36.7472809],[28.2843613,36.7473636],[28.2844922,36.7475098],[28.2845052,36.7476343],[28.284383,36.7479938],[28.2844479,36.748167],[28.2847912,36.7483607],[28.2854816,36.7484988],[28.2857188,36.7486142],[28.2857309,36.7489422],[28.2856026,36.749136],[28.2855709,36.7493428],[28.2854702,36.7494279],[28.2854264,36.7495031],[28.2854309,36.7495565],[28.2853778,36.7496119],[28.2853505,36.749801],[28.2854592,36.7499715],[28.2857102,36.7500651],[28.2858388,36.7501703],[28.2859711,36.7501856],[28.2860618,36.7502382],[28.286041,36.7502085],[28.2861185,36.7502726],[28.2862088,36.7503007],[28.2863535,36.7502705],[28.2864754,36.7501548],[28.2866761,36.750076],[28.287319,36.7502911],[28.2874262,36.7503578],[28.2875491,36.7503009],[28.2875744,36.750259],[28.2876613,36.7503084],[28.2877338,36.7502723],[28.2879111,36.7502758],[28.2879578,36.7501821],[28.2880289,36.7502175],[28.288494,36.7498992],[28.2883814,36.7496972],[28.2888508,36.7492201],[28.2892048,36.748988],[28.2896635,36.7489214],[28.2899129,36.7488161],[28.2903394,36.7489686],[28.2905352,36.7488784],[28.2908092,36.7489594],[28.2914998,36.748688],[28.2917058,36.7482867],[28.2918553,36.7481301],[28.292061,36.748084],[28.292471,36.7481066],[28.2924662,36.7482671],[28.292559,36.7483807],[28.2927952,36.7484141],[28.2931126,36.7478742],[28.2929341,36.7476744],[28.2927789,36.7476876],[28.2926887,36.7478735],[28.2924515,36.7477973],[28.2924019,36.7475405],[28.2924564,36.747343],[28.2925665,36.7472475],[28.2927761,36.7472738],[28.293006,36.747199],[28.2930154,36.7472854],[28.2932224,36.7473028],[28.2933729,36.7471743],[28.2935998,36.747259],[28.2936991,36.7471743],[28.2936835,36.7471163],[28.2936031,36.7470896],[28.2934056,36.7471526],[28.2932689,36.7471483],[28.2935561,36.7469622],[28.2935958,36.7467255],[28.2934483,36.7465005],[28.2932967,36.7464492],[28.2932949,36.7463062],[28.2934215,36.7462059],[28.2934448,36.7460986],[28.2933662,36.7459787],[28.293414,36.7458538],[28.2935668,36.7456028],[28.2935156,36.7455291],[28.2938504,36.7454005],[28.2939595,36.7452381],[28.2938742,36.7451233],[28.294055,36.7451377],[28.2941376,36.7450702],[28.2940687,36.7448765],[28.2942221,36.7448443],[28.294202,36.7446358],[28.2944667,36.7445041],[28.294718,36.744224],[28.2946821,36.7441503],[28.2949983,36.7439476],[28.2951552,36.7439855],[28.2953363,36.7438464],[28.2954712,36.7438264],[28.2956061,36.7437434],[28.2956303,36.7434748],[28.2957781,36.7432837],[28.2958693,36.7432358],[28.2958078,36.7429738],[28.2956796,36.7428861],[28.2955895,36.742891],[28.2954849,36.7427451],[28.2955713,36.7426499],[28.2954599,36.7424837],[28.2956048,36.7422222],[28.2955941,36.7418744],[28.2958097,36.7416246],[28.2957657,36.7414718],[28.2958782,36.7413206],[28.2958985,36.7411954],[28.2960305,36.7413953],[28.2961149,36.7413798],[28.2961189,36.7412593],[28.2960296,36.7412511],[28.2960436,36.7411533],[28.2960162,36.7410944],[28.2959725,36.7410948],[28.2960117,36.7409781],[28.295947,36.7409385],[28.2959959,36.740827],[28.2959545,36.7407329],[28.2959908,36.7406679],[28.2958998,36.7406075],[28.2960034,36.7404358],[28.295873,36.7403204],[28.2959355,36.7402357],[28.2957783,36.7401624],[28.2958915,36.7400049],[28.2957596,36.739858],[28.295903,36.7398007],[28.2958432,36.7396618],[28.2958925,36.7395767],[28.2958569,36.7394761],[28.295972,36.7394393],[28.2958904,36.7393284],[28.2960195,36.7392588],[28.2961133,36.7393454],[28.296455,36.7395722],[28.2966618,36.7395868],[28.2967925,36.7394077],[28.2970312,36.7392902],[28.2970226,36.7391638],[28.297249,36.7390058],[28.2973924,36.7391091],[28.2976628,36.739144],[28.2975902,36.7389804],[28.2978249,36.7388611],[28.2977007,36.7385699],[28.2977328,36.7384701],[28.297673,36.7383672],[28.297727,36.7382228],[28.2977264,36.7381288],[28.2978375,36.7381452],[28.2977841,36.7379732],[28.2979422,36.7378333],[28.2978662,36.7378101],[28.2977337,36.7379412],[28.2976696,36.7378941],[28.2977492,36.7377365],[28.2980293,36.7375811],[28.2980873,36.7375174],[28.2980765,36.7373852],[28.2982265,36.73736],[28.2982689,36.7375771],[28.2983637,36.7377024],[28.2984428,36.7376766],[28.29846,36.7374829],[28.2986303,36.737545],[28.2987658,36.7377271],[28.298957,36.7378169],[28.2991016,36.737798],[28.2993685,36.7378597],[28.2994253,36.7379635],[28.2996635,36.7380291],[28.2997405,36.7379794],[28.2997617,36.737896],[28.2999744,36.7377456],[28.2998145,36.7376504],[28.2999089,36.7375431],[28.2998888,36.7372108],[28.2998081,36.7367422],[28.2995989,36.7361345],[28.2993363,36.7359746],[28.2988916,36.7358631],[28.2983521,36.7355834],[28.2984261,36.7360367],[28.2982459,36.7367361],[28.2976651,36.7368307],[28.297375,36.7366538],[28.2973407,36.7364774],[28.2971071,36.73648],[28.2969636,36.7363514],[28.2969845,36.7362106],[28.296837,36.7360481],[28.2963966,36.7357298],[28.2958395,36.7354495],[28.2954696,36.7353534],[28.2954103,36.735046],[28.2950222,36.7347838],[28.2947341,36.7346887],[28.2945823,36.7347127],[28.2940631,36.7346221],[28.2939534,36.7345174],[28.2935347,36.7344762],[28.2933786,36.7343549],[28.2932748,36.7343882],[28.2931449,36.7343414],[28.2931127,36.7342556],[28.292576,36.7341868],[28.2923932,36.7339879],[28.2924116,36.7338176],[28.2923894,36.7337631],[28.2925613,36.7335228],[28.2925439,36.7334312],[28.2926517,36.7333128],[28.2929912,36.7332335],[28.2933115,36.7326748],[28.2938589,36.7323706],[28.293911,36.7322049],[28.2940891,36.7320729],[28.2942967,36.7318685],[28.2941252,36.7314801],[28.2940637,36.7311991],[28.2941825,36.7308515],[28.2943761,36.7308072],[28.2945872,36.7308513],[28.2946177,36.7310061],[28.294725,36.7310835],[28.2948821,36.7311429],[28.2951493,36.7311934],[28.2952034,36.7312624],[28.2957461,36.7311149],[28.2960428,36.7310587],[28.2963893,36.7308304],[28.2966554,36.7307455],[28.2967426,36.7308381],[28.2967806,36.7310072],[28.2969437,36.7311404],[28.2969934,36.7313362],[28.2972332,36.7314403],[28.2973222,36.7317324],[28.2975105,36.7318038],[28.2976848,36.7319706],[28.2978308,36.7319519],[28.2976846,36.7315157],[28.297981,36.7312935],[28.2982486,36.7314278],[28.2983366,36.7315076],[28.2984946,36.731511],[28.2986125,36.7315544],[28.2987239,36.7314947],[28.2993723,36.7313793],[28.2998887,36.7318725],[28.3004368,36.731709],[28.3005199,36.7315195],[28.300694,36.7314173],[28.3008576,36.7315381],[28.3011797,36.7314522],[28.3016668,36.7314768],[28.3019726,36.7312958],[28.3028803,36.7310516],[28.3030975,36.7309099],[28.3033645,36.7306859],[28.3034857,36.7304075],[28.3031638,36.7301404],[28.3028526,36.7300183],[28.3027613,36.72992],[28.3024685,36.7299177],[28.3022622,36.7297768],[28.3021644,36.7298465],[28.3016427,36.7297412],[28.3014749,36.7294923],[28.3013119,36.7295865],[28.3012162,36.7295636],[28.3009979,36.7294335],[28.3009311,36.7293288],[28.3009995,36.7292934],[28.3009464,36.7291691],[28.3007004,36.7290786],[28.3005629,36.7288123],[28.3006511,36.7287734],[28.3005497,36.7286139],[28.3004521,36.72859],[28.3002984,36.7284247],[28.3002595,36.7283411],[28.3001509,36.7283088],[28.3000146,36.728338],[28.3000656,36.7282097],[28.3001656,36.7281899],[28.3000347,36.7281061],[28.2999765,36.7281607],[28.2998802,36.7281583],[28.2998775,36.7280461],[28.2996461,36.7277881],[28.2994656,36.7277318],[28.2993247,36.7277761],[28.2991984,36.7276673],[28.2987843,36.7274784],[28.29881,36.7274066],[28.2984683,36.7272799],[28.2982151,36.7272844],[28.2980148,36.7271746],[28.2979568,36.7272303],[28.2977149,36.7272728],[28.2976274,36.7272217],[28.2974864,36.727269],[28.2974721,36.7271752],[28.2973702,36.7271832],[28.297168,36.7270366],[28.2970392,36.7271527],[28.2969161,36.7270669],[28.2970117,36.7269575],[28.2966667,36.7267973],[28.2964647,36.7265634],[28.2957684,36.7263478],[28.2956426,36.7262136],[28.2954498,36.7262162],[28.2953017,36.7259585],[28.2948369,36.7256433],[28.2945864,36.7255616],[28.2943077,36.7254057],[28.2941872,36.7251811],[28.2938825,36.7251441],[28.2936591,36.7252004],[28.2934773,36.725172],[28.2933198,36.7252125],[28.2932562,36.7252877],[28.2931229,36.7253436],[28.2930602,36.7252684],[28.2928807,36.7252522],[28.2927949,36.7251909],[28.2926766,36.7252123],[28.2926973,36.7252679],[28.2925294,36.7252774],[28.2923204,36.7251809],[28.2922413,36.7252131],[28.2922496,36.7252935],[28.2920015,36.7251647],[28.2921584,36.7251499],[28.2922721,36.7250538],[28.2919916,36.7246625],[28.2918022,36.7246234],[28.2915447,36.7242085],[28.2917293,36.7235446],[28.291541,36.7233073],[28.2913296,36.7228377],[28.2914141,36.7224356],[28.291255,36.7221003],[28.2913586,36.722004],[28.2908559,36.7212249],[28.2908409,36.7208469],[28.2907116,36.7205098],[28.290357,36.7202191],[28.2900733,36.7201607],[28.2897476,36.7202088],[28.2896168,36.7203154],[28.289215,36.7203318],[28.2890621,36.7203933],[28.2887863,36.7202905],[28.2877414,36.7202858],[28.2876673,36.7204475],[28.2874688,36.7204277],[28.287294,36.7205218],[28.2871877,36.7204118],[28.2870703,36.7205214],[28.2867146,36.7205425],[28.2863423,36.7204169],[28.2861755,36.7205218],[28.2858472,36.720524],[28.2859078,36.7207678],[28.2851337,36.7206715],[28.2843773,36.721184],[28.2842749,36.7210907],[28.2838119,36.7211741],[28.2836569,36.7214764],[28.2831601,36.7215431],[28.282851,36.722107],[28.282567,36.7225155],[28.2823681,36.7227151],[28.2823052,36.7229168],[28.2822927,36.7231517],[28.2823312,36.7231865],[28.2823214,36.7232486],[28.2822865,36.7232701],[28.2822804,36.7233842],[28.2823261,36.7234768],[28.282433,36.723552],[28.2823574,36.7237775],[28.2824155,36.7238311],[28.2821981,36.7239768],[28.2822403,36.7240332],[28.2816927,36.7243434],[28.2816929,36.7244394],[28.2818295,36.7245019],[28.2818964,36.7247723],[28.2821906,36.7251044],[28.282534,36.7254094],[28.2826893,36.7254794],[28.2828238,36.7254834],[28.282931,36.7256142],[28.2828406,36.7256642],[28.282758,36.7262339],[28.2828366,36.7263347],[28.2829995,36.7263814],[28.2830071,36.7264679],[28.282856,36.7265476],[28.2828093,36.7267626],[28.2828681,36.7270862],[28.2828175,36.7276005],[28.2828555,36.7277434],[28.2827731,36.7278077],[28.2827703,36.7278717],[28.2828252,36.7278941],[28.2827484,36.7279714],[28.2827034,36.7281738],[28.2827271,36.7282218],[28.2827042,36.7283161],[28.2826567,36.7283195],[28.2825867,36.7284513],[28.2825824,36.7286903],[28.2825009,36.7287001],[28.2824784,36.7288334],[28.2823613,36.728832],[28.2821952,36.7289743],[28.2820363,36.7289834],[28.2819269,36.7290671],[28.281918,36.7291354],[28.2819911,36.7292038],[28.281943,36.729302],[28.2818563,36.7293631],[28.281846,36.7295139],[28.2819748,36.7296221],[28.2821282,36.729643],[28.2822564,36.7295912],[28.2824759,36.7296984],[28.282543,36.7298033],[28.2825504,36.7299109],[28.2824776,36.7299774],[28.2824793,36.7302452],[28.2825575,36.7302814],[28.2824303,36.7304121],[28.2824383,36.7305003],[28.2825843,36.7305934],[28.2825341,36.730673],[28.2826312,36.7307234],[28.282575,36.7307651],[28.2825285,36.7309173],[28.282389,36.7309029],[28.2823779,36.7309855],[28.2824383,36.7310184],[28.2824442,36.7310805],[28.282362,36.731104],[28.2823264,36.7312316],[28.2822068,36.7312507],[28.2822532,36.731333],[28.2822017,36.731332],[28.2821411,36.731375],[28.282276,36.7314185],[28.2821142,36.7314965],[28.2820245,36.7315829],[28.2820597,36.7316186],[28.2819343,36.7317442],[28.2820012,36.7317997],[28.2820921,36.7317718],[28.2821657,36.7318807],[28.2820146,36.7320056],[28.2819571,36.732009],[28.2818711,36.7320735],[28.2818483,36.7321461],[28.2817693,36.7322071],[28.2817202,36.7322014],[28.2815337,36.7323424],[28.2815015,36.7326176],[28.2815939,36.732778],[28.2816939,36.7328306],[28.2816777,36.7328743],[28.2815935,36.7328509],[28.2815671,36.7328778],[28.281573,36.7330141],[28.2815219,36.7331302],[28.281445,36.7331201],[28.2813446,36.7334172],[28.2812811,36.7333831],[28.2812554,36.7334057],[28.2813408,36.733566],[28.2813021,36.7337747],[28.2811945,36.7337642],[28.281148,36.7336896],[28.2811214,36.7337192],[28.2811338,36.7338042],[28.2810587,36.7337806],[28.2810348,36.7338886],[28.281019,36.7337965],[28.2809525,36.7337785],[28.280949,36.7338333],[28.280876,36.7337888],[28.2808895,36.7337499],[28.2807894,36.7336507],[28.2807211,36.7336534],[28.2806546,36.7335421],[28.280565,36.7336056],[28.2805875,36.7339419],[28.2805388,36.7340262],[28.2805928,36.7343516],[28.2803736,36.7345946],[28.2802828,36.7346271],[28.2801749,36.7346272],[28.279975,36.7347442],[28.279811,36.734788],[28.2796791,36.7349012],[28.2795427,36.7349117],[28.2795853,36.7350009],[28.2794888,36.7350599],[28.2793564,36.7350477],[28.2792075,36.7349834],[28.2791775,36.7348485],[28.2790199,36.7347867],[28.2788731,36.7348604],[28.2788405,36.7349359],[28.2787756,36.7349478],[28.278779,36.7350457],[28.2789183,36.7352058],[28.2786999,36.7353366],[28.2785639,36.7356387],[28.278477,36.7357186],[28.2783404,36.7357601],[28.278197,36.7357703],[28.2779494,36.7356507],[28.2778014,36.7356071],[28.277719,36.7356431],[28.2775714,36.7356046],[28.2773734,36.7356025],[28.2772012,36.7357463],[28.2771929,36.7358093],[28.2772932,36.7359224],[28.2771874,36.7359366],[28.277133,36.7360384],[28.2769809,36.7360219],[28.2769884,36.7360724],[28.2769067,36.7360387],[28.2767579,36.7360738],[28.2766885,36.7360189],[28.2766606,36.7360277],[28.2766546,36.7360964],[28.2767984,36.7361714],[28.2767829,36.7362089],[28.2768264,36.7362468],[28.2768843,36.7362384],[28.2769214,36.736269],[28.276877,36.736392],[28.2769345,36.7364518],[28.2768819,36.7364957],[28.2768012,36.7365007],[28.2767101,36.7365464],[28.2766335,36.7366038],[28.276636,36.7366665],[28.2764128,36.7366119],[28.2763869,36.7366485],[28.2762495,36.7366312],[28.2761493,36.7365413],[28.2761705,36.7364941],[28.2761412,36.7364151],[28.2760942,36.7364069],[28.276065,36.73631],[28.2759655,36.7362804],[28.2759676,36.7362196],[28.2758532,36.7361134],[28.2757087,36.7360522],[28.2756264,36.7359695],[28.2756366,36.7358701],[28.2755301,36.7358126],[28.2755477,36.7357617],[28.275532,36.7357431],[28.2755739,36.7356856],[28.2755485,36.7356427],[28.2754679,36.7356559],[28.2753229,36.735572],[28.2753045,36.7354889],[28.2751778,36.7354792],[28.2750136,36.7353635],[28.2748711,36.7353777],[28.274653,36.7352924],[28.274199,36.7352196],[28.274103,36.7352379],[28.2740563,36.7353122],[28.2738871,36.7353902],[28.2738133,36.7353625],[28.2737374,36.7353667],[28.2736776,36.735285],[28.2737566,36.7352393],[28.2736883,36.7351699],[28.2735449,36.7351773],[28.2735018,36.7350417],[28.2734553,36.7350088],[28.273395,36.7347323],[28.2733539,36.7347398],[28.2733283,36.7346799],[28.2733749,36.7346402],[28.2732516,36.7345537],[28.273138,36.7345328],[28.2730422,36.7346705],[28.2729923,36.7346645],[28.2729975,36.7345593],[28.2729037,36.7344955],[28.272798,36.7345001],[28.2728421,36.7344397],[28.2728228,36.7344184],[28.2728834,36.7343372],[28.2729216,36.7343308],[28.272966,36.7341864],[28.2729733,36.7340399],[28.2729509,36.7340052],[28.2729896,36.7339591],[28.2729149,36.7338742],[28.2729737,36.7338319],[28.2729123,36.7337378],[28.2728274,36.7337314],[28.2727619,36.7336839],[28.2726348,36.7336783],[28.2726176,36.733618],[28.2725016,36.733585],[28.2724773,36.7335154],[28.2723254,36.7333203],[28.2722359,36.7333083],[28.272184,36.733269],[28.2718457,36.7332736],[28.2717657,36.7333133],[28.2716473,36.7334253],[28.2716399,36.7334688],[28.2717467,36.7335605],[28.2715823,36.733715],[28.2714388,36.7336974],[28.271359,36.7337447],[28.2713394,36.7338862],[28.271359,36.7339261],[28.2713288,36.733937],[28.2712229,36.7338951],[28.2711054,36.7339402],[28.2710866,36.7339956],[28.2709847,36.7340107],[28.270893,36.7339375],[28.270809,36.7339226],[28.2707512,36.7338625],[28.2707607,36.733778],[28.2706613,36.7336615],[28.2705115,36.7336466],[28.2704362,36.7336828],[28.270367,36.7336812],[28.2703287,36.7337115],[28.2703262,36.7337841],[28.2701722,36.7338236],[28.2701081,36.733717],[28.2700255,36.7336533],[28.2698229,36.7335641],[28.2698175,36.733465],[28.2697132,36.7333049],[28.2697316,36.7332374],[28.269687,36.73315],[28.2697951,36.7331087],[28.2698108,36.7330518],[28.2698729,36.7330185],[28.2698926,36.7329692],[28.269549,36.7327073],[28.2693666,36.7324937],[28.2694181,36.7324683],[28.2693795,36.7323982],[28.2693098,36.7324129],[28.2692046,36.732397],[28.2691698,36.7323457],[28.2693425,36.7322175],[28.2693307,36.7321493],[28.2693948,36.7320948],[28.2694526,36.7321264],[28.2694612,36.7319891],[28.2696333,36.7319097],[28.2696181,36.7318659],[28.2695797,36.7318585],[28.2695254,36.7317985],[28.2694881,36.731707],[28.2693872,36.7316828],[28.2692242,36.7316888],[28.2691538,36.7315881],[28.2689352,36.7314187],[28.2686375,36.7312904],[28.2684154,36.7312745],[28.2682701,36.7310638],[28.2682044,36.7310403],[28.2681993,36.7309561],[28.2678005,36.7308792],[28.2678519,36.730837],[28.2677756,36.7307869],[28.2677097,36.7308294],[28.2675997,36.7308554],[28.2675748,36.7307876],[28.2674662,36.7307939],[28.2673818,36.7306835],[28.2672878,36.7306526],[28.2672044,36.7305701],[28.2670869,36.7306245],[28.267041,36.7305876],[28.2670115,36.7305927],[28.2668957,36.730479],[28.2667378,36.7305522],[28.2666068,36.7305644],[28.2664575,36.7305301],[28.2664178,36.7304346],[28.2662785,36.7303088],[28.2659777,36.7302528],[28.2654521,36.7304603],[28.2652867,36.7306789],[28.265254,36.7308085],[28.2649858,36.7309668],[28.2650068,36.7310769],[28.2649233,36.7311399],[28.2647434,36.7311667],[28.2646194,36.7312468],[28.2644111,36.7310041],[28.2643296,36.7309981],[28.2642892,36.731049],[28.2640386,36.731016],[28.2638611,36.7308344],[28.2637998,36.7308138],[28.2638064,36.7307124],[28.2637473,36.7306661],[28.2636413,36.7306571],[28.2636439,36.7305157],[28.2635822,36.7304591],[28.2634187,36.7304669],[28.2633254,36.7306668],[28.2635586,36.7309861],[28.2638228,36.7311635],[28.2637655,36.7312045],[28.2637593,36.731264],[28.2640387,36.7314386],[28.2642163,36.7316009],[28.2645226,36.7317451],[28.264648,36.7318944],[28.264578,36.7320335],[28.2645896,36.7321399],[28.2644504,36.7323041],[28.264442,36.7324155],[28.264483,36.7325755],[28.2642985,36.7328874],[28.264148,36.7329109],[28.2641288,36.7330178],[28.2640309,36.7330526],[28.2639817,36.7331336],[28.2639786,36.7332088],[28.263758,36.7333141],[28.2636314,36.7333185],[28.2634774,36.7334057],[28.2634173,36.733367],[28.2633503,36.7333684],[28.2633362,36.7334252],[28.2632483,36.7334525],[28.2631581,36.7334099],[28.2631723,36.7333512],[28.2631066,36.733342],[28.2630282,36.7332824],[28.2629723,36.7332863],[28.2629627,36.7333736],[28.2629147,36.7333918],[28.2628857,36.733436],[28.2628423,36.7334395],[28.2627467,36.7333865],[28.2626912,36.733388],[28.2626563,36.7334346],[28.262603,36.7333936],[28.2625542,36.7334188],[28.2624915,36.7333736],[28.2624008,36.7334066],[28.2623417,36.7333514],[28.2621943,36.7333407],[28.2621974,36.7332906],[28.2621157,36.7332747],[28.2619636,36.7333075],[28.2619283,36.7332508],[28.2618907,36.7332442],[28.2619022,36.7332151],[28.2615189,36.7330775],[28.2614626,36.7331148],[28.2614116,36.7330678],[28.2611897,36.7330906],[28.2608423,36.7329606],[28.2609536,36.732848],[28.2608485,36.7327368],[28.2605949,36.7327073],[28.2605765,36.7326455],[28.2605196,36.7326543],[28.2604789,36.7327137],[28.2603175,36.7326571],[28.2602031,36.7326739],[28.2601641,36.7325454],[28.260093,36.7325425],[28.2600677,36.7325166],[28.2600343,36.7325248],[28.2600524,36.7325712],[28.2599833,36.7326504],[28.25977,36.7325611],[28.2597222,36.732496],[28.2596627,36.7324842],[28.2595882,36.7325408],[28.2594218,36.7325283],[28.2593097,36.7323901],[28.2594644,36.7322942],[28.2594069,36.732248],[28.2594203,36.7322198],[28.2592732,36.73206],[28.259216,36.731963],[28.2591366,36.7319123],[28.2587627,36.731885],[28.2586048,36.73174],[28.258523,36.7317026],[28.258436,36.7317015],[28.2581973,36.7317919],[28.2581712,36.7318737],[28.2580556,36.7319041],[28.2579244,36.7318052],[28.2578574,36.7317999],[28.2578425,36.7317073],[28.2577991,36.7316551],[28.2578475,36.7315612],[28.2577952,36.7315191],[28.2578546,36.7314812],[28.2578036,36.7314381],[28.2576041,36.7314288],[28.2575046,36.7314649],[28.2571283,36.7314911],[28.2570385,36.7317072],[28.2568501,36.7317803],[28.2567857,36.7317621],[28.2567356,36.731782],[28.2566752,36.7317728],[28.2567033,36.7317069],[28.2566287,36.7317141],[28.2565993,36.7316557],[28.2565122,36.7316956],[28.2565348,36.7317312],[28.2563253,36.7317901],[28.256272,36.7318443],[28.2562091,36.7318517],[28.2560819,36.7317537],[28.2558109,36.7316595],[28.2557609,36.7315797],[28.2558156,36.7315013],[28.2557495,36.7313785],[28.2558353,36.7313242],[28.25575,36.7311112],[28.2555804,36.7311241],[28.2554103,36.731196],[28.25526,36.7311908],[28.2552293,36.7312188],[28.2551083,36.7312048],[28.2550662,36.7311361],[28.255104,36.7311082],[28.2550855,36.7309986],[28.2549771,36.7309217],[28.2549773,36.7308603],[28.2548838,36.730856],[28.2548111,36.7308982],[28.2547824,36.7308846],[28.2545655,36.7309489],[28.2545484,36.7311781],[28.2544033,36.7311209],[28.2543042,36.7311995],[28.2542814,36.7311533],[28.2541943,36.7311398],[28.254151,36.7310873],[28.2540558,36.7310444],[28.2540007,36.7308972],[28.2539201,36.7308594],[28.2538969,36.7308066],[28.2537181,36.7307352],[28.2536246,36.7307613],[28.2535459,36.7306763],[28.2534971,36.730681],[28.2534735,36.7307127],[28.2533968,36.7305937],[28.2533266,36.7305823],[28.2532121,36.7303563],[28.2529574,36.7300766],[28.2528043,36.7300035],[28.2527758,36.7299279],[28.2526255,36.7299387],[28.2524689,36.72988],[28.2522199,36.7299659],[28.2521183,36.729948],[28.2520121,36.7299696],[28.2520113,36.7299328],[28.2518628,36.7299296],[28.2516737,36.7299836],[28.2515781,36.7300569],[28.2514449,36.7300382],[28.2514517,36.7299706],[28.251267,36.7299846],[28.2511259,36.7300234],[28.2510289,36.7299485],[28.2509254,36.7299798],[28.2509278,36.729922],[28.250877,36.7298326],[28.2508188,36.7298521],[28.250809,36.7295781],[28.2508613,36.7293774],[28.250804,36.7290108],[28.2508544,36.7288166],[28.2509869,36.7287689],[28.251043,36.7287215],[28.2511104,36.7287794],[28.2512547,36.7287846],[28.2515478,36.7286935],[28.251759,36.7285717],[28.2518912,36.7285952],[28.2520158,36.7284937],[28.2520704,36.7285002],[28.2524037,36.7284098],[28.2523921,36.7282779],[28.2524908,36.7282206],[28.2525069,36.7280967],[28.2525624,36.7280651],[28.2525503,36.727999],[28.2522556,36.7279915],[28.2521782,36.7279663],[28.2521381,36.7279924],[28.2520685,36.7279782],[28.2520494,36.7279385],[28.2518109,36.7279303],[28.2516972,36.7278251],[28.251612,36.7277859],[28.251606,36.7277196],[28.2515231,36.7276955],[28.2514566,36.7275891],[28.2515141,36.7275677],[28.2514929,36.727488],[28.2514184,36.7274712],[28.2513603,36.7274161],[28.251387,36.7274096],[28.2513843,36.7273575],[28.2513492,36.7273149],[28.2513674,36.72725],[28.2511705,36.7271532],[28.2510913,36.7270667],[28.2510714,36.7269879],[28.251166,36.7268744],[28.2511982,36.7267993],[28.2512779,36.7267469],[28.2512715,36.7266584],[28.2512124,36.7265017],[28.2512534,36.7264597],[28.2511955,36.7263353],[28.2509912,36.7261937],[28.2509667,36.7261215],[28.2510871,36.7261302],[28.2510863,36.7260513],[28.2508279,36.7260246],[28.2507846,36.7259741],[28.2507921,36.7258864],[28.2509215,36.7258744],[28.2508417,36.725782],[28.2507087,36.7257201],[28.2507626,36.725578],[28.2509262,36.7255404],[28.250946,36.7255151],[28.2507646,36.7254426],[28.2506621,36.7254778],[28.2505725,36.7256191],[28.2504358,36.7254662],[28.2503386,36.7254191],[28.2503596,36.7253739],[28.2502976,36.7252976],[28.250331,36.7252211],[28.2502975,36.7251108],[28.250563,36.7248964],[28.2504902,36.724806],[28.2505141,36.7247807],[28.250697,36.7248252],[28.2508487,36.7248323],[28.2510241,36.7247415],[28.2510245,36.7245799],[28.251089,36.7245212],[28.2508074,36.7242764],[28.2505964,36.7241974],[28.2505733,36.7242231],[28.2504667,36.7242002],[28.2503672,36.7241457],[28.2502517,36.7241173],[28.2501772,36.7241438],[28.2501132,36.7241187],[28.2500326,36.7240189],[28.2498943,36.7239336],[28.2496684,36.7239018],[28.249514,36.7239365],[28.249449,36.7240227],[28.2492518,36.7239692],[28.2490936,36.724032],[28.2490324,36.7240868],[28.2489789,36.7240906],[28.2490525,36.7239686],[28.2491559,36.7239022],[28.2491581,36.7238447],[28.2492259,36.7237639],[28.2488547,36.7235321],[28.2484344,36.723493],[28.2481555,36.7234062],[28.248039,36.7234545],[28.2479045,36.7234562],[28.2476453,36.7233892],[28.2476413,36.7232716],[28.2475074,36.7231634],[28.2474217,36.7231403],[28.247289,36.7231512],[28.2471565,36.7230975],[28.2470759,36.7230914],[28.2470069,36.7230112],[28.2472414,36.7230147],[28.24726,36.7229756],[28.247238,36.7229387],[28.2473032,36.7228536],[28.2472035,36.7227999],[28.2473515,36.7227783],[28.2473949,36.7227108],[28.2467611,36.7225486],[28.2468109,36.7223828],[28.2470155,36.7225122],[28.2470631,36.7224802],[28.2468392,36.7223058],[28.2468767,36.7222249],[28.2470528,36.7220964],[28.2471837,36.7221374],[28.2472406,36.7221294],[28.2472037,36.7220385],[28.2472744,36.722017],[28.2473012,36.7220504],[28.2474511,36.7220483],[28.2475262,36.7221046],[28.2475387,36.7219861],[28.2475894,36.7219876],[28.2476871,36.7221129],[28.2477726,36.7221127],[28.247775,36.7220695],[28.2478258,36.7220631],[28.2482031,36.7220565],[28.2483223,36.7219831],[28.2482861,36.7218743],[28.2483877,36.7218186],[28.2483388,36.7216704],[28.2482763,36.7216026],[28.2483175,36.7215644],[28.2482583,36.7214772],[28.2482475,36.7213865],[28.248169,36.7213706],[28.248035,36.7212335],[28.2479033,36.7212268],[28.2477144,36.7211563],[28.2476096,36.721085],[28.2475359,36.7209815],[28.247527,36.7209123],[28.2473186,36.7208566],[28.247471,36.7208095],[28.2475141,36.7208334],[28.2475957,36.7207843],[28.2475821,36.7207405],[28.247874,36.7206666],[28.247876,36.7205832],[28.2477865,36.7205367],[28.2476387,36.7205806],[28.2475706,36.7205624],[28.2475163,36.7205835],[28.2474829,36.720515],[28.2474172,36.7204598],[28.2473379,36.7204841],[28.2473659,36.7203975],[28.2473313,36.7203255],[28.2473651,36.7203123],[28.24737,36.7201817],[28.2470671,36.7199209],[28.2470286,36.7199397],[28.2469651,36.7198965],[28.2470316,36.7198749],[28.2471095,36.7197582],[28.2472808,36.719685],[28.247392,36.7196752],[28.2476261,36.7197968],[28.2477122,36.7197754],[28.2478123,36.7198079],[28.2482418,36.7197218],[28.2482744,36.7196731],[28.2482135,36.7196446],[28.2482835,36.7196119],[28.2482965,36.719539],[28.2483669,36.7195502],[28.2484602,36.7195278],[28.2485135,36.7194376],[28.2486482,36.7194534],[28.2486648,36.7193803],[28.2487459,36.7193474],[28.2487461,36.7192623],[28.2488145,36.7192432],[28.2488331,36.7191232],[28.2487109,36.7190801],[28.2488497,36.7190537],[28.2489719,36.7189967],[28.2488913,36.7189055],[28.2487032,36.7188423],[28.2486557,36.7188935],[28.2485892,36.7188412],[28.248475,36.7188505],[28.2483483,36.7187721],[28.2482184,36.718762],[28.2481148,36.7188426],[28.2479906,36.7188613],[28.2477301,36.7188315],[28.2477243,36.7187742],[28.2476206,36.7187341],[28.2475878,36.7187443],[28.2475147,36.7186938],[28.247453,36.7186822],[28.2475104,36.7185846],[28.2473501,36.7185084],[28.2472573,36.7184915],[28.2472202,36.7184138],[28.2471689,36.7183917],[28.2471895,36.71835],[28.2473352,36.718319],[28.2475892,36.7180173],[28.2474755,36.7179009],[28.2473862,36.7179083],[28.2473987,36.7178497],[28.247354,36.717837],[28.2473517,36.7177926],[28.2473875,36.7177586],[28.2473413,36.7176662],[28.2472327,36.717689],[28.2471951,36.7176011],[28.2472671,36.7175864],[28.2472565,36.7175412],[28.2474063,36.7174519],[28.2473795,36.7173921],[28.2471941,36.7173697],[28.2471821,36.7173251],[28.2471101,36.7172868],[28.2470834,36.7173197],[28.2469613,36.7173305],[28.2469388,36.7172935],[28.2469608,36.7172405],[28.246896,36.7172145],[28.2469499,36.7171589],[28.246933,36.7171248],[28.2468846,36.7171172],[28.2468461,36.7170221],[28.2469539,36.716993],[28.2469281,36.7169298],[28.2468614,36.7169358],[28.246817,36.7168423],[28.2468789,36.7167264],[28.2468347,36.7166108],[28.2467165,36.7165927],[28.2467755,36.7164843],[28.2467832,36.7163799],[28.2469873,36.7163346],[28.2471899,36.7163745],[28.24738,36.7163361],[28.2475831,36.7162056],[28.2475863,36.7160419],[28.2474967,36.7160467],[28.2474146,36.7161039],[28.2471958,36.7159459],[28.2469527,36.7158796],[28.2467271,36.7158551],[28.2465209,36.7159215],[28.2462792,36.7158611],[28.2460781,36.7159291],[28.2459713,36.7160598],[28.2458117,36.7160512],[28.2455677,36.7161445],[28.2452777,36.7163683],[28.2452335,36.7165822],[28.245035,36.7168912],[28.2448861,36.7168938],[28.2448831,36.7168248],[28.2447794,36.7167794],[28.2446101,36.7168424],[28.2446654,36.7169217],[28.2442282,36.7170596],[28.2441608,36.71714],[28.2440179,36.7171135],[28.2440254,36.7170714],[28.2439476,36.717057],[28.2437065,36.7170979],[28.2436402,36.7170275],[28.2434444,36.7171221],[28.2432746,36.7173296],[28.2431674,36.7173932],[28.2429072,36.7177458],[28.2429072,36.7181414],[28.2426572,36.7182266],[28.2422857,36.7182545],[28.2409003,36.7181988],[28.2401681,36.7181361],[28.2395673,36.7179582],[28.2389408,36.7177397],[28.2383718,36.7173901],[28.2378612,36.716988],[28.2374691,36.7165602],[28.2373948,36.7164046],[28.2371318,36.7155669],[28.2370855,36.7151689],[28.2371257,36.7150345],[28.2372652,36.7150377],[28.2372634,36.7149225],[28.2372022,36.7149206],[28.2373041,36.7148077],[28.2372363,36.7148208],[28.2374534,36.7145939],[28.23741,36.7146551],[28.2376058,36.7146445],[28.2376092,36.7145776],[28.2374869,36.7145731],[28.2375489,36.7144851],[28.2376916,36.7145242],[28.2377918,36.7145123],[28.2377829,36.7144591],[28.237691,36.7144168],[28.2376964,36.7143587],[28.2379397,36.7145012],[28.2384539,36.7144429],[28.238757,36.7142639],[28.239005,36.714351],[28.2391698,36.7143515],[28.2392497,36.7142169],[28.239409,36.7141285],[28.2394662,36.7140443],[28.2396451,36.7139961],[28.2397035,36.7139578],[28.2398012,36.7136219],[28.2398304,36.7135573],[28.2399031,36.7134929],[28.2399219,36.7133144],[28.2398629,36.7131575],[28.239824,36.7128019],[28.2396778,36.7127059],[28.2395571,36.7125188],[28.2390529,36.7121275],[28.2389939,36.7119899],[28.2389026,36.7119014],[28.2386774,36.7117577],[28.2386881,36.7116459],[28.2385856,36.711558],[28.2386398,36.7114588],[28.2385781,36.7113491],[28.2385759,36.7112219],[28.238496,36.711142],[28.2383448,36.7112029],[28.238216,36.7110761],[28.238236,36.7109801],[28.238341,36.7109828],[28.2383845,36.7108606],[28.2384539,36.7107644],[28.2384145,36.7106589],[28.2383099,36.7106095],[28.2381103,36.7106072],[28.2379786,36.71069],[28.237874,36.71071],[28.237833,36.7108014],[28.2377332,36.7109126],[28.237626,36.7109126],[28.2373416,36.7108094],[28.2373095,36.710904],[28.2371469,36.7109155],[28.2369792,36.7107682],[28.2369478,36.7105924],[28.2367966,36.7105534],[28.2367925,36.7104171],[28.236924,36.7103797],[28.2368628,36.710313],[28.2367494,36.710258],[28.2363412,36.7101579],[28.2363573,36.7100547],[28.2364355,36.7100335],[28.236461,36.7099565],[28.2363921,36.7098948],[28.2362569,36.7099518],[28.236073,36.7099859],[28.2358586,36.7098761],[28.2360777,36.7097449],[28.2359973,36.709706],[28.2358615,36.7097372],[28.235647,36.7096632],[28.2355847,36.7097258],[28.2354205,36.7097089],[28.2353702,36.7096483],[28.2352951,36.7096999],[28.235096,36.7096998],[28.2349955,36.7096213],[28.2348812,36.7096488],[28.2347932,36.7096017],[28.2347887,36.7094955],[28.2345685,36.7092087],[28.2344199,36.7091328],[28.2342898,36.7092164],[28.2342334,36.7090958],[28.2336938,36.7088871],[28.2336214,36.7087442],[28.2333961,36.7085904],[28.2331192,36.7085067],[28.2330045,36.7085431],[28.233082,36.7086474],[28.2327692,36.7084316],[28.232542,36.7084131],[28.2324707,36.7083388],[28.2325566,36.708242],[28.2327432,36.7082155],[28.2328299,36.7080864],[28.2328543,36.7079947],[28.2328371,36.7078843],[28.2327617,36.7077768],[28.2325893,36.7077516],[28.2324117,36.7077711],[28.2320654,36.7076405],[28.2318651,36.7075932],[28.2317331,36.7076012],[28.2316768,36.7074937],[28.2318093,36.7075005],[28.2319029,36.7072639],[28.2321003,36.7071543],[28.2320584,36.7070964],[28.2319565,36.7070717],[28.2318726,36.7071295],[28.2317744,36.707036],[28.23176,36.7069454],[28.2315132,36.7065669],[28.2315025,36.7062745],[28.2312208,36.7058401],[28.2307997,36.7053197],[28.2302794,36.7049004],[28.2299897,36.7047886],[28.2297564,36.7047563],[28.2289812,36.7044294],[28.2288203,36.7043026],[28.2283133,36.7039886],[28.2278474,36.7037769],[28.2275355,36.7035736],[28.2272726,36.7035091],[28.2271036,36.7033972],[28.2269078,36.7032123],[28.2264867,36.7028854],[28.226304,36.702783],[28.2262239,36.7026467],[28.2260844,36.7025543],[28.2258323,36.702264],[28.2255216,36.7020256],[28.2253522,36.7015823],[28.2251242,36.7013285],[28.2250705,36.701079],[28.2246575,36.7008575],[28.2245985,36.7004898],[28.2246826,36.7001972],[28.2250062,36.7000296],[28.2252824,36.7000834],[28.2256311,36.7001694],[28.2259825,36.7004081],[28.2261702,36.7005737],[28.2268167,36.7007285],[28.2281039,36.7011038],[28.2282516,36.7010699],[28.228471,36.701137],[28.2285744,36.7012417],[28.2288232,36.7013146],[28.2293647,36.7014264],[28.2299414,36.7014511],[28.2301506,36.7015952],[28.2305449,36.7015952],[28.2308549,36.7016808],[28.2310797,36.7017744],[28.2312288,36.7017004],[28.231555,36.7018395],[28.2317972,36.7020051],[28.2322414,36.7020998],[28.2324289,36.7020731],[28.2326574,36.7021752],[28.2328626,36.7022079],[28.232976,36.7022681],[28.2331627,36.7022804],[28.233208,36.702217],[28.2332741,36.7022159],[28.2333647,36.702315],[28.2334655,36.7022139],[28.2335237,36.7022554],[28.2337572,36.7022428],[28.2338612,36.7021868],[28.2340093,36.7021882],[28.2341516,36.7020929],[28.2343858,36.7020683],[28.2345307,36.702021],[28.2344851,36.70195],[28.2344663,36.7018425],[28.2345039,36.7017091],[28.2344502,36.701621],[28.2344449,36.7014984],[28.2343349,36.7013285],[28.2344556,36.7012016],[28.2343749,36.701221],[28.2341856,36.7010833],[28.234163,36.700914],[28.2340103,36.7007135],[28.233887,36.7005995],[28.233439,36.7005178],[28.2332727,36.7004575],[28.2331467,36.7004812],[28.2328466,36.7004734],[28.2327282,36.7004984],[28.2323232,36.7001049],[28.232138,36.7001134],[28.2319107,36.7001814],[28.2316825,36.7001057],[28.2315212,36.7002726],[28.2315159,36.7003479],[28.2313657,36.700292],[28.2312147,36.7003345],[28.2307727,36.7003547],[28.2306659,36.7001899],[28.2305208,36.7001522],[28.230502,36.7001156],[28.2305101,36.7000339],[28.2304242,36.7000016],[28.2303468,36.7000872],[28.2300244,36.7002094],[28.2296816,36.6998747],[28.2298747,36.6996752],[28.2299066,36.699578],[28.2296973,36.699436],[28.2295632,36.6992618],[28.2292011,36.6989801],[28.2289815,36.6989625],[28.2286137,36.6991758],[28.2286862,36.6992898],[28.2285862,36.6993922],[28.2285091,36.6995221],[28.2285762,36.6995909],[28.228561,36.699688],[28.2283089,36.6998768],[28.2279607,36.6998128],[28.2276431,36.6996494],[28.2276025,36.6995565],[28.2276374,36.6994683],[28.2274228,36.6993199],[28.2272512,36.6992705],[28.2271332,36.6993393],[28.2269093,36.6992786],[28.2266879,36.6994532],[28.2264511,36.6994971],[28.2262462,36.6993952],[28.2262856,36.6992683],[28.2263902,36.6991629],[28.2263589,36.6990266],[28.2264492,36.6988683],[28.2265431,36.6987995],[28.2266235,36.6986296],[28.2263181,36.6986111],[28.2260817,36.698707],[28.2258484,36.6985371],[28.2255725,36.6985435],[28.22533,36.6986326],[28.2253574,36.6987371],[28.2252637,36.6988812],[28.2253119,36.6990296],[28.2254246,36.6991457],[28.2253897,36.699335],[28.2250893,36.6995672],[28.2243279,36.6993457],[28.2243839,36.6995092],[28.224282,36.699621],[28.2241505,36.6999586],[28.2234344,36.6999672],[28.222945,36.6997186],[28.2228436,36.6995732],[28.2232439,36.6993113],[28.2231408,36.6991956],[28.2233298,36.6988812],[28.2234406,36.6985203],[28.2232448,36.6984425],[28.2229965,36.6985259],[28.2227223,36.6982515],[28.2227048,36.6979909],[28.2226011,36.6979311],[28.2223602,36.6976072],[28.2221564,36.6974381],[28.2220287,36.6971947],[28.2216051,36.6972016],[28.221353,36.6972382],[28.2212055,36.6972102],[28.2209802,36.6971134],[28.220545,36.697201],[28.2205349,36.6970726],[28.2207,36.696942],[28.2208139,36.6967134],[28.2210579,36.6964897],[28.221404,36.696294],[28.2216534,36.6961155],[28.2216427,36.6960962],[28.2217339,36.6958876],[28.221699,36.6957241],[28.2214442,36.6952402],[28.221306,36.694881],[28.2212752,36.6945692],[28.2211572,36.694438],[28.2210714,36.6942617],[28.2210901,36.6942251],[28.2213584,36.6941692],[28.2214844,36.6940595],[28.2218009,36.693881],[28.2217687,36.6936745],[28.221589,36.6934745],[28.2215488,36.6933046],[28.221596,36.69308],[28.221754,36.692949],[28.2225063,36.6929906],[28.222711,36.692939],[28.2229301,36.6930056],[28.2231876,36.6929691],[28.2234022,36.6930121],[28.2236597,36.6929497],[28.2237616,36.6928465],[28.2237992,36.6927605],[28.223826,36.6925798],[28.2244134,36.6923303],[28.225246,36.691886],[28.225387,36.6918356],[28.2255989,36.6916034],[28.2257169,36.6915883],[28.2260415,36.6916292],[28.2264197,36.6914894],[28.2263231,36.6913453],[28.2259932,36.6912915],[28.2259986,36.6912141],[28.2262802,36.6909775],[28.2265162,36.6906893],[28.2265028,36.6905989],[28.2262695,36.6903322],[28.2261863,36.6899537],[28.2262266,36.6897644],[28.2256392,36.6893945],[28.2253468,36.6894375],[28.2251671,36.6893063],[28.225203,36.689189],[28.2249606,36.6889428],[28.2249016,36.6887514],[28.2246843,36.6887471],[28.2240674,36.6888288],[28.2239306,36.6887256],[28.223599,36.688563],[28.2233754,36.6884997],[28.2231367,36.6883879],[28.2228443,36.688332],[28.2227263,36.68839],[28.2225439,36.6884137],[28.2219967,36.6883685],[28.2218707,36.688304],[28.2215434,36.6880244],[28.2214308,36.68799],[28.2212859,36.6880223],[28.2211599,36.688119],[28.2209319,36.6881556],[28.2208273,36.6881233],[28.220403,36.688211],[28.2203338,36.6884589],[28.220256,36.6885578],[28.2202613,36.6886998],[28.2204062,36.6888654],[28.2204598,36.6891385],[28.2204598,36.6893085],[28.220582,36.689493],[28.2207575,36.6896096],[28.2207388,36.6897214],[28.2206529,36.6897494],[28.2204679,36.6896849],[28.220106,36.689626],[28.2198,36.6896074],[28.2195184,36.6897021],[28.2193279,36.6898397],[28.2193279,36.6899386],[28.2194701,36.6899666],[28.2195452,36.690072],[28.219798,36.690272],[28.2194325,36.6903903],[28.2192314,36.6903774],[28.2192957,36.6905559],[28.2192743,36.6906162],[28.2191858,36.6906893],[28.2191053,36.6906871],[28.2188156,36.6905839],[28.218601,36.690571],[28.2184187,36.6906312],[28.2183704,36.6907409],[28.2182765,36.690771],[28.2181638,36.6907387],[28.2178715,36.690756],[28.217504,36.6908958],[28.217256,36.69094],[28.2171956,36.6910915],[28.2170883,36.6911754],[28.2169488,36.6912055],[28.2167932,36.6912119],[28.2167235,36.6911797],[28.2165813,36.6910334],[28.216301,36.691079],[28.2161763,36.6911624],[28.2163721,36.6913431],[28.2163668,36.6914614],[28.2163292,36.691498],[28.2161978,36.6915173],[28.2161146,36.6916098],[28.2161012,36.6917475],[28.2160503,36.6918141],[28.2149747,36.6919776],[28.214398,36.69174],[28.2136363,36.6915001],[28.2134405,36.6913904],[28.213419,36.6912141],[28.2138616,36.6911194],[28.2144517,36.6908699],[28.214508,36.6906807],[28.2142988,36.6906527],[28.2141191,36.6908334],[28.213875,36.6909646],[28.2136846,36.6909839],[28.2132474,36.6908463],[28.2129282,36.6909689],[28.212896,36.6910291],[28.213014,36.6911624],[28.2127887,36.6913152],[28.2126948,36.691427],[28.212499,36.6915152],[28.2123461,36.6914937],[28.2121208,36.6914205],[28.2121342,36.691498],[28.2121155,36.6916399],[28.2120162,36.6915862],[28.2119384,36.6914786],[28.2114744,36.6911646],[28.2114422,36.6910334],[28.211672,36.690869],[28.2117856,36.6908183],[28.211799,36.6905409],[28.2118767,36.6903968],[28.211571,36.6902935],[28.2114342,36.6902914],[28.2113564,36.6902591],[28.2112813,36.6901516],[28.211292,36.6900182],[28.2113591,36.6898634],[28.211174,36.6898182],[28.210938,36.6900655],[28.2108092,36.6900354],[28.2107019,36.6899752],[28.2106563,36.6898892],[28.2107744,36.6898182],[28.210857,36.689721],[28.2105812,36.6895192],[28.2105598,36.6894074],[28.2104096,36.6892913],[28.2100904,36.6892783],[28.209571,36.689092],[28.209452,36.6888331],[28.2091194,36.6887084],[28.2090363,36.6885922],[28.208836,36.6886063],[28.2086313,36.6887041],[28.208293,36.688976],[28.2080063,36.6891127],[28.2078239,36.689345],[28.2077005,36.6893902],[28.2075289,36.6893386],[28.2071024,36.6893278],[28.207025,36.689503],[28.2068557,36.6896655],[28.206692,36.6897322],[28.2065311,36.6897386],[28.2061261,36.6895902],[28.20575,36.689516],[28.2055709,36.689388],[28.2054797,36.6893687],[28.2053563,36.689416],[28.2053858,36.6895493],[28.205367,36.6896526],[28.205013,36.6898397],[28.2049781,36.6900655],[28.2049111,36.6902935],[28.2049432,36.6905323],[28.2048681,36.690586],[28.2047984,36.6905559],[28.2047474,36.6904785],[28.2045597,36.6904505],[28.204447,36.6905516],[28.2042378,36.6905172],[28.2040769,36.6905796],[28.2040876,36.6906635],[28.2041708,36.6907538],[28.2041842,36.6909624],[28.2035646,36.6911689],[28.2034573,36.691242],[28.2031274,36.6911646],[28.2029396,36.691227],[28.2028538,36.691313],[28.2027224,36.6913818],[28.2022905,36.6913195],[28.2021242,36.6913259],[28.2017273,36.6909409],[28.2016119,36.6908678],[28.2014108,36.6908119],[28.2012793,36.6909001],[28.2012311,36.6910442],[28.2011023,36.6910592],[28.2009065,36.690913],[28.2006705,36.690799],[28.2005444,36.6907086],[28.2003835,36.6907194],[28.2003084,36.6908248],[28.200029,36.690858],[28.1998444,36.6908377],[28.1997693,36.6907151],[28.1994635,36.6906075],[28.1992623,36.690472],[28.1991094,36.6901301],[28.1992838,36.6898634],[28.1992677,36.6897967],[28.1991819,36.6896978],[28.1991389,36.6895171],[28.1992355,36.689502],[28.1993374,36.6893988],[28.1992757,36.6891536],[28.1990719,36.6890762],[28.1987607,36.6890611],[28.1981894,36.6884997],[28.197991,36.688061],[28.1980312,36.6878738],[28.1981304,36.6878265],[28.1981465,36.6877706],[28.1981224,36.6877082],[28.1980151,36.6876329],[28.1979614,36.6875211],[28.198058,36.6874652],[28.1981009,36.6872802],[28.1980634,36.6872135],[28.1981009,36.6871748],[28.198216,36.687152],[28.1981733,36.6870221],[28.1980044,36.6869167],[28.1979427,36.6869425],[28.197734,36.686899],[28.1975886,36.6866134],[28.1972238,36.6864779],[28.197189,36.6864263],[28.1972024,36.6863489],[28.197086,36.686263],[28.1968778,36.6862542],[28.1967357,36.6861144],[28.1964943,36.6860133],[28.1962422,36.6860198],[28.1961885,36.6860886],[28.1959364,36.6859552],[28.1957728,36.6858154],[28.1957191,36.68588],[28.1956896,36.6860004],[28.1957298,36.6861187],[28.1957191,36.6862134],[28.1952444,36.6862865],[28.1951934,36.6863532],[28.1952631,36.6865295],[28.1952202,36.6865919],[28.1949681,36.6864607],[28.1947857,36.6865016],[28.1947535,36.6864887],[28.1946248,36.6863596],[28.1944558,36.6862585],[28.1941232,36.6864026],[28.194209,36.6866091],[28.194142,36.6867231],[28.1940213,36.6867726],[28.1937343,36.6867511],[28.193635,36.6867876],[28.1935224,36.6866844],[28.193265,36.686688],[28.1930423,36.6868092],[28.192952,36.687076],[28.1929001,36.6873297],[28.192825,36.6873297],[28.1927365,36.6872694],[28.1926641,36.6872049],[28.1925702,36.6870113],[28.1923503,36.6868823],[28.1922027,36.6869511],[28.1921223,36.6870415],[28.1920633,36.6872243],[28.1920311,36.6872092],[28.1918567,36.6872264],[28.1918353,36.6873727],[28.1917387,36.6874802],[28.1917012,36.6876502],[28.191736,36.6877362],[28.1920123,36.6880524],[28.1921008,36.6883126],[28.1920418,36.6883427],[28.191551,36.6877684],[28.1915376,36.6876523],[28.1915858,36.6873297],[28.1914061,36.6869877],[28.191044,36.6868801],[28.190757,36.6865467],[28.1902742,36.6861445],[28.1902367,36.6860628],[28.190223,36.685947],[28.190116,36.6859316],[28.1899685,36.685667],[28.1897914,36.6855939],[28.1897083,36.6854455],[28.189373,36.6851078],[28.1892094,36.6847507],[28.1890163,36.684527],[28.1888634,36.6843937],[28.1887159,36.6843592],[28.1885818,36.6844797],[28.188504,36.6844883],[28.1884396,36.6844216],[28.1884128,36.6841979],[28.188121,36.684041],[28.187798,36.683787],[28.1876457,36.6837182],[28.1874579,36.6837441],[28.1871334,36.6838495],[28.18701,36.6837914],[28.1868625,36.6836752],[28.1866023,36.6836838],[28.1862429,36.6838279],[28.18609,36.6838344],[28.1859666,36.6837355],[28.185744,36.683757],[28.1854221,36.683929],[28.1853846,36.6840452],[28.1852424,36.6841205],[28.1850359,36.684142],[28.1847489,36.6840603],[28.1843224,36.6841162],[28.1840622,36.6842302],[28.1837645,36.6840624],[28.1836492,36.6840366],[28.1835231,36.6840473],[28.1833434,36.6840043],[28.1831154,36.6838473],[28.1829947,36.6838021],[28.1829062,36.6838559],[28.182815,36.6840882],[28.1827372,36.6841398],[28.1826568,36.6840323],[28.1825414,36.6837656],[28.1822652,36.6834236],[28.1820318,36.6833504],[28.181728,36.683206],[28.1816187,36.6830514],[28.181724,36.682949],[28.1822276,36.6828794],[28.1823322,36.6826793],[28.182513,36.682427],[28.1824744,36.682262],[28.1824851,36.6821953],[28.1826675,36.6818619],[28.1825468,36.6816898],[28.1822786,36.6816232],[28.1820291,36.6814769],[28.1816912,36.6814425],[28.1813747,36.6813242],[28.1811601,36.6812381],[28.1810421,36.681122],[28.1807122,36.6809327],[28.1802305,36.6807566],[28.179945,36.6807563],[28.1794535,36.6805092],[28.1792209,36.6805175],[28.1789634,36.6804723],[28.1786241,36.6804722],[28.1784577,36.6805325],[28.1778932,36.680197],[28.1777674,36.6800775],[28.1774265,36.6798636],[28.1771844,36.6796487],[28.1768256,36.6795194],[28.1763697,36.6794678],[28.1762007,36.6793637],[28.1760398,36.6794054],[28.1759459,36.6794592],[28.1757859,36.6793376],[28.1750857,36.6793868],[28.1747456,36.6795035],[28.1744567,36.6797717],[28.1739584,36.6797066],[28.1734361,36.6797431],[28.1730573,36.6798394],[28.17275,36.680083],[28.1717777,36.6806702],[28.171826,36.6807369],[28.1719387,36.6808187],[28.1719011,36.6809456],[28.1716624,36.6810682],[28.1714041,36.6812634],[28.171175,36.681383],[28.170855,36.6814489],[28.1705224,36.6815737],[28.170273,36.6817673],[28.1700826,36.6818189],[28.1697397,36.681783],[28.1688407,36.6812725],[28.1684035,36.6811048],[28.1681004,36.6810832],[28.1676967,36.6811384],[28.1674057,36.6814446],[28.1669793,36.6816425],[28.1666708,36.6816511],[28.1664267,36.6818576],[28.1665099,36.6819888],[28.1667888,36.682006],[28.1669775,36.6821673],[28.1671134,36.6823631],[28.1665367,36.6823868],[28.1664468,36.6826248],[28.1662982,36.6826954],[28.1660002,36.6827761],[28.1661558,36.6829181],[28.166247,36.6829568],[28.1664348,36.6829934],[28.1665662,36.6829912],[28.1666788,36.6831332],[28.1666306,36.6832472],[28.1661787,36.6834468],[28.1659916,36.6836898],[28.1654282,36.6838615],[28.1647079,36.6839586],[28.1644741,36.6840344],[28.1642929,36.684297],[28.164179,36.6846389],[28.1639215,36.6846174],[28.1634506,36.6844034],[28.1633583,36.6841162],[28.1632429,36.6840237],[28.1634629,36.6838495],[28.1635538,36.6837088],[28.1633744,36.6833913],[28.1641978,36.6829977],[28.1644169,36.6827325],[28.1646561,36.6825285],[28.1646535,36.6823934],[28.1644767,36.6823352],[28.1643775,36.6818834],[28.1646501,36.6816125],[28.1645921,36.681507],[28.164956,36.6813403],[28.1649703,36.6812639],[28.1647959,36.6810617],[28.1646806,36.6808638],[28.1646622,36.6807628],[28.1649247,36.6804422],[28.1645185,36.6803347],[28.1643239,36.6803153],[28.1638706,36.6801368],[28.1637284,36.6800443],[28.163605,36.6800507],[28.1632751,36.6801583],[28.1630148,36.6800958],[28.1627735,36.6800938],[28.1625482,36.6800228],[28.162221,36.680169],[28.16158,36.6799066],[28.1613401,36.6797038],[28.1608343,36.6794742],[28.1605151,36.6792849],[28.1598499,36.6789644],[28.1597614,36.6788225],[28.159009,36.678419],[28.1588522,36.6783686],[28.1588495,36.6783105],[28.1586278,36.6779256],[28.1584003,36.6780256],[28.1581414,36.6779598],[28.1578222,36.6777383],[28.1575969,36.6775339],[28.1573957,36.6772349],[28.1571731,36.6770112],[28.1569612,36.6767487],[28.1568432,36.6766864],[28.1566259,36.6767036],[28.1565213,36.6766412],[28.1564221,36.6762109],[28.1563899,36.6759399],[28.1560627,36.6754408],[28.1558937,36.6750557],[28.1551319,36.6746427],[28.1549147,36.6744491],[28.154853,36.6743351],[28.1548262,36.6741243],[28.1546465,36.67395],[28.1546491,36.6737865],[28.154951,36.673706],[28.155266,36.673446],[28.1551748,36.6732164],[28.1551856,36.6730185],[28.1552312,36.6729238],[28.1553653,36.6727647],[28.155251,36.6724185],[28.154916,36.6718335],[28.15492,36.6717084],[28.155236,36.671391],[28.155709,36.671001],[28.1561297,36.6709511],[28.1564221,36.6710135],[28.1565481,36.671078],[28.1575298,36.6711254],[28.157945,36.671236],[28.1580019,36.6713297],[28.158069,36.6713426],[28.1582701,36.6712716],[28.158761,36.671007],[28.1588414,36.6708414],[28.1590717,36.6707564],[28.1590399,36.6706951],[28.1591472,36.6705768],[28.1592008,36.6705531],[28.1594557,36.670495],[28.1598258,36.6705058],[28.1603086,36.6707468],[28.1615263,36.6704713],[28.1616792,36.6703982],[28.162077,36.670297],[28.162103,36.6702433],[28.1620547,36.6702175],[28.161913,36.670042],[28.1614861,36.6697012],[28.1614485,36.6695656],[28.161586,36.669531],[28.161744,36.6694],[28.162156,36.6693899],[28.1623648,36.6696313],[28.1628942,36.6699141],[28.1631057,36.6698755],[28.1625295,36.6695742],[28.1624517,36.6692752],[28.1627467,36.6690902],[28.1630418,36.6690385],[28.1632671,36.6690557],[28.1635192,36.6691031],[28.1640208,36.6692537],[28.1642085,36.6692451],[28.1642538,36.6689998],[28.1640744,36.66886],[28.1639289,36.6686277],[28.1637118,36.6684461],[28.1635702,36.6682855],[28.163545,36.6681608],[28.1633758,36.6680072],[28.1632242,36.6679994],[28.1631625,36.6679327],[28.1629881,36.6678596],[28.1628138,36.6677434],[28.162612,36.667555],[28.1629103,36.6672787],[28.1631142,36.6670399],[28.1629461,36.6668001],[28.1630766,36.6666397],[28.1631705,36.6662998],[28.1631491,36.6661943],[28.1632349,36.6661169],[28.1629372,36.6661405],[28.1628621,36.6662266],[28.1627981,36.6664001],[28.1624892,36.6662868],[28.1624749,36.6660663],[28.1623632,36.6660071],[28.1621593,36.6660158],[28.1618911,36.6660868],[28.1615692,36.666104],[28.1608608,36.6662526],[28.1607458,36.6661793],[28.1605446,36.6661276],[28.160271,36.6661879],[28.1601503,36.6661362],[28.1597319,36.666104],[28.1593323,36.6660244],[28.1591284,36.6658372],[28.1590265,36.6655855],[28.1589031,36.6654198],[28.1585732,36.6653703],[28.1584606,36.6653036],[28.1583747,36.6651164],[28.1584203,36.6648195],[28.1582674,36.6646409],[28.158254,36.6644516],[28.1583077,36.6643612],[28.158317,36.664168],[28.1580743,36.6639374],[28.1577578,36.6636943],[28.1576666,36.6635114],[28.1576881,36.6632812],[28.157106,36.6630015],[28.1570068,36.6630015],[28.1565696,36.6630918],[28.1564409,36.6630187],[28.156224,36.662774],[28.1561083,36.6625798],[28.1559366,36.6625367],[28.1558937,36.662384],[28.1557167,36.6621344],[28.155553,36.6620871],[28.155376,36.6619773],[28.15503,36.6619407],[28.1548905,36.6618891],[28.1547081,36.6617751],[28.154228,36.6616288],[28.15411,36.6615104],[28.1538042,36.6614179],[28.1534421,36.6614007],[28.153016,36.661521],[28.1529379,36.6615793],[28.1530452,36.6617729],[28.1528413,36.6617643],[28.1524256,36.6616782],[28.152061,36.661659],[28.152144,36.6614652],[28.1521225,36.6613964],[28.1520152,36.661291],[28.1520313,36.6612113],[28.1521815,36.6612307],[28.1523907,36.6612006],[28.152262,36.6610672],[28.1520286,36.6608843],[28.1519186,36.6606713],[28.1517979,36.6605637],[28.1519079,36.6604583],[28.1521091,36.660383],[28.152042,36.6602216],[28.151718,36.659992],[28.1514493,36.6600097],[28.1512494,36.6600656],[28.151173,36.66],[28.1510349,36.6599752],[28.1508686,36.6600366],[28.1507707,36.6600064],[28.1506687,36.6598956],[28.1505333,36.659901],[28.150441,36.659876],[28.1502785,36.6599397],[28.1501792,36.6599225],[28.1502892,36.6598042],[28.1502932,36.6596901],[28.1503952,36.6594104],[28.1505293,36.6593115],[28.150489,36.6592168],[28.1505346,36.6589952],[28.150607,36.6589026],[28.1506151,36.6586875],[28.1504998,36.6583798],[28.150254,36.65808],[28.1500357,36.6581087],[28.1500196,36.6580463],[28.150084,36.6579365],[28.1501752,36.6578677],[28.1501806,36.6573297],[28.1501484,36.6570586],[28.1503201,36.6567617],[28.1504783,36.6565444],[28.1505266,36.656312],[28.1506634,36.6562367],[28.1507331,36.6561678],[28.1507063,36.6560236],[28.1504595,36.6558063],[28.1502503,36.6557525],[28.1499338,36.6556019],[28.1495234,36.6555997],[28.1492552,36.6556342],[28.1490433,36.6555868],[28.14878,36.655396],[28.1482306,36.655079],[28.1481475,36.6551027],[28.1479597,36.65498],[28.1474662,36.6547691],[28.147155,36.6545798],[28.1466052,36.6544421],[28.1468064,36.6541839],[28.1471631,36.6538761],[28.1472918,36.653917],[28.1473535,36.6537879],[28.1473079,36.6535383],[28.1471872,36.6534458],[28.146836,36.653359],[28.146463,36.6532134],[28.1455243,36.6527163],[28.1450576,36.6525356],[28.1445184,36.652372],[28.144267,36.6521],[28.1436548,36.6516834],[28.1435904,36.6515263],[28.1432605,36.6514811],[28.143121,36.6513908],[28.142885,36.6511497],[28.1428394,36.650941],[28.1428716,36.6507732],[28.1426409,36.6505278],[28.1424987,36.6505321],[28.1423056,36.6503363],[28.1422815,36.6502029],[28.1424049,36.6498887],[28.1425819,36.649751],[28.1429949,36.6497639],[28.1431773,36.6497445],[28.143298,36.6496434],[28.143429,36.649411],[28.143587,36.64928],[28.1436306,36.6491635],[28.1437701,36.6491377],[28.1438881,36.6492324],[28.1440678,36.6492862],[28.144223,36.649146],[28.1440651,36.6488859],[28.1441215,36.6487568],[28.1442878,36.6486148],[28.144528,36.648243],[28.1447813,36.6481758],[28.1449556,36.6481564],[28.1451192,36.6481822],[28.145481,36.647977],[28.1457254,36.6479326],[28.1458488,36.6478637],[28.1460366,36.6478142],[28.1460795,36.6475108],[28.1463504,36.6470008],[28.1466588,36.6469212],[28.1468734,36.6468028],[28.1468224,36.6466435],[28.1466669,36.6465424],[28.1464711,36.646353],[28.1463316,36.6460969],[28.1463155,36.6459829],[28.1461492,36.6458322],[28.145923,36.645533],[28.1458005,36.6454664],[28.1457978,36.6453588],[28.1458864,36.645221],[28.1458327,36.6450446],[28.1459105,36.6448789],[28.145771,36.6447928],[28.1457335,36.6447024],[28.1457603,36.6446357],[28.1458864,36.6445754],[28.1458515,36.6443021],[28.1455404,36.6440697],[28.1451488,36.6439685],[28.144781,36.643746],[28.1445962,36.6433078],[28.144291,36.64298],[28.1441081,36.6428925],[28.144049,36.642815],[28.1439954,36.642673],[28.1438237,36.6426192],[28.1438023,36.6423824],[28.1438801,36.6421478],[28.1439015,36.6419929],[28.1438693,36.6418013],[28.1436011,36.6414678],[28.1434187,36.6414419],[28.1433463,36.6413924],[28.1433007,36.6412482],[28.1433436,36.6410588],[28.1433463,36.640835],[28.1432578,36.640411],[28.1430888,36.6403701],[28.1428125,36.6399246],[28.1426865,36.6397934],[28.142644,36.639399],[28.1424451,36.6393177],[28.1422412,36.6391757],[28.1419167,36.6390056],[28.1414446,36.6388657],[28.1412837,36.6386161],[28.1412461,36.6383062],[28.1411764,36.6382028],[28.141222,36.6378499],[28.141045,36.6374431],[28.1408036,36.6372515],[28.1403637,36.6366252],[28.1399453,36.6361883],[28.1392828,36.6357299],[28.1389984,36.6354587],[28.1385156,36.635153],[28.1385022,36.6350217],[28.1385505,36.6348948],[28.1384271,36.6346365],[28.138293,36.6345181],[28.1379658,36.6338875],[28.1376305,36.6335409],[28.1373864,36.6333257],[28.137255,36.6331556],[28.1366783,36.6330394],[28.1364235,36.6330609],[28.136332,36.632907],[28.13601,36.632653],[28.135689,36.632528],[28.135686,36.632272],[28.1361741,36.6323248],[28.136323,36.632266],[28.1362465,36.6319546],[28.1360909,36.6315327],[28.1358388,36.6313627],[28.1357905,36.6312163],[28.1358361,36.6311474],[28.135584,36.6309322],[28.135503,36.630732],[28.135181,36.630478],[28.1345969,36.630196],[28.134536,36.62997],[28.134213,36.629717],[28.1343234,36.6294039],[28.134206,36.629203],[28.1339103,36.628883],[28.1339318,36.6286333],[28.1337547,36.6283535],[28.1335777,36.6280091],[28.1337279,36.6278455],[28.1336045,36.6275786],[28.1333899,36.6274279],[28.133216,36.6269],[28.132893,36.626646],[28.1328642,36.6261191],[28.1325155,36.6259598],[28.132403,36.625751],[28.1321454,36.6257618],[28.1322044,36.625624],[28.1321937,36.6255379],[28.13208,36.625497],[28.1317484,36.6252581],[28.1316143,36.6251031],[28.1315982,36.6249352],[28.1314266,36.6245908],[28.1310672,36.6241301],[28.130815,36.6239019],[28.1306809,36.623734],[28.1303322,36.6236737],[28.1301981,36.6236092],[28.130138,36.62346],[28.129817,36.623335],[28.1300533,36.6231356],[28.1303698,36.6230624],[28.1301713,36.6222271],[28.129799,36.622051],[28.1296134,36.6221712],[28.1297421,36.6224898],[28.1294256,36.622662],[28.1292057,36.6225242],[28.128844,36.622188],[28.1284332,36.6222831],[28.1282026,36.622408],[28.1280041,36.6223606],[28.1278109,36.6222831],[28.1273496,36.6221841],[28.1272906,36.6218999],[28.1272906,36.621534],[28.126663,36.6208279],[28.1263411,36.6206427],[28.1262177,36.6204275],[28.1262231,36.6199625],[28.1265449,36.6191315],[28.1265342,36.6187138],[28.1264,36.618486],[28.1257993,36.6183005],[28.1256276,36.6183823],[28.1254774,36.618322],[28.1254131,36.6181154],[28.1250326,36.6179068],[28.124636,36.617732],[28.1244796,36.6174997],[28.124662,36.6172973],[28.1244421,36.6167806],[28.1241256,36.6166514],[28.1237769,36.6162898],[28.123654,36.615943],[28.1240988,36.6162036],[28.1243616,36.6161821],[28.124603,36.6158118],[28.1245065,36.6155707],[28.1243241,36.615364],[28.1240076,36.6151272],[28.123278,36.6148732],[28.1229937,36.6147095],[28.1227362,36.6147009],[28.1225216,36.6145287],[28.122361,36.614671],[28.1221783,36.614421],[28.122194,36.614159],[28.1222856,36.6139086],[28.12219,36.613902],[28.1220388,36.6137364],[28.121864,36.613391],[28.1216204,36.6131121],[28.1210357,36.6132455],[28.121064,36.613142],[28.1207782,36.612759],[28.120392,36.6123671],[28.1206441,36.6120657],[28.1212395,36.6120183],[28.121362,36.611725],[28.121519,36.611596],[28.1216901,36.6112992],[28.1217062,36.6110409],[28.1214058,36.610761],[28.1211591,36.6103045],[28.1208265,36.6098912],[28.1202203,36.6097534],[28.1198555,36.6094433],[28.119413,36.609174],[28.1187719,36.6088577],[28.1182998,36.6088189],[28.1177258,36.6085907],[28.1173074,36.6085261],[28.1171197,36.6085821],[28.1169534,36.6087242],[28.1168354,36.6086898],[28.116692,36.608301],[28.117164,36.607911],[28.117699,36.6075658],[28.1177258,36.6073247],[28.1181121,36.6070189],[28.1182194,36.6066012],[28.1180745,36.606373],[28.1180102,36.605895],[28.117607,36.605467],[28.1174362,36.6052404],[28.117281,36.604956],[28.116958,36.604702],[28.1167173,36.6045514],[28.1164867,36.604461],[28.1157303,36.6043576],[28.1154406,36.6043662],[28.1152582,36.6042844],[28.1154674,36.6040303],[28.115512,36.603816],[28.115669,36.603686],[28.1158537,36.6034834],[28.11598,36.60317],[28.1158161,36.6028093],[28.1157893,36.6024326],[28.1156552,36.6019202],[28.115682,36.6015197],[28.115313,36.601121],[28.1152421,36.6008392],[28.114984,36.600353],[28.114743,36.600323],[28.1145287,36.5999305],[28.1142926,36.5999564],[28.1141102,36.6001545],[28.113839,36.6000211],[28.1137025,36.5999004],[28.1132573,36.6000339],[28.1129354,36.6000339],[28.1127101,36.5999908],[28.1124151,36.5998444],[28.1117939,36.5999631],[28.1117538,36.5998127],[28.1117828,36.5996543],[28.1116292,36.5994854],[28.1112188,36.5993147],[28.1106448,36.5992371],[28.110346,36.599112],[28.1099501,36.5987185],[28.109749,36.5987031],[28.1095431,36.5985024],[28.1092279,36.5982703],[28.1089288,36.5982078],[28.1085615,36.5982822],[28.1082226,36.5982339],[28.1084669,36.5980786],[28.108418,36.597973],[28.108098,36.597848],[28.1077856,36.5978461],[28.1080913,36.5975618],[28.108249,36.597333],[28.1082523,36.5971527],[28.1081192,36.596819],[28.1077358,36.5965595],[28.1071955,36.5963602],[28.1073457,36.5962612],[28.1076276,36.5960102],[28.10759,36.595797],[28.107627,36.5954463],[28.1073135,36.5952404],[28.1069218,36.5950306],[28.1068054,36.594519],[28.106609,36.594008],[28.1061359,36.5936828],[28.106283,36.593497],[28.1061075,36.5929382],[28.1057775,36.5928237],[28.1057227,36.5925569],[28.1054292,36.5922245],[28.105042,36.5921054],[28.1045915,36.5920048],[28.1041753,36.5920662],[28.1039607,36.5919154],[28.1037247,36.5918853],[28.1036711,36.5919197],[28.1034933,36.5917972],[28.103432,36.5914909],[28.103226,36.591341],[28.1029844,36.5910798],[28.102738,36.590704],[28.1020766,36.5902005],[28.1017143,36.5899883],[28.1016113,36.5900337],[28.101631,36.5901995],[28.1015044,36.5903153],[28.1011819,36.5903019],[28.1011323,36.5900695],[28.1008941,36.589829],[28.100656,36.589824],[28.100335,36.589699],[28.1001812,36.5896884],[28.1000683,36.5901489],[28.0999926,36.5902483],[28.1000458,36.590458],[28.0999378,36.5905937],[28.099707,36.590346],[28.0993467,36.5902078],[28.0992321,36.5903435],[28.0990405,36.5903475],[28.099074,36.590609],[28.0990279,36.5910064],[28.0985734,36.5905931],[28.098118,36.590618],[28.097798,36.590493],[28.0978421,36.5900236],[28.0976816,36.5898609],[28.0975697,36.5898958],[28.0972123,36.5892404],[28.0970093,36.5887832],[28.0973521,36.5889067],[28.097294,36.588699],[28.097605,36.588182],[28.0972637,36.5876307],[28.0969963,36.5875355],[28.0967992,36.5875753],[28.0966124,36.5870883],[28.0960361,36.586642],[28.0958574,36.5863771],[28.095665,36.586145],[28.0953037,36.5855167],[28.0950379,36.5853267],[28.0947303,36.5851691],[28.0945796,36.5852142],[28.0946588,36.5857043],[28.0948305,36.5858249],[28.0951286,36.5865987],[28.094892,36.5868762],[28.0946428,36.5869621],[28.094241,36.5868],[28.0940352,36.5872243],[28.093611,36.587319],[28.0932319,36.5872722],[28.0929967,36.5872989],[28.0928327,36.5874759],[28.0927171,36.5874152],[28.0927175,36.5872998],[28.0928684,36.5871456],[28.0929927,36.5869138],[28.0927214,36.5866109],[28.0928321,36.5863737],[28.0925541,36.5861022],[28.091999,36.585922],[28.091349,36.585028],[28.091027,36.584774],[28.0906677,36.5846964],[28.090069,36.584655],[28.0897316,36.5844896],[28.089708,36.5840942],[28.089577,36.583631],[28.0892783,36.5832404],[28.089141,36.5830012],[28.089155,36.5828183],[28.0889916,36.5826125],[28.0886853,36.5824222],[28.0885395,36.5824446],[28.088292,36.582872],[28.087662,36.583392],[28.0876636,36.5837057],[28.0876123,36.5838741],[28.08719,36.583781],[28.086872,36.583784],[28.086555,36.583916],[28.0863369,36.5843314],[28.0859455,36.584677],[28.0854157,36.58473],[28.085384,36.584772],[28.0858117,36.5849438],[28.0861895,36.585331],[28.0862043,36.5859272],[28.0859752,36.5858074],[28.0854964,36.5859563],[28.0853832,36.5860662],[28.085457,36.5862639],[28.0856319,36.5866046],[28.0851406,36.5866186],[28.0851609,36.586786],[28.0852834,36.5869455],[28.0851327,36.5870563],[28.0850741,36.5868948],[28.0848927,36.5867442],[28.0847892,36.5868429],[28.0848549,36.5870294],[28.0847287,36.5870854],[28.0845342,36.5868729],[28.0844318,36.5868425],[28.0843771,36.5870992],[28.0845951,36.587273],[28.0840212,36.5872464],[28.0833496,36.5870907],[28.0822598,36.5866799],[28.081767,36.58691],[28.081588,36.5868991],[28.0813529,36.587184],[28.080549,36.587311],[28.0804539,36.5875048],[28.0804431,36.5878666],[28.0803008,36.5880098],[28.079923,36.588087],[28.079757,36.5882225],[28.0798093,36.5885661],[28.0799361,36.588971],[28.0798395,36.5894283],[28.0799271,36.5896391],[28.0801569,36.5896772],[28.079948,36.589885],[28.0804281,36.5901364],[28.0802608,36.5904137],[28.0804004,36.5907293],[28.0804564,36.5911257],[28.0801525,36.5913157],[28.0800574,36.5914995],[28.0800683,36.5915575],[28.0798267,36.5915978],[28.079817,36.591942],[28.0799751,36.5919987],[28.0796723,36.5922075],[28.0797428,36.5922812],[28.0796491,36.5923752],[28.0796384,36.5925885],[28.0794467,36.5929695],[28.0793128,36.5931608],[28.0792799,36.5933673],[28.0790907,36.5933991],[28.0789646,36.5935779],[28.078886,36.593748],[28.0787781,36.593743],[28.0786196,36.5942196],[28.0785048,36.5943464],[28.0787309,36.5944657],[28.0787234,36.5947674],[28.0789107,36.5949048],[28.0788898,36.5949965],[28.0788104,36.5951364],[28.078832,36.5952814],[28.0789444,36.5953383],[28.0790569,36.5955474],[28.0790229,36.5955903],[28.0790883,36.595684],[28.0792199,36.5957872],[28.0791937,36.5958601],[28.0792106,36.59595],[28.0791905,36.5960674],[28.0790296,36.5961126],[28.0788177,36.5962224],[28.0786353,36.5960587],[28.0783622,36.595863],[28.0783024,36.5956204],[28.0780678,36.5954896],[28.077795,36.595428],[28.0775901,36.5953527],[28.0775919,36.5954418],[28.0774275,36.5956556],[28.0775053,36.5957995],[28.0774847,36.5958499],[28.0773023,36.5958843],[28.0770337,36.5958303],[28.0768207,36.5957383],[28.0763715,36.5956711],[28.07587,36.5955333],[28.0754272,36.5955624],[28.075257,36.5954476],[28.0749492,36.5953404],[28.0749288,36.5952963],[28.0749577,36.5951758],[28.0749419,36.5951492],[28.0748159,36.5951284],[28.07465,36.5948691],[28.0744018,36.5946101],[28.0742103,36.5945428],[28.0739369,36.5943082],[28.0738149,36.5941336],[28.0735594,36.5940922],[28.073279,36.5942606],[28.0731609,36.594379],[28.0727425,36.5945039],[28.0724958,36.5944738],[28.0722061,36.5945362],[28.0718279,36.5945772],[28.0714551,36.5945255],[28.0711734,36.5945793],[28.0710685,36.5947051],[28.0709267,36.5947344],[28.070747,36.5946741],[28.0703634,36.594715],[28.0699269,36.594903],[28.0696446,36.5948959],[28.0692235,36.5948205],[28.0689311,36.5948528],[28.0684891,36.5949649],[28.0684,36.5950875],[28.0681744,36.5951383],[28.0679791,36.5950504],[28.0675193,36.595084],[28.0674826,36.5951808],[28.0675179,36.5952273],[28.0673413,36.5952335],[28.067318,36.5952549],[28.0673203,36.5953014],[28.0674246,36.5953247],[28.0673782,36.5953585],[28.0672369,36.5953475],[28.0669712,36.59547],[28.0664635,36.595487],[28.0664075,36.5954202],[28.0665018,36.595394],[28.0666123,36.5952788],[28.0667141,36.5952348],[28.0668437,36.5950789],[28.0668074,36.5950537],[28.0667348,36.5950569],[28.0666342,36.5951886],[28.0664665,36.5951924],[28.066186,36.595306],[28.0661494,36.595397],[28.0660084,36.5953821],[28.065919,36.594998],[28.0658427,36.5950216],[28.0657608,36.5949422],[28.0658368,36.5948997],[28.065567,36.5945256],[28.0656799,36.5943422],[28.0655426,36.5941143],[28.0658305,36.5931688],[28.0657259,36.5930309],[28.0656373,36.5928178],[28.0653344,36.5922761],[28.0650782,36.5919601],[28.0649219,36.5911927],[28.064691,36.5909705],[28.0645697,36.5907857],[28.0643819,36.5906222],[28.0639729,36.5901842],[28.0637013,36.5900149],[28.0634244,36.5892984],[28.063096,36.5889569],[28.0625167,36.5885345],[28.0621005,36.5879675],[28.0618152,36.5878092],[28.0615586,36.5879249],[28.0614084,36.5878803],[28.0610739,36.5879675],[28.0609123,36.5877983],[28.0607023,36.5878926],[28.0605482,36.5873653],[28.0607856,36.5871372],[28.0606275,36.5865981],[28.0604861,36.5864236],[28.060031,36.586207],[28.0597955,36.5855951],[28.0596292,36.5853138],[28.0588582,36.5848328],[28.0587219,36.5848074],[28.0586334,36.5848349],[28.0585586,36.5848034],[28.0585062,36.5846935],[28.0582755,36.5846999],[28.0582899,36.5846657],[28.0582262,36.5846374],[28.0580604,36.5846446],[28.058076,36.5845249],[28.0580251,36.5845145],[28.0579823,36.5844228],[28.0578755,36.5844177],[28.0578987,36.5843393],[28.0578553,36.5842764],[28.0577237,36.584257],[28.0576584,36.584156],[28.057489,36.5841222],[28.0575439,36.5840282],[28.0574503,36.5837887],[28.0571522,36.5836525],[28.0571206,36.5833729],[28.0569728,36.583279],[28.0566594,36.5832663],[28.0567682,36.5829083],[28.05669,36.5828061],[28.0565483,36.5828042],[28.0566262,36.5827417],[28.0564449,36.5825149],[28.0564777,36.582494],[28.0564266,36.5824141],[28.0563869,36.582395],[28.0563993,36.5823083],[28.0563191,36.5821954],[28.0561039,36.5821389],[28.0560644,36.5821637],[28.0559727,36.5821251],[28.0559739,36.582095],[28.055776,36.5820815],[28.0557445,36.5820546],[28.0556701,36.5820776],[28.0556146,36.5821331],[28.0555822,36.5822218],[28.0554547,36.5823141],[28.0552706,36.5822265],[28.0551322,36.5821989],[28.0550991,36.5822124],[28.0549447,36.5820672],[28.054775,36.5819871],[28.0547564,36.582014],[28.0545234,36.5818538],[28.0543077,36.5818193],[28.0541954,36.5818249],[28.0541439,36.5818834],[28.0541049,36.5818668],[28.0539939,36.5819916],[28.0538946,36.582233],[28.0538466,36.5824318],[28.0537647,36.5825085],[28.0536908,36.5824989],[28.0536952,36.5822828],[28.0534301,36.5818414],[28.0533651,36.5818117],[28.0533952,36.5817411],[28.0532845,36.5816575],[28.0532377,36.5815039],[28.0530908,36.581386],[28.0530225,36.5813852],[28.0529782,36.5812998],[28.0526542,36.5810436],[28.0525384,36.5810018],[28.0525724,36.5809201],[28.0523985,36.5807289],[28.0524366,36.5805568],[28.052373,36.5805164],[28.0524895,36.5803805],[28.0523994,36.5802367],[28.0522911,36.5802111],[28.0522225,36.580123],[28.0523022,36.5801087],[28.052322,36.5800648],[28.0522772,36.5800311],[28.0522323,36.5799297],[28.052171,36.5799144],[28.0521709,36.5798753],[28.0522149,36.5798476],[28.0521219,36.5796701],[28.0521691,36.5796573],[28.0521663,36.5796174],[28.0520566,36.5795861],[28.0520094,36.5794866],[28.052094,36.5794689],[28.0520834,36.5794423],[28.0519424,36.5794021],[28.0520466,36.5793362],[28.0520346,36.5793205],[28.0519118,36.5793451],[28.051854,36.5793024],[28.0519561,36.5791433],[28.0517876,36.5789374],[28.0518552,36.5789335],[28.0518156,36.5788536],[28.0517716,36.5788295],[28.0517758,36.57876],[28.0517405,36.5787132],[28.0516373,36.578663],[28.0515561,36.5785625],[28.0516142,36.5785328],[28.0515942,36.5784868],[28.0516623,36.5784319],[28.0515833,36.5784141],[28.0515011,36.5783381],[28.0513507,36.5783565],[28.0512605,36.5783205],[28.0511946,36.578334],[28.0511299,36.5782955],[28.0510155,36.5783157],[28.0509564,36.5783709],[28.0508506,36.5783958],[28.0506663,36.5785028],[28.0505736,36.5784866],[28.0504968,36.5786457],[28.0504061,36.5786405],[28.0503055,36.5786684],[28.0502681,36.5787076],[28.0502451,36.5787859],[28.0502011,36.5788024],[28.050211,36.5789235],[28.0501535,36.5789183],[28.0501197,36.5789451],[28.0501462,36.5789748],[28.0500722,36.5789764],[28.0500578,36.579051],[28.0500318,36.5790538],[28.050006,36.5789971],[28.0499823,36.5790008],[28.0498486,36.5791415],[28.0496968,36.5791222],[28.0496794,36.5791428],[28.0495072,36.5790988],[28.0494765,36.579116],[28.0494094,36.5791028],[28.0493746,36.5791328],[28.0493185,36.5791145],[28.0492336,36.5791289],[28.049212,36.5790926],[28.0490689,36.5790944],[28.049,36.5791184],[28.0489512,36.5791769],[28.0489659,36.5792313],[28.0490075,36.5792633],[28.0489474,36.5792699],[28.0488171,36.5794418],[28.0487558,36.5796348],[28.048599,36.5797688],[28.0485423,36.5798733],[28.048494,36.5798869],[28.0484544,36.5801766],[28.0485082,36.5806271],[28.0485791,36.5808241],[28.0485625,36.5810381],[28.048593,36.5813168],[28.0486628,36.5815071],[28.0487468,36.5816201],[28.0488494,36.5816759],[28.0488966,36.5817503],[28.0489577,36.5819506],[28.0489933,36.5819961],[28.0489597,36.5820859],[28.0489797,36.5821044],[28.0489521,36.5821341],[28.0489774,36.5822538],[28.0489551,36.5822977],[28.0490235,36.5824303],[28.0489493,36.582516],[28.0488896,36.5828067],[28.0489263,36.5829281],[28.0489117,36.5830727],[28.0489716,36.5831325],[28.0489394,36.5835494],[28.0490567,36.5837056],[28.049032,36.583739],[28.0490885,36.5838546],[28.0491565,36.5839325],[28.0492537,36.5841469],[28.0492316,36.5843187],[28.0492844,36.5844479],[28.0492451,36.5845519],[28.0494699,36.5847166],[28.0495018,36.584834],[28.049434,36.5850569],[28.0494332,36.5851468],[28.049541,36.5852994],[28.0496697,36.5854188],[28.0496228,36.5854481],[28.0492655,36.585439],[28.0490456,36.5854907],[28.0488643,36.5855015],[28.0483854,36.5853468],[28.0482861,36.5852822],[28.0482498,36.5852404],[28.0481949,36.5849344],[28.0482109,36.5848508],[28.0481924,36.5847311],[28.0481487,36.5847314],[28.0480877,36.5846813],[28.048091,36.5846172],[28.0481543,36.5846216],[28.0480754,36.584422],[28.0480431,36.5844338],[28.0480179,36.5843949],[28.0480279,36.5843527],[28.0479696,36.5841881],[28.0478194,36.5832943],[28.0476747,36.5831041],[28.0475114,36.5830257],[28.0471408,36.58273],[28.047242,36.582548],[28.0472642,36.5824521],[28.0471811,36.5823057],[28.0469289,36.5820085],[28.0467573,36.5819029],[28.0467492,36.5818189],[28.0464837,36.5814915],[28.0463523,36.5813645],[28.046245,36.5812826],[28.0460787,36.5812051],[28.0459419,36.5811749],[28.0455556,36.5812245],[28.0456147,36.5810155],[28.0458614,36.580658],[28.0459231,36.5804598],[28.0457488,36.5801928],[28.045679,36.5800161],[28.045156,36.5797146],[28.0450433,36.5795035],[28.0451587,36.579314],[28.0451748,36.5791654],[28.044987,36.5789457],[28.0444989,36.5784718],[28.0444479,36.5782672],[28.0443004,36.5778945],[28.0442548,36.5776361],[28.0440489,36.5770823],[28.0436772,36.576661],[28.043404,36.5763967],[28.0433967,36.5763149],[28.0435736,36.5760426],[28.0437466,36.5759548],[28.0438396,36.5759492],[28.0446698,36.5760704],[28.0453196,36.5761326],[28.0457997,36.5761477],[28.0462047,36.5762188],[28.0468485,36.5762597],[28.047578,36.5764988],[28.0479053,36.5766452],[28.0481118,36.576824],[28.0489111,36.5773776],[28.0492678,36.5775068],[28.0493449,36.5773939],[28.0499093,36.5770182],[28.0501074,36.5770459],[28.0502686,36.5771322],[28.0504436,36.5771305],[28.0506903,36.5769993],[28.0506679,36.5769339],[28.0504185,36.5768154],[28.0503058,36.5767357],[28.0502517,36.5766324],[28.0502737,36.5764622],[28.0504051,36.5762037],[28.0503327,36.5759258],[28.0503032,36.5755747],[28.0504328,36.5748746],[28.0504145,36.5746528],[28.0502716,36.5745074],[28.0502706,36.5741704],[28.0502025,36.5740676],[28.0500006,36.5740144],[28.0498656,36.5740154],[28.0498411,36.5739461],[28.0498721,36.5739088],[28.0497975,36.5738472],[28.0498072,36.5736906],[28.049853,36.573626],[28.049936,36.5736014],[28.0499539,36.5734015],[28.0500569,36.5733416],[28.0501127,36.5732591],[28.0501369,36.5730739],[28.0500802,36.57272],[28.0499493,36.5723409],[28.0498244,36.5721896],[28.0495387,36.5719365],[28.0492866,36.571608],[28.049182,36.5714281],[28.0490398,36.5712773],[28.048722,36.5711621],[28.0484175,36.571012],[28.0483411,36.5710048],[28.0481616,36.5709123],[28.0478999,36.570951],[28.0478328,36.5710587],[28.0478947,36.5713449],[28.0478317,36.571423],[28.0477387,36.5716801],[28.0476713,36.5716672],[28.0476341,36.5717132],[28.0474978,36.5717072],[28.0473671,36.5716601],[28.0472668,36.5716714],[28.0471757,36.5717125],[28.047118,36.5717696],[28.0470496,36.5719591],[28.0470592,36.5721651],[28.0470885,36.5722747],[28.0471355,36.5723372],[28.0469638,36.5723716],[28.0469075,36.5724503],[28.0468109,36.5724944],[28.0464756,36.572531],[28.0463523,36.5724793],[28.046186,36.5725806],[28.0459848,36.572643],[28.0456787,36.5725626],[28.0453868,36.5725523],[28.045305,36.5724871],[28.0452787,36.5724021],[28.0450003,36.5721646],[28.0445672,36.5720591],[28.044469,36.5719459],[28.0444295,36.5718379],[28.0443036,36.5717054],[28.0443242,36.5714506],[28.0443747,36.5712669],[28.044435,36.5711692],[28.0444859,36.5710155],[28.0444865,36.570766],[28.0444091,36.57067],[28.0442475,36.5706251],[28.0441148,36.5707104],[28.0440131,36.5708423],[28.0438268,36.5707243],[28.043657,36.5706802],[28.0433251,36.5707003],[28.0430175,36.5705929],[28.0428383,36.5705033],[28.0427048,36.57042],[28.0427202,36.5703348],[28.04264,36.5702719],[28.0425159,36.570228],[28.0424891,36.5700606],[28.0425152,36.5700014],[28.0426799,36.5699561],[28.0428686,36.5698013],[28.0430132,36.5697265],[28.0432025,36.5694668],[28.0431663,36.5694044],[28.0429397,36.569448],[28.0425121,36.5694713],[28.0423461,36.5695198],[28.042261,36.5694981],[28.04221,36.5695184],[28.0420759,36.5694895],[28.0419384,36.5694271],[28.0417746,36.5694062],[28.0416381,36.5693361],[28.0414827,36.5693815],[28.0411639,36.5692724],[28.0408341,36.5694573],[28.0405019,36.569703],[28.0405236,36.5698889],[28.0407409,36.5702296],[28.0407774,36.5703329],[28.0409315,36.5704953],[28.0408727,36.5705927],[28.0407932,36.5706584],[28.0405003,36.5706489],[28.0403761,36.57074],[28.040282,36.5707371],[28.0401979,36.5706998],[28.0401013,36.5705714],[28.04005,36.5703984],[28.0398437,36.5702123],[28.0397517,36.5700981],[28.0396198,36.5700009],[28.03959,36.5698926],[28.0394275,36.5697636],[28.0394404,36.5696953],[28.039527,36.5695764],[28.0395128,36.5695033],[28.0397513,36.5691124],[28.0398667,36.5691016],[28.0399123,36.5690198],[28.0399016,36.5688711],[28.0400169,36.5685674],[28.0399525,36.5683951],[28.0399016,36.5681387],[28.0399632,36.5680461],[28.0398774,36.5678738],[28.0396841,36.5676661],[28.0393624,36.5675377],[28.0390298,36.5673029],[28.0389011,36.5671672],[28.0386543,36.5671047],[28.0384791,36.5669834],[28.0383298,36.5668311],[28.0381179,36.5666738],[28.0380642,36.5665597],[28.0377466,36.5663075],[28.0372381,36.566131],[28.0369458,36.5658035],[28.0365851,36.565704],[28.0363369,36.565517],[28.0363342,36.5651615],[28.0363557,36.5649784],[28.0360849,36.564795],[28.0359443,36.5646463],[28.0358541,36.5645045],[28.0358566,36.5643158],[28.035661,36.5640262],[28.0355269,36.5638754],[28.0353833,36.5636115],[28.0353928,36.5635006],[28.0352989,36.5633196],[28.0351227,36.5630087],[28.0349474,36.5628703],[28.034768,36.5628358],[28.0347367,36.5629635],[28.0345684,36.5631351],[28.034667,36.5632496],[28.0346402,36.5632856],[28.0345743,36.5632431],[28.0344734,36.5632592],[28.034396,36.5633384],[28.0342501,36.563339],[28.0340812,36.5632916],[28.0337405,36.5633131],[28.033485,36.5629931],[28.0333855,36.5629994],[28.033269,36.5630528],[28.0332868,36.5631326],[28.0332565,36.5631582],[28.0331678,36.5630979],[28.0330296,36.5630818],[28.0326762,36.5631923],[28.0321151,36.5635393],[28.0319113,36.5635307],[28.0316029,36.5633919],[28.0314404,36.5633896],[28.0311888,36.5634919],[28.0307589,36.5635086],[28.0304441,36.563479],[28.0300881,36.5635054],[28.0299479,36.5634855],[28.028419,36.563199],[28.0281481,36.56313],[28.0280408,36.5630072],[28.0269143,36.5627271],[28.0266223,36.5626807],[28.0264261,36.5626798],[28.0261579,36.562557],[28.0260692,36.5625405],[28.0260614,36.5624923],[28.0259603,36.5624813],[28.0257234,36.5623394],[28.025313,36.5619753],[28.0252285,36.5618625],[28.0251144,36.5618406],[28.0251055,36.5617947],[28.0248383,36.561637],[28.0247133,36.5614104],[28.0244616,36.5612631],[28.0244006,36.5611782],[28.0243478,36.5612639],[28.0244446,36.561415],[28.0244066,36.5614674],[28.0245277,36.5616626],[28.0245888,36.5616758],[28.0245754,36.5618525],[28.0246945,36.5620505],[28.0248356,36.5625333],[28.0249816,36.56281],[28.0249261,36.5628783],[28.0250724,36.5631513],[28.0255192,36.5637278],[28.0256456,36.5641986],[28.0258656,36.5654696],[28.0260587,36.5659285],[28.0262437,36.5660039],[28.026132,36.5660811],[28.0259675,36.5661482],[28.0258843,36.5663744],[28.025828,36.5666545],[28.0258554,36.5669689],[28.0261773,36.5671708],[28.0264235,36.5672512],[28.0267695,36.5674041],[28.0271637,36.5676109],[28.0274159,36.5678177],[28.0275339,36.5678802],[28.0275017,36.5680138],[28.0273702,36.5681404],[28.0270204,36.5681342],[28.0267653,36.5680992],[28.0267339,36.5681137],[28.0265739,36.568055],[28.026542,36.5681272],[28.0265978,36.5682249],[28.0264717,36.5682701],[28.0264637,36.56838],[28.0266193,36.5685846],[28.0266729,36.568729],[28.0263832,36.5687117],[28.0261284,36.5686493],[28.0257506,36.568381],[28.0254405,36.5683856],[28.0253257,36.5682993],[28.0251342,36.568286],[28.0249448,36.5683458],[28.0248868,36.5684368],[28.0248926,36.5685416],[28.0248201,36.5686324],[28.0247799,36.5689431],[28.0248321,36.5691759],[28.0248919,36.5693084],[28.0247927,36.5694872],[28.0245995,36.5696402],[28.0244172,36.5697457],[28.0241972,36.5698061],[28.0240309,36.5697651],[28.0237356,36.5696332],[28.0233631,36.5694075],[28.0230206,36.5692501],[28.0228427,36.5692934],[28.0227327,36.5694829],[28.0225718,36.5695389],[28.0224967,36.5698815],[28.0222928,36.5697802],[28.0220622,36.5697027],[28.0217394,36.5697073],[28.0213433,36.5698319],[28.0209094,36.5700511],[28.0206889,36.5700495],[28.0203965,36.5703015],[28.0200586,36.5705355],[28.0198106,36.5706752],[28.019397,36.5708281],[28.0191545,36.5710136],[28.0187389,36.5711998],[28.018299,36.5715337],[28.018055,36.571831],[28.017894,36.5721821],[28.0178913,36.572475],[28.0176714,36.5726301],[28.0174541,36.5726538],[28.0172639,36.5727551],[28.0161217,36.5736256],[28.0153194,36.5741258],[28.0151773,36.5741537],[28.014968,36.5742739],[28.0147023,36.5744934],[28.0146617,36.5746822],[28.0145741,36.5746626],[28.0142811,36.5748919],[28.0141336,36.5750987],[28.0142491,36.5753812],[28.014365,36.5754278],[28.0143303,36.5754953],[28.0142375,36.5755582],[28.0142462,36.5757039],[28.0141577,36.5760637],[28.0141631,36.5762532],[28.0139071,36.5766445],[28.0136849,36.5767365],[28.0134303,36.5767972],[28.0125128,36.5768151],[28.0119928,36.5767036],[28.011741,36.5766098],[28.0115162,36.5764762],[28.0113911,36.5764372],[28.0111141,36.576395],[28.010752,36.5763773],[28.0105583,36.5764037],[28.0103248,36.5763695],[28.0100125,36.5764255],[28.0098819,36.5763992],[28.0093639,36.5760316],[28.0090593,36.5756662],[28.009338,36.5754437],[28.0094875,36.5752535],[28.0094558,36.5750427],[28.0092841,36.5747346],[28.0090857,36.5746054],[28.0090159,36.5745235],[28.0090778,36.5739364],[28.0091728,36.5737147],[28.0097361,36.5734252],[28.0101922,36.5734166],[28.0104429,36.5732527],[28.0103672,36.5731973],[28.010342,36.5729334],[28.0104166,36.5728082],[28.0106069,36.5728287],[28.0109037,36.5724999],[28.0109574,36.5723741],[28.0109793,36.5722208],[28.0109042,36.5721131],[28.0105528,36.5720738],[28.0104971,36.5717909],[28.0105056,36.5714023],[28.0104294,36.5709779],[28.0105025,36.5708555],[28.010656,36.570888],[28.0106494,36.5708274],[28.0107725,36.5708417],[28.0107725,36.5707976],[28.0109813,36.570749],[28.0110217,36.5706832],[28.0110276,36.5705837],[28.0111429,36.5705363],[28.0113494,36.5703769],[28.0119449,36.5700732],[28.0121112,36.5696919],[28.012256,36.5692632],[28.0125135,36.5688884],[28.0126852,36.5687053],[28.0128837,36.5686126],[28.0127692,36.5684106],[28.0125323,36.5682486],[28.0123365,36.5680741],[28.012248,36.5678996],[28.0123445,36.5676282],[28.0124652,36.5674429],[28.0127254,36.5672813],[28.0129065,36.567224],[28.0133128,36.5672081],[28.0134442,36.5672318],[28.0139619,36.5674171],[28.0141953,36.56743],[28.014552,36.5671758],[28.0153835,36.5669022],[28.0159789,36.56662],[28.0161828,36.5664864],[28.0166307,36.5662947],[28.0171492,36.5662333],[28.0173105,36.5662367],[28.0173419,36.5661444],[28.0176177,36.566047],[28.0179653,36.5660365],[28.0179583,36.5659388],[28.01814,36.5659638],[28.0182802,36.5659483],[28.0183295,36.5659724],[28.0182118,36.5657589],[28.0182695,36.5656204],[28.0182508,36.5653791],[28.0182135,36.5653123],[28.0182094,36.5652407],[28.0178538,36.5651745],[28.0175603,36.5650112],[28.0173388,36.5650323],[28.0169955,36.5649009],[28.0164912,36.5646251],[28.016328,36.5645793],[28.0161922,36.5645923],[28.0161349,36.5646502],[28.0161167,36.564704],[28.0160052,36.564664],[28.0158281,36.5647437],[28.0157517,36.5647139],[28.0156358,36.5647685],[28.0155857,36.5647197],[28.0154218,36.5647189],[28.0153722,36.5646676],[28.0154102,36.5645374],[28.0154458,36.5642057],[28.0155526,36.5641324],[28.0151608,36.563507],[28.0149366,36.5634549],[28.0148724,36.5633661],[28.0147477,36.5633309],[28.014608,36.563354],[28.0143562,36.5634532],[28.0141121,36.5633842],[28.0136481,36.5634855],[28.0133477,36.5636901],[28.0127361,36.563981],[28.0127236,36.5645265],[28.01234,36.5645238],[28.0122721,36.5646014],[28.0122641,36.5648621],[28.0119273,36.5651202],[28.0117705,36.5651077],[28.0114919,36.5653555],[28.0108854,36.5653964],[28.0106682,36.5655816],[28.0102041,36.5655041],[28.0097964,36.5656269],[28.0094719,36.5658811],[28.008981,36.5661719],[28.0086914,36.5662667],[28.0085814,36.5662214],[28.0084053,36.5663153],[28.0081465,36.566502],[28.0078036,36.5665791],[28.0076348,36.5666925],[28.0074146,36.5666135],[28.0073903,36.5664677],[28.0070205,36.5663179],[28.0067897,36.5663076],[28.0064865,36.5663405],[28.0055022,36.566536],[28.0051922,36.5664273],[28.0050945,36.5663593],[28.0049899,36.5663787],[28.0048317,36.5664886],[28.0045393,36.5664283],[28.004204,36.5663184],[28.004145,36.5662624],[28.0040914,36.5659716],[28.0041075,36.5657518],[28.0040485,36.5656743],[28.0038527,36.5655838],[28.0036544,36.5652857],[28.0034745,36.5651249],[28.003445,36.5649203],[28.0034798,36.5647565],[28.0034235,36.5645756],[28.0034879,36.5643601],[28.0033889,36.5642148],[28.0032465,36.5641232],[28.0034181,36.5639185],[28.004102,36.5637],[28.004418,36.56344],[28.0045237,36.5634111],[28.0046698,36.5632964],[28.0045552,36.563207],[28.0045653,36.5631411],[28.0046513,36.5630859],[28.0047207,36.5629991],[28.004499,36.5629682],[28.0043975,36.5630778],[28.0042478,36.5629884],[28.0040271,36.5630005],[28.0040611,36.5631976],[28.0040191,36.5633504],[28.003824,36.5633238],[28.0038341,36.5632619],[28.0039203,36.5631792],[28.0037962,36.5630546],[28.0033646,36.5631646],[28.0030373,36.563311],[28.0029327,36.5634812],[28.0027825,36.5634726],[28.0026884,36.5633706],[28.0025363,36.5633706],[28.0023899,36.5634452],[28.0017447,36.5639755],[28.0012487,36.5646231],[28.001263,36.5647642],[28.0013543,36.5647963],[28.0013755,36.5651204],[28.0011731,36.5652434],[28.0011409,36.5654761],[28.000854,36.5655752],[28.0006167,36.5659621],[28.000398,36.5661697],[28.000211,36.5665281],[27.9999043,36.5666977],[27.999594,36.5667878],[27.9995531,36.5668571],[27.9996808,36.5669441],[27.9997383,36.5671946],[27.9996334,36.5674247],[27.9993745,36.5675089],[27.9992607,36.5675872],[27.9989818,36.5676002],[27.9989147,36.567695],[27.998742,36.567856],[27.998816,36.5679658],[27.998425,36.567987],[27.9984323,36.5681719],[27.9982891,36.5683354],[27.9983437,36.56836],[27.9983138,36.5684387],[27.9980707,36.5684959],[27.997825,36.5685033],[27.9975646,36.5684608],[27.9971445,36.568352],[27.9968467,36.5681818],[27.9967421,36.5680569],[27.9967519,36.5679036],[27.9967931,36.5677962],[27.9968333,36.5675097],[27.9969272,36.5672404],[27.9971011,36.566871],[27.9970845,36.5668395],[27.9966819,36.566853],[27.9965517,36.5667923],[27.9963797,36.5666656],[27.9959509,36.5667105],[27.9958865,36.5666157],[27.9959026,36.5664692],[27.9957896,36.5664248],[27.9956719,36.566299],[27.9954627,36.5663852],[27.9954895,36.5662968],[27.9953581,36.5661525],[27.9950953,36.5657001],[27.995047,36.565446],[27.9948378,36.5653748],[27.9947224,36.5652305],[27.9945481,36.5651766],[27.9944338,36.5653731],[27.994245,36.5653727],[27.9941028,36.5652542],[27.9944435,36.5650323],[27.9944097,36.5648935],[27.9941155,36.5647873],[27.9939912,36.5648116],[27.9938802,36.5647716],[27.9938807,36.5646223],[27.9937054,36.564475],[27.9934832,36.5645282],[27.9931533,36.5644226],[27.9923943,36.5644872],[27.9924238,36.5643709],[27.9925552,36.5642309],[27.9926223,36.5641124],[27.9925117,36.5640089],[27.9923755,36.5637634],[27.9924265,36.5635458],[27.9925504,36.5633868],[27.9922977,36.5631688],[27.9922065,36.5630374],[27.9920053,36.5630955],[27.9916441,36.5629568],[27.9913563,36.5631106],[27.9912463,36.5630201],[27.9914367,36.562781],[27.9913938,36.562641],[27.991198,36.562307],[27.9911336,36.562083],[27.9912298,36.5619509],[27.9912221,36.5617404],[27.9911792,36.5615616],[27.9910398,36.561357],[27.9910049,36.5608981],[27.9909244,36.5606223],[27.9906962,36.5602507],[27.9904738,36.5601117],[27.9901309,36.559704],[27.9898983,36.559585],[27.9896205,36.5596476],[27.9892212,36.5599243],[27.9890093,36.559963],[27.9888108,36.5602948],[27.9885963,36.5604026],[27.9885292,36.5604887],[27.9881322,36.5605404],[27.988084,36.5606094],[27.9880786,36.5606956],[27.9879338,36.5611437],[27.9877755,36.5612643],[27.9876736,36.5614044],[27.9875582,36.5614367],[27.987459,36.5613462],[27.9872873,36.5613117],[27.9871532,36.5614108],[27.9871827,36.5615826],[27.987062,36.5616909],[27.9869547,36.5616844],[27.9868314,36.5615724],[27.9868153,36.5614948],[27.9866758,36.561232],[27.9867455,36.561092],[27.9873195,36.5608507],[27.9872927,36.5606891],[27.9871908,36.5606438],[27.9869708,36.5606094],[27.9867911,36.5604586],[27.9866087,36.5604198],[27.9865471,36.5602733],[27.9866651,36.5600751],[27.9868528,36.5598898],[27.9866651,36.5595817],[27.986809,36.5593553],[27.9866722,36.5592828],[27.9865112,36.5592601],[27.9863502,36.5593556],[27.9860803,36.5593706],[27.9857343,36.5592557],[27.9856485,36.5591702],[27.9856861,36.5590883],[27.9857343,36.558791],[27.985965,36.5585799],[27.985964,36.5583901],[27.9860964,36.5582352],[27.9860321,36.5581961],[27.9859623,36.5582028],[27.9857478,36.5583537],[27.9853395,36.558479],[27.9850857,36.558443],[27.9850155,36.5583924],[27.9851577,36.5580757],[27.9852891,36.5578861],[27.9852121,36.5577391],[27.9849914,36.5576125],[27.9848353,36.5574513],[27.9846802,36.5573755],[27.9845166,36.5571127],[27.9846615,36.5568003],[27.9847312,36.5565805],[27.9846346,36.55649],[27.9846024,36.5562983],[27.9842806,36.556072],[27.9842484,36.555876],[27.9838783,36.5556411],[27.9837576,36.5554731],[27.9836288,36.5551305],[27.9836273,36.5547902],[27.9832211,36.5545897],[27.9827504,36.5545421],[27.9826002,36.5546258],[27.9822555,36.555305],[27.9821006,36.5557736],[27.9820121,36.5559021],[27.9817827,36.5559689],[27.981708,36.555794],[27.9815306,36.5556107],[27.9811519,36.5553878],[27.9804911,36.5549432],[27.9801577,36.5546572],[27.9797775,36.5545055],[27.9793056,36.5544101],[27.9792361,36.5543449],[27.9790797,36.5538546],[27.9791604,36.5536593],[27.9790795,36.5535717],[27.978966,36.5535605],[27.9787373,36.5536008],[27.9787218,36.5537935],[27.97882,36.554019],[27.9791959,36.5546658],[27.9793667,36.5548954],[27.9795881,36.5556674],[27.9797396,36.5560828],[27.9799676,36.556253],[27.9800454,36.5563995],[27.9796028,36.5567636],[27.9796645,36.5572893],[27.9797181,36.5573755],[27.9797289,36.5575242],[27.9798228,36.5576858],[27.9798791,36.5579809],[27.9797328,36.558297],[27.9797557,36.5585239],[27.9799595,36.5589224],[27.9800802,36.5590453],[27.9801285,36.5592736],[27.9802331,36.5595752],[27.9802197,36.559892],[27.9802546,36.5599587],[27.9804155,36.5600815],[27.9804343,36.560325],[27.9804879,36.5605167],[27.980634,36.5607918],[27.9803941,36.5608701],[27.9802633,36.5611527],[27.9801097,36.5611415],[27.9800159,36.5612191],[27.9799113,36.561344],[27.9797929,36.5615544],[27.9799166,36.5616909],[27.9798549,36.5618546],[27.9800057,36.5620286],[27.9801714,36.5621325],[27.980268,36.562279],[27.979973,36.5625031],[27.9800597,36.5627107],[27.9800534,36.5630008],[27.979871,36.5634639],[27.9799166,36.56394],[27.9799756,36.5641124],[27.9798657,36.5643063],[27.9800481,36.5646639],[27.9800856,36.564819],[27.9800427,36.5651034],[27.9801661,36.5652089],[27.9802868,36.5654394],[27.9801971,36.5655012],[27.9800514,36.5654868],[27.9798764,36.5655256],[27.9798523,36.565754],[27.9799971,36.5659586],[27.9800776,36.5662171],[27.9802057,36.5662751],[27.9804602,36.5662882],[27.9806489,36.5664261],[27.9810619,36.5670788],[27.9812577,36.5674343],[27.9812721,36.567609],[27.9810137,36.5676871],[27.9807427,36.5679168],[27.9801473,36.5681366],[27.9800289,36.5682776],[27.9798657,36.5683778],[27.9796511,36.5684511],[27.9792607,36.5683957],[27.9791304,36.5684963],[27.9790118,36.5689368],[27.9790395,36.5691727],[27.9787637,36.5692359],[27.9786567,36.5693745],[27.9782912,36.569666],[27.9778513,36.5697177],[27.9774437,36.5698112],[27.9771379,36.5701141],[27.9767811,36.5706763],[27.9762362,36.5711195],[27.976132,36.5712903],[27.9759067,36.5713398],[27.9755017,36.5716005],[27.9755151,36.5718159],[27.9754347,36.5718417],[27.975373,36.5717857],[27.9749571,36.5718369],[27.9745254,36.5719947],[27.9743966,36.5722295],[27.9743671,36.5723846],[27.9743832,36.5726301],[27.9743081,36.5728068],[27.9744837,36.5731146],[27.9745235,36.5732631],[27.9746775,36.5733743],[27.9746219,36.5733927],[27.9744342,36.5732979],[27.9743505,36.5731988],[27.9741713,36.5731169],[27.9736974,36.5730219],[27.9736116,36.572927],[27.9735132,36.5728929],[27.973312,36.5728818],[27.9732111,36.5729317],[27.9735061,36.5732763],[27.9732272,36.5734465],[27.9731145,36.5735715],[27.9730394,36.5737395],[27.9729402,36.5741854],[27.9727069,36.574082],[27.9724742,36.5738786],[27.9721597,36.5734702],[27.9717769,36.5732122],[27.9717212,36.5732402],[27.9713161,36.5736154],[27.9708078,36.5745257],[27.9705596,36.574759],[27.9703978,36.575004],[27.9702097,36.5754929],[27.9700541,36.5760852],[27.9700515,36.5764212],[27.9697886,36.5766022],[27.9696947,36.5767917],[27.9694238,36.5771213],[27.9692388,36.5774551],[27.9687778,36.577948],[27.9684368,36.5781422],[27.9681712,36.5783318],[27.9678145,36.578349],[27.967439,36.5782995],[27.967321,36.5782047],[27.9671869,36.5780432],[27.9668784,36.5779268],[27.9666059,36.5779523],[27.9664385,36.5779182],[27.9663689,36.5778045],[27.9658484,36.5780281],[27.9656902,36.5781595],[27.9656687,36.578237],[27.9657358,36.5790641],[27.9656446,36.579245],[27.965603,36.579562],[27.9655212,36.5796974],[27.9653871,36.5800721],[27.9655078,36.5804577],[27.9655078,36.5812718],[27.9657576,36.5815924],[27.9660315,36.5817384],[27.9666102,36.5818232],[27.9668677,36.5819051],[27.9670635,36.5821894],[27.9673493,36.5824883],[27.9675436,36.582674],[27.9678129,36.5828416],[27.9685125,36.5828508],[27.9687519,36.5826802],[27.9691315,36.5825792],[27.9693943,36.582534],[27.9698718,36.5824952],[27.9702419,36.5825663],[27.9713604,36.5829497],[27.9720066,36.5829579],[27.9722536,36.5827731],[27.972492,36.582717],[27.972613,36.5828054],[27.9728222,36.5829087],[27.9733103,36.582982],[27.9738817,36.5831392],[27.9743457,36.5831069],[27.9751051,36.583192],[27.9757498,36.5834253],[27.9763949,36.5834335],[27.9767547,36.5837382],[27.97681,36.584095],[27.9767079,36.584245],[27.976494,36.584355],[27.9762614,36.5845521],[27.9762197,36.5847156],[27.9767409,36.5851917],[27.9769421,36.5855686],[27.977111,36.58556],[27.977221,36.585448],[27.977463,36.585374],[27.97794,36.5854066],[27.9784517,36.5855248],[27.9788267,36.5854684],[27.9788893,36.585392],[27.9790288,36.5853016],[27.9793426,36.585377],[27.9795047,36.5856455],[27.9794472,36.5861932],[27.9793453,36.5864431],[27.979232,36.586645],[27.9783609,36.5868092],[27.9779613,36.5867317],[27.977641,36.586786],[27.977325,36.587045],[27.9769417,36.5872352],[27.9768753,36.5873796],[27.9770708,36.5875802],[27.9770289,36.5876825],[27.9768455,36.5876663],[27.9766712,36.5875974],[27.9764175,36.587564],[27.9761593,36.5878147],[27.9762035,36.587999],[27.9760167,36.5880777],[27.9758692,36.58811],[27.9754722,36.5883598],[27.9751477,36.5886549],[27.9749331,36.5889478],[27.9747641,36.5892773],[27.974808,36.589507],[27.9747695,36.5896025],[27.9744771,36.5895357],[27.9741338,36.5895896],[27.9737985,36.5898351],[27.9732889,36.5903713],[27.9731521,36.5905501],[27.9731896,36.5906707],[27.9730663,36.5907999],[27.9729536,36.590675],[27.9728571,36.5906297],[27.9724976,36.5907783],[27.9725406,36.5908473],[27.9726586,36.590942],[27.9726478,36.5911854],[27.9725111,36.5916268],[27.9723716,36.5914481],[27.9720631,36.5913533],[27.9714992,36.5913738],[27.9711753,36.591545],[27.9708803,36.5916268],[27.9706818,36.5917367],[27.9703733,36.5919542],[27.9700508,36.5923528],[27.969908,36.59263],[27.9698342,36.5926605],[27.9697886,36.5928414],[27.9696867,36.5929448],[27.9696518,36.5931817],[27.9695553,36.5934272],[27.9695579,36.5935672],[27.9694989,36.5938277],[27.9693112,36.5938622],[27.9692683,36.5939505],[27.9692924,36.5940711],[27.9694721,36.5942886],[27.9695794,36.5945104],[27.969456,36.5946676],[27.9693487,36.5947107],[27.9690052,36.5945434],[27.9685011,36.5947322],[27.9681873,36.5949368],[27.967868,36.595087],[27.9677743,36.5952447],[27.967553,36.595346],[27.9674175,36.5954644],[27.967321,36.5955139],[27.9670072,36.5958843],[27.966916,36.5958692],[27.9666665,36.5957314],[27.9663581,36.5957616],[27.9661944,36.5956883],[27.965648,36.595875],[27.965011,36.595881],[27.9645127,36.5960674],[27.964058,36.596145],[27.9637974,36.5964283],[27.9634959,36.5964656],[27.9634107,36.5965564],[27.9634988,36.5970795],[27.9626298,36.5980528],[27.962332,36.598343],[27.9619861,36.5985696],[27.9614282,36.5987203],[27.9609056,36.5990482],[27.9603138,36.5993],[27.959958,36.599518],[27.9592097,36.5998488],[27.958746,36.5998487],[27.9584771,36.5998772],[27.9581988,36.5998659],[27.9576367,36.599796],[27.9571369,36.5998987],[27.956781,36.600315],[27.9564145,36.6008023],[27.9565189,36.6010366],[27.9568845,36.6014594],[27.9572678,36.601672],[27.9575497,36.6015756],[27.9581337,36.6017121],[27.958395,36.601972],[27.9588213,36.6020997],[27.9591279,36.6019949],[27.9595012,36.6021742],[27.960311,36.602342],[27.96096,36.6023848],[27.9611442,36.6026275],[27.9604211,36.6031719],[27.9603547,36.6034629],[27.9603582,36.603762],[27.9605011,36.6040621],[27.9607448,36.6044006],[27.961448,36.6046292],[27.96164,36.6046711],[27.961775,36.604771],[27.9621207,36.6049098],[27.9621511,36.6051764],[27.9623962,36.6054388],[27.9631168,36.6057345],[27.9637295,36.6057529],[27.9640031,36.6058864],[27.9641265,36.6060156],[27.963866,36.606296],[27.9633458,36.6064767],[27.9630737,36.6066962],[27.9630729,36.6069067],[27.9631609,36.6070806],[27.9635548,36.6072074],[27.9640567,36.6071524],[27.964514,36.607189],[27.9647315,36.607148],[27.9655856,36.6068898],[27.96635,36.6067308],[27.9671659,36.6068312],[27.967379,36.606909],[27.9677,36.607163],[27.9678637,36.6074725],[27.96866,36.607412],[27.9688203,36.6072687],[27.9690937,36.6071575],[27.9693548,36.6069784],[27.9699325,36.6073325],[27.970253,36.607399],[27.970571,36.607456],[27.9710456,36.6074576],[27.9716885,36.6075985],[27.972168,36.607641],[27.972486,36.607638],[27.973284,36.607761],[27.973445,36.607887],[27.9738682,36.6081343],[27.974351,36.6083668],[27.9745763,36.6085132],[27.974572,36.608778],[27.974416,36.6089815],[27.97378,36.609169],[27.973146,36.609431],[27.972515,36.60995],[27.9721335,36.610118],[27.9720917,36.6105079],[27.972364,36.610594],[27.972686,36.610848],[27.9728244,36.6111152],[27.9726768,36.6116448],[27.9728581,36.6118527],[27.9732176,36.611846],[27.9735801,36.6117165],[27.973648,36.611354],[27.973806,36.611224],[27.9744389,36.611088],[27.9747782,36.610653],[27.9753472,36.6100717],[27.9754863,36.6099738],[27.976021,36.609921],[27.9767246,36.60997],[27.978192,36.6094562],[27.979201,36.609382],[27.979522,36.609636],[27.9799032,36.6098093],[27.9797089,36.6100508],[27.9796618,36.6102615],[27.9801446,36.6107481],[27.9805095,36.6109956],[27.9810512,36.6109375],[27.9817218,36.6109203],[27.9821992,36.6109892],[27.9828746,36.6119313],[27.9830468,36.6119928],[27.983376,36.611916],[27.9838476,36.6117502],[27.9842194,36.611392],[27.9853213,36.6107179],[27.98559,36.610614],[27.986062,36.610225],[27.9863329,36.6100851],[27.9862547,36.6099084],[27.9862654,36.6097835],[27.986374,36.609708],[27.9865175,36.6095251],[27.987166,36.609316],[27.987482,36.609056],[27.9891508,36.6083488],[27.9894036,36.6079276],[27.9893768,36.6073247],[27.989307,36.6070577],[27.989525,36.606856],[27.9896706,36.6065265],[27.9899002,36.606462],[27.9906362,36.6064597],[27.9907883,36.606587],[27.9906686,36.6068899],[27.9906919,36.6070975],[27.9908279,36.6072761],[27.9910383,36.6074348],[27.9916601,36.6074497],[27.9917824,36.6075576],[27.9917093,36.6083724],[27.991936,36.608505],[27.992255,36.608503],[27.992412,36.608373],[27.992548,36.6082021],[27.9923117,36.6076689],[27.99256,36.607473],[27.9932658,36.6073428],[27.9935679,36.6073323],[27.9936696,36.607541],[27.993995,36.60759],[27.994157,36.607716],[27.994476,36.607713],[27.994791,36.607454],[27.9949129,36.6071697],[27.9951703,36.6069673],[27.9955727,36.6071352],[27.9959965,36.6073462],[27.9964122,36.6073505],[27.9967421,36.6072558],[27.9975307,36.6072558],[27.997977,36.607427],[27.998668,36.6075572],[27.9990542,36.6076907],[27.9994726,36.6077682],[28.0002295,36.6078159],[28.0008292,36.6076873],[28.0010712,36.6071352],[28.0014294,36.6069159],[28.0016454,36.6069272],[28.0016684,36.6070942],[28.0018609,36.6071237],[28.0018698,36.6069855],[28.0023239,36.6069661],[28.0022199,36.6069185],[28.002016,36.6069511],[28.0018243,36.6068543],[28.0017939,36.6066458],[28.0019489,36.6064414],[28.0027181,36.6062653],[28.0030775,36.6062696],[28.0031982,36.6060393],[28.003531,36.605711],[28.0038258,36.605755],[28.0040243,36.605712],[28.0042362,36.6054945],[28.0044106,36.6053632],[28.0047619,36.6053352],[28.0050275,36.6054794],[28.0052528,36.6056861],[28.005606,36.605951],[28.0061501,36.6060577],[28.00656,36.605814],[28.007194,36.605551],[28.0077924,36.6057377],[28.0082108,36.6057222],[28.0083502,36.6057951],[28.0084624,36.6059818],[28.0083077,36.6062296],[28.00848,36.60644],[28.0092305,36.6063816],[28.00975,36.606043],[28.010387,36.606038],[28.0113001,36.6062884],[28.0119878,36.6066055],[28.0122238,36.6066572],[28.0125624,36.6067105],[28.0134255,36.6066917],[28.0148095,36.6064462],[28.015166,36.605998],[28.0163866,36.6057314],[28.0164134,36.6055849],[28.0163276,36.605361],[28.0166763,36.6052404],[28.018342,36.6052],[28.019932,36.604929],[28.0201793,36.6048141],[28.0203456,36.6047064],[28.0211449,36.6045084],[28.021675,36.604272],[28.022325,36.6037461],[28.0230331,36.6036514],[28.0232853,36.603505],[28.0241415,36.6033975],[28.0243899,36.6032756],[28.0247462,36.6033163],[28.0252291,36.6033006],[28.0255993,36.6031358],[28.0261874,36.6031131],[28.0265093,36.6030743],[28.0269223,36.6029839],[28.0274572,36.6029508],[28.0277746,36.6027602],[28.028508,36.6028],[28.0290887,36.6028966],[28.029688,36.6028676],[28.0309259,36.6023649],[28.0312053,36.6020974],[28.031372,36.6021462],[28.031683,36.602002],[28.0320832,36.6021459],[28.0319758,36.6023879],[28.03243,36.602828],[28.0326161,36.6033466],[28.0327992,36.60345],[28.0332789,36.603369],[28.0343937,36.6030618],[28.034566,36.603133],[28.0345317,36.6035322],[28.034413,36.603649],[28.034258,36.603907],[28.0343848,36.6041308],[28.0351025,36.6042754],[28.0359334,36.6042426],[28.0362298,36.604142],[28.0365131,36.6039633],[28.0365461,36.6037203],[28.0365086,36.6034274],[28.0366534,36.6032336],[28.0365461,36.6030097],[28.0367408,36.6028597],[28.0372403,36.6025876],[28.037578,36.6025527],[28.037908,36.602848],[28.038273,36.6029401],[28.03823,36.603102],[28.038403,36.6034672],[28.0382548,36.6037207],[28.0384512,36.6038386],[28.0390413,36.6040165],[28.039518,36.604118],[28.040002,36.604499],[28.0404139,36.6045729],[28.0409074,36.6045428],[28.0427796,36.6045729],[28.0441034,36.6046772],[28.044304,36.60459],[28.0450487,36.6043964],[28.0451129,36.6044524],[28.0450088,36.6046112],[28.0449683,36.6048823],[28.04575,36.605476],[28.0461377,36.6055419],[28.046878,36.6057357],[28.0478436,36.6058778],[28.0484229,36.6060888],[28.04847,36.606352],[28.0482298,36.6070706],[28.048326,36.607381],[28.048965,36.607503],[28.0495012,36.6077898],[28.049614,36.608397],[28.0501074,36.6084271],[28.050887,36.608257],[28.051521,36.607995],[28.051836,36.607735],[28.0523774,36.6077167],[28.05311,36.6075322],[28.0531914,36.6076336],[28.0531285,36.6079848],[28.0532249,36.6080547],[28.0535678,36.6078791],[28.053908,36.607845],[28.0539067,36.6077661],[28.054223,36.607586],[28.054381,36.607456],[28.0549453,36.6073476],[28.0549077,36.6071677],[28.0551169,36.6069878],[28.055169,36.606807],[28.05548,36.60629],[28.0559752,36.6059456],[28.0558795,36.6054988],[28.056103,36.605257],[28.056261,36.605126],[28.0566227,36.6049899],[28.0579329,36.6051051],[28.0584587,36.6050578],[28.058807,36.604847],[28.0603856,36.6043964],[28.0618447,36.6044438],[28.0627459,36.6047323],[28.063395,36.6051095],[28.0634204,36.6052402],[28.0634527,36.6052575],[28.0635009,36.6052128],[28.0634783,36.605141],[28.0636323,36.6050615],[28.0637751,36.6051063],[28.0639145,36.6050005],[28.0640548,36.6049675],[28.064595,36.605285],[28.0645825,36.6054053],[28.0645376,36.6054914],[28.0644414,36.6055603],[28.0643424,36.6055668],[28.0640964,36.6055],[28.0640632,36.6055678],[28.063954,36.6055533],[28.0639316,36.6055783],[28.0639515,36.6056196],[28.0639205,36.6056716],[28.0640876,36.6057864],[28.0642687,36.6061977],[28.0642386,36.6070488],[28.0641778,36.6073074],[28.064087,36.6074926],[28.063275,36.6084114],[28.0630717,36.6084872],[28.0629282,36.6086715],[28.0627834,36.6093623],[28.0628418,36.6101809],[28.0626225,36.6106275],[28.0627888,36.611127],[28.0638234,36.6125793],[28.0643223,36.6128032],[28.065289,36.612754],[28.0661146,36.6124134],[28.0667005,36.6125176],[28.0671359,36.612842],[28.0675524,36.6134436],[28.0677663,36.6137075],[28.0678977,36.6136474],[28.0681364,36.6132812],[28.068518,36.613125],[28.0688184,36.6130905],[28.0689955,36.6133101],[28.0691718,36.613841],[28.069776,36.614641],[28.07058,36.615147],[28.071386,36.615782],[28.0718057,36.6161575],[28.072191,36.616418],[28.072513,36.616672],[28.072838,36.617182],[28.073,36.617309],[28.073646,36.617946],[28.07445,36.618452],[28.0749492,36.6188658],[28.0747293,36.6191671],[28.0746113,36.6195719],[28.0748641,36.620027],[28.0752175,36.6203469],[28.0755025,36.6204662],[28.0760489,36.6204201],[28.0765425,36.6203469],[28.0770145,36.6204889],[28.0773103,36.6203586],[28.0773901,36.6202521],[28.0778253,36.6204447],[28.0779433,36.6206126],[28.077836,36.6207159],[28.0776268,36.6207977],[28.0773525,36.6210228],[28.0777931,36.6210733],[28.0778146,36.6213058],[28.0777931,36.621478],[28.0778575,36.6215985],[28.0777717,36.6217578],[28.0777019,36.6221712],[28.0778199,36.6222616],[28.0779111,36.6224424],[28.0779272,36.6226448],[28.0781472,36.6228988],[28.0781089,36.623464],[28.0784798,36.6236651],[28.0787104,36.6240783],[28.0789411,36.624199],[28.078997,36.624577],[28.0786078,36.6247298],[28.0786675,36.6251289],[28.07863,36.6253829],[28.0788009,36.6257329],[28.0788284,36.6263129],[28.0789294,36.6267784],[28.0792866,36.6272635],[28.0794486,36.6273819],[28.0796163,36.627399],[28.0798577,36.6279543],[28.080167,36.62842],[28.0807965,36.6285958],[28.0811451,36.6289208],[28.0813137,36.6290483],[28.0814018,36.6292555],[28.0815369,36.6293294],[28.0821151,36.6299722],[28.0823307,36.630165],[28.0824393,36.6301838],[28.082607,36.6301639],[28.0829154,36.6302683],[28.0830388,36.6305826],[28.0831675,36.6306364],[28.0832252,36.6305643],[28.0834567,36.6306784],[28.0835151,36.6307806],[28.0841696,36.6310299],[28.0843256,36.6312931],[28.0846083,36.6314588],[28.0847999,36.6316029],[28.0850155,36.6318331],[28.0851544,36.6321575],[28.0851672,36.6323097],[28.0850962,36.6322869],[28.0850616,36.6323834],[28.085164,36.632486],[28.0851233,36.6326438],[28.0851416,36.6328146],[28.0852905,36.6329201],[28.0855788,36.6329523],[28.0858417,36.6329502],[28.0861072,36.63306],[28.0862689,36.6332417],[28.0863875,36.6332828],[28.0868059,36.6335744],[28.0871184,36.6337014],[28.0873102,36.633682],[28.0875242,36.63381],[28.0877184,36.6338335],[28.0879107,36.6339396],[28.0882174,36.6340013],[28.0888457,36.6343622],[28.0889718,36.6345279],[28.0892937,36.6346635],[28.0898121,36.6350433],[28.0900218,36.6351633],[28.090143,36.6351779],[28.090454,36.6356444],[28.090787,36.6358457],[28.091159,36.6361305],[28.0912613,36.6363186],[28.0915654,36.6365458],[28.0917664,36.6367596],[28.091748,36.6368526],[28.0918019,36.6369541],[28.0921176,36.6373744],[28.0923946,36.6374983],[28.0925815,36.6377108],[28.0926316,36.6378394],[28.0927622,36.6379636],[28.0928654,36.6379804],[28.0931981,36.6383117],[28.0932989,36.638454],[28.093538,36.638575],[28.09386,36.638829],[28.0939622,36.639018],[28.0940644,36.6393577],[28.0940833,36.6396542],[28.094196,36.6397663],[28.0944427,36.6398246],[28.0946578,36.6399783],[28.094793,36.6401786],[28.0949531,36.6402353],[28.0952181,36.6405064],[28.0954343,36.6408004],[28.0953991,36.6410115],[28.0955606,36.6414694],[28.0957218,36.6417016],[28.0957588,36.6420387],[28.0958602,36.6423329],[28.0957787,36.6426413],[28.0953125,36.6439418],[28.0954707,36.644386],[28.0957419,36.6449656],[28.0957521,36.6451589],[28.0952558,36.6460165],[28.0950896,36.6462545],[28.0948991,36.6464731],[28.0946638,36.6466619],[28.0939427,36.6478178],[28.0933879,36.6485701],[28.0930515,36.6488612],[28.0926992,36.6490464],[28.0926264,36.6492651],[28.092419,36.649632],[28.0921925,36.6499329],[28.091792,36.650409],[28.0912684,36.6508409],[28.0908144,36.6509356],[28.0896163,36.6507323],[28.0890074,36.6507065],[28.0887446,36.6506462],[28.0879775,36.6507882],[28.0876465,36.6509299],[28.0875463,36.6511577],[28.0875654,36.6514869],[28.087768,36.652001],[28.0879104,36.652532],[28.087948,36.652839],[28.0881169,36.6531682],[28.0880999,36.6534908],[28.0878843,36.6537916],[28.0878448,36.6539173],[28.0873387,36.6544954],[28.0868456,36.6548315],[28.0865747,36.6549413],[28.0864808,36.6550467],[28.0864157,36.655365],[28.0864996,36.6557568],[28.0863717,36.6559115],[28.086052,36.6561715],[28.0857432,36.656256],[28.0856547,36.6562539],[28.0853353,36.6563264],[28.084703,36.656383],[28.0846274,36.6564626],[28.0846596,36.6566928],[28.0846193,36.6568155],[28.0846703,36.6570737],[28.084557,36.657412],[28.0840118,36.6581044],[28.0840065,36.6582055],[28.0839307,36.658358],[28.0838092,36.658456],[28.0837033,36.6584519],[28.0836846,36.658665],[28.0837244,36.6594424],[28.083788,36.6594694],[28.0837932,36.6595185],[28.0837381,36.659607],[28.0836624,36.659635],[28.0836404,36.659667],[28.0837352,36.6597183],[28.0837804,36.6597759],[28.0837148,36.6598877],[28.083636,36.659989],[28.0832769,36.6602083],[28.0830073,36.6605337],[28.0828625,36.660625],[28.0827378,36.6606476],[28.0826157,36.6606283],[28.0824012,36.6606519],[28.0824226,36.66071],[28.0828303,36.6607315],[28.0829282,36.6607638],[28.0829698,36.6608068],[28.0824307,36.6608241],[28.0821544,36.6609123],[28.0818674,36.6611145],[28.081581,36.661164],[28.0812264,36.6609798],[28.0809461,36.6607912],[28.0807167,36.660766],[28.0805826,36.6607939],[28.0803278,36.6607595],[28.0800489,36.6607574],[28.0795956,36.6609489],[28.0794856,36.661065],[28.0792093,36.6611296],[28.0788433,36.6611472],[28.0783617,36.6610685],[28.077749,36.660813],[28.0775437,36.6605035],[28.0775044,36.6602736],[28.0775169,36.6601398],[28.0777127,36.6600021],[28.0778843,36.6599677],[28.0780184,36.6598666],[28.0779728,36.659787],[28.0775289,36.6597042],[28.0772594,36.6597891],[28.0771601,36.6598429],[28.0768474,36.6597891],[28.0767256,36.6599032],[28.0766934,36.6601076],[28.0765781,36.6602216],[28.075512,36.660448],[28.074264,36.660462],[28.0741557,36.6605755],[28.0738572,36.6605779],[28.0735716,36.6604718],[28.0730694,36.6602318],[28.0727581,36.6599294],[28.0722812,36.6593609],[28.072144,36.659066],[28.0719888,36.658808],[28.0719647,36.6586143],[28.0716656,36.6577074],[28.071481,36.657273],[28.0713826,36.6571425],[28.071159,36.657019],[28.0706224,36.6561261],[28.0706933,36.6555158],[28.070815,36.655224],[28.0708489,36.6549456],[28.0707791,36.6544399],[28.070806,36.6537965],[28.0707711,36.6532069],[28.070696,36.6531445],[28.070461,36.652658],[28.0703768,36.6524172],[28.0699396,36.6515973],[28.0698511,36.6512401],[28.0697009,36.6508162],[28.0694114,36.6498367],[28.069403,36.6494259],[28.0692986,36.6493228],[28.0690384,36.6489397],[28.068856,36.6488214],[28.0687594,36.6488235],[28.0684322,36.6490064],[28.0679923,36.6491829],[28.067362,36.649368],[28.0665493,36.6494734],[28.0655703,36.6494949],[28.0652618,36.6494777],[28.0649319,36.6495293],[28.0645081,36.6496456],[28.0643204,36.6497531],[28.0630544,36.6502997],[28.062621,36.650544],[28.0623195,36.6507344],[28.0619507,36.6511139],[28.0619434,36.6513437],[28.0621108,36.6515382],[28.0625851,36.6518607],[28.0628774,36.6519868],[28.0631348,36.6520729],[28.0635399,36.6521245],[28.0645967,36.6524194],[28.0654778,36.6525173],[28.0660008,36.6525366],[28.0662593,36.6525755],[28.0664393,36.6526625],[28.0665332,36.6527701],[28.0665654,36.6528755],[28.0666701,36.6529047],[28.0667773,36.6530197],[28.0668125,36.6530938],[28.0665732,36.6533956],[28.0664796,36.6535641],[28.0664018,36.6535943],[28.0661628,36.6535822],[28.0659109,36.6537126],[28.0658848,36.6537825],[28.0659646,36.6538417],[28.0662194,36.6539084],[28.066334,36.6538918],[28.066588,36.6537371],[28.0667922,36.6537554],[28.0668239,36.6538174],[28.0669516,36.6538417],[28.0672353,36.6537655],[28.067354,36.6538245],[28.0674141,36.6539378],[28.0675444,36.6540418],[28.0675819,36.6541559],[28.0677029,36.6542284],[28.0679095,36.6547941],[28.0680249,36.654905],[28.0682127,36.6550223],[28.0686001,36.6553387],[28.0686843,36.6555072],[28.0686226,36.6557568],[28.0681828,36.655901],[28.0680406,36.6560602],[28.0680142,36.6561421],[28.0681103,36.6564475],[28.0680493,36.6565279],[28.0677992,36.6564217],[28.0671796,36.6563399],[28.0669865,36.6562883],[28.0662355,36.6563098],[28.0657446,36.656398],[28.0655998,36.6564604],[28.0657849,36.6568348],[28.0657393,36.6569532],[28.0655569,36.6570565],[28.0650955,36.6571748],[28.0643767,36.6571017],[28.0639449,36.6571425],[28.0632716,36.6574395],[28.0632287,36.6575901],[28.0629766,36.6575901],[28.0622873,36.6575169],[28.0620164,36.6574438],[28.0618091,36.6574831],[28.0616972,36.6575944],[28.0616865,36.6577429],[28.0616355,36.6578548],[28.0614343,36.6580183],[28.0612814,36.6580613],[28.0609676,36.6580398],[28.0607396,36.6579215],[28.060486,36.657628],[28.0603561,36.6573943],[28.0601144,36.6571981],[28.0598265,36.6568962],[28.0598116,36.6568305],[28.0596104,36.6565056],[28.0591008,36.6561175],[28.0589506,36.6558601],[28.0589067,36.6558704],[28.0586556,36.6555072],[28.0585563,36.6554642],[28.0585161,36.6552899],[28.058272,36.6549413],[28.0582023,36.6546874],[28.058052,36.654567],[28.0577087,36.6544657],[28.0575263,36.6542721],[28.0573037,36.6541882],[28.056931,36.654191],[28.056616,36.654451],[28.056284,36.6546563],[28.0559787,36.6550209],[28.0558178,36.655008],[28.055716,36.6549267],[28.0555871,36.654767],[28.0549166,36.6545131],[28.0544659,36.6544076],[28.0542943,36.6546078],[28.054233,36.655115],[28.0541437,36.6553339],[28.053377,36.6556299],[28.0531624,36.6556858],[28.0531087,36.655972],[28.0530724,36.656408],[28.0530041,36.6565788],[28.0530578,36.65688],[28.0530435,36.6572136],[28.0529129,36.6574072],[28.0528325,36.6574718],[28.0526566,36.6577457],[28.0527145,36.6579817],[28.0528381,36.6582227],[28.0530712,36.6583669],[28.0532026,36.658539],[28.0535728,36.6587649],[28.054179,36.6590705],[28.0547851,36.6593158],[28.0551365,36.6592878],[28.055407,36.659343],[28.0554572,36.6595189],[28.05605,36.659723],[28.0560619,36.6596493],[28.0559811,36.6594587],[28.056202,36.659208],[28.05636,36.659078],[28.0566573,36.6589629],[28.0579287,36.6588661],[28.0584249,36.6589629],[28.0589708,36.6590348],[28.0592188,36.6590296],[28.0595487,36.6589672],[28.059864,36.65879],[28.0603051,36.6588316],[28.0606753,36.6588273],[28.061139,36.658778],[28.0613,36.658906],[28.0615302,36.6589841],[28.061622,36.65916],[28.061784,36.659286],[28.0618796,36.6597568],[28.0618152,36.6601011],[28.0617233,36.6602721],[28.061479,36.660317],[28.0610803,36.6602271],[28.0608082,36.6600723],[28.060519,36.660068],[28.060103,36.6603064],[28.0595335,36.6605449],[28.0597365,36.6607401],[28.0600871,36.6613246],[28.0603266,36.6613275],[28.0605415,36.6612533],[28.0610411,36.6609928],[28.0613834,36.6610199],[28.0616532,36.6609993],[28.0618732,36.6608895],[28.0621156,36.6609596],[28.062247,36.6610564],[28.0623752,36.6613238],[28.062295,36.661723],[28.0621612,36.6619623],[28.0619815,36.6621301],[28.0616421,36.6623494],[28.0616945,36.6628831],[28.0618554,36.6631801],[28.0620968,36.663378],[28.0622336,36.6635523],[28.0624133,36.6636814],[28.0629873,36.6640084],[28.0632153,36.6641612],[28.0633253,36.6642816],[28.0637035,36.6647808],[28.064405,36.6659976],[28.0647656,36.666687],[28.0649587,36.6669818],[28.0652913,36.6672937],[28.0655649,36.6677477],[28.065809,36.6679069],[28.0661631,36.6683565],[28.0663562,36.6686513],[28.066662,36.6688836],[28.0673271,36.6696732],[28.0674612,36.669869],[28.0680433,36.6702928],[28.0679575,36.6704886],[28.0679753,36.6708058],[28.0680582,36.6714398],[28.0683517,36.6722204],[28.0686716,36.6727462],[28.068919,36.6730794],[28.0688968,36.6733412],[28.0690733,36.6735198],[28.0690947,36.6736876],[28.0691547,36.6737773],[28.0693961,36.6735973],[28.069798,36.6734731],[28.0706005,36.6734651],[28.0712297,36.6736506],[28.0714497,36.6738635],[28.0719218,36.6745498],[28.0721158,36.6746962],[28.0724881,36.6748211],[28.0728847,36.6748621],[28.0730912,36.6749365],[28.0730322,36.6750988],[28.0729248,36.6752607],[28.0729811,36.6753987],[28.0729935,36.6755618],[28.0725285,36.6756893],[28.0720104,36.6757034],[28.0711868,36.6755442],[28.0708297,36.6753312],[28.0706188,36.6749168],[28.0706509,36.6748338],[28.0704619,36.6747792],[28.0700074,36.6747834],[28.069856,36.6747031],[28.0698107,36.6746985],[28.0697792,36.6747318],[28.0698162,36.6749733],[28.0698844,36.6750877],[28.0698499,36.6751415],[28.069019,36.67515],[28.0686449,36.6750601],[28.0684101,36.6748599],[28.068539,36.6745795],[28.0684866,36.6745695],[28.0684059,36.6746109],[28.0683759,36.6745564],[28.0682698,36.6744999],[28.0682887,36.6744351],[28.0682208,36.6743842],[28.0681057,36.6743852],[28.0679464,36.6745469],[28.0677974,36.674504],[28.0675024,36.6743666],[28.0672854,36.674129],[28.0666626,36.6742257],[28.0663418,36.6741996],[28.0659326,36.6740774],[28.0658576,36.6740989],[28.0658893,36.6740286],[28.0657674,36.6740158],[28.0652925,36.6736578],[28.0652183,36.673638],[28.0647797,36.6737143],[28.0647379,36.6737665],[28.0648032,36.6739737],[28.0650419,36.6743265],[28.0650617,36.6744637],[28.0649959,36.6744805],[28.0649167,36.6744623],[28.0647576,36.6743286],[28.064358,36.6738719],[28.0642887,36.673761],[28.0642586,36.6737504],[28.064239,36.6738942],[28.064166,36.6739072],[28.0640722,36.6737282],[28.0640043,36.6737292],[28.0639237,36.6738687],[28.0635093,36.6740119],[28.0632895,36.6741605],[28.0632716,36.6742406],[28.0634271,36.6745274],[28.063096,36.6743684],[28.0630437,36.6743706],[28.0630115,36.6744136],[28.0629538,36.6744265],[28.0628921,36.674391],[28.0628532,36.6744168],[28.0628518,36.6745147],[28.0624919,36.6752127],[28.062389,36.6751429],[28.0623211,36.6749755],[28.0626281,36.6744909],[28.0626714,36.6742862],[28.0625408,36.674264],[28.0625485,36.6742361],[28.0623114,36.6741457],[28.0623341,36.6741033],[28.0623013,36.6740352],[28.0620982,36.6739522],[28.0619078,36.6738972],[28.0615014,36.6738435],[28.0614316,36.6738059],[28.0609655,36.6737411],[28.0609059,36.673751],[28.0604831,36.6740202],[28.0600006,36.6741724],[28.0599848,36.674572],[28.0591623,36.6747369],[28.0587341,36.6746089],[28.0564085,36.6745422],[28.0558211,36.6744477],[28.0554485,36.6742932],[28.0549017,36.6740063],[28.0546866,36.6736685],[28.0541426,36.673354],[28.0535611,36.6731419],[28.053192,36.6729457],[28.0526851,36.6728386],[28.0521358,36.6728282],[28.0512665,36.6730717],[28.0512596,36.6732767],[28.0509735,36.6735622],[28.0508557,36.6736359],[28.0504668,36.6737392],[28.0503385,36.6738252],[28.0500694,36.6741126],[28.0498955,36.6742372],[28.0496987,36.6743253],[28.0495656,36.6743555],[28.0495253,36.6743071],[28.049473,36.6743297],[28.04952,36.6743824],[28.0494153,36.6744114],[28.0490707,36.6744437],[28.0489245,36.6745341],[28.0482821,36.6746083],[28.0482222,36.6746523],[28.0481587,36.6747503],[28.0482131,36.6748036],[28.048202,36.6748617],[28.0482797,36.6748781],[28.0482928,36.6749292],[28.0482089,36.6749543],[28.0483139,36.675125],[28.0483547,36.6751082],[28.0488109,36.6754809],[28.0488159,36.6755489],[28.0488933,36.6756853],[28.0489258,36.6756769],[28.0489567,36.6757549],[28.048844,36.6758108],[28.0489017,36.675955],[28.0490144,36.6759281],[28.0491418,36.6761916],[28.0491954,36.6765594],[28.0491337,36.6765788],[28.04925,36.6768714],[28.0493054,36.6769208],[28.0494422,36.6769617],[28.0496174,36.677072],[28.049575,36.6771833],[28.0496031,36.6772263],[28.0495146,36.6772672],[28.0495642,36.677336],[28.0496447,36.6772973],[28.0497247,36.6774237],[28.0497796,36.6774096],[28.049813,36.6774756],[28.0497414,36.677494],[28.0497598,36.6775562],[28.0498084,36.6775455],[28.0499104,36.6778976],[28.0503474,36.6782481],[28.0503717,36.6783164],[28.0503202,36.6783256],[28.0503878,36.6785064],[28.0504069,36.6786902],[28.0504623,36.6786828],[28.0505124,36.6787697],[28.0506518,36.6788676],[28.0507397,36.6792033],[28.0507485,36.6795445],[28.0505795,36.6798602],[28.0506667,36.6801976],[28.0513866,36.6809362],[28.0513801,36.6810542],[28.0515632,36.6812917],[28.0515967,36.6816603],[28.0516989,36.6819105],[28.0519708,36.6822634],[28.0521409,36.682685],[28.0521426,36.6828823],[28.0522161,36.6831943],[28.0521808,36.6834876],[28.0520867,36.6835466],[28.0520683,36.6836503],[28.0522248,36.683733],[28.0522381,36.6838934],[28.0518772,36.6842167],[28.0517236,36.6841235],[28.0516053,36.6841745],[28.0511764,36.6846737],[28.050745,36.6850916],[28.0504507,36.6852628],[28.0501265,36.6854021],[28.0496768,36.6856978],[28.0492936,36.6860118],[28.04864,36.6863768],[28.0481029,36.6865341],[28.0472849,36.6866076],[28.0469154,36.6867635],[28.045967,36.6872551],[28.0455885,36.6874043],[28.0454105,36.6875726],[28.0454009,36.6878006],[28.0456969,36.68852],[28.0456844,36.6886449],[28.0457156,36.6886879],[28.0456953,36.6888422],[28.0453201,36.6892912],[28.0450169,36.689565],[28.0448852,36.6898202],[28.0448653,36.6899926],[28.0449077,36.6899881],[28.0448897,36.6901308],[28.0445509,36.6908427],[28.0443577,36.6911503],[28.0443259,36.6912476],[28.0437105,36.6912573],[28.0435709,36.6911369],[28.0433651,36.6910516],[28.0428535,36.6909188],[28.0428062,36.6909563],[28.0427934,36.691015],[28.0433657,36.6911689],[28.0431317,36.6920827],[28.0430798,36.692384],[28.0429921,36.6924557],[28.0420506,36.6925099],[28.0419452,36.6924676],[28.0418958,36.6917915],[28.0419251,36.6917451],[28.0423753,36.6914671],[28.0423786,36.6914066],[28.0424564,36.6913711],[28.0424295,36.6913216],[28.0423804,36.6912978],[28.0422671,36.6913318],[28.041851,36.6916012],[28.0417748,36.6916037],[28.0416954,36.6916443],[28.0416343,36.6917453],[28.0416958,36.6925697],[28.0416599,36.6931802],[28.041612,36.6934541],[28.0416154,36.6936473],[28.0415644,36.6935622],[28.0415569,36.6928567],[28.0415102,36.6927245],[28.0413766,36.6925576],[28.0413206,36.692204],[28.0412876,36.6921371],[28.0412449,36.69215],[28.0411925,36.6922627],[28.0411951,36.6924143],[28.0409193,36.6926696],[28.0407101,36.6927378],[28.0405478,36.6927604],[28.04033,36.6927589],[28.0401219,36.6927268],[28.0398306,36.6926485],[28.0392729,36.6924004],[28.0390916,36.6922612],[28.0389543,36.6920853],[28.0390705,36.6920749],[28.0392832,36.6919229],[28.0393038,36.6916721],[28.0390935,36.6913631],[28.039061,36.6911826],[28.0391218,36.6910918],[28.0391854,36.6910501],[28.0394205,36.6910679],[28.0394669,36.691031],[28.0394497,36.6908051],[28.0392352,36.6904684],[28.0388287,36.6900729],[28.0384447,36.6897523],[28.0384528,36.68968],[28.0381832,36.689546],[28.037636,36.6891026],[28.0375027,36.688921],[28.0372653,36.6887605],[28.0372181,36.6886582],[28.0372766,36.6884799],[28.0369995,36.6885386],[28.0366064,36.6884702],[28.0364393,36.68849],[28.0361675,36.6884689],[28.0354895,36.6882291],[28.0351791,36.6880661],[28.0345984,36.6879611],[28.0343373,36.6881331],[28.0344032,36.6882573],[28.0340692,36.6884452],[28.0338458,36.6883173],[28.0339603,36.6881753],[28.0340987,36.6881803],[28.0341698,36.688125],[28.0341121,36.688051],[28.0341001,36.6879299],[28.0341343,36.6876411],[28.0339431,36.6873609],[28.0337967,36.6869833],[28.0338544,36.6869246],[28.0338499,36.6868452],[28.0337165,36.6866308],[28.0337549,36.6863574],[28.0339437,36.6862756],[28.034091,36.6862834],[28.0341172,36.6862141],[28.0338847,36.6861266],[28.0339973,36.6859476],[28.0341451,36.6857953],[28.0343061,36.6857642],[28.0346116,36.6858192],[28.0360699,36.685833],[28.0366227,36.6856998],[28.0369757,36.6854568],[28.0371132,36.6853048],[28.0372567,36.6847695],[28.0374716,36.6844956],[28.0375179,36.6840992],[28.0374773,36.6839084],[28.0375758,36.6835762],[28.0378044,36.6834164],[28.03821,36.6834376],[28.0384004,36.6834246],[28.0387785,36.683268],[28.0396249,36.6828441],[28.0402277,36.6824639],[28.0404188,36.6822938],[28.0405707,36.6820559],[28.0406284,36.6817905],[28.0404931,36.6814948],[28.0398327,36.681133],[28.039693,36.6810105],[28.0394367,36.6803739],[28.0394665,36.6801667],[28.0393519,36.6799381],[28.0392458,36.6792269],[28.0389719,36.6789377],[28.0386455,36.6788116],[28.0385154,36.6787265],[28.0382423,36.6784603],[28.0380022,36.6781178],[28.0375361,36.6772601],[28.0375269,36.6770871],[28.0376521,36.676845],[28.037779,36.6766931],[28.0382858,36.6764554],[28.0383688,36.6763145],[28.0383831,36.6760956],[28.0383617,36.6759696],[28.0384544,36.675831],[28.0383682,36.675492],[28.0384428,36.6750115],[28.0385791,36.6749514],[28.0387178,36.6749661],[28.0388329,36.6751175],[28.0389057,36.6751576],[28.0391194,36.6751578],[28.0392585,36.6752198],[28.0395389,36.6752753],[28.0397175,36.6755774],[28.0398991,36.675517],[28.0399695,36.6753805],[28.0401045,36.6753383],[28.0403804,36.6751125],[28.0403249,36.6746226],[28.0401578,36.6744201],[28.0399373,36.6742608],[28.0398403,36.6740967],[28.03955,36.674011],[28.0394363,36.673848],[28.0392382,36.673694],[28.0391467,36.6734814],[28.0389772,36.6733879],[28.0388782,36.6733887],[28.0386342,36.6735184],[28.0381786,36.6733418],[28.0381521,36.6732594],[28.0380961,36.6732431],[28.0378083,36.6732411],[28.0377957,36.6732619],[28.037947,36.6733377],[28.037984,36.6733901],[28.037884,36.6735987],[28.0377112,36.6738675],[28.0375951,36.6739479],[28.037493,36.6739488],[28.0373403,36.6739399],[28.0371401,36.6738864],[28.0369867,36.6737924],[28.0368595,36.6737487],[28.0365829,36.6738259],[28.0363443,36.6738397],[28.0361841,36.6738843],[28.036036,36.673877],[28.0359907,36.6738007],[28.0354493,36.6736512],[28.0352291,36.6734755],[28.035102,36.6732901],[28.034939,36.6731205],[28.0348205,36.6730482],[28.03435,36.6728508],[28.0341214,36.6728514],[28.033905,36.672891],[28.033793,36.672968],[28.0335392,36.6730449],[28.0333516,36.673043],[28.0325691,36.6732718],[28.0326139,36.6734176],[28.0325582,36.6734782],[28.0322683,36.6736103],[28.0321132,36.6735136],[28.0318319,36.673588],[28.0317757,36.6735752],[28.0317403,36.6734651],[28.031609,36.6734643],[28.0315358,36.6733726],[28.0314101,36.6734713],[28.0312171,36.6733953],[28.0311177,36.6732945],[28.031077,36.6733429],[28.0308308,36.6731035],[28.0304519,36.6729976],[28.0302463,36.6728314],[28.0295613,36.6727123],[28.0289599,36.6726718],[28.0287418,36.6727708],[28.0282071,36.6728032],[28.0280408,36.6727807],[28.0280402,36.6727356],[28.0279614,36.6727161],[28.027903,36.672776],[28.0273569,36.6725362],[28.0271987,36.6723895],[28.0270073,36.671813],[28.0271135,36.6715281],[28.0271027,36.6712864],[28.0272039,36.6711587],[28.0274672,36.6710516],[28.0268317,36.6706006],[28.0265317,36.6704715],[28.026123,36.670381],[28.0258334,36.6704025],[28.025592,36.6703164],[28.0250053,36.6701845],[28.0246165,36.670219],[28.0239826,36.6701185],[28.0237144,36.6700411],[28.0237506,36.6698755],[28.023749,36.6695066],[28.0239027,36.6692534],[28.0243248,36.6692407],[28.0244704,36.6690457],[28.0246841,36.6690657],[28.0247287,36.6689146],[28.0248534,36.6688767],[28.0250208,36.668743],[28.0246389,36.6685081],[28.0242825,36.6683758],[28.0240139,36.6683216],[28.02332,36.668358],[28.023004,36.668618],[28.0228767,36.6687846],[28.0227997,36.6689889],[28.0224071,36.6691316],[28.0221849,36.6691227],[28.0219197,36.669016],[28.021413,36.668888],[28.0211685,36.6689824],[28.020943,36.669535],[28.0207624,36.6697246],[28.0203158,36.669899],[28.0195901,36.6697654],[28.0191999,36.6694532],[28.0189373,36.6694959],[28.0185987,36.6694603],[28.0184309,36.6695446],[28.018479,36.6696173],[28.018362,36.6696943],[28.0181982,36.6697023],[28.0181056,36.6697526],[28.0180977,36.6698085],[28.0178509,36.6698097],[28.0177434,36.6699959],[28.0176444,36.6699289],[28.0175317,36.6699114],[28.0173808,36.6702737],[28.0171432,36.6706704],[28.0161594,36.6708102],[28.0160059,36.6711359],[28.0157463,36.6712241],[28.0157161,36.6714954],[28.0156678,36.6716546],[28.0154716,36.6720528],[28.0151063,36.6723007],[28.0148115,36.6723239],[28.0145039,36.6722749],[28.0140745,36.6721509],[28.0137475,36.671973],[28.0134369,36.6717261],[28.0131784,36.6716888],[28.012522,36.67179],[28.011623,36.6720418],[28.0112337,36.6720933],[28.0108631,36.6720483],[28.0106898,36.6719784],[28.0105531,36.6716145],[28.0104237,36.6714797],[28.0103774,36.6713449],[28.0104743,36.6712216],[28.0103429,36.6710817],[28.0100118,36.6709781],[28.0096988,36.6709244],[28.0093999,36.6707714],[28.0093418,36.6706568],[28.0094427,36.6706159],[28.0093465,36.670471],[28.0087143,36.67028],[28.008271,36.6702802],[28.0081567,36.6704139],[28.0077765,36.6703565],[28.0076853,36.6702858],[28.0076679,36.6701332],[28.0076332,36.6701113],[28.0075517,36.6701454],[28.007406,36.6700398],[28.0074125,36.6700013],[28.0073064,36.6697221],[28.0076029,36.6693561],[28.007648,36.669145],[28.0075626,36.6689441],[28.007468,36.6689564],[28.0071601,36.6692711],[28.0071169,36.6696494],[28.006931,36.6698219],[28.0067691,36.6698335],[28.0066744,36.6698926],[28.0067187,36.6699497],[28.0068455,36.6700105],[28.006854,36.6701311],[28.0067843,36.6702949],[28.0065268,36.6706219],[28.006613,36.671199],[28.006461,36.671714],[28.0062908,36.6717019],[28.0061691,36.6716318],[28.0058966,36.6716813],[28.0049387,36.6720855],[28.0045903,36.6721924],[28.0043424,36.672228],[28.0038752,36.6719362],[28.0035776,36.6719139],[28.0030596,36.6720708],[28.0027983,36.6724885],[28.0028298,36.67272],[28.00297,36.673028],[28.0035935,36.6732854],[28.003773,36.673535],[28.0038186,36.6738088],[28.0034908,36.6742283],[28.0030721,36.6746031],[28.0028132,36.67479],[28.0022097,36.6751052],[28.0016883,36.675256],[28.0009636,36.6752492],[28.0006641,36.6751794],[28.0004999,36.6750287],[28.0004941,36.6749072],[28.0003408,36.6745798],[28.0000383,36.6744546],[27.9999462,36.674487],[27.9995758,36.674861],[27.9991895,36.6748947],[27.999168,36.674986],[27.998849,36.674989],[27.9982334,36.6748686],[27.9979652,36.6747309],[27.9968068,36.6742565],[27.9964768,36.67398],[27.9963671,36.6736638],[27.996461,36.673213],[27.9962379,36.6729282],[27.9960447,36.6727647],[27.996106,36.672571],[27.9954761,36.6720934],[27.9951972,36.6719945],[27.9950148,36.6719816],[27.9946715,36.6720289],[27.9942959,36.6721408],[27.994027,36.672075],[27.9938591,36.6719417],[27.9939354,36.6715961],[27.9937005,36.6712415],[27.993532,36.670795],[27.9930442,36.6705962],[27.9924828,36.6705918],[27.9918498,36.6706736],[27.9914153,36.6706176],[27.99082,36.670688],[27.9904857,36.6707775],[27.990187,36.671079],[27.9900473,36.6712975],[27.9897442,36.6716764],[27.9901119,36.6721107],[27.9903746,36.6723016],[27.9903281,36.6725544],[27.9900516,36.6726494],[27.989808,36.672776],[27.989574,36.673011],[27.9886647,36.6732769],[27.9885187,36.6735338],[27.988305,36.673535],[27.9883021,36.6736274],[27.9882123,36.6737198],[27.9881388,36.6736489],[27.987992,36.6736077],[27.9879205,36.6737192],[27.98799,36.673795],[27.9879322,36.6739101],[27.9876813,36.6738469],[27.9876044,36.6737672],[27.9875324,36.6740562],[27.9876729,36.6743181],[27.9879352,36.6745178],[27.9878198,36.67486],[27.9873654,36.6751645],[27.9868742,36.6753472],[27.9859167,36.6753591],[27.9855601,36.6752988],[27.9854792,36.675193],[27.9852939,36.6751779],[27.9848188,36.6750001],[27.9845917,36.6750622],[27.9840606,36.6750192],[27.9837745,36.6750325],[27.9831701,36.6749374],[27.9826649,36.6747495],[27.9823073,36.6747563],[27.981943,36.674873],[27.9817632,36.6749498],[27.9817767,36.6750653],[27.9812915,36.674971],[27.9809705,36.6749844],[27.9809554,36.6750849],[27.9811317,36.6753849],[27.9809345,36.6753936],[27.9807128,36.6753197],[27.9805205,36.6752185],[27.9804063,36.6750781],[27.9803037,36.6750374],[27.9801633,36.6750611],[27.9800615,36.6751507],[27.9798486,36.6751319],[27.979713,36.67502],[27.9797302,36.6748043],[27.9794028,36.6746386],[27.9790271,36.6745503],[27.9788893,36.6746449],[27.978696,36.6746721],[27.9785775,36.674639],[27.9785169,36.6745439],[27.9784483,36.6744965],[27.9780659,36.6744385],[27.9782245,36.6742024],[27.978107,36.674133],[27.9778694,36.6741918],[27.9776705,36.6741344],[27.9775758,36.6742006],[27.9775575,36.6742957],[27.9773355,36.6741626],[27.9773551,36.6740449],[27.9773073,36.6739414],[27.9771373,36.6739034],[27.9770527,36.6739959],[27.9765237,36.6739335],[27.9761749,36.673978],[27.9761428,36.6740812],[27.9760408,36.6741501],[27.9757243,36.6741157],[27.9754776,36.6742146],[27.974925,36.6744943],[27.9746047,36.674698],[27.9743779,36.6750321],[27.97463,36.6753591],[27.974734,36.6756131],[27.9748446,36.6757506],[27.9747909,36.6759614],[27.9745978,36.6762626],[27.974394,36.6764691],[27.9741257,36.6765121],[27.9735056,36.6766909],[27.9733318,36.6768993],[27.9731977,36.6770198],[27.9729187,36.6771876],[27.9722053,36.6771575],[27.9720551,36.6774414],[27.9718673,36.6776479],[27.9721172,36.6779717],[27.9721141,36.6781599],[27.9719639,36.6782373],[27.9714086,36.678389],[27.9712611,36.6782804],[27.9709537,36.678186],[27.9706174,36.6784396],[27.9703385,36.6787192],[27.9702359,36.6787504],[27.969861,36.6784826],[27.9693514,36.67819],[27.9693127,36.6777213],[27.9697049,36.6777045],[27.9699146,36.6775234],[27.970011,36.677155],[27.9701775,36.6768477],[27.9701163,36.6767322],[27.9698825,36.6765035],[27.9695445,36.6762626],[27.9691974,36.6762839],[27.9689705,36.6762497],[27.968713,36.676155],[27.9681846,36.6757134],[27.9679872,36.675281],[27.9679245,36.6755183],[27.9679459,36.6757635],[27.9677631,36.676206],[27.9677689,36.6764347],[27.9672056,36.6765465],[27.9665919,36.6765911],[27.9662368,36.676764],[27.9660689,36.6769602],[27.9660416,36.6772048],[27.9658585,36.6774333],[27.9653496,36.6769486],[27.9647455,36.6758958],[27.9644204,36.6756201],[27.9642085,36.6756166],[27.9640147,36.6756965],[27.9639605,36.6757924],[27.9639844,36.6765495],[27.9640682,36.6777335],[27.9638818,36.6781007],[27.9638865,36.6785615],[27.9639244,36.6787715],[27.9642675,36.6791873],[27.9645108,36.6794082],[27.9649254,36.6797147],[27.9651529,36.6798396],[27.964944,36.680022],[27.9643385,36.6807835],[27.964154,36.6809097],[27.9641539,36.6809776],[27.964304,36.6810509],[27.9644589,36.6810687],[27.9646754,36.6810333],[27.9653152,36.6808546],[27.9653856,36.6808892],[27.9653755,36.6809778],[27.9652875,36.6811664],[27.9652152,36.681201],[27.9651955,36.6812935],[27.9652393,36.6815576],[27.9650856,36.6816734],[27.965111,36.6819089],[27.9645664,36.6823659],[27.9645945,36.6825143],[27.9645372,36.6827243],[27.9644313,36.6828159],[27.9643462,36.6831235],[27.9642348,36.6831892],[27.9641942,36.6833855],[27.9642411,36.6835732],[27.9643164,36.6837414],[27.9644456,36.6837953],[27.9644533,36.6838297],[27.9643675,36.6838758],[27.9644469,36.6840393],[27.964863,36.6842906],[27.9657467,36.6844118],[27.966117,36.684508],[27.966277,36.684635],[27.9665823,36.6850237],[27.9668351,36.6855313],[27.9670912,36.6858846],[27.9672683,36.6859495],[27.9675066,36.6859167],[27.9676354,36.68582],[27.9677288,36.6856266],[27.967882,36.685393],[27.96809,36.6847953],[27.9683703,36.6847057],[27.9687376,36.6845463],[27.9688455,36.6844224],[27.9690372,36.6840651],[27.9692612,36.6839981],[27.96959,36.6840357],[27.9700206,36.6841895],[27.9700206,36.6842782],[27.9699435,36.6845254],[27.9699824,36.6848339],[27.9699323,36.6851451],[27.9698348,36.6853298],[27.969858,36.6854486],[27.970055,36.685631],[27.9703052,36.685763],[27.970598,36.685756],[27.970756,36.685627],[27.9709768,36.6855192],[27.9713121,36.6852409],[27.971387,36.685108],[27.9715402,36.6850428],[27.9718978,36.6850951],[27.9722361,36.6850533],[27.972622,36.6849436],[27.9727482,36.685062],[27.9727633,36.6851998],[27.9726196,36.6856071],[27.972705,36.6861077],[27.9729077,36.6863449],[27.9731192,36.6864657],[27.9734974,36.68644],[27.9736293,36.6864993],[27.9736834,36.6868542],[27.9736751,36.6871468],[27.973809,36.6874],[27.9741538,36.6874918],[27.9748163,36.6875836],[27.9749197,36.68762],[27.974748,36.6877878],[27.9745073,36.688145],[27.9744489,36.6890056],[27.9744771,36.6894139],[27.9745702,36.6899602],[27.9745073,36.6903535],[27.9746119,36.6906858],[27.9747426,36.6909538],[27.9746032,36.6911818],[27.9742516,36.691247],[27.9741624,36.6913889],[27.974488,36.6918447],[27.975376,36.6924314],[27.975536,36.69263],[27.9758087,36.6927832],[27.976269,36.692775],[27.976591,36.693029],[27.9767153,36.6933375],[27.9773998,36.6936108],[27.977711,36.693277],[27.9775256,36.6925822],[27.9776528,36.6918297],[27.9776121,36.6915837],[27.9777521,36.6913152],[27.9779994,36.6911615],[27.9784398,36.6911758],[27.9793491,36.6910796],[27.9799653,36.6909687],[27.9801711,36.6903288],[27.9802294,36.6895468],[27.9797047,36.6879556],[27.9797641,36.6875903],[27.9794392,36.6867833],[27.9791683,36.6862779],[27.9790369,36.6858176],[27.978726,36.685304],[27.9785138,36.6848948],[27.9781669,36.6845951],[27.97809,36.684398],[27.9778057,36.6839807],[27.9777762,36.6834687],[27.9777016,36.683173],[27.9779584,36.6829173],[27.9783679,36.6828065],[27.9787418,36.683094],[27.9791602,36.6833246],[27.9796833,36.6833999],[27.9798764,36.6832171],[27.9800856,36.6830665],[27.9811263,36.6830686],[27.9815447,36.6833117],[27.9821858,36.6838021],[27.9825371,36.6839828],[27.9829288,36.6843894],[27.9831906,36.6844417],[27.9834155,36.6845385],[27.9836917,36.6845474],[27.9839024,36.6847916],[27.9840419,36.6851314],[27.9843825,36.6853831],[27.9844293,36.6856201],[27.9844281,36.6858133],[27.9843879,36.686052],[27.98453,36.6862349],[27.9847956,36.6862241],[27.9851335,36.6861273],[27.9857692,36.6864779],[27.9859838,36.6866607],[27.9863003,36.6868672],[27.9864719,36.6871856],[27.9862627,36.6875168],[27.9860079,36.6877577],[27.9859033,36.6881728],[27.9855841,36.688504],[27.9850128,36.6891751],[27.9848707,36.6894483],[27.9849538,36.6897214],[27.9848278,36.6899537],[27.9844335,36.6900376],[27.9841062,36.6901817],[27.9837817,36.6903817],[27.9836261,36.6905323],[27.9834357,36.6907796],[27.9829234,36.6909409],[27.9828027,36.6911302],[27.982749,36.6911668],[27.9825452,36.6915259],[27.9824299,36.6925776],[27.9823601,36.6928185],[27.9821284,36.6931469],[27.9820839,36.6935605],[27.981939,36.6937068],[27.9816466,36.69388],[27.9812427,36.6938839],[27.9815122,36.694115],[27.9823852,36.6945543],[27.9827042,36.6946028],[27.9829081,36.6949155],[27.9836114,36.6956419],[27.98396,36.6957901],[27.9842603,36.6958758],[27.9848007,36.6961983],[27.9851389,36.6966047],[27.9855476,36.6968302],[27.9859327,36.6969988],[27.9861489,36.697518],[27.9863064,36.6976042],[27.9872256,36.6979653],[27.9879082,36.6981148],[27.9882349,36.6981369],[27.9884631,36.6981881],[27.9886444,36.6980627],[27.988896,36.6981662],[27.9889582,36.6982898],[27.9891645,36.6983625],[27.9895494,36.6980733],[27.9899839,36.6981154],[27.9900261,36.6977679],[27.9898614,36.6973569],[27.989736,36.6972677],[27.9896524,36.696852],[27.9893499,36.6965119],[27.9889808,36.6959794],[27.9889446,36.6956446],[27.9888274,36.6955222],[27.9887622,36.6953497],[27.9887777,36.6950745],[27.988739,36.694984],[27.9885862,36.6947882],[27.9885213,36.6941626],[27.9886351,36.6940253],[27.9884586,36.6938045],[27.9887708,36.6936264],[27.9890685,36.6935311],[27.9900328,36.6936021],[27.9901661,36.6936939],[27.9904472,36.6937397],[27.9908806,36.6937464],[27.9910922,36.6941858],[27.991317,36.6944983],[27.9914289,36.6945888],[27.99146,36.6947523],[27.991929,36.694958],[27.9921493,36.6951224],[27.992244,36.6954104],[27.9924435,36.6955532],[27.9927514,36.6962431],[27.9930041,36.696444],[27.9931511,36.6967001],[27.9934016,36.6970425],[27.9935912,36.6971526],[27.9936317,36.6974328],[27.9938512,36.6974746],[27.9939697,36.6975709],[27.9940893,36.6975251],[27.9944158,36.6968649],[27.99467,36.6967268],[27.9949517,36.6966973],[27.9961053,36.6968188],[27.9962912,36.6969883],[27.996657,36.697112],[27.9968761,36.6971266],[27.997062,36.697227],[27.997388,36.697738],[27.9972415,36.6979384],[27.9972216,36.698192],[27.9973166,36.6985453],[27.997727,36.699277],[27.99774,36.700305],[27.9977235,36.7007634],[27.9976215,36.7012993],[27.9974619,36.7017496],[27.9973319,36.7018391],[27.9974416,36.7020754],[27.9975588,36.702135],[27.9977733,36.7021023],[27.997922,36.701973],[27.9981236,36.7018621],[27.9983862,36.7016318],[27.9987328,36.7014913],[27.9990847,36.7016309],[27.999182,36.7018457],[27.9992475,36.7022509],[27.9994186,36.70247],[27.9996788,36.7025924],[27.9998247,36.7025709],[27.999906,36.7026732],[28.0001503,36.7027722],[28.0004647,36.7028048],[28.0007627,36.7029511],[28.0011559,36.7027982],[28.0013871,36.7029636],[28.0012363,36.7033035],[28.0012388,36.7039102],[28.0011669,36.7040583],[28.0011932,36.7043439],[28.0013487,36.7044286],[28.0015944,36.7044435],[28.0019007,36.7044089],[28.0020748,36.7042945],[28.002418,36.704247],[28.0030227,36.7043663],[28.0035344,36.7041161],[28.0042512,36.7040011],[28.0044534,36.7040039],[28.0050212,36.7038801],[28.0052202,36.704028],[28.0055869,36.7042416],[28.0057242,36.7044299],[28.0060498,36.7046127],[28.0065396,36.7047669],[28.0067397,36.704931],[28.006833,36.7051288],[28.0070696,36.7053225],[28.0071208,36.7054322],[28.0073164,36.7054752],[28.0074186,36.7052892],[28.0074921,36.7048742],[28.007999,36.704072],[28.0080757,36.7037934],[28.0080706,36.7035179],[28.0079877,36.7031792],[28.0078075,36.7029124],[28.00766,36.702533],[28.0075889,36.7020429],[28.0075768,36.7015634],[28.0076087,36.7012948],[28.0077008,36.7011823],[28.0076989,36.7006169],[28.0076208,36.7004651],[28.0073939,36.6984178],[28.0074317,36.6982675],[28.0075347,36.6980836],[28.0080677,36.6978627],[28.0081452,36.6977661],[28.0081646,36.6976755],[28.008118,36.697411],[28.0081776,36.6974089],[28.0082484,36.6977608],[28.0082765,36.697785],[28.0088352,36.6977296],[28.0095128,36.6977796],[28.0097746,36.6981309],[28.0098615,36.6985683],[28.010328,36.699171],[28.0112579,36.6993593],[28.0115309,36.6997395],[28.0119064,36.7001266],[28.0117391,36.7005382],[28.0116629,36.701001],[28.0118206,36.7014513],[28.0121602,36.7016647],[28.0126129,36.7018135],[28.0129428,36.7019584],[28.0133913,36.7023145],[28.013731,36.703252],[28.0138709,36.7038861],[28.0141584,36.7048353],[28.0146444,36.7051531],[28.0149432,36.7054107],[28.0152018,36.7063496],[28.0153595,36.7075198],[28.0160092,36.7078604],[28.0167548,36.7081012],[28.0173969,36.7083597],[28.0179548,36.7084797],[28.018262,36.708095],[28.01842,36.707965],[28.019054,36.7078299],[28.0196199,36.7079068],[28.0203243,36.7081765],[28.0210732,36.7085235],[28.021295,36.708197],[28.0214074,36.7078995],[28.0219749,36.7072708],[28.0222775,36.7071065],[28.0226272,36.7071349],[28.0230033,36.7074179],[28.0235751,36.7073245],[28.024151,36.707017],[28.0240821,36.7066257],[28.024616,36.705985],[28.02509,36.705595],[28.026359,36.705071],[28.0272009,36.7049777],[28.0276118,36.7051635],[28.0278366,36.705308],[28.028078,36.7054929],[28.028351,36.7057871],[28.0287158,36.7056886],[28.0291026,36.7056241],[28.029879,36.705811],[28.0304829,36.706123],[28.032208,36.706461],[28.0327541,36.7066636],[28.0334306,36.7071793],[28.0336366,36.7072575],[28.033728,36.707319],[28.0346043,36.7076364],[28.0348409,36.7078536],[28.0349637,36.7080144],[28.035174,36.7081963],[28.0354138,36.7082075],[28.0357898,36.7081147],[28.03591,36.7080196],[28.036129,36.707941],[28.0363102,36.7079198],[28.0362646,36.7076876],[28.036437,36.707167],[28.037062,36.706134],[28.0380091,36.7054392],[28.0383825,36.7053351],[28.038643,36.705093],[28.0387323,36.7046999],[28.0388935,36.7045559],[28.039271,36.704317],[28.039586,36.704057],[28.040379,36.703664],[28.0410548,36.7034042],[28.041407,36.7033306],[28.0416975,36.7031328],[28.0420252,36.7031238],[28.0422752,36.702959],[28.0426099,36.7029674],[28.0427958,36.7027571],[28.0434954,36.7031504],[28.0435313,36.703104],[28.043288,36.7029479],[28.0434331,36.7028098],[28.0435984,36.70295],[28.0436469,36.7031739],[28.0436212,36.7034622],[28.0437042,36.7035777],[28.0436437,36.7036665],[28.0434095,36.7038315],[28.0433387,36.7039521],[28.0433696,36.7040499],[28.0433232,36.7041007],[28.043181,36.7041428],[28.0431504,36.7044009],[28.0433344,36.7045613],[28.0432639,36.7046157],[28.0431166,36.7049196],[28.0430635,36.7052447],[28.0432367,36.705908],[28.0429723,36.706642],[28.0429798,36.7068559],[28.0432786,36.707218],[28.0433977,36.7079382],[28.0430818,36.7084629],[28.0429686,36.7084737],[28.0429391,36.7086969],[28.0432127,36.7090899],[28.0431622,36.7093854],[28.0432202,36.7096172],[28.0431011,36.7097277],[28.0432405,36.7098791],[28.0431397,36.7101474],[28.0429648,36.7102902],[28.042865,36.7104885],[28.0423521,36.7107242],[28.0422857,36.7108544],[28.0425807,36.7108362],[28.0428113,36.7109491],[28.0431884,36.7113271],[28.0430635,36.712004],[28.0432625,36.7130542],[28.0435961,36.7136768],[28.0440478,36.7141761],[28.0443311,36.7145554],[28.0445135,36.7148874],[28.0444676,36.7152933],[28.0441933,36.7153938],[28.0443751,36.7155831],[28.0444072,36.715827],[28.0447559,36.7161142],[28.0451862,36.7163245],[28.0455686,36.7165455],[28.0459822,36.7170955],[28.0462553,36.7173432],[28.0468529,36.7177409],[28.0472557,36.7179031],[28.0475588,36.7181034],[28.0481328,36.7183933],[28.0483801,36.7184999],[28.0489677,36.7186802],[28.0491554,36.7189341],[28.0491409,36.7191526],[28.0493678,36.7192712],[28.0508199,36.7198332],[28.051586,36.7199855],[28.0526074,36.7200452],[28.0535413,36.7204107],[28.0559333,36.7205586],[28.0563347,36.7206702],[28.0564967,36.7207962],[28.0570385,36.720927],[28.0581252,36.7208427],[28.0585576,36.7209083],[28.0591886,36.7208989],[28.0597729,36.7210019],[28.0599599,36.7210675],[28.0601936,36.7214703],[28.0606026,36.7217325],[28.0607778,36.7220791],[28.0611868,36.722435],[28.0617244,36.7226598],[28.0620282,36.7228846],[28.0624839,36.7230064],[28.0625774,36.7230907],[28.0631617,36.7231562],[28.0635356,36.7232405],[28.0640615,36.7231656],[28.0643186,36.7232874],[28.0646808,36.7232874],[28.0647977,36.7234372],[28.0649379,36.7234372],[28.0652184,36.7233248],[28.0654521,36.7234185],[28.0657559,36.7234372],[28.0659546,36.7236058],[28.0662584,36.7236808],[28.0663869,36.7235965],[28.0665739,36.7236527],[28.0666206,36.7238587],[28.0667725,36.7238868],[28.0668894,36.7237557],[28.0670997,36.7237182],[28.0672867,36.7236433],[28.0674269,36.7236995],[28.0676139,36.723737],[28.0677308,36.7236433],[28.0677892,36.7237557],[28.0679177,36.7238025],[28.0680346,36.7237932],[28.0680696,36.7239617],[28.0682449,36.7240273],[28.0683968,36.7238868],[28.0690629,36.723737],[28.0691447,36.7238587],[28.069951,36.7243645],[28.0702899,36.7244113],[28.0705587,36.7243551],[28.0704886,36.7245799],[28.0707223,36.724505],[28.0708158,36.7245986],[28.0709677,36.7246174],[28.0710845,36.724711],[28.0712481,36.7246455],[28.0717039,36.7245612],[28.0718675,36.7246267],[28.0721596,36.7246923],[28.0723115,36.7248328],[28.072627,36.7249639],[28.0729542,36.7248984],[28.0734333,36.7249733],[28.0737488,36.7250576],[28.0739358,36.7250389],[28.0742279,36.7250763],[28.0743214,36.7252074],[28.0746837,36.7253479],[28.0748239,36.7253011],[28.0749408,36.7254416],[28.0751277,36.7254229],[28.0752711,36.7253168],[28.075458,36.7253168],[28.0757011,36.7254292],[28.0759442,36.7253917],[28.0765238,36.7253917],[28.0769818,36.7254891],[28.0769538,36.725594],[28.076853,36.7256358],[28.0770099,36.7257963],[28.0771946,36.7257691],[28.0776541,36.7259026],[28.0777643,36.7258723],[28.0779821,36.7259114],[28.078032,36.7261354],[28.0783568,36.7261687],[28.078739,36.7263551],[28.0788493,36.7261874],[28.0790024,36.7263491],[28.0791424,36.7263616],[28.0793195,36.7261892],[28.0795008,36.7262081],[28.0795577,36.726385],[28.0798516,36.7262122],[28.0799951,36.726243],[28.0801472,36.7266436],[28.0804062,36.7267014],[28.0805876,36.7266858],[28.0806477,36.726784],[28.0807668,36.7268214],[28.0809397,36.726813],[28.0809898,36.7268855],[28.0810727,36.7269329],[28.0813828,36.7269476],[28.0816659,36.7271383],[28.0821015,36.7274928],[28.082545,36.7277034],[28.0827825,36.7277442],[28.0832279,36.7279355],[28.084253,36.7279557],[28.0845052,36.7280899],[28.0846134,36.7280762],[28.0851571,36.7281336],[28.0853695,36.7281048],[28.0854415,36.7280376],[28.0857014,36.7281409],[28.0858354,36.7280979],[28.0865755,36.7282451],[28.0868405,36.7282687],[28.0869128,36.7283216],[28.0871085,36.7283412],[28.0872728,36.7282961],[28.0873843,36.7283072],[28.0876016,36.728229],[28.0877963,36.7283186],[28.0883292,36.7283335],[28.088432,36.7283036],[28.0883853,36.7281462],[28.0882825,36.7281537],[28.0883386,36.7279589],[28.0881329,36.7279364],[28.0880207,36.7277491],[28.0878711,36.7276742],[28.0879523,36.7275653],[28.0879592,36.7272612],[28.0879245,36.7270172],[28.0880081,36.7269233],[28.087941,36.7268872],[28.088079,36.7267561],[28.0883195,36.7267924],[28.0883999,36.7267594],[28.0884398,36.7268261],[28.088486,36.7267221],[28.0884369,36.7266602],[28.0883641,36.7266591],[28.0883371,36.7265913],[28.0883758,36.7265279],[28.0885627,36.7265279],[28.088294,36.7261158],[28.0882589,36.7259285],[28.0882823,36.7255913],[28.0881543,36.7252746],[28.0880958,36.7252024],[28.0880749,36.725087],[28.0879848,36.7249929],[28.0879566,36.7248827],[28.0877302,36.7246562],[28.0874407,36.7244499],[28.0872463,36.7242654],[28.0872486,36.7242365],[28.0871903,36.7242161],[28.0870646,36.7240374],[28.0869913,36.7238691],[28.0870855,36.7237483],[28.0874654,36.723375],[28.0874746,36.7232547],[28.0876247,36.7232277],[28.0877227,36.7231271],[28.0878085,36.7229282],[28.0879892,36.7229527],[28.088464,36.7228815],[28.0886692,36.7228938],[28.0891441,36.7232253],[28.0893156,36.7233088],[28.0894718,36.7234585],[28.0898425,36.7237139],[28.0900661,36.7240552],[28.0900079,36.7241067],[28.0901304,36.7241337],[28.0902315,36.7242418],[28.0903449,36.7242663],[28.0904337,36.7243424],[28.0905899,36.7243866],[28.0907063,36.7244775],[28.0907462,36.7245831],[28.0906972,36.7247107],[28.0906696,36.7248802],[28.0907063,36.724944],[28.0907523,36.7249661],[28.0907523,36.7250275],[28.0908871,36.7250569],[28.090979,36.725025],[28.0910157,36.7249268],[28.091126,36.7248728],[28.0913925,36.7248703],[28.0914936,36.7248949],[28.0915365,36.7249293],[28.091754,36.7247746],[28.0918581,36.7247574],[28.09214,36.7248139],[28.0923391,36.7248998],[28.092382,36.7249661],[28.0925168,36.7250447],[28.0925688,36.7250348],[28.0927679,36.7251871],[28.0928752,36.7253147],[28.0929671,36.7253761],[28.0930406,36.7253884],[28.0930467,36.7254817],[28.0930988,36.7255234],[28.0932397,36.7258058],[28.0932826,36.7259408],[28.0932489,36.7260636],[28.0931417,36.7262674],[28.0931846,36.7263238],[28.0931202,36.7263803],[28.09316,36.7266897],[28.0932703,36.72681],[28.0933775,36.7269868],[28.0935675,36.7270874],[28.093736,36.7271463],[28.0938401,36.7271439],[28.094076,36.7267707],[28.0940116,36.7267118],[28.0940453,36.7266087],[28.0941097,36.7266037],[28.094076,36.7263165],[28.0941464,36.7262772],[28.0942016,36.7261372],[28.0944926,36.725985],[28.0947254,36.7259556],[28.0950746,36.7259826],[28.0951665,36.7260832],[28.0952339,36.7260881],[28.0953136,36.7261814],[28.0955219,36.7263337],[28.0956229,36.7264589],[28.0956811,36.7264834],[28.0957455,36.7267682],[28.0959354,36.7267953],[28.0964991,36.7266332],[28.0968391,36.7267142],[28.0968789,36.7267658],[28.0969585,36.7267682],[28.0970229,36.7268223],[28.0970933,36.7267609],[28.0972281,36.7267658],[28.0972588,36.7268321],[28.0973537,36.726837],[28.0973843,36.726891],[28.0974548,36.7268566],[28.0975099,36.7268861],[28.0975865,36.7268051],[28.0975988,36.7267216],[28.0975743,36.7266578],[28.0975743,36.7265448],[28.0976498,36.7263946],[28.0976258,36.7263821],[28.0976323,36.7263251],[28.0977718,36.7262429],[28.0978376,36.7261703],[28.0980262,36.726037],[28.0982347,36.7260335],[28.0981857,36.7258396],[28.0983261,36.7257348],[28.0983482,36.7255941],[28.0966193,36.7246328],[28.0964156,36.7244441],[28.0962663,36.7241938],[28.0960943,36.7240741],[28.0960988,36.7239544],[28.0957865,36.7237984],[28.0954199,36.7233631],[28.0954335,36.7230185],[28.0952027,36.7227246],[28.0949809,36.7226484],[28.0941391,36.7227718],[28.0940712,36.7230838],[28.0938177,36.7231527],[28.0934556,36.7230801],[28.0931977,36.7229096],[28.0930438,36.7228988],[28.0927677,36.7226521],[28.0919938,36.721542],[28.0916769,36.7212735],[28.0915909,36.7210232],[28.0909799,36.7206568],[28.0900023,36.72045],[28.0886445,36.7208237],[28.0884363,36.7209325],[28.0882689,36.720918],[28.0879475,36.7207547],[28.0879717,36.7205973],[28.0877064,36.7206302],[28.0875797,36.7204996],[28.0873941,36.720427],[28.087204,36.7201731],[28.0869008,36.7198901],[28.0859141,36.7188271],[28.085552,36.718341],[28.0853848,36.717979],[28.085392,36.7178455],[28.0856998,36.7171692],[28.0857396,36.7170009],[28.0860329,36.7166932],[28.0860039,36.7166119],[28.0861234,36.7165829],[28.0862718,36.7162317],[28.0862936,36.7160169],[28.086547,36.7157615],[28.0866708,36.7152019],[28.0866828,36.7148504],[28.0868587,36.7144447],[28.0869027,36.7142861],[28.0870995,36.7138551],[28.0872192,36.7137865],[28.0879551,36.7135576],[28.0881474,36.7133858],[28.0882069,36.7134202],[28.0882941,36.7132718],[28.0882351,36.7132337],[28.0883574,36.7131638],[28.0886708,36.712837],[28.0886708,36.7127874],[28.0885437,36.7126674],[28.0883288,36.712666],[28.0877684,36.7124989],[28.0875764,36.7123177],[28.0874915,36.7122059],[28.0873585,36.71189],[28.0872926,36.711557],[28.0873437,36.7113973],[28.0873956,36.7113203],[28.0873823,36.7112858],[28.0876631,36.7111354],[28.0876807,36.7111614],[28.0877483,36.7111245],[28.0877925,36.7111796],[28.0878911,36.7110507],[28.0880004,36.7109888],[28.0881518,36.7107948],[28.0882094,36.7105814],[28.0882676,36.710584],[28.0883247,36.7104478],[28.0884986,36.7102554],[28.0886356,36.7100568],[28.0886939,36.710064],[28.0889476,36.7096807],[28.0889978,36.7095524],[28.0890707,36.7094485],[28.0890748,36.709028],[28.0891205,36.7089159],[28.0890643,36.708554],[28.0891793,36.7083716],[28.0893308,36.708234],[28.0892663,36.708171],[28.0894578,36.7080734],[28.0894987,36.7081268],[28.0896109,36.7080868],[28.0896032,36.7080509],[28.0897413,36.7079552],[28.0898564,36.7077504],[28.0899627,36.7076758],[28.0903705,36.7075617],[28.0905226,36.707492],[28.0905928,36.7074465],[28.0908198,36.7071652],[28.091028,36.7070805],[28.0913479,36.7071164],[28.092011,36.7072768],[28.092467,36.7072598],[28.0928451,36.7071645],[28.0928978,36.7072859],[28.0928634,36.7072859],[28.0928611,36.7073184],[28.0929746,36.7073054],[28.09297,36.7072757],[28.0929236,36.7072794],[28.092912,36.7071475],[28.0930893,36.7071225],[28.093623,36.7069709],[28.0936344,36.7070381],[28.0939579,36.7070553],[28.0940325,36.7072395],[28.0939513,36.7078936],[28.0942254,36.7079969],[28.0942346,36.7079375],[28.094357,36.7079561],[28.0948017,36.708188],[28.0950718,36.7082705],[28.0953155,36.7082768],[28.0954841,36.708212],[28.0956094,36.7081569],[28.0956578,36.7081084],[28.0957975,36.7076997],[28.0955148,36.7072378],[28.0949657,36.706966],[28.0949114,36.706895],[28.0949197,36.70683],[28.0950675,36.7066856],[28.0951615,36.7066556],[28.0951615,36.7065052],[28.0950827,36.706377],[28.0952032,36.706089],[28.0952959,36.7059664],[28.0953278,36.7058612],[28.0954072,36.7058011],[28.0958283,36.7057013],[28.0959077,36.7056599],[28.0960631,36.7055501],[28.0961899,36.7054099],[28.096358,36.7053234],[28.097557,36.7048697],[28.097844,36.7048314],[28.0982412,36.7048703],[28.098359,36.7049174],[28.0988163,36.7049017],[28.0989295,36.7049929],[28.0988831,36.7050635],[28.0989248,36.7050746],[28.0989596,36.7050393],[28.09905,36.7050431],[28.0990708,36.7051044],[28.0991241,36.7050654],[28.0992377,36.7051471],[28.0992608,36.7052307],[28.0992374,36.7052245],[28.0991192,36.7053042],[28.0992119,36.7054286],[28.0993602,36.7054156],[28.0993023,36.7055029],[28.0993487,36.7055605],[28.0994807,36.7055475],[28.0997333,36.705711],[28.0996012,36.7061012],[28.0995016,36.7060844],[28.099497,36.7061179],[28.0996847,36.7061439],[28.0996939,36.7061123],[28.0996314,36.7061012],[28.0996824,36.7059637],[28.0998955,36.7059265],[28.1001342,36.7059581],[28.1001296,36.7058652],[28.1001736,36.7058466],[28.1001968,36.7056367],[28.1007576,36.7051444],[28.1008456,36.7050366],[28.1008804,36.7050905],[28.1003451,36.7056646],[28.1003474,36.7058002],[28.1004424,36.7058857],[28.1005004,36.706012],[28.1005699,36.7060603],[28.100593,36.7061662],[28.100739,36.7062108],[28.1008132,36.7062071],[28.1009476,36.7061104],[28.1014551,36.7061495],[28.1015802,36.706103],[28.1020437,36.706142],[28.1026786,36.7063148],[28.102864,36.7063371],[28.1029914,36.706391],[28.1031397,36.7065117],[28.1032857,36.7068647],[28.1033483,36.7069186],[28.1033668,36.7070709],[28.1035406,36.7074573],[28.103543,36.7076598],[28.1036194,36.7078066],[28.1035198,36.7079905],[28.1035151,36.7081038],[28.1034387,36.7082134],[28.1034109,36.7084327],[28.1032927,36.7085683],[28.1033761,36.7086091],[28.1032811,36.7089603],[28.103156,36.7090327],[28.103251,36.709211],[28.1031907,36.7092891],[28.1033622,36.7094098],[28.103733,36.7094024],[28.103974,36.7095194],[28.1039948,36.709629],[28.1039323,36.7098743],[28.104011,36.7099114],[28.104164,36.7099281],[28.1041918,36.7100154],[28.1042683,36.7100823],[28.1042289,36.7102012],[28.1044421,36.7101919],[28.1046761,36.7102718],[28.1048986,36.7102867],[28.1050399,36.7104873],[28.1050538,36.7107214],[28.1049496,36.7109424],[28.1049078,36.7109517],[28.1049078,36.711013],[28.1047711,36.711078],[28.1047734,36.7111579],[28.1045394,36.7112731],[28.1045232,36.7113641],[28.1046645,36.7114459],[28.1046854,36.7115926],[28.1047225,36.7116149],[28.1046738,36.7116929],[28.1046882,36.711799],[28.1048631,36.7117537],[28.1050393,36.7117946],[28.1050578,36.7118745],[28.1052594,36.7118968],[28.1052918,36.7119451],[28.1054888,36.7119729],[28.1055908,36.7120658],[28.1057484,36.7120417],[28.1058016,36.7121643],[28.1060079,36.7122739],[28.1060635,36.7123835],[28.1063833,36.7124652],[28.10671,36.7127884],[28.1069765,36.7129965],[28.107199,36.7130448],[28.1072986,36.7130987],[28.1077899,36.7131061],[28.107966,36.7131655],[28.1081352,36.7133234],[28.1082348,36.7135445],[28.1081305,36.7137042],[28.1081375,36.7138974],[28.1081004,36.7139699],[28.1082348,36.7140368],[28.108207,36.7141036],[28.1085013,36.7143618],[28.1087145,36.7144306],[28.1088883,36.7147371],[28.1093262,36.7148002],[28.1096066,36.7149173],[28.1100469,36.7149767],[28.1102671,36.7149618],[28.1104409,36.7149228],[28.1105614,36.7149563],[28.1109229,36.7152758],[28.111092,36.7153389],[28.1112241,36.7154541],[28.1114906,36.7155173],[28.1117038,36.7156008],[28.1119355,36.715612],[28.1121209,36.7157179],[28.1123341,36.715755],[28.1123758,36.7158163],[28.1133746,36.7162491],[28.1134951,36.7164107],[28.1133699,36.7164906],[28.1133398,36.7166392],[28.1131799,36.7166987],[28.1131683,36.71676],[28.1130362,36.7167785],[28.1129968,36.7168547],[28.1131034,36.7170237],[28.1130391,36.7171166],[28.1131,36.7171677],[28.1130188,36.7172652],[28.1130275,36.717365],[28.1129406,36.717451],[28.1129725,36.717574],[28.1129233,36.7176065],[28.112874,36.7177807],[28.1129117,36.7178852],[28.1128566,36.7180105],[28.1128595,36.7181359],[28.1129696,36.7182776],[28.1129609,36.7184517],[28.1130373,36.7185541],[28.1133682,36.7185402],[28.1135821,36.7187737],[28.1139097,36.7186898],[28.114474,36.7186241],[28.114606,36.7187955],[28.1145286,36.718956],[28.1143466,36.7190326],[28.1143602,36.7191567],[28.1145741,36.7192661],[28.114786,36.719305],[28.1149882,36.719288],[28.1150246,36.7194156],[28.1149063,36.7195251],[28.1146424,36.7197002],[28.1147516,36.7197622],[28.1148426,36.7198752],[28.1147288,36.7200357],[28.114747,36.7201123],[28.1151247,36.720302],[28.115193,36.720499],[28.1155616,36.7205427],[28.115765,36.720837],[28.115769,36.721094],[28.115454,36.721354],[28.1150974,36.7213233],[28.1148835,36.7212796],[28.1149017,36.7214729],[28.1150565,36.7215714],[28.1152909,36.7218314],[28.1153789,36.7221625],[28.1152658,36.7222753],[28.114843,36.7228472],[28.1136961,36.7229607],[28.1129655,36.7232664],[28.1126838,36.7234819],[28.1125572,36.7238207],[28.112623,36.724206],[28.1127777,36.7244923],[28.1129993,36.7248836],[28.1134949,36.7253643],[28.113602,36.725739],[28.113606,36.725996],[28.113291,36.726255],[28.1128078,36.7268571],[28.1132279,36.727674],[28.1135805,36.7279539],[28.1139098,36.7280489],[28.115386,36.727648],[28.1157947,36.7274955],[28.1163794,36.7274869],[28.116659,36.72738],[28.117931,36.727111],[28.118566,36.726848],[28.1188041,36.7267001],[28.1192601,36.7265668],[28.120473,36.726316],[28.1211162,36.7261197],[28.1213039,36.7259778],[28.12238,36.725784],[28.1233799,36.7257413],[28.124291,36.725509],[28.1269365,36.7250792],[28.1287865,36.7248953],[28.129031,36.7251377],[28.129239,36.725591],[28.129401,36.725718],[28.1298242,36.7258297],[28.1299788,36.7260908],[28.1300719,36.726353],[28.130211,36.72661],[28.1303958,36.7274223],[28.1299294,36.7277722],[28.129435,36.72803],[28.129119,36.72829],[28.128802,36.728422],[28.128653,36.729194],[28.1282347,36.7295507],[28.128026,36.72997],[28.127711,36.73023],[28.127399,36.730747],[28.1264269,36.7319583],[28.1258959,36.7322421],[28.1255794,36.7321862],[28.1250375,36.7319841],[28.1237554,36.7317348],[28.123105,36.731686],[28.122468,36.731821],[28.1223339,36.7319583],[28.1223553,36.7320959],[28.1225699,36.7324441],[28.1226879,36.7333427],[28.1227899,36.7337984],[28.1226611,36.7340821],[28.1224251,36.7343444],[28.1220549,36.7345722],[28.1216043,36.7347915],[28.120919,36.735047],[28.1202578,36.7351526],[28.1197643,36.7351612],[28.1194854,36.7352214],[28.1190616,36.7352386],[28.1184179,36.7351612],[28.1174684,36.7353891],[28.117097,36.735597],[28.1167763,36.7356298],[28.1168085,36.7356341],[28.1162506,36.7357373],[28.1158966,36.7357416],[28.1148505,36.7358663],[28.1145877,36.7358147],[28.1142443,36.7358877],[28.1140405,36.7357158],[28.1137562,36.7355911],[28.112952,36.735892],[28.112636,36.736152],[28.1118196,36.7360898],[28.1115675,36.736021],[28.1111491,36.7359823],[28.1108433,36.7360984],[28.1104302,36.7361457],[28.1102586,36.7360382],[28.1100225,36.735819],[28.1098348,36.736021],[28.1093627,36.7363477],[28.1091857,36.7365756],[28.108817,36.736959],[28.108499,36.737027],[28.108179,36.736965],[28.1077319,36.7367648],[28.1069863,36.7367304],[28.1065088,36.7365799],[28.1065303,36.7364638],[28.1063318,36.736352],[28.106257,36.736469],[28.1059939,36.7365111],[28.1056344,36.7367089],[28.1052858,36.7371216],[28.105157,36.737401],[28.1050229,36.7374956],[28.1047171,36.7376202],[28.1046689,36.7376761],[28.1046098,36.7378395],[28.1041485,36.7382737],[28.10389,36.738418],[28.1034619,36.7386004],[28.1030542,36.7386004],[28.102507,36.7384843],[28.102134,36.738305],[28.101492,36.738054],[28.101172,36.738057],[28.100855,36.738189],[28.100702,36.738704],[28.100071,36.739224],[28.0997604,36.7393527],[28.099342,36.7394817],[28.098253,36.7397396],[28.0977434,36.7399288],[28.0970192,36.7400104],[28.096411,36.7399],[28.096295,36.7398471],[28.0952811,36.7401781],[28.0950397,36.7402297],[28.0945945,36.7407885],[28.0944657,36.7410593],[28.09404,36.741592],[28.093885,36.74185],[28.093248,36.741984],[28.0926579,36.7421555],[28.091652,36.741999],[28.0912739,36.7420094],[28.0905926,36.7419363],[28.0900508,36.7419578],[28.0895036,36.741846],[28.0891496,36.7416354],[28.0891603,36.7414204],[28.0890906,36.741098],[28.0888224,36.7407799],[28.0887365,36.7407369],[28.0885059,36.7407713],[28.088607,36.741128],[28.08861,36.741385],[28.0883074,36.7415107],[28.0882323,36.7416139],[28.087994,36.742932],[28.087678,36.743192],[28.0873631,36.7435206],[28.086567,36.743587],[28.086244,36.743333],[28.085606,36.743338],[28.08529,36.743598],[28.084973,36.74373],[28.0845791,36.7443005],[28.084515,36.745276],[28.084519,36.745532],[28.0845791,36.7459512],[28.0850427,36.7461693],[28.085183,36.747325],[28.085129,36.7474976],[28.084389,36.747589],[28.0841875,36.7479284],[28.0842465,36.7481391],[28.084562,36.748615],[28.084407,36.748873],[28.0846784,36.7492837],[28.0851527,36.7498476],[28.0856585,36.750078],[28.0858299,36.7503257],[28.0861244,36.7502271],[28.0864688,36.7499619],[28.0868403,36.7500242],[28.0872712,36.750349],[28.0875609,36.750753],[28.087643,36.7509606],[28.0873873,36.7518334],[28.087416,36.7524387],[28.087334,36.7527],[28.0875627,36.7528782],[28.0878779,36.7527715],[28.087971,36.752566],[28.088128,36.752436],[28.08844,36.751919],[28.088598,36.751789],[28.0893504,36.7519678],[28.0894908,36.7521453],[28.0897826,36.7526006],[28.0899328,36.752635],[28.0902046,36.7525606],[28.0907392,36.7526219],[28.0910505,36.7529612],[28.0912042,36.7532914],[28.0912227,36.7539842],[28.0909681,36.7542425],[28.0909679,36.7545388],[28.0913766,36.7547701],[28.0914716,36.7550965],[28.0914754,36.7557828],[28.0917209,36.756544],[28.0916195,36.7570198],[28.091869,36.757283],[28.0922395,36.7572762],[28.0926089,36.7570261],[28.0931775,36.7567619],[28.0936309,36.7570118],[28.09402,36.7572897],[28.0944163,36.7579508],[28.0944206,36.7586029],[28.0942112,36.7588424],[28.0940178,36.7589465],[28.0939877,36.7590823],[28.09417,36.7594531],[28.0940695,36.7599862],[28.0938884,36.7602919],[28.093532,36.7607527],[28.0931389,36.7608825],[28.0927338,36.7609526],[28.0923146,36.7608426],[28.0920801,36.7606523],[28.0918647,36.7606753],[28.091808,36.760788],[28.0917865,36.7610345],[28.0919988,36.7613642],[28.0921789,36.761448],[28.0922368,36.761674],[28.0924943,36.7621688],[28.0926564,36.7625418],[28.0926468,36.7627386],[28.092743,36.7629517],[28.0929005,36.7631534],[28.0933434,36.7635828],[28.0935029,36.7637683],[28.0940298,36.763845],[28.0942597,36.7639755],[28.0944801,36.7641827],[28.0944896,36.7644666],[28.0943843,36.7647583],[28.094231,36.7648197],[28.0941352,36.7649885],[28.0943076,36.765165],[28.0946046,36.7652418],[28.0946621,36.7653492],[28.094892,36.7653646],[28.0952752,36.7652571],[28.095668,36.7653415],[28.0958979,36.7655488],[28.0960224,36.7657713],[28.0964279,36.765715],[28.0968286,36.7657174],[28.0970796,36.7658713],[28.0974368,36.7662675],[28.0976238,36.7669441],[28.0980151,36.7671681],[28.0986091,36.7671834],[28.0988007,36.767145],[28.098934,36.7670681],[28.0991595,36.7672414],[28.0993367,36.7674698],[28.0994735,36.7678932],[28.0993319,36.7679688],[28.0993389,36.7680405],[28.0996229,36.7683104],[28.0999598,36.7685417],[28.100161,36.7685648],[28.1003239,36.7685264],[28.100696,36.7683518],[28.101416,36.768442],[28.1015597,36.7683576],[28.1020715,36.7682586],[28.1020962,36.7681043],[28.1023589,36.7679854],[28.102374,36.7676208],[28.1026435,36.7675185],[28.1027985,36.767172],[28.1037919,36.7670299],[28.1040513,36.7669287],[28.1047499,36.7667306],[28.1048936,36.7667383],[28.1052154,36.7665914],[28.1053065,36.7664409],[28.1053406,36.7663111],[28.1054684,36.7661167],[28.1056408,36.7660169],[28.1058261,36.7659647],[28.1059267,36.7660086],[28.1059521,36.7659649],[28.1061864,36.765937],[28.1063208,36.7656322],[28.1068656,36.764859],[28.1070825,36.7646573],[28.1072054,36.7644253],[28.1075448,36.7640366],[28.1075224,36.7638654],[28.1082605,36.7631163],[28.1083336,36.7630697],[28.108401,36.7629495],[28.1087998,36.7626809],[28.1089497,36.7627779],[28.1092072,36.762591],[28.1092541,36.7624877],[28.1093581,36.7624468],[28.1094705,36.7624435],[28.1095539,36.762378],[28.1101159,36.7625179],[28.1107472,36.7627381],[28.1110857,36.7629095],[28.1115954,36.763251],[28.1118811,36.7635026],[28.1121552,36.7636761],[28.1123377,36.7640544],[28.1124705,36.7642649],[28.112566,36.7641692],[28.1127162,36.7639201],[28.11293,36.7638769],[28.1128504,36.7642673],[28.1127437,36.7644443],[28.1128132,36.7645474],[28.1128587,36.7647103],[28.1130631,36.7647387],[28.1132308,36.7648107],[28.1132189,36.764614],[28.1133529,36.7645358],[28.1135909,36.7644196],[28.113693,36.7644241],[28.1138313,36.7643897],[28.1140119,36.7642572],[28.1144678,36.7641003],[28.1142955,36.7642526],[28.1140678,36.764352],[28.1140167,36.7644407],[28.1137084,36.7646624],[28.1136137,36.7646854],[28.113364,36.7648094],[28.1132264,36.764923],[28.1131903,36.7650014],[28.1132833,36.7651391],[28.1140226,36.7656564],[28.1145295,36.7661771],[28.1148158,36.766681],[28.1143283,36.7671838],[28.1137165,36.7681674],[28.1132948,36.7687753],[28.1130368,36.7690581],[28.1129353,36.7692537],[28.1126038,36.7694632],[28.1123377,36.7694365],[28.1121346,36.7693469],[28.1119213,36.7694039],[28.1117749,36.7695254],[28.1111611,36.7698604],[28.1107757,36.7698547],[28.1107065,36.7698854],[28.1106121,36.7698709],[28.1102739,36.7700007],[28.1098852,36.7700275],[28.1096783,36.7701146],[28.1095822,36.7702512],[28.109468,36.7707043],[28.1094154,36.7708323],[28.1096647,36.7709819],[28.1119448,36.7703572],[28.1121648,36.770544],[28.1123663,36.7707587],[28.1124913,36.7709448],[28.1124846,36.7715071],[28.1124042,36.7722263],[28.1123433,36.7724392],[28.1119432,36.7725969],[28.1118917,36.7726842],[28.1117796,36.7727355],[28.111746,36.7728639],[28.1121311,36.7729943],[28.1121558,36.7731181],[28.1120858,36.7732346],[28.111874,36.77337],[28.1117837,36.7736142],[28.1115207,36.7738743],[28.1114438,36.7740034],[28.1113895,36.7740255],[28.1113442,36.7741297],[28.111417,36.7742385],[28.1115351,36.7743447],[28.1117705,36.7743604],[28.1120004,36.7743497],[28.1121022,36.7743155],[28.1121832,36.7743233],[28.1125635,36.7746755],[28.1126668,36.7747211],[28.1129569,36.7746793],[28.1132527,36.774777],[28.113432,36.7747742],[28.1134704,36.7746194],[28.1131391,36.7736864],[28.1130376,36.7735124],[28.1130652,36.7734137],[28.1131431,36.7733547],[28.1133055,36.7733042],[28.1136277,36.7729229],[28.1140377,36.7725716],[28.1144332,36.7721197],[28.1150062,36.7712419],[28.1150898,36.7710176],[28.1151834,36.7709307],[28.1153191,36.7707354],[28.1161134,36.7690428],[28.1162729,36.7687642],[28.1163862,36.7686258],[28.1164968,36.7685578],[28.116735,36.7685181],[28.1170307,36.7685304],[28.1175917,36.7683043],[28.1181014,36.7683817],[28.118273,36.768459],[28.1184286,36.7688587],[28.1186646,36.7689446],[28.1187974,36.769081],[28.118897,36.7689315],[28.1189594,36.7688918],[28.1190148,36.7687897],[28.1190901,36.7687634],[28.1191935,36.7686322],[28.1191946,36.7685888],[28.1192768,36.7685361],[28.1193368,36.7683719],[28.1195446,36.7681759],[28.1197262,36.7679573],[28.1198986,36.767866],[28.119969,36.7677657],[28.1199881,36.7673625],[28.1204575,36.7668154],[28.1205727,36.7666033],[28.1207896,36.7664782],[28.1208973,36.7663568],[28.1213141,36.7661096],[28.1214906,36.7659674],[28.1216963,36.7657311],[28.1217715,36.765335],[28.1216749,36.7651143],[28.1213855,36.7650561],[28.1210548,36.764859],[28.1210286,36.7647879],[28.1206163,36.7646049],[28.1205815,36.7645148],[28.1205369,36.7645148],[28.1204953,36.7644514],[28.1205018,36.764378],[28.1203821,36.7643098],[28.1202905,36.7643071],[28.1199313,36.7640092],[28.1195796,36.7635324],[28.1195386,36.7633928],[28.1197249,36.7632319],[28.1197191,36.7631835],[28.1198339,36.7630607],[28.1197714,36.7630201],[28.1198493,36.7629471],[28.1198437,36.7628956],[28.1199177,36.7628214],[28.1199305,36.762667],[28.1200709,36.7622203],[28.1206253,36.7617099],[28.1209964,36.7615252],[28.1216547,36.761256],[28.1217269,36.76116],[28.1220518,36.7610257],[28.1221496,36.7610175],[28.1222388,36.76096],[28.1222793,36.7609038],[28.1223464,36.7608792],[28.1224049,36.7607928],[28.1224912,36.7607802],[28.1230339,36.760333],[28.1232154,36.7601263],[28.123475,36.7599286],[28.1237223,36.7597853],[28.1239606,36.7594858],[28.1243199,36.7592802],[28.126198,36.757734],[28.1270365,36.7571521],[28.1277417,36.7567017],[28.1278745,36.7565083],[28.1278973,36.7563417],[28.1274996,36.75594],[28.1271669,36.7555546],[28.1269654,36.7552586],[28.1268831,36.7545971],[28.1268947,36.7544555],[28.1268774,36.7543614],[28.1269001,36.754216],[28.1270283,36.7541258],[28.1270774,36.7539911],[28.1275709,36.7536881],[28.1277573,36.7536193],[28.1280832,36.7536558],[28.1286867,36.7536118],[28.1290877,36.7533689],[28.1291253,36.7532731],[28.1292679,36.7530795],[28.1293897,36.7529633],[28.1295415,36.7528904],[28.1300572,36.7527601],[28.1301553,36.7526477],[28.1303194,36.7526403],[28.1303215,36.7525888],[28.1304988,36.7525827],[28.1305956,36.7527051],[28.1309083,36.7528897],[28.1310768,36.7529445],[28.1312814,36.7528796],[28.1314395,36.7528982],[28.1317964,36.7530136],[28.1319225,36.7531424],[28.1320382,36.7533814],[28.132088,36.7535802],[28.1322545,36.7539667],[28.1321394,36.7540878],[28.1321932,36.7542061],[28.1323975,36.7542382],[28.1324565,36.7544445],[28.1324404,36.7545262],[28.1325263,36.7546035],[28.1326472,36.7549166],[28.1322767,36.7552034],[28.1323838,36.7556502],[28.1323645,36.7557273],[28.1324129,36.7558107],[28.132653,36.7558796],[28.1326446,36.7560444],[28.132804,36.7562403],[28.1330428,36.7562652],[28.133725,36.7560576],[28.1339368,36.756049],[28.1344106,36.7562927],[28.1344473,36.7563757],[28.1337686,36.7561301],[28.1330159,36.7563594],[28.1329472,36.7564667],[28.1329729,36.7566251],[28.1331332,36.7570239],[28.1334961,36.7571235],[28.133566,36.7572323],[28.1335642,36.757393],[28.1335254,36.7575565],[28.1334035,36.7577218],[28.133256,36.7578463],[28.132762,36.7580876],[28.1320296,36.7585361],[28.1313456,36.7589015],[28.1312758,36.7589998],[28.1311983,36.7590461],[28.1310047,36.7590699],[28.1304462,36.7588862],[28.1303983,36.7589679],[28.1304133,36.7590223],[28.1302912,36.7592561],[28.1303105,36.759293],[28.1302778,36.7594307],[28.1303569,36.7596007],[28.1302941,36.7599778],[28.1302168,36.7602218],[28.1300837,36.7604133],[28.1300619,36.760598],[28.1300533,36.7610481],[28.1300694,36.7612351],[28.130123,36.7614091],[28.1299299,36.7616734],[28.1298816,36.7620194],[28.1294149,36.7633],[28.1294149,36.7634268],[28.1292888,36.7635966],[28.1292629,36.7637186],[28.1293018,36.7640034],[28.1292588,36.7641261],[28.1291524,36.7641646],[28.1291851,36.7642614],[28.129282,36.7642705],[28.1293576,36.764446],[28.1293588,36.7645982],[28.1291531,36.7646419],[28.1291636,36.764718],[28.1291343,36.7647407],[28.1292997,36.7648055],[28.1293644,36.7649625],[28.1293214,36.7650999],[28.1292069,36.7651297],[28.1292115,36.7652134],[28.129364,36.7653859],[28.1293991,36.7657492],[28.1293533,36.7658412],[28.1292771,36.7658419],[28.1293011,36.7659273],[28.1292384,36.7662764],[28.1290246,36.7666167],[28.1289377,36.766681],[28.1289704,36.7668073],[28.129069,36.766801],[28.1292163,36.7669001],[28.1293373,36.7670622],[28.1291762,36.7675799],[28.1292253,36.7678051],[28.1293185,36.7679375],[28.12966,36.7681965],[28.130045,36.7687243],[28.1303512,36.7692237],[28.130237,36.7694007],[28.1301426,36.7693973],[28.1299054,36.7695228],[28.1299398,36.7695397],[28.1292224,36.7700277],[28.129439,36.7702533],[28.1292502,36.7702998],[28.1291319,36.7704257],[28.1288383,36.7706586],[28.1286102,36.7704083],[28.1260952,36.7720446],[28.1259769,36.7721628],[28.1255253,36.7723501],[28.1250457,36.7724111],[28.1244773,36.7723198],[28.123972,36.7725054],[28.1236211,36.7727144],[28.123065,36.772792],[28.122748,36.772924],[28.1224948,36.7730956],[28.1223178,36.7734995],[28.1223553,36.7739292],[28.1225699,36.7744921],[28.1227416,36.7752398],[28.1226236,36.7757597],[28.1227362,36.7762452],[28.1231358,36.7761364],[28.123429,36.775872],[28.1239325,36.7758155],[28.1244042,36.7758511],[28.1247334,36.775927],[28.124968,36.7761708],[28.1252181,36.776861],[28.1253427,36.7775765],[28.1241444,36.7790789],[28.1232264,36.7792767],[28.122893,36.7794232],[28.1225082,36.7795365],[28.122519,36.7797148],[28.1226718,36.7798179],[28.1229722,36.7798201],[28.1231868,36.7799275],[28.1236026,36.7799404],[28.1242436,36.7802798],[28.1244314,36.7805849],[28.1245762,36.7812207],[28.1249678,36.7817148],[28.125354,36.7820371],[28.1252092,36.7824238],[28.124965,36.782666],[28.1246352,36.7827847],[28.1244367,36.7830467],[28.124131,36.7833475],[28.1241471,36.7835709],[28.1245333,36.7838974],[28.1249249,36.784138],[28.1249517,36.7844216],[28.1248337,36.7847094],[28.1245655,36.7852207],[28.124766,36.7855305],[28.1258298,36.7855964],[28.1264295,36.7860368],[28.1270438,36.7864193],[28.1272155,36.7866084],[28.127098,36.7870807],[28.1277043,36.7870824],[28.1283299,36.7872356],[28.128621,36.7872829],[28.1289375,36.7877726],[28.1289674,36.7881742],[28.1288968,36.7885767],[28.1279733,36.7906439],[28.1276451,36.7908436],[28.1276048,36.7911276],[28.1280081,36.7915632],[28.1292064,36.7925633],[28.1299405,36.7928982],[28.1306935,36.7930727],[28.1313589,36.7932965],[28.1315652,36.7935758],[28.1315285,36.7942381],[28.130909,36.7952414],[28.1303526,36.7958558],[28.1297011,36.7968395],[28.1292547,36.7974475],[28.1289119,36.7977612],[28.1285784,36.798184],[28.1276847,36.7990335],[28.1273746,36.7992866],[28.1262567,36.7999155],[28.1251863,36.8001837],[28.1251222,36.8001817],[28.1249825,36.8003499],[28.125074,36.8004687],[28.1250749,36.8005196],[28.1248939,36.8006867],[28.1248951,36.8009277],[28.1249541,36.8009771],[28.1250011,36.8009699],[28.1249927,36.8008182],[28.1250497,36.8008235],[28.1253274,36.8012864],[28.1255544,36.8015165],[28.1256969,36.8018638],[28.1257968,36.8020337],[28.1258163,36.8021489],[28.1256315,36.8022131],[28.1256069,36.802249],[28.1257375,36.8022869],[28.1257938,36.8022328],[28.1258617,36.8022725],[28.1259947,36.8024285],[28.126201,36.8025717],[28.1268213,36.80289],[28.1277067,36.8039944],[28.128038,36.8044718],[28.1281946,36.8048818],[28.1283391,36.8051325],[28.128309,36.8053544],[28.1279717,36.8055521],[28.1280561,36.8051759],[28.1279356,36.8049011],[28.1278031,36.8047901],[28.1276706,36.804848],[28.1276947,36.8047226],[28.1275863,36.804631],[28.1275983,36.8044767],[28.1271466,36.804086],[28.127008,36.8037726],[28.126731,36.8035941],[28.126478,36.8033144],[28.1261347,36.8031456],[28.1257432,36.8030492],[28.125689,36.802673],[28.1254059,36.8024656],[28.1245687,36.8028225],[28.1245861,36.8028942],[28.1253455,36.8036072],[28.1256731,36.8040424],[28.1256808,36.8041597],[28.1258504,36.8044807],[28.125835,36.8046597],[28.1259006,36.8049653],[28.1257117,36.8051875],[28.1255999,36.8051968],[28.1253994,36.8053542],[28.1253185,36.8054869],[28.125384,36.8057647],[28.1253956,36.805919],[28.1255112,36.80599],[28.1254765,36.8060609],[28.1253725,36.8059807],[28.1253185,36.805814],[28.1252298,36.8057369],[28.1252067,36.8053758],[28.1246571,36.8052893],[28.1242853,36.8051907],[28.124243,36.8050579],[28.1235005,36.8044806],[28.123276,36.8042573],[28.1231909,36.8041176],[28.1231126,36.8040414],[28.1226139,36.8041226],[28.121649,36.8040897],[28.1214322,36.8042343],[28.1213599,36.804543],[28.1215105,36.8046828],[28.1212911,36.8048588],[28.1209972,36.8048588],[28.1207147,36.8048145],[28.1205829,36.8047359],[28.1200975,36.8041877],[28.1199531,36.8038248],[28.1199733,36.8036978],[28.1197974,36.8033076],[28.1198262,36.8031807],[28.1197399,36.8031014],[28.1195264,36.8031022],[28.1193368,36.8031802],[28.1192028,36.803109],[28.1190895,36.8033464],[28.1188204,36.8035633],[28.1183282,36.8038042],[28.1179054,36.8038828],[28.1173212,36.8038472],[28.11695,36.803759],[28.1169505,36.8034025],[28.1168768,36.8034011],[28.1168735,36.8035783],[28.1162001,36.8035925],[28.1161605,36.8033689],[28.115796,36.803567],[28.1152158,36.8036818],[28.1149297,36.8037021],[28.1149001,36.8035633],[28.1143838,36.8036989],[28.1141975,36.803714],[28.1133082,36.8041349],[28.1131549,36.803944],[28.112835,36.8040671],[28.1123924,36.8040162],[28.1120834,36.8040948],[28.111704,36.804241],[28.1109291,36.8042938],[28.110107,36.804256],[28.1094646,36.8040576],[28.1092152,36.8038965],[28.108502,36.803757],[28.1075066,36.803482],[28.106901,36.803515],[28.1052187,36.8034047],[28.1052589,36.8032844],[28.1043524,36.8032887],[28.1041566,36.8032007],[28.1038588,36.8031835],[28.10338,36.803034],[28.102418,36.802786],[28.101776,36.802535],[28.101453,36.802281],[28.099529,36.801786],[28.098886,36.801535],[28.0965364,36.7997794],[28.0960295,36.7994938],[28.094691,36.798619],[28.0943745,36.7978207],[28.0943048,36.7973954],[28.0942994,36.7965191],[28.0941117,36.7963129],[28.093699,36.796187],[28.0931729,36.7958404],[28.09289,36.795553],[28.0920142,36.7951101],[28.0916655,36.7949082],[28.0911559,36.794659],[28.090479,36.794418],[28.089205,36.794687],[28.0887258,36.7947664],[28.0885166,36.7948652],[28.088258,36.795466],[28.087303,36.795732],[28.0863976,36.7961282],[28.0860168,36.7962012],[28.0855018,36.7961325],[28.085073,36.796138],[28.0847293,36.7964031],[28.0846381,36.7968713],[28.0842304,36.7971677],[28.0840158,36.7972107],[28.0834687,36.7971548],[28.0830502,36.7968713],[28.082527,36.796803],[28.081559,36.79617],[28.0812156,36.7958146],[28.0810761,36.7956084],[28.0807918,36.7953936],[28.080423,36.794896],[28.080368,36.7941436],[28.0802393,36.7937913],[28.0800569,36.7935894],[28.080132,36.7934305],[28.0802876,36.7934305],[28.0805719,36.7934992],[28.0809528,36.7936367],[28.081677,36.7937741],[28.082162,36.793596],[28.0821705,36.7930352],[28.081987,36.79257],[28.0817199,36.7924639],[28.081162,36.7922921],[28.0809313,36.7920515],[28.0794185,36.791304],[28.0790377,36.791029],[28.0788499,36.7910419],[28.078615,36.791187],[28.077979,36.79145],[28.077541,36.7916734],[28.0773264,36.7916863],[28.0768543,36.7914028],[28.0761999,36.79084],[28.0758351,36.7908314],[28.0755991,36.790346],[28.0751753,36.7898949],[28.074891,36.7894137],[28.0746067,36.7892204],[28.0742365,36.7892548],[28.0737859,36.7891302],[28.0735391,36.7886319],[28.0733997,36.7878457],[28.073523,36.7873473],[28.0740058,36.7870767],[28.076314,36.786583],[28.077592,36.786572],[28.077907,36.786312],[28.0779809,36.7861272],[28.0782491,36.7857706],[28.0786139,36.7856632],[28.079263,36.7857019],[28.0794722,36.7857362],[28.079735,36.7856031],[28.0801427,36.7852207],[28.0808991,36.7851562],[28.081722,36.784993],[28.0818808,36.7849285],[28.0820578,36.7846579],[28.0818808,36.7843786],[28.0813068,36.7840865],[28.080942,36.7837127],[28.0803359,36.782935],[28.0801749,36.7824195],[28.080243,36.782052],[28.080239,36.781796],[28.0803573,36.781195],[28.0803573,36.7809329],[28.080221,36.780511],[28.079898,36.780257],[28.079204,36.7795279],[28.0788928,36.7789779],[28.078748,36.7784408],[28.0785388,36.778183],[28.0781043,36.7773968],[28.0781203,36.77701],[28.0782491,36.7763655],[28.0787051,36.7756995],[28.078233,36.775391],[28.077718,36.775171],[28.0774659,36.775012],[28.0771279,36.7747499],[28.077102,36.774374],[28.0763662,36.774664],[28.0758834,36.774664],[28.075187,36.774519],[28.0747569,36.7743589],[28.0745315,36.7741441],[28.074376,36.773628],[28.0743599,36.7732804],[28.0744189,36.773014],[28.0741775,36.7731085],[28.074097,36.7730612],[28.073569,36.772992],[28.0732119,36.7728378],[28.072929,36.77287],[28.0727452,36.7729667],[28.0728364,36.7732718],[28.0726165,36.7737144],[28.0724555,36.7741956],[28.0725092,36.7743847],[28.0724662,36.774707],[28.0721835,36.7750333],[28.0718601,36.7752956],[28.0713504,36.7753987],[28.0711573,36.7754847],[28.070731,36.775587],[28.0696016,36.7756007],[28.068812,36.775347],[28.0682324,36.7748563],[28.0679548,36.7744062],[28.0678904,36.7741784],[28.068036,36.7739152],[28.0670683,36.7739567],[28.066882,36.774337],[28.066247,36.774599],[28.0658036,36.774823],[28.064973,36.774868],[28.0646503,36.7746382],[28.0640851,36.7743105],[28.0637491,36.7738218],[28.063835,36.773465],[28.064151,36.773206],[28.064307,36.7726745],[28.0643928,36.7725542],[28.0647254,36.7722964],[28.0652157,36.7718083],[28.0651009,36.7718323],[28.0647039,36.7720815],[28.0645537,36.7720987],[28.0641675,36.7720858],[28.063653,36.771797],[28.06333,36.771543],[28.0631322,36.7713123],[28.062842,36.770905],[28.0626762,36.7703455],[28.0624241,36.7699802],[28.0622256,36.7696408],[28.0619413,36.7693915],[28.0619198,36.769022],[28.0619574,36.7687427],[28.0621558,36.7682313],[28.0627137,36.7680379],[28.0629927,36.7681067],[28.0633575,36.7682743],[28.0635935,36.7683043],[28.0640066,36.7682571],[28.0643928,36.7682915],[28.0645645,36.768184],[28.0644411,36.7678188],[28.0645323,36.7675136],[28.0646664,36.7672773],[28.0642909,36.7670581],[28.063851,36.7669163],[28.063615,36.76668],[28.063736,36.766273],[28.063732,36.766016],[28.0634111,36.7657947],[28.0630302,36.7657088],[28.062608,36.765512],[28.0626333,36.7652232],[28.0624026,36.7647032],[28.0624241,36.7645227],[28.062591,36.764228],[28.0622524,36.7641703],[28.0618501,36.7641617],[28.0616301,36.764441],[28.061319,36.7647161],[28.0612439,36.7647547],[28.0609006,36.7647504],[28.060361,36.764633],[28.060042,36.764635],[28.0589002,36.7641871],[28.0586844,36.7641941],[28.0586529,36.7644195],[28.0588659,36.7649737],[28.058932,36.765288],[28.058617,36.765548],[28.0580467,36.7657217],[28.0577169,36.7657174],[28.056491,36.765524],[28.056221,36.76544],[28.0560833,36.7651802],[28.0553108,36.7650427],[28.054619,36.765069],[28.0544445,36.7653091],[28.0542594,36.7654208],[28.0541226,36.7653929],[28.053892,36.7656701],[28.0533448,36.7658248],[28.053275,36.7659666],[28.05298,36.7660977],[28.0524864,36.7658968],[28.0520734,36.7656894],[28.051777,36.7653908],[28.0518857,36.7653037],[28.0516566,36.7652188],[28.0499089,36.7652275],[28.049663,36.764599],[28.049821,36.764469],[28.0506331,36.7642906],[28.0504399,36.7638566],[28.0501985,36.7635901],[28.0501159,36.7632955],[28.0512017,36.7628252],[28.0512956,36.7625093],[28.0513841,36.762303],[28.0516872,36.7621483],[28.0517703,36.7617916],[28.0519098,36.761538],[28.0522907,36.7614757],[28.0526206,36.7613532],[28.0532429,36.7614177],[28.0535218,36.7612286],[28.0539188,36.7610782],[28.054195,36.760816],[28.0540475,36.7607258],[28.0536345,36.7609106],[28.0532053,36.7609879],[28.0528003,36.7609364],[28.0525857,36.7608354],[28.0523899,36.7606807],[28.0524462,36.7604701],[28.052111,36.7603497],[28.0518347,36.7600446],[28.0508387,36.7596376],[28.0505449,36.7596473],[28.050042,36.7599006],[28.0500269,36.7601263],[28.050043,36.7603798],[28.050125,36.7606912],[28.0496543,36.7608393],[28.0494234,36.7607222],[28.0491739,36.7608526],[28.0490506,36.7612007],[28.048986,36.761779],[28.048674,36.762296],[28.0476397,36.762606],[28.0475163,36.762722],[28.0473286,36.7627972],[28.0468163,36.762808],[28.046304,36.7629004],[28.0461189,36.7629734],[28.0460948,36.763184],[28.0468619,36.7632592],[28.0473098,36.7633323],[28.0474117,36.7637448],[28.0472515,36.7638637],[28.0467364,36.7640452],[28.0465052,36.7642068],[28.0460265,36.7644414],[28.0453759,36.7644002],[28.0450688,36.7644657],[28.0449548,36.7644077],[28.0448341,36.7644163],[28.0448315,36.7644507],[28.0449213,36.7645238],[28.0448613,36.7645277],[28.0447845,36.7645818],[28.0441877,36.7646409],[28.0438256,36.7645763],[28.0437259,36.7646405],[28.0439329,36.7646935],[28.0438927,36.7647247],[28.0435921,36.7647693],[28.0435991,36.7648391],[28.0434579,36.7649894],[28.0432695,36.7650527],[28.0432604,36.7651795],[28.0431641,36.7652441],[28.0432275,36.7653349],[28.0434099,36.7653779],[28.043552,36.7655691],[28.043662,36.765597],[28.0443489,36.7655422],[28.0445847,36.7655519],[28.0447862,36.7655003],[28.0449233,36.7655631],[28.0450506,36.7654533],[28.0451877,36.7654454],[28.0453424,36.7655039],[28.0455537,36.7655322],[28.0459553,36.7654488],[28.0462691,36.7654423],[28.0464327,36.7655197],[28.0465347,36.7658055],[28.0465105,36.7659236],[28.0462922,36.7661149],[28.0460534,36.7661068],[28.0457085,36.7662674],[28.0454296,36.7669077],[28.0452928,36.7671247],[28.0450085,36.7674707],[28.0447537,36.7678617],[28.0445447,36.7679633],[28.0439931,36.7681908],[28.0439383,36.7680336],[28.0438256,36.767952],[28.0437022,36.7681668],[28.0435198,36.7681803],[28.0432555,36.7682875],[28.0422535,36.768311],[28.0421164,36.7682065],[28.0421484,36.7680045],[28.0420134,36.7679187],[28.0418569,36.7680422],[28.0418569,36.7682614],[28.042168,36.768588],[28.0422243,36.769413],[28.0423585,36.7698191],[28.042278,36.7699416],[28.0421001,36.7700445],[28.0420473,36.7702123],[28.0420393,36.7705453],[28.0418783,36.770743],[28.041476,36.7710696],[28.0412253,36.7711818],[28.0408035,36.7712742],[28.0407089,36.7713618],[28.0408457,36.7714778],[28.0410683,36.7715444],[28.0411368,36.7717406],[28.0410554,36.7720593],[28.0408598,36.772368],[28.0406332,36.7725927],[28.040512,36.772644],[28.040245,36.772815],[28.0398614,36.7729537],[28.0398823,36.7729423],[28.039554,36.7727308],[28.0394258,36.7728339],[28.0395073,36.7730226],[28.0399311,36.7732245],[28.0400293,36.7730675],[28.0404058,36.7730118],[28.0411136,36.7732599],[28.041358,36.7735253],[28.0414975,36.7739851],[28.0416048,36.774157],[28.041535,36.7745695],[28.0411597,36.774791],[28.0412722,36.7749089],[28.0413419,36.7752269],[28.041181,36.7758284],[28.0410898,36.7760605],[28.0407089,36.7762796],[28.0410147,36.7767866],[28.0412078,36.7771862],[28.0411917,36.7774741],[28.0416906,36.7778307],[28.0418783,36.778037],[28.0420285,36.7780284],[28.0422002,36.7778909],[28.042221,36.7778098],[28.0428403,36.7778042],[28.0431658,36.777921],[28.0434555,36.7782346],[28.0440295,36.7787201],[28.0445295,36.7792254],[28.0448451,36.779408],[28.0450928,36.7794778],[28.0456388,36.7797169],[28.0455744,36.7801638],[28.0450916,36.7805677],[28.0448931,36.7809501],[28.0446625,36.7811864],[28.044346,36.7813969],[28.0443299,36.7817019],[28.044641,36.7819168],[28.0446893,36.7823593],[28.0446786,36.7828018],[28.0450058,36.7829522],[28.0453438,36.7831499],[28.0457713,36.7832082],[28.0461668,36.7833359],[28.0462879,36.7834635],[28.0461645,36.7837342],[28.0461484,36.7839189],[28.0462503,36.7840822],[28.0474144,36.7841552],[28.0474263,36.7836751],[28.0475453,36.7835875],[28.0477145,36.7835269],[28.0479108,36.783381],[28.0488204,36.7835843],[28.0493188,36.783747],[28.0496138,36.7842454],[28.0496692,36.7845362],[28.0498497,36.7847409],[28.0498338,36.7851464],[28.0501428,36.7857948],[28.0504403,36.786089],[28.050583,36.7864484],[28.0505117,36.7868037],[28.050377,36.7872894],[28.0505015,36.7863871],[28.0502771,36.7861012],[28.0499711,36.7859787],[28.0497413,36.7859814],[28.0494643,36.78601],[28.0493424,36.7861122],[28.0491739,36.7861616],[28.0488134,36.7859435],[28.0481382,36.7856837],[28.0478161,36.7857054],[28.0473319,36.785511],[28.0471189,36.785158],[28.0466205,36.7849576],[28.046269,36.785053],[28.045953,36.785313],[28.0455167,36.7853283],[28.045209,36.7851437],[28.0451991,36.7849156],[28.0449932,36.784615],[28.0446893,36.7844774],[28.0440804,36.7842927],[28.0440053,36.7842325],[28.043713,36.7841531],[28.0434743,36.7840413],[28.0430405,36.7837848],[28.0427952,36.7831413],[28.0423904,36.782803],[28.0421939,36.7827888],[28.0420645,36.7829982],[28.0420205,36.7831768],[28.0417655,36.7832013],[28.0413153,36.7830015],[28.0412197,36.7826938],[28.0409597,36.7822619],[28.0411127,36.7817799],[28.0410795,36.7816851],[28.0409291,36.7816941],[28.0408271,36.781543],[28.0408016,36.7813715],[28.0406129,36.7811795],[28.0406333,36.7809875],[28.0404966,36.7808153],[28.040293,36.780096],[28.0403121,36.7799664],[28.0399704,36.7797458],[28.0400191,36.7793249],[28.0398327,36.7791413],[28.0398786,36.7788921],[28.039476,36.77869],[28.0390601,36.7785705],[28.038683,36.7783842],[28.038624,36.7781895],[28.0387872,36.7779608],[28.038984,36.777796],[28.0393125,36.7776422],[28.039028,36.7773433],[28.038777,36.7772133],[28.038828,36.7767966],[28.0387719,36.7766536],[28.0385154,36.7766611],[28.038325,36.77626],[28.038002,36.776006],[28.037999,36.775749],[28.0380907,36.7755536],[28.0385118,36.7754731],[28.038794,36.775534],[28.0386954,36.7752485],[28.0387483,36.7749428],[28.0380716,36.7743786],[28.0375814,36.7742988],[28.0374885,36.774194],[28.0373144,36.774083],[28.0372229,36.7738355],[28.0368978,36.7734042],[28.036782,36.7727546],[28.0364107,36.7724584],[28.036354,36.772167],[28.0358121,36.7715562],[28.0353463,36.7713267],[28.0351425,36.7710677],[28.034902,36.771023],[28.0345344,36.7710502],[28.033601,36.7709729],[28.032909,36.770758],[28.032498,36.770402],[28.0321258,36.7699244],[28.0320615,36.7696365],[28.0320668,36.7694087],[28.031643,36.7693357],[28.0313909,36.7692196],[28.0313137,36.7691054],[28.0311161,36.7688988],[28.0312729,36.7682829],[28.0308759,36.7681625],[28.0307203,36.7680336],[28.0305111,36.7678359],[28.0304682,36.7675953],[28.0304789,36.7671441],[28.0310315,36.7671312],[28.0311549,36.7669808],[28.0309993,36.7665167],[28.031006,36.766304],[28.0306989,36.7663405],[28.0304843,36.766319],[28.0303234,36.7662588],[28.0299962,36.7662631],[28.02941,36.766318],[28.029257,36.766833],[28.0290359,36.7669765],[28.0282313,36.7670925],[28.027822,36.766973],[28.027501,36.766848],[28.0273837,36.7669292],[28.0271316,36.7672042],[28.0270618,36.7674406],[28.0264825,36.7676383],[28.025913,36.767504],[28.025372,36.7675051],[28.0252218,36.7674277],[28.0250502,36.7672558],[28.0248088,36.7671441],[28.024385,36.7673761],[28.0242187,36.7676039],[28.0239183,36.7679434],[28.02365,36.767982],[28.0234569,36.7679606],[28.022722,36.76766],[28.0224323,36.7671355],[28.0218798,36.7667229],[28.0214024,36.7661901],[28.0213326,36.7660354],[28.021258,36.765618],[28.0212682,36.7654896],[28.0206191,36.764759],[28.0207264,36.7643981],[28.021234,36.763819],[28.0211717,36.7634268],[28.0213433,36.7629541],[28.0212736,36.7626962],[28.0210322,36.7624728],[28.0207533,36.7624685],[28.0205119,36.7625372],[28.0203134,36.7629369],[28.020108,36.763186],[28.01938,36.7631647],[28.0191547,36.7630873],[28.018508,36.762943],[28.0180442,36.7625888],[28.0176741,36.7621762],[28.0169,36.762058],[28.0167943,36.7618281],[28.0166656,36.7616219],[28.01673,36.761289],[28.016085,36.76078],[28.016078,36.760267],[28.0161774,36.7600532],[28.0162901,36.7598899],[28.0163276,36.7595418],[28.0159521,36.7593742],[28.0150026,36.7592495],[28.014623,36.758866],[28.0143911,36.7586822],[28.0143481,36.7585619],[28.0142623,36.7585017],[28.0139404,36.7586092],[28.013346,36.758876],[28.0129695,36.7589315],[28.0126959,36.7590218],[28.0117196,36.7588369],[28.0115908,36.7593011],[28.0113441,36.759559],[28.0110598,36.7596707],[28.0107808,36.7608956],[28.010577,36.7612093],[28.0104482,36.7615746],[28.0108827,36.7620731],[28.0112207,36.7626962],[28.011269,36.7630143],[28.01101,36.763393],[28.0107593,36.7636546],[28.010221,36.764041],[28.009901,36.7642004],[28.0084741,36.7648106],[28.00768,36.76509],[28.0066127,36.7651845],[28.0054432,36.7644625],[28.005112,36.764085],[28.0048048,36.7639554],[28.0043542,36.7637234],[28.004145,36.7633022],[28.003503,36.763071],[28.0032277,36.7629455],[28.002859,36.762691],[28.0026537,36.7623825],[28.0022514,36.7621805],[28.0018437,36.7621891],[28.001254,36.762062],[28.0006099,36.7617895],[28.00029,36.761556],[28.0001378,36.7612265],[27.9999071,36.7603626],[27.999478,36.7601478],[27.9985928,36.7604916],[27.9982227,36.7606936],[27.9979545,36.7606635],[27.997403,36.760553],[27.996119,36.76005],[27.9954225,36.7598555],[27.9949397,36.7595418],[27.9943979,36.7593355],[27.993871,36.759041],[27.99323,36.758789],[27.991314,36.758805],[27.9908627,36.7586049],[27.990358,36.758942],[27.9901171,36.7592452],[27.989728,36.759589],[27.9888564,36.7597524],[27.988451,36.7596],[27.987483,36.758837],[27.9869306,36.7585791],[27.985245,36.758599],[27.9847956,36.7583642],[27.9844201,36.7580505],[27.984112,36.757453],[27.98395,36.757197],[27.9835564,36.757264],[27.9832613,36.7572811],[27.9829824,36.7571823],[27.9825908,36.7571049],[27.9818451,36.7572038],[27.9807991,36.7577668],[27.980446,36.757868],[27.979808,36.757873],[27.97949,36.758004],[27.9791522,36.7583728],[27.9791307,36.7586307],[27.9792005,36.75891],[27.9790503,36.7591163],[27.97903,36.75955],[27.978714,36.759809],[27.9782188,36.760122],[27.9780149,36.7602079],[27.9779774,36.7603326],[27.9780149,36.7604529],[27.9785299,36.7611104],[27.9786158,36.7616261],[27.9784924,36.7619571],[27.9781061,36.7621247],[27.9775053,36.7622665],[27.9771513,36.7623138],[27.9767543,36.7622751],[27.9762983,36.7623095],[27.975713,36.762274],[27.9753596,36.7621333],[27.9751986,36.7617594],[27.9748553,36.7615359],[27.9744852,36.7612437],[27.974453,36.7607752],[27.97457,36.760357],[27.9745066,36.7602079],[27.9743457,36.7600016],[27.9743296,36.7597094],[27.974557,36.759329],[27.974554,36.759073],[27.974228,36.758561],[27.974225,36.758305],[27.973899,36.757793],[27.973254,36.757285],[27.9730475,36.7569244],[27.9730421,36.7565978],[27.9731119,36.7562282],[27.9725218,36.7560648],[27.971481,36.755886],[27.971159,36.755632],[27.970891,36.7555018],[27.9706174,36.7550763],[27.9706496,36.7548571],[27.9708373,36.7546465],[27.970665,36.75448],[27.9702848,36.7543929],[27.969864,36.75423],[27.9694694,36.7536257],[27.9687425,36.7533872],[27.968646,36.7532346],[27.9687828,36.7527855],[27.9691958,36.7524738],[27.9692495,36.7523771],[27.9691932,36.7522783],[27.968563,36.752313],[27.9674095,36.7525598],[27.9667242,36.7524652],[27.9664828,36.7524115],[27.9663004,36.752318],[27.966115,36.752116],[27.96616,36.751691],[27.9659906,36.7512661],[27.9662588,36.751049],[27.9663178,36.7509179],[27.9660067,36.7508556],[27.965667,36.750538],[27.9654998,36.7501937],[27.9653898,36.7501378],[27.965261,36.7501507],[27.965135,36.7502495],[27.965029,36.750543],[27.9645878,36.7507825],[27.9642284,36.7508556],[27.963755,36.750811],[27.9634666,36.7506149],[27.9634452,36.7504215],[27.9632735,36.7503914],[27.9630804,36.7504945],[27.9628926,36.7509974],[27.9626834,36.7517711],[27.962173,36.75198],[27.9622704,36.7524244],[27.9624581,36.7525061],[27.9625869,36.7524201],[27.9630321,36.7520161],[27.963531,36.7520032],[27.963751,36.7521966],[27.9638743,36.7522181],[27.9646146,36.7522095],[27.9649419,36.7521665],[27.9653066,36.7522009],[27.9656392,36.7524631],[27.9658538,36.7525061],[27.9661971,36.7528542],[27.9662883,36.7532497],[27.9659074,36.7538643],[27.9653227,36.7544961],[27.9651082,36.7549345],[27.9654461,36.7552396],[27.9655963,36.7554545],[27.965573,36.755806],[27.9654247,36.7561121],[27.96543,36.7562582],[27.9653871,36.7564388],[27.965583,36.756577],[27.9653174,36.7571651],[27.9654193,36.7574015],[27.965754,36.757474],[27.9661757,36.7577582],[27.9666209,36.7578614],[27.966876,36.757851],[27.967198,36.758105],[27.9672807,36.7585017],[27.967152,36.7592237],[27.9678172,36.7595375],[27.9677045,36.7598985],[27.967543,36.760157],[27.9672593,36.7605303],[27.9669589,36.7607151],[27.9667389,36.7607838],[27.9664332,36.7607537],[27.9661864,36.7605646],[27.9652744,36.7604056],[27.9648399,36.7603798],[27.9646307,36.7602165],[27.9643035,36.7601606],[27.96381,36.7603025],[27.963118,36.7603927],[27.9625869,36.7603669],[27.9623723,36.7602423],[27.9622972,36.759877],[27.9620719,36.7596664],[27.9611975,36.759877],[27.9608434,36.7598383],[27.9603016,36.7598555],[27.960036,36.759832],[27.9596472,36.7596234],[27.9594219,36.7595977],[27.959077,36.759712],[27.9589069,36.7604443],[27.9581183,36.76096],[27.9576462,36.7610975],[27.9567772,36.7612566],[27.9563588,36.7611835],[27.9558223,36.7612308],[27.955263,36.761155],[27.954942,36.76103],[27.9546905,36.7606979],[27.9547763,36.7601778],[27.9545081,36.7598512],[27.95397,36.759881],[27.9526144,36.7602638],[27.9522496,36.7602896],[27.9516596,36.7601907],[27.9512787,36.7600102],[27.9512036,36.759877],[27.9511499,36.7593828],[27.9503775,36.7590003],[27.950125,36.758756],[27.9500288,36.7584287],[27.9500824,36.7580376],[27.950268,36.757471],[27.9506028,36.7565978],[27.9503506,36.756615],[27.949785,36.757089],[27.949466,36.757091],[27.948826,36.756968],[27.9484999,36.7567783],[27.9484409,36.7567095],[27.9486448,36.756327],[27.9486394,36.756009],[27.9480922,36.7561981],[27.9477972,36.7563313],[27.9473036,36.7561508],[27.9470515,36.7558714],[27.9470676,36.7554975],[27.9471398,36.7553175],[27.9470758,36.7550647],[27.947357,36.754411],[27.947989,36.753892],[27.9482371,36.7535763],[27.9478186,36.7532797],[27.9476577,36.7532539],[27.94725,36.7534517],[27.9469442,36.7534216],[27.9467189,36.7535505],[27.9463327,36.7536236],[27.9460484,36.7534388],[27.9458553,36.7533528],[27.945271,36.753528],[27.944952,36.75353],[27.9438436,36.753615],[27.9432803,36.7534989],[27.9429853,36.7531809],[27.9429746,36.7529101],[27.9432857,36.752635],[27.9435271,36.752519],[27.9436934,36.7523213],[27.9437792,36.7518442],[27.9439831,36.751539],[27.943849,36.7511908],[27.9438865,36.7508857],[27.9435217,36.7506622],[27.9432321,36.7507051],[27.942819,36.7510834],[27.942642,36.7513671],[27.942853,36.751621],[27.942697,36.751879],[27.94206,36.752012],[27.941741,36.752014],[27.941097,36.7518012],[27.940464,36.752024],[27.940148,36.752284],[27.9396754,36.7523943],[27.9393268,36.7525233],[27.938871,36.752294],[27.93855,36.752168],[27.9382753,36.7517969],[27.938377,36.751142],[27.938693,36.750883],[27.9389727,36.7504902],[27.9392999,36.7503957],[27.9394394,36.7501249],[27.9396701,36.7499573],[27.939949,36.7496607],[27.939635,36.749591],[27.939473,36.749335],[27.9388225,36.7492652],[27.9386616,36.749334],[27.9383504,36.7492566],[27.938193,36.749088],[27.9379535,36.7487236],[27.9372722,36.7485345],[27.937063,36.7482293],[27.93706,36.747813],[27.937373,36.747296],[27.937417,36.7467808],[27.9374063,36.7466131],[27.9371864,36.7462736],[27.9372668,36.7458953],[27.9368913,36.7454353],[27.936843,36.7452634],[27.9365963,36.7453838],[27.9364139,36.7455084],[27.9362422,36.7455471],[27.9360813,36.7454869],[27.935913,36.745381],[27.935275,36.745386],[27.9348689,36.7452935],[27.934633,36.745134],[27.933674,36.745013],[27.9334259,36.7444983],[27.9332435,36.7443607],[27.932706,36.744121],[27.9322886,36.7438965],[27.9320043,36.7435698],[27.9319882,36.7433076],[27.9318541,36.7430238],[27.9315966,36.743084],[27.9312694,36.7432775],[27.9309636,36.7432474],[27.9307759,36.743041],[27.930775,36.742852],[27.9305559,36.7424005],[27.9302287,36.7423275],[27.930133,36.7426],[27.929817,36.742859],[27.9283351,36.7431055],[27.92791,36.743517],[27.9276109,36.7439309],[27.927276,36.743907],[27.926955,36.743781],[27.9263771,36.7431915],[27.9262268,36.7427659],[27.925662,36.742378],[27.925343,36.74238],[27.924707,36.742642],[27.9242581,36.7427917],[27.923751,36.742779],[27.9236358,36.7426155],[27.9236412,36.7425467],[27.9233515,36.7423447],[27.9231369,36.7420652],[27.9229063,36.7420459],[27.9227212,36.7420953],[27.9225951,36.7421641],[27.9224208,36.7421082],[27.9222009,36.7421598],[27.921509,36.742153],[27.921192,36.742285],[27.921037,36.7428],[27.9207015,36.7430023],[27.9202992,36.7432044],[27.920405,36.743318],[27.9204386,36.743918],[27.9205942,36.7439867],[27.9209912,36.7442275],[27.9213184,36.7442618],[27.921769,36.7441673],[27.9223055,36.7439523],[27.9228312,36.7438363],[27.9232335,36.7438578],[27.9240918,36.744034],[27.9246497,36.7440383],[27.9248536,36.7441157],[27.9250574,36.7444381],[27.9252076,36.7445799],[27.925212,36.744823],[27.9251218,36.7451645],[27.924738,36.745211],[27.92442,36.745343],[27.924269,36.746114],[27.9239792,36.7464713],[27.923481,36.746891],[27.9232818,36.7472794],[27.9230297,36.747533],[27.9227078,36.7478081],[27.922217,36.747929],[27.9218978,36.7481735],[27.9217422,36.7483755],[27.9216295,36.7486205],[27.9214579,36.7487623],[27.92143,36.748962],[27.921114,36.749222],[27.9202348,36.7495618],[27.9197574,36.7496994],[27.9195535,36.7498068],[27.919575,36.7501378],[27.919414,36.7505074],[27.919536,36.750776],[27.919862,36.751287],[27.9197359,36.752072],[27.9198486,36.7523084],[27.920047,36.7525448],[27.9201382,36.7528714],[27.9202616,36.7530605],[27.9204225,36.7535634],[27.9207015,36.7538342],[27.921012,36.753975],[27.9209912,36.7541265],[27.9208463,36.7544144],[27.9203957,36.754827],[27.9201007,36.7549259],[27.919428,36.755015],[27.919109,36.755017],[27.9187274,36.7548141],[27.9181695,36.7545949],[27.917971,36.7542554],[27.917655,36.753616],[27.9173863,36.7534001],[27.9168069,36.7531508],[27.9166353,36.7527769],[27.9161149,36.7521622],[27.9156536,36.7518348],[27.91524,36.751836],[27.9148821,36.7521478],[27.9147309,36.7526823],[27.9146558,36.7532359],[27.9140424,36.7541096],[27.913672,36.754288],[27.9132966,36.7543578],[27.9125208,36.7550954],[27.912088,36.755328],[27.9110945,36.7556018],[27.9090726,36.7557925],[27.9084831,36.7558892],[27.9071374,36.7558525],[27.9057467,36.7557631],[27.9046248,36.7556153],[27.9033546,36.7553874],[27.9031766,36.7552686],[27.9028448,36.755292],[27.9024395,36.7554822],[27.9017045,36.755397],[27.901093,36.7554634],[27.8999341,36.7558731],[27.8996181,36.7559106],[27.8991611,36.7558797],[27.8990245,36.7559225],[27.8983917,36.7558783],[27.8981936,36.7560152],[27.8975941,36.7560699],[27.8972556,36.7562106],[27.8965969,36.7566762],[27.8961131,36.7567975],[27.8959024,36.756914],[27.8957721,36.7569578],[27.8955248,36.7569769],[27.8949951,36.7568289],[27.8942233,36.7563919],[27.8934241,36.7558705],[27.8930092,36.7555006],[27.8927509,36.7551934],[27.8925571,36.755051],[27.8913197,36.7537245],[27.8910709,36.7533397],[27.8910351,36.7531618],[27.8911272,36.7530327],[27.891255,36.7524969],[27.8912483,36.7521924],[27.8913944,36.751714],[27.8916869,36.751376],[27.891766,36.751244],[27.891925,36.751114],[27.8925066,36.7505318],[27.8929865,36.7502031],[27.8936389,36.7499779],[27.8937175,36.7497724],[27.8938124,36.7497118],[27.893822,36.749558],[27.8940728,36.7489387],[27.8942286,36.7488464],[27.89429,36.748656],[27.8944704,36.7484075],[27.8952329,36.7477261],[27.8956436,36.7476307],[27.8961638,36.7476921],[27.8965473,36.7478626],[27.8969346,36.7480808],[27.8974005,36.7480291],[27.897586,36.7481272],[27.8976602,36.7482491],[27.8978717,36.7481777],[27.8980052,36.7479429],[27.8986587,36.7474857],[27.8988469,36.7473997],[27.8980207,36.7468452],[27.8977042,36.7464627],[27.8974146,36.745805],[27.8972059,36.7454241],[27.8973408,36.7451153],[27.8974617,36.7449793],[27.8976197,36.7449246],[27.897801,36.7447292],[27.8980046,36.7443822],[27.8977418,36.7439094],[27.8977307,36.7436088],[27.8980617,36.743339],[27.8994638,36.7428949],[27.8997213,36.74271],[27.899486,36.742451],[27.8991526,36.7424779],[27.8988415,36.7425596],[27.8986216,36.7424865],[27.8980207,36.742349],[27.8976667,36.742177],[27.8976345,36.7419965],[27.8977901,36.7416698],[27.897833,36.7412958],[27.8975058,36.741184],[27.8972751,36.7412098],[27.8969961,36.7414161],[27.896603,36.741573],[27.896288,36.741601],[27.8956872,36.7417772],[27.8954941,36.7418589],[27.894904,36.7419406],[27.8942656,36.7421383],[27.8940993,36.7422286],[27.8935307,36.7422974],[27.8929782,36.7422974],[27.8915,36.741997],[27.8912079,36.7422372],[27.8912133,36.7426928],[27.8913045,36.7428562],[27.8914672,36.7429886],[27.8913367,36.743789],[27.8912401,36.7439094],[27.8911489,36.7439437],[27.8909451,36.7440813],[27.890571,36.744444],[27.8901029,36.744537],[27.8898615,36.7447218],[27.8898185,36.7448464],[27.8896093,36.7449453],[27.8893357,36.7451473],[27.8894001,36.7452419],[27.8895289,36.7453365],[27.8895074,36.7457319],[27.8892553,36.7460414],[27.8887725,36.7461919],[27.8885955,36.7463853],[27.8879464,36.7466905],[27.8875671,36.7469394],[27.8870774,36.74708],[27.8869379,36.7479585],[27.8865343,36.7480595],[27.8864514,36.7481202],[27.8864604,36.7484314],[27.8862834,36.7486119],[27.8863408,36.7487828],[27.886313,36.748972],[27.8858264,36.7495128],[27.8857475,36.750002],[27.8850017,36.7504112],[27.8851726,36.7505615],[27.885536,36.750776],[27.8857341,36.7509697],[27.8859547,36.7512936],[27.8861391,36.7514291],[27.8864995,36.7514711],[27.8867012,36.7513717],[27.886817,36.751152],[27.887042,36.7510286],[27.8876854,36.751249],[27.8880932,36.7513521],[27.888558,36.751376],[27.8889216,36.7515623],[27.8892125,36.7518465],[27.8892443,36.752202],[27.8896921,36.7529568],[27.8896521,36.7533497],[27.8897509,36.7538916],[27.8897005,36.7542156],[27.8892527,36.7550656],[27.8888158,36.755456],[27.8885241,36.755641],[27.8874688,36.7564037],[27.8870695,36.7566389],[27.8866866,36.7568587],[27.885611,36.757327],[27.8851501,36.7575674],[27.88434,36.75785],[27.8836524,36.7580395],[27.8823721,36.7582783],[27.8813735,36.7583388],[27.8807197,36.7583276],[27.8798464,36.758249],[27.8794223,36.7581235],[27.87923,36.7582012],[27.8792411,36.7583087],[27.8791247,36.7583049],[27.8791039,36.7582131],[27.878918,36.7580591],[27.8773087,36.7578098],[27.8762573,36.7576035],[27.8750203,36.7574079],[27.874931,36.7572758],[27.874752,36.7571825],[27.8745965,36.7570035],[27.8744889,36.7567568],[27.8742632,36.75662],[27.8742663,36.7565457],[27.8743368,36.7565428],[27.87427,36.7563823],[27.8740686,36.7559832],[27.8737038,36.7554373],[27.8736956,36.7552092],[27.8737467,36.7550806],[27.8737038,36.7548915],[27.873559,36.7546336],[27.8733391,36.7545606],[27.8733873,36.7544402],[27.8732869,36.7543849],[27.873282,36.754207],[27.8730977,36.7540405],[27.8729206,36.754019],[27.8728831,36.7540663],[27.872647,36.7540448],[27.872588,36.7539932],[27.872481,36.753827],[27.872158,36.753572],[27.8715098,36.7531852],[27.871424,36.7528155],[27.8715473,36.7524846],[27.8719228,36.7519129],[27.8718424,36.7514186],[27.871651,36.751136],[27.8713006,36.7511651],[27.8711289,36.7507266],[27.8712201,36.7505848],[27.8713757,36.7504516],[27.8716546,36.750314],[27.8716761,36.7502538],[27.871321,36.750111],[27.8711718,36.7499573],[27.8711128,36.7494844],[27.8710431,36.7492738],[27.8704476,36.749003],[27.870191,36.748962],[27.869226,36.748328],[27.8689027,36.7479929],[27.8687203,36.7476834],[27.8687847,36.7473611],[27.868894,36.747174],[27.869684,36.746526],[27.8697717,36.746381],[27.8696912,36.7461919],[27.869761,36.7458609],[27.8705281,36.7454697],[27.870943,36.744975],[27.871204,36.7447089],[27.871204,36.7444854],[27.8707963,36.744408],[27.869819,36.744341],[27.8684145,36.7441544],[27.8679854,36.743918],[27.867263,36.744102],[27.8668052,36.7442489],[27.8665745,36.7442017],[27.8662902,36.7443994],[27.866309,36.744495],[27.8659308,36.745186],[27.865625,36.7454955],[27.8654319,36.7457362],[27.8650886,36.7458523],[27.8645736,36.7458308],[27.864088,36.745667],[27.8636026,36.745474],[27.8633666,36.7450313],[27.8624332,36.744825],[27.8613442,36.7449324],[27.8608185,36.7450528],[27.8605825,36.7450141],[27.8600621,36.7446229],[27.859759,36.744029],[27.859756,36.743772],[27.860073,36.743513],[27.8607863,36.7431141],[27.861185,36.742991],[27.8610277,36.7425639],[27.8605235,36.7424306],[27.860539,36.742353],[27.8603303,36.7421469],[27.8605235,36.7418761],[27.8604752,36.7417256],[27.8602874,36.7416869],[27.8599495,36.7417256],[27.859633,36.7418589],[27.8592414,36.7419492],[27.858938,36.741851],[27.858299,36.741855],[27.8577715,36.7419664],[27.8568488,36.7420996],[27.8567308,36.7422071],[27.8566396,36.7424048],[27.8566933,36.7424779],[27.8569883,36.7425811],[27.8569937,36.7428089],[27.8570741,36.7430754],[27.8567362,36.7434623],[27.8566879,36.7437675],[27.8563714,36.7440512],[27.8559262,36.7442618],[27.8557867,36.7445327],[27.8558671,36.7449625],[27.8560549,36.7451731],[27.8560334,36.7456245],[27.8558296,36.7458265],[27.8554326,36.7459598],[27.8552234,36.7458351],[27.8549284,36.7458394],[27.8547943,36.7458824],[27.8546816,36.7461274],[27.854683,36.746891],[27.8545046,36.7469656],[27.854207,36.747023],[27.853249,36.74703],[27.8529167,36.7470731],[27.8525895,36.7470774],[27.8523374,36.7469742],[27.8518224,36.7470301],[27.8513181,36.7470344],[27.851066,36.7471117],[27.8508246,36.7472321],[27.8508139,36.7476018],[27.8504276,36.7478769],[27.850065,36.747823],[27.849745,36.747698],[27.8493172,36.7479499],[27.8487593,36.748225],[27.847517,36.748355],[27.8460824,36.7482379],[27.8454977,36.7481004],[27.8436899,36.7475287],[27.8430194,36.747288],[27.842381,36.7469914],[27.842086,36.7466088],[27.8414583,36.7462435],[27.8406,36.7460156],[27.8402245,36.745719],[27.8392482,36.745401],[27.8385079,36.7453451],[27.8382826,36.7452462],[27.8375047,36.7450743],[27.836802,36.745143],[27.8366303,36.7454439],[27.8365971,36.7461475],[27.8369314,36.7471992],[27.8368513,36.7478707],[27.8363226,36.7484459],[27.8355709,36.7491105],[27.8355762,36.7494264],[27.8353134,36.7496843],[27.8354314,36.7504451],[27.8353322,36.7506106],[27.8351873,36.7507632],[27.835025,36.7508653],[27.8349151,36.7507825],[27.8347233,36.7508062],[27.8346482,36.7511307],[27.8344658,36.7511865],[27.8345999,36.7512897],[27.8347474,36.7513112],[27.8350398,36.7519645],[27.8355199,36.7520505],[27.836386,36.752288],[27.8365391,36.7524588],[27.8366357,36.7527833],[27.836574,36.7532647],[27.8363956,36.7538363],[27.8357747,36.7546895],[27.8351766,36.7552525],[27.833874,36.756159],[27.8329611,36.7567052],[27.8317273,36.757539],[27.8313035,36.7576851],[27.8307,36.75798],[27.8299683,36.7582636],[27.828796,36.759021],[27.825617,36.760327],[27.8240991,36.7608397],[27.822754,36.761375],[27.821163,36.7619],[27.8202796,36.7621633],[27.81925,36.76217],[27.8181767,36.7623954],[27.8163367,36.7628338],[27.8153888,36.7628942],[27.815108,36.762969],[27.8146845,36.7630272],[27.8144699,36.7629154],[27.8142796,36.7625684],[27.8136695,36.7625141],[27.8133112,36.7626576],[27.8128606,36.7625286],[27.812551,36.76273],[27.812233,36.762861],[27.8119072,36.7631361],[27.8118521,36.7633796],[27.8116299,36.7635113],[27.8112996,36.7636202],[27.8111762,36.7635729],[27.8110045,36.7633624],[27.8108382,36.7629627],[27.8104837,36.7626967],[27.8097874,36.7626671],[27.8096765,36.7625092],[27.8097117,36.7623825],[27.8096025,36.762366],[27.8094059,36.7625802],[27.8093737,36.7626791],[27.8092235,36.7627779],[27.809127,36.7627521],[27.8090171,36.7625931],[27.8087407,36.7625501],[27.8085852,36.7628037],[27.8086281,36.7630143],[27.8088158,36.7632979],[27.8087583,36.7635755],[27.808592,36.7638272],[27.8083008,36.7640242],[27.8077416,36.7642468],[27.8065,36.764312],[27.805437,36.7642715],[27.804901,36.764066],[27.8041922,36.763921],[27.8038471,36.7637186],[27.8035158,36.7634397],[27.8034729,36.7632506],[27.8036561,36.7629386],[27.8032926,36.7625437],[27.8029844,36.7623413],[27.802518,36.7618238],[27.8021103,36.7615402],[27.8018629,36.7604358],[27.801504,36.75985],[27.8012681,36.7599028],[27.8012574,36.7596664],[27.8005868,36.7593398],[27.800379,36.759087],[27.8002274,36.7588198],[27.800324,36.7586221],[27.8003561,36.7584845],[27.800211,36.758318],[27.8000396,36.7582782],[27.799927,36.7582138],[27.8000075,36.7580333],[27.7996159,36.7578571],[27.7995193,36.7577625],[27.7991545,36.7576508],[27.7986127,36.7576851],[27.7982908,36.7577367],[27.798128,36.757561],[27.7981192,36.7573327],[27.7979422,36.7572554],[27.797572,36.7567525],[27.797454,36.756688],[27.7973153,36.7564418],[27.7967731,36.7563184],[27.796197,36.756032],[27.795781,36.7555927],[27.7957108,36.7553154],[27.7953154,36.7555087],[27.7953169,36.7556659],[27.7952166,36.7556845],[27.7952399,36.7558685],[27.7951644,36.7560161],[27.794993,36.7560913],[27.7948163,36.7559573],[27.7945888,36.7560068],[27.794602,36.756171],[27.7940802,36.7562345],[27.7936847,36.7560628],[27.7934401,36.7561326],[27.793404,36.7563526],[27.7931744,36.7564665],[27.7928971,36.7565356],[27.7928047,36.7569135],[27.7928431,36.7571674],[27.7929743,36.7573596],[27.7928103,36.7576741],[27.7932154,36.7589154],[27.7933654,36.7591999],[27.7933526,36.7594965],[27.7931861,36.7596564],[27.7929586,36.759751],[27.792407,36.760039],[27.7917978,36.7603827],[27.7905325,36.7606742],[27.7901805,36.7605591],[27.7896099,36.760444],[27.7893356,36.7601646],[27.78905,36.759677],[27.7888115,36.7594301],[27.7881739,36.7589472],[27.7879385,36.7586478],[27.787856,36.7579756],[27.787917,36.7578679],[27.7878412,36.7578547],[27.7877985,36.7578964],[27.7876689,36.7577718],[27.7873156,36.7575706],[27.7869346,36.7577875],[27.786636,36.757765],[27.7861391,36.7576796],[27.7858255,36.7577246],[27.7852593,36.7575455],[27.7848801,36.7572337],[27.7844653,36.756983],[27.784229,36.756626],[27.7839499,36.7563904],[27.783646,36.7563167],[27.7830825,36.7563367],[27.7828859,36.7560461],[27.7827707,36.7560165],[27.7824914,36.756006],[27.7819524,36.7561341],[27.7814343,36.7560071],[27.7813323,36.7559058],[27.7813627,36.7558046],[27.7812604,36.7557327],[27.7811986,36.7557437],[27.7811257,36.7558148],[27.7809021,36.7559107],[27.7806651,36.7558022],[27.780639,36.755691],[27.7805156,36.7556809],[27.7802687,36.755734],[27.780172,36.7557994],[27.7798622,36.7563389],[27.7796297,36.7566176],[27.7796518,36.7568963],[27.7798995,36.7574862],[27.7801312,36.7577178],[27.780187,36.7579309],[27.7800922,36.7581252],[27.7798549,36.7583807],[27.779301,36.758584],[27.7788729,36.7586749],[27.7782717,36.7587088],[27.777752,36.7586896],[27.7773036,36.7586092],[27.776685,36.7584482],[27.7760867,36.758226],[27.7758196,36.7580105],[27.7756543,36.7578276],[27.7754052,36.757784],[27.7752021,36.7578353],[27.7748956,36.7581912],[27.774355,36.759003],[27.7738537,36.7592891],[27.7736736,36.7594461],[27.7732288,36.7596439],[27.7726352,36.7599631],[27.7717498,36.7603948],[27.7708435,36.7606112],[27.76751,36.760973],[27.7659115,36.7610419],[27.7644892,36.7612401],[27.7617234,36.7618187],[27.7602559,36.7622048],[27.758586,36.762572],[27.7582594,36.7626076],[27.7551336,36.763195],[27.7517713,36.763515],[27.749336,36.763658],[27.745038,36.7638577],[27.742812,36.7638277],[27.741034,36.76371],[27.7398771,36.7636008],[27.737839,36.763473],[27.7361915,36.7630402],[27.7353472,36.7630689],[27.7348431,36.7630388],[27.732199,36.7625944],[27.730163,36.7621706],[27.729303,36.7618751],[27.7283648,36.7616448],[27.7272478,36.7612561],[27.72632,36.760975],[27.725679,36.760722],[27.7252443,36.7606045],[27.7220501,36.7592794],[27.7205778,36.7586292],[27.7194465,36.7580233],[27.7176634,36.7569255],[27.71509,36.755134],[27.7127695,36.7532152],[27.7112412,36.7517396],[27.710582,36.75105],[27.710261,36.750795],[27.7100923,36.7506001],[27.7096999,36.7502656],[27.708972,36.749518],[27.7084223,36.7487101],[27.7078004,36.747856],[27.707517,36.747601],[27.707032,36.746833],[27.7065101,36.7463569],[27.706057,36.74504],[27.7056013,36.7448575],[27.705254,36.744531],[27.7047598,36.7441799],[27.704215,36.7435251],[27.7040321,36.743082],[27.703963,36.742538],[27.7033206,36.7420721],[27.702971,36.7418506],[27.7025929,36.7413456],[27.70219,36.74108],[27.701869,36.740825],[27.7011909,36.7401926],[27.701062,36.739931],[27.70106,36.739674],[27.701374,36.739159],[27.701367,36.738388],[27.701043,36.737876],[27.700717,36.737107],[27.7001475,36.7365751],[27.6999973,36.7362526],[27.7002226,36.7361452],[27.7003299,36.7359775],[27.700386,36.735825],[27.7000833,36.7351599],[27.7000922,36.7350009],[27.7001344,36.7348704],[27.7002973,36.7347543],[27.7004799,36.7346772],[27.7004602,36.7345609],[27.7006111,36.7345029],[27.7007885,36.734397],[27.7007197,36.7342757],[27.7004878,36.7343006],[27.7002611,36.7342225],[27.6990187,36.7332836],[27.698926,36.733135],[27.6987588,36.7330716],[27.6986803,36.7329508],[27.6985838,36.7329894],[27.6983094,36.732822],[27.697902,36.7326558],[27.6976736,36.7325912],[27.69754,36.732356],[27.6974194,36.7322593],[27.6971539,36.7322931],[27.696991,36.7322254],[27.6968074,36.7320897],[27.6966682,36.7319085],[27.6965111,36.7318302],[27.6963489,36.7318322],[27.696279,36.7319933],[27.6961644,36.732032],[27.6959774,36.7320514],[27.6957421,36.7319885],[27.6956033,36.7319111],[27.6953007,36.7318448],[27.6951689,36.7317661],[27.6950948,36.7316861],[27.6949344,36.7317072],[27.694687,36.7316884],[27.6944481,36.7317448],[27.6939361,36.7317106],[27.6936749,36.7317573],[27.6931602,36.7316927],[27.6928822,36.7316258],[27.6924657,36.7314175],[27.6922631,36.7313506],[27.691524,36.7311735],[27.6912298,36.7311257],[27.6909862,36.7309676],[27.6906279,36.7306092],[27.6899611,36.7298046],[27.6899214,36.7296571],[27.689704,36.7294823],[27.6895863,36.7293157],[27.68954,36.7291604],[27.6895389,36.7290634],[27.6894108,36.7289462],[27.6892349,36.7286906],[27.6891401,36.7285911],[27.688949,36.7282296],[27.6886933,36.7279193],[27.6883974,36.7273473],[27.6880669,36.7266074],[27.6880382,36.7264554],[27.6881489,36.7262886],[27.688318,36.726239],[27.6883746,36.7261367],[27.688214,36.7258948],[27.6879996,36.7257533],[27.6877133,36.7257499],[27.6871845,36.7258269],[27.6870588,36.7257491],[27.6869775,36.7257542],[27.6866219,36.7258554],[27.6865071,36.7256231],[27.6864501,36.7254033],[27.6864058,36.7245486],[27.6865248,36.7240935],[27.686625,36.72391],[27.686833,36.7237242],[27.6871388,36.7237371],[27.6873105,36.7239091],[27.6876289,36.7239008],[27.6882083,36.7238406],[27.6885883,36.7238616],[27.6887323,36.7238486],[27.6888241,36.7237696],[27.6889126,36.7235905],[27.6891189,36.7233861],[27.6892148,36.7232384],[27.6895712,36.7232188],[27.6896754,36.7232247],[27.6897666,36.7232605],[27.6898997,36.7234423],[27.6899688,36.7234866],[27.6902282,36.723564],[27.6905978,36.7235204],[27.6906554,36.7234843],[27.6909175,36.7234697],[27.6910307,36.7234781],[27.6909899,36.723535],[27.6910427,36.7235676],[27.6911624,36.7235186],[27.6915058,36.7233113],[27.6915269,36.7232194],[27.6916543,36.7230762],[27.6916847,36.7229478],[27.6916963,36.7227258],[27.6915812,36.7226076],[27.6912899,36.7224705],[27.6912675,36.7223743],[27.6910526,36.7222825],[27.6909944,36.7223021],[27.6907458,36.7221735],[27.6907384,36.7220955],[27.6904936,36.7220766],[27.6895641,36.7217617],[27.6894301,36.7217581],[27.6893302,36.7217957],[27.6892873,36.7218549],[27.6891537,36.7218942],[27.689235,36.7219927],[27.6896027,36.7219388],[27.6902162,36.7221666],[27.6901771,36.7222443],[27.690112,36.7222254],[27.6900755,36.722276],[27.690136,36.7223262],[27.6896471,36.7230652],[27.6892704,36.7230755],[27.6889939,36.7229993],[27.688769,36.7229216],[27.6886267,36.7227486],[27.6885979,36.7226682],[27.6884593,36.7225374],[27.6880481,36.7223506],[27.6878416,36.7221808],[27.687774,36.7217975],[27.6877087,36.721723],[27.68758,36.7216634],[27.6871583,36.7216071],[27.6870686,36.7215453],[27.6870198,36.7210243],[27.687038,36.7205192],[27.687091,36.7202217],[27.687158,36.719973],[27.6874668,36.7194188],[27.6876002,36.7192643],[27.6879303,36.7191783],[27.6882472,36.7191889],[27.6883435,36.7191482],[27.6886255,36.7191501],[27.6888734,36.7193369],[27.6894615,36.7194384],[27.6901249,36.7194379],[27.6905452,36.7193426],[27.6911863,36.7190481],[27.6919641,36.7185622],[27.6922645,36.7182655],[27.6942118,36.7181408],[27.6946785,36.7180419],[27.6958587,36.7182139],[27.69551,36.7175044],[27.6952149,36.7171862],[27.6952257,36.7164423],[27.695739,36.716069],[27.695718,36.713757],[27.696024,36.712214],[27.696019,36.7117],[27.696175,36.711185],[27.695217,36.711191],[27.695052,36.710678],[27.6943579,36.7096799],[27.693902,36.7095208],[27.6933119,36.709667],[27.6931027,36.7094692],[27.6931831,36.7092585],[27.6924053,36.70845],[27.6925609,36.7080715],[27.692467,36.707096],[27.6923624,36.7065706],[27.692461,36.706325],[27.691783,36.70559],[27.6915899,36.7048546],[27.691802,36.704017],[27.6916328,36.7034568],[27.6910588,36.7028848],[27.691091,36.7027816],[27.6908872,36.7026268],[27.6904258,36.7025235],[27.6901576,36.702502],[27.689718,36.702873],[27.688759,36.702621],[27.688437,36.702366],[27.687478,36.702115],[27.686521,36.70212],[27.6861678,36.7019225],[27.6857306,36.701815],[27.6855724,36.7018816],[27.6856132,36.7023263],[27.6857687,36.7024188],[27.6857848,36.7025908],[27.6855917,36.7028575],[27.6848407,36.7030467],[27.6846208,36.7029693],[27.683973,36.702649],[27.6836185,36.7026215],[27.6834643,36.7026553],[27.6833754,36.7026329],[27.6832789,36.7026716],[27.6832586,36.702749],[27.6833411,36.7027993],[27.6833856,36.7028792],[27.6833551,36.7029892],[27.6832383,36.7029525],[27.683119,36.7029586],[27.6830707,36.7030604],[27.6831063,36.7031337],[27.6832256,36.7031968],[27.6832637,36.7032783],[27.6832033,36.7033667],[27.6830174,36.7034472],[27.6827939,36.7034879],[27.682705,36.703556],[27.6826721,36.7037139],[27.6826111,36.7037852],[27.6826213,36.7038462],[27.6827254,36.7038625],[27.682766,36.7040966],[27.682733,36.7041842],[27.6825887,36.7042848],[27.6823724,36.7043653],[27.6819569,36.7044716],[27.6815853,36.7045119],[27.6809505,36.7044508],[27.6801631,36.7042507],[27.6793977,36.7039957],[27.678877,36.703705],[27.677806,36.7030446],[27.6775582,36.702749],[27.6775684,36.7026065],[27.6775234,36.7025506],[27.677383,36.7024945],[27.6772238,36.7023676],[27.6772967,36.7018614],[27.6772688,36.7016496],[27.6771385,36.7014648],[27.676942,36.701276],[27.6767939,36.7013137],[27.6766492,36.7012852],[27.6765095,36.7012201],[27.6759556,36.7012555],[27.6758695,36.701178],[27.6756889,36.7007578],[27.6755369,36.6999995],[27.6755141,36.6989984],[27.6755878,36.6987081],[27.6757848,36.6982008],[27.6759446,36.6982532],[27.6760264,36.6981661],[27.6758815,36.6980629],[27.6760827,36.6978113],[27.6762074,36.6978833],[27.6762852,36.6978027],[27.6761954,36.6977231],[27.6764447,36.697547],[27.6771516,36.6974532],[27.6773393,36.6975435],[27.6774841,36.6976898],[27.6787406,36.6981835],[27.6791632,36.6978059],[27.6792329,36.6975607],[27.679351,36.6973414],[27.679617,36.69715],[27.679614,36.696894],[27.6794153,36.6967564],[27.6794314,36.69655],[27.6793402,36.6963048],[27.678659,36.696051],[27.678171,36.696002],[27.6775593,36.6957542],[27.677393,36.6956381],[27.677529,36.695492],[27.677209,36.695366],[27.6767075,36.6941619],[27.676324,36.6938909],[27.6757836,36.6937197],[27.6751894,36.6933984],[27.6752311,36.6928766],[27.6753491,36.6927304],[27.6753384,36.6925669],[27.6752579,36.692369],[27.675424,36.692036],[27.676218,36.691517],[27.676372,36.691003],[27.6767826,36.690811],[27.6769853,36.6905194],[27.6766366,36.6903559],[27.676143,36.6903946],[27.6757944,36.6902957],[27.6755422,36.6901838],[27.6752526,36.6898741],[27.675402,36.689467],[27.675718,36.689208],[27.6759645,36.6891527],[27.6765722,36.6890783],[27.6771689,36.6892581],[27.6776677,36.6893786],[27.6777348,36.6892667],[27.6775914,36.6890396],[27.6775056,36.6889536],[27.6775229,36.6886193],[27.6770508,36.6886043],[27.6766902,36.6885535],[27.6765454,36.6884718],[27.6760304,36.6882825],[27.67555,36.688052],[27.6752365,36.6878566],[27.6747871,36.6877461],[27.6747,36.6878265],[27.6743338,36.6878257],[27.6741111,36.6876514],[27.673949,36.68742],[27.674106,36.687162],[27.674581,36.686773],[27.6750112,36.6865274],[27.6752115,36.6864991],[27.6751238,36.6862994],[27.6749138,36.6856538],[27.6743352,36.6851379],[27.674086,36.68485],[27.67367,36.6845184],[27.673493,36.6845012],[27.6731891,36.6842019],[27.672742,36.6842173],[27.6726178,36.6841223],[27.672801,36.683829],[27.6726634,36.6835867],[27.6722664,36.6834813],[27.6718775,36.6832382],[27.6715315,36.6829651],[27.6717488,36.6827887],[27.6720814,36.6827951],[27.6722968,36.6824104],[27.6722699,36.6822771],[27.6721787,36.6820749],[27.6722646,36.6817264],[27.6720393,36.6813607],[27.6720929,36.6811887],[27.6720178,36.6809649],[27.672355,36.6806333],[27.6725588,36.6804978],[27.673403,36.679715],[27.6733313,36.6794718],[27.6729611,36.678764],[27.67286,36.678517],[27.67286,36.6784309],[27.6729727,36.6781255],[27.672978,36.677863],[27.6728064,36.6772779],[27.6726795,36.6766495],[27.6723335,36.6761353],[27.6721895,36.6758582],[27.6722343,36.6756492],[27.6724738,36.6755398],[27.6729853,36.6754491],[27.6733018,36.6753308],[27.6733535,36.6747438],[27.6729888,36.6744426],[27.672559,36.674325],[27.6725972,36.6741845],[27.6725972,36.6740425],[27.672394,36.673812],[27.6718802,36.6734958],[27.672069,36.673043],[27.672228,36.672913],[27.6731658,36.672997],[27.6732677,36.6728378],[27.6732248,36.6726184],[27.673139,36.6723817],[27.6726884,36.6720934],[27.6722852,36.6719146],[27.6719312,36.6717102],[27.6720071,36.6715212],[27.6718515,36.6713233],[27.67173,36.670732],[27.671728,36.670475],[27.6715905,36.6701139],[27.6717281,36.6700153],[27.6719856,36.6700626],[27.6723504,36.6702906],[27.672801,36.6703638],[27.6733535,36.6702046],[27.6737291,36.6698388],[27.6737827,36.6694344],[27.6737559,36.6687588],[27.673616,36.667639],[27.673612,36.667125],[27.6735198,36.6667214],[27.6734582,36.6661534],[27.6736084,36.6655166],[27.6738007,36.6654969],[27.674059,36.6654198],[27.6745954,36.6653337],[27.6749648,36.6650709],[27.674877,36.6647227],[27.6750541,36.6645291],[27.675064,36.6643007],[27.674542,36.664037],[27.674221,36.663781],[27.6739329,36.6636491],[27.6739,36.663526],[27.6735172,36.6630574],[27.672932,36.662247],[27.671968,36.661482],[27.6716959,36.6611231],[27.671643,36.660713],[27.6716182,36.6602711],[27.6715104,36.6599245],[27.6715726,36.659759],[27.6717603,36.6596665],[27.672219,36.6596084],[27.6723611,36.6596191],[27.6726428,36.6597741],[27.6733106,36.659858],[27.6741074,36.6596012],[27.6754159,36.6590524],[27.6760867,36.6589427],[27.677523,36.658495],[27.6777022,36.6584739],[27.6790613,36.6580377],[27.6791418,36.6579602],[27.6789755,36.6577446],[27.6788084,36.6577289],[27.6779374,36.6578806],[27.677729,36.658021],[27.6776102,36.6580312],[27.677578,36.6581001],[27.6773417,36.6581573],[27.6770252,36.6581232],[27.6767948,36.6581431],[27.6765566,36.6580645],[27.6759411,36.6580512],[27.6753804,36.6582081],[27.67497,36.658253],[27.6747134,36.6584056],[27.6746598,36.6584788],[27.6744483,36.6586095],[27.674018,36.658772],[27.6736003,36.658879],[27.6731873,36.6589048],[27.6725596,36.6590533],[27.6723638,36.6591673],[27.6722404,36.659206],[27.6720607,36.659191],[27.6716074,36.6593459],[27.6713312,36.6594771],[27.6710656,36.6593674],[27.6705721,36.6592211],[27.6701805,36.659277],[27.6699632,36.6592469],[27.6696897,36.6592856],[27.6692623,36.6592688],[27.6689136,36.659401],[27.6687686,36.6596667],[27.6687792,36.659957],[27.6689145,36.6602345],[27.6688313,36.6604174],[27.6685256,36.6604712],[27.6681715,36.660667],[27.667619,36.6608025],[27.6671603,36.6608133],[27.6669592,36.6610112],[27.6666266,36.6612393],[27.6664335,36.6612737],[27.6662564,36.6613663],[27.6660687,36.6614179],[27.6655,36.6615255],[27.665114,36.661648],[27.6646927,36.661831],[27.6640409,36.662029],[27.6638907,36.662115],[27.6636225,36.6622032],[27.663207,36.66243],[27.663078,36.6625303],[27.6628903,36.6625733],[27.6627749,36.6626422],[27.662572,36.66269],[27.6624396,36.662782],[27.6623216,36.6629434],[27.661936,36.662951],[27.661702,36.6630402],[27.6617181,36.6630832],[27.661301,36.663211],[27.6608491,36.6632102],[27.660662,36.663087],[27.6605836,36.6629434],[27.6605487,36.6627454],[27.6603548,36.6626919],[27.6601705,36.6629003],[27.6599908,36.6631908],[27.6597226,36.6632295],[27.6596287,36.6632833],[27.659073,36.663737],[27.6589769,36.6637416],[27.6589179,36.6638513],[27.6589072,36.6640493],[27.6586845,36.6641698],[27.6586282,36.6643699],[27.6586255,36.6647012],[27.6585317,36.6647571],[27.6578584,36.6646818],[27.6577082,36.6643247],[27.6574561,36.6642322],[27.657319,36.663876],[27.6571852,36.6638642],[27.6570216,36.6635824],[27.6566112,36.6633974],[27.6560587,36.6633608],[27.6559219,36.6633737],[27.6557502,36.6633048],[27.6555303,36.6633113],[27.655242,36.663245],[27.6549536,36.6630488],[27.6546773,36.6630359],[27.6539505,36.6632446],[27.6535186,36.663307],[27.653331,36.663512],[27.653014,36.663771],[27.6528588,36.6639718],[27.6527113,36.6640514],[27.652377,36.663903],[27.6520166,36.6635006],[27.6520595,36.6633027],[27.6518932,36.6633264],[27.6517537,36.6635394],[27.6514292,36.664202],[27.651265,36.664423],[27.6511395,36.6645097],[27.6506352,36.6646582],[27.6505011,36.6649766],[27.6501551,36.6653187],[27.6500586,36.6655059],[27.65,36.665715],[27.6500586,36.6657898],[27.6499379,36.6658974],[27.6498708,36.666033],[27.6496938,36.6662352],[27.6495248,36.6663084],[27.6493558,36.6665407],[27.6491332,36.6666504],[27.6489964,36.6666569],[27.648891,36.666491],[27.648727,36.665978],[27.648645,36.6658695],[27.6486263,36.6657576],[27.6485404,36.6656758],[27.6484841,36.6659211],[27.648401,36.6659684],[27.6481435,36.6658652],[27.6480496,36.6657662],[27.647894,36.6654886],[27.647607,36.665471],[27.6475534,36.6656113],[27.6476285,36.6656694],[27.6477787,36.6656866],[27.6477787,36.6657554],[27.647489,36.6659211],[27.6474595,36.6660781],[27.647613,36.666241],[27.6477894,36.6662782],[27.6480255,36.6662201],[27.648412,36.666494],[27.6484627,36.6666031],[27.648468,36.6668183],[27.6485512,36.6669366],[27.6487523,36.6669129],[27.6488999,36.6669968],[27.649219,36.6673669],[27.6492593,36.6676164],[27.649152,36.6678337],[27.6492083,36.6680682],[27.6490635,36.6681758],[27.6487523,36.6682898],[27.648268,36.668293],[27.6482534,36.6685007],[27.6481515,36.668505],[27.648063,36.6685609],[27.6481757,36.6686986],[27.648122,36.6687804],[27.6481622,36.6689525],[27.64824,36.6690063],[27.6481166,36.6693204],[27.6479718,36.6693871],[27.6476446,36.6692322],[27.6474246,36.6692171],[27.6472744,36.669131],[27.6470652,36.6691525],[27.6470411,36.6694],[27.6469606,36.669415],[27.646682,36.66933],[27.64651,36.6689783],[27.6461211,36.6690192],[27.645406,36.669207],[27.6450589,36.6692752],[27.6449329,36.6694796],[27.6448148,36.6695764],[27.6445842,36.669628],[27.6442409,36.6697829],[27.6442784,36.669869],[27.644296,36.670113],[27.6440155,36.6702304],[27.6437366,36.6702347],[27.6435757,36.6702842],[27.6435864,36.6704046],[27.6436642,36.6704606],[27.643663,36.67063],[27.6435274,36.6707596],[27.6430795,36.6708866],[27.6426718,36.6710328],[27.6423553,36.6709769],[27.642232,36.671152],[27.6421675,36.6715771],[27.6419985,36.6718095],[27.6418161,36.6719773],[27.6414674,36.672016],[27.641284,36.672185],[27.6413172,36.6725237],[27.6415452,36.6726571],[27.6417223,36.6727023],[27.6417544,36.6728787],[27.641674,36.6730142],[27.6415318,36.6730744],[27.6412556,36.6730809],[27.6411563,36.6732465],[27.6410812,36.6733132],[27.640813,36.6734337],[27.640818,36.673729],[27.640703,36.6739371],[27.6402792,36.6740511],[27.6400727,36.6740748],[27.639944,36.6742404],[27.6399956,36.6746134],[27.6399592,36.6747542],[27.6399947,36.6748798],[27.6393617,36.6751208],[27.638777,36.6752111],[27.6371462,36.6751982],[27.6362932,36.675082],[27.6347161,36.674626],[27.634287,36.6744195],[27.6343515,36.6743458],[27.6343113,36.6740468],[27.6340941,36.6738317],[27.6338553,36.6737112],[27.6337507,36.6735284],[27.633797,36.673253],[27.634273,36.672864],[27.6343569,36.6727044],[27.6343006,36.6724893],[27.6342764,36.6721903],[27.6342255,36.6720612],[27.6343328,36.6717019],[27.634261,36.671452],[27.633308,36.671842],[27.632989,36.671843],[27.6321441,36.6716675],[27.63179,36.671689],[27.6315594,36.6719988],[27.6315433,36.6727733],[27.6315165,36.6729927],[27.6314253,36.6731175],[27.6311624,36.6729454],[27.6304972,36.6726915],[27.6301646,36.6728851],[27.6300842,36.6731218],[27.6300473,36.6731597],[27.629542,36.6732224],[27.6292894,36.6731621],[27.6291186,36.6730185],[27.6290005,36.6726485],[27.6288181,36.6723473],[27.6284641,36.6722957],[27.6281422,36.6723645],[27.6278096,36.6721472],[27.6274046,36.6716589],[27.626927,36.671619],[27.62661,36.671877],[27.626498,36.6718611],[27.626321,36.6719386],[27.6261145,36.6721343],[27.625977,36.672394],[27.625659,36.672525],[27.6254466,36.6728098],[27.6253661,36.6730013],[27.6253206,36.6732573],[27.6253179,36.6735004],[27.6251842,36.6737671],[27.6249236,36.6737994],[27.6245534,36.6736574],[27.6243067,36.673595],[27.6239526,36.6735477],[27.6236737,36.6735671],[27.6233974,36.6735133],[27.6230541,36.6733842],[27.6228476,36.6734079],[27.6227859,36.6733477],[27.6228046,36.6733111],[27.6225954,36.6733283],[27.6226786,36.673608],[27.6227242,36.6736897],[27.6229548,36.6738876],[27.623105,36.6741415],[27.6231614,36.6743028],[27.6230568,36.6744297],[27.62271,36.674388],[27.6227021,36.6745283],[27.6227322,36.6746406],[27.6223883,36.6748862],[27.6221423,36.674984],[27.6219862,36.6749079],[27.6215241,36.674945],[27.6213439,36.6750233],[27.6212723,36.6750981],[27.6209056,36.6752838],[27.6203576,36.6752514],[27.6202204,36.6749886],[27.620093,36.674609],[27.619755,36.6744383],[27.6192883,36.6743114],[27.6184729,36.6740081],[27.617698,36.674108],[27.6174897,36.6743127],[27.6175574,36.6745944],[27.6177192,36.6746836],[27.617813,36.6750235],[27.617706,36.675136],[27.6174349,36.6751633],[27.617106,36.6752493],[27.6168672,36.6755075],[27.6165618,36.6756517],[27.6164758,36.6755284],[27.6161815,36.6752613],[27.6158488,36.6758423],[27.6158343,36.6759734],[27.6157343,36.6761141],[27.6156623,36.6766002],[27.615509,36.6767487],[27.615391,36.6770305],[27.6154044,36.6773059],[27.6154554,36.6774715],[27.6156431,36.677876],[27.6160233,36.6782606],[27.6162074,36.6783788],[27.6164342,36.6784207],[27.6161016,36.6792037],[27.6157797,36.6795134],[27.6148259,36.6801013],[27.6143369,36.6805184],[27.613606,36.680937],[27.6133579,36.6809821],[27.6131219,36.6808983],[27.6128778,36.6810037],[27.612651,36.681199],[27.6125023,36.681279],[27.6120405,36.6813875],[27.611377,36.681462],[27.6111451,36.6814317],[27.6108554,36.6811973],[27.6107803,36.6810768],[27.6104222,36.6811419],[27.6102546,36.6812446],[27.6101446,36.6813908],[27.6100019,36.6814331],[27.6097932,36.6812381],[27.6095964,36.6812047],[27.609144,36.681474],[27.6086774,36.6815027],[27.6078736,36.6814021],[27.6077768,36.6812911],[27.607547,36.681225],[27.607229,36.681356],[27.6071995,36.6816404],[27.6072451,36.6818297],[27.6075107,36.6822964],[27.6075876,36.682624],[27.6075945,36.6828788],[27.6074933,36.68306],[27.6072188,36.683293],[27.6068278,36.6834689],[27.6064298,36.6833418],[27.6060998,36.683387],[27.6053461,36.6832881],[27.6049632,36.6831964],[27.6047266,36.6831972],[27.604372,36.68304],[27.604051,36.682784],[27.6038656,36.6824986],[27.603254,36.6822255],[27.6030716,36.6820297],[27.603077,36.6817909],[27.6030172,36.6815682],[27.6029532,36.6814464],[27.6027077,36.6813694],[27.6026062,36.6812773],[27.6024409,36.6812755],[27.6023957,36.6814145],[27.6021972,36.6814941],[27.6015589,36.6813952],[27.6014918,36.6813995],[27.6012745,36.6814898],[27.60053,36.681261],[27.6000836,36.6809563],[27.5997967,36.6808445],[27.5993648,36.6805885],[27.5991529,36.6803712],[27.598766,36.680114],[27.598605,36.679858],[27.598394,36.679771],[27.5984019,36.6794678],[27.5982839,36.6791645],[27.59812,36.679089],[27.5979915,36.6788999],[27.5978923,36.6788031],[27.5977501,36.6784352],[27.597675,36.6784073],[27.5975221,36.6784718],[27.5974524,36.6787257],[27.5974242,36.6790287],[27.5970581,36.6792161],[27.5969964,36.6794205],[27.5969964,36.6795022],[27.5971651,36.6795365],[27.5976749,36.6799684],[27.5977126,36.6800916],[27.5975785,36.6802056],[27.597557,36.6803476],[27.597675,36.6807004],[27.5976723,36.6809155],[27.5977474,36.6811757],[27.5976321,36.6813758],[27.5973631,36.6815463],[27.5973263,36.6816339],[27.5972539,36.6816945],[27.5962915,36.6823223],[27.5956972,36.6825047],[27.595118,36.682572],[27.594738,36.6825825],[27.5944912,36.6825266],[27.594053,36.6823578],[27.5936195,36.6824061],[27.5932655,36.6823868],[27.5929651,36.6823201],[27.592548,36.6821481],[27.5917742,36.6822706],[27.5912753,36.6822168],[27.5910312,36.6821459],[27.5904626,36.6821932],[27.5899771,36.6821416],[27.5897062,36.6820792],[27.5896472,36.6820168],[27.5894862,36.6819222],[27.5890544,36.6818383],[27.58873,36.681576],[27.5882229,36.681421],[27.5877696,36.6814274],[27.5871608,36.6815543],[27.5860772,36.680937],[27.585534,36.680693],[27.58537,36.68018],[27.585049,36.679925],[27.5849426,36.6797926],[27.584251,36.6798],[27.5839502,36.6796248],[27.5836149,36.6795022],[27.5831804,36.6794011],[27.5830141,36.6794162],[27.5826895,36.6795517],[27.5823033,36.6793538],[27.5821638,36.6793688],[27.5821021,36.6795108],[27.5822765,36.6799088],[27.5821826,36.6800443],[27.5821102,36.6803626],[27.5818902,36.6806552],[27.5818393,36.680881],[27.5816756,36.6810789],[27.5816515,36.6812467],[27.5815898,36.6813134],[27.5814182,36.6812768],[27.5814396,36.681365],[27.5812438,36.6813736],[27.5809702,36.6814683],[27.5807905,36.6814941],[27.5805679,36.6814726],[27.58023,36.6815139],[27.5801395,36.6815674],[27.5796447,36.6817148],[27.5795802,36.6819147],[27.5795005,36.6819958],[27.5793564,36.6819491],[27.5792338,36.6820695],[27.579164,36.682009],[27.5790498,36.6819835],[27.5790131,36.6820744],[27.5790468,36.6822318],[27.578791,36.682314],[27.5784674,36.6822047],[27.5784061,36.6821408],[27.5784563,36.6820535],[27.5784276,36.6819614],[27.5783295,36.6819048],[27.5782191,36.6818778],[27.5781578,36.6819614],[27.5782099,36.6820863],[27.5782896,36.6821703],[27.5780659,36.6822932],[27.5780137,36.6822244],[27.577934,36.6821949],[27.5778329,36.6822564],[27.5777777,36.6822416],[27.5775754,36.6823129],[27.5775539,36.6823842],[27.5775846,36.6824629],[27.5779104,36.6825462],[27.5781272,36.682512],[27.5782774,36.682544],[27.5783417,36.6826546],[27.5783614,36.6828013],[27.5784613,36.6830406],[27.5784766,36.6832913],[27.578378,36.683554],[27.5782498,36.6837879],[27.5781035,36.6839682],[27.5779034,36.6841099],[27.5775093,36.6843353],[27.5769952,36.68457],[27.5768262,36.6845657],[27.5767377,36.6846088],[27.576161,36.6847055],[27.575911,36.6846851],[27.5757171,36.6846389],[27.5754304,36.6844639],[27.5753794,36.68448],[27.5751733,36.6847701],[27.5750452,36.6848497],[27.5748293,36.6849217],[27.5747118,36.684925],[27.5746617,36.6848626],[27.5745732,36.6848238],[27.5745183,36.6848293],[27.5745316,36.6848959],[27.5745007,36.684883],[27.5744826,36.6849072],[27.574545,36.6849378],[27.5746058,36.6851001],[27.5744283,36.6851594],[27.5742269,36.6851814],[27.5739736,36.6851424],[27.5734879,36.685023],[27.5730596,36.6848442],[27.5726842,36.6846036],[27.5724593,36.6843779],[27.5723149,36.684157],[27.572273,36.6839762],[27.5723111,36.683764],[27.5724216,36.6835953],[27.5724395,36.683529],[27.5726561,36.683423],[27.5727153,36.6834723],[27.572895,36.6837816],[27.5729645,36.6837796],[27.5729793,36.6837505],[27.5729417,36.6836527],[27.5729585,36.6836236],[27.5728968,36.6834909],[27.5728501,36.6833074],[27.5731068,36.6832329],[27.5732379,36.683075],[27.5732203,36.6828702],[27.5731528,36.6827691],[27.5731033,36.6827933],[27.573043,36.6827191],[27.5730037,36.6825766],[27.5727525,36.6824437],[27.5722826,36.6824298],[27.5719339,36.682376],[27.5716227,36.6822362],[27.5712875,36.6820383],[27.5709656,36.6817845],[27.5706893,36.681421],[27.5704533,36.6809069],[27.5704506,36.680709],[27.5702682,36.6805498],[27.569882,36.6805519],[27.569721,36.6805111],[27.5697049,36.6803583],[27.5698686,36.6801863],[27.5700456,36.6798743],[27.5697801,36.6794981],[27.5698874,36.6794145],[27.5697425,36.6793817],[27.5696996,36.6793108],[27.5693643,36.6790956],[27.5691846,36.6790376],[27.56897,36.6788181],[27.5685087,36.6785277],[27.5683048,36.678304],[27.5681439,36.6780416],[27.5678864,36.6777103],[27.5675753,36.6775296],[27.56735,36.6773167],[27.5671461,36.677179],[27.5667867,36.6770348],[27.5665668,36.6770069],[27.5662985,36.6768993],[27.5661269,36.6769036],[27.5659069,36.6767272],[27.5657514,36.6765573],[27.5651962,36.6764583],[27.5649521,36.6762475],[27.5639918,36.676112],[27.5634581,36.6759227],[27.5631148,36.6758495],[27.562978,36.6759291],[27.5623637,36.6759614],[27.5621089,36.6757699],[27.5618783,36.675557],[27.5616503,36.6752773],[27.56169,36.6749996],[27.5618348,36.6748632],[27.5617388,36.6743458],[27.5614732,36.6741651],[27.5613847,36.6740597],[27.5612265,36.6737779],[27.5612808,36.673515],[27.5613655,36.6734347],[27.5615326,36.6731413],[27.5615577,36.6728854],[27.561307,36.672741],[27.5610146,36.6727862],[27.5608134,36.672698],[27.5606659,36.6724742],[27.5605157,36.6723021],[27.5603203,36.6722749],[27.5601398,36.6723628],[27.5600971,36.6727575],[27.5603489,36.6729005],[27.5603839,36.6731487],[27.5603226,36.6732464],[27.5605009,36.6732964],[27.5602783,36.6735998],[27.5603364,36.6737523],[27.560129,36.674292],[27.5600161,36.6744329],[27.5600434,36.6752025],[27.5601508,36.675465],[27.5598464,36.675622],[27.559811,36.6759703],[27.560557,36.6762317],[27.5610012,36.6766713],[27.5610052,36.6768665],[27.5612184,36.6770392],[27.5612696,36.6774347],[27.561355,36.6777283],[27.5614793,36.6779315],[27.5614142,36.6780136],[27.5614464,36.6781965],[27.56148,36.6788484],[27.5615971,36.6791587],[27.5615135,36.679281],[27.561134,36.6796082],[27.560845,36.679835],[27.560331,36.680172],[27.5596046,36.6805016],[27.5578005,36.6811917],[27.5569438,36.6814604],[27.555557,36.681736],[27.5545702,36.6819037],[27.5536341,36.6820194],[27.5527613,36.682064],[27.5523189,36.6821114],[27.5518039,36.6821179],[27.5515196,36.6819308],[27.5512943,36.6814941],[27.5512728,36.6813306],[27.5509375,36.6811005],[27.5505969,36.6807405],[27.5503802,36.6807597],[27.55,36.68045724397759],[27.55,36.75913767380001],[27.5504171,36.7591554],[27.5505936,36.7591936],[27.551008,36.759347],[27.5512755,36.7595203]]],[[[28.042168,36.8743382],[28.0418252,36.874831],[28.0414009,36.8749519],[28.041594,36.8753209],[28.0416906,36.8757586],[28.0414438,36.8760933],[28.0417013,36.8764109],[28.0419052,36.8764795],[28.0425703,36.8762907],[28.0431819,36.876471],[28.0440938,36.8766254],[28.0445713,36.8765267],[28.0447805,36.8762736],[28.0451667,36.8759389],[28.0451989,36.8753381],[28.045174,36.8749696],[28.0449629,36.8746601],[28.0446839,36.874085],[28.044244,36.8736559],[28.0437612,36.8735014],[28.0434072,36.873201],[28.042783,36.873243],[28.0423075,36.8732096],[28.0420017,36.8728878],[28.0418345,36.8729394],[28.042036,36.873338],[28.0425724,36.8735197],[28.042624,36.8737889],[28.0421588,36.8742683],[28.042168,36.8743382]]],[[[28.0490881,36.8778141],[28.0488789,36.8776253],[28.0485517,36.8774922],[28.0485249,36.877312],[28.048262,36.8772605],[28.0481064,36.8773893],[28.0481547,36.8775395],[28.0482995,36.877651],[28.0484497,36.8778227],[28.0486268,36.8779342],[28.0490345,36.8781273],[28.0492973,36.8780715],[28.0495763,36.8780458],[28.0498928,36.8781102],[28.0498606,36.8779428],[28.0496353,36.8778312],[28.0490881,36.8778141]]],[[[28.041185,36.9232796],[28.0414103,36.9233011],[28.0414572,36.9232796],[28.0414492,36.9232411],[28.0413875,36.9231864],[28.0412574,36.9231896],[28.041134,36.9232453],[28.041185,36.9232796]]],[[[28.0441904,36.9272829],[28.043493,36.9273408],[28.0434957,36.9275102],[28.0433267,36.9276088],[28.0431926,36.9277739],[28.0433294,36.9278254],[28.0435145,36.9277417],[28.0436432,36.9275959],[28.0437532,36.9275295],[28.043941,36.9275252],[28.0441689,36.9274866],[28.0442923,36.9273601],[28.0441904,36.9272829]]],[[[28.1097731,37.0135222],[28.1099474,37.0134095],[28.1096818,37.0133167],[28.1094494,37.0134228],[28.1095656,37.0135421],[28.1097731,37.0135222]]],[[[28.2307589,36.408825],[28.2307469,36.4090411],[28.2307766,36.4091447],[28.2307066,36.4092576],[28.2307343,36.4092934],[28.2307298,36.4093711],[28.2305788,36.4093842],[28.2307449,36.4094496],[28.2308977,36.4094456],[28.2309091,36.4094858],[28.23122,36.4094535],[28.2312958,36.4094267],[28.2313006,36.4093771],[28.231346,36.4093242],[28.2313315,36.4092573],[28.231372,36.4091152],[28.2313454,36.4088933],[28.2313716,36.4088744],[28.2313531,36.4088479],[28.2312442,36.4087535],[28.2311455,36.4087278],[28.231057,36.4086434],[28.230833,36.4085044],[28.2307724,36.4085359],[28.230723,36.4086008],[28.2307589,36.408825]]],[[[28.1474446,36.6516868],[28.1475117,36.651439],[28.1473506,36.6510403],[28.1474446,36.6508787],[28.1473774,36.6507278],[28.1474177,36.6505447],[28.1473103,36.6502968],[28.1470417,36.6502968],[28.1466656,36.6506309],[28.1465447,36.6505447],[28.1464776,36.6503076],[28.1462896,36.6501352],[28.1459538,36.6501137],[28.1459404,36.6503615],[28.1457658,36.6505878],[28.1454972,36.6508356],[28.1456046,36.6509864],[28.1457792,36.6513528],[28.1456315,36.6515252],[28.1455375,36.6518269],[28.1457389,36.6520855],[28.1462761,36.6522902],[28.1466656,36.6523656],[28.1469074,36.6524626],[28.14727,36.6524841],[28.1472834,36.6523225],[28.1474849,36.6521932],[28.147552,36.6518915],[28.1474446,36.6516868]]],[[[28.1642007,36.6705856],[28.1642597,36.6705792],[28.1642834,36.6705492],[28.1642794,36.6704813],[28.164244,36.6704845],[28.1641573,36.6704276],[28.1641121,36.6704355],[28.1641278,36.6703266],[28.1640746,36.6701971],[28.1639171,36.6701907],[28.1639093,36.6702302],[28.164053,36.6704497],[28.1640491,36.6705303],[28.1642007,36.6705856]]],[[[28.1751906,36.6790736],[28.1752031,36.6791834],[28.1752736,36.6792067],[28.1753359,36.6792034],[28.1753857,36.6791568],[28.1752902,36.6790802],[28.1751906,36.6790736]]],[[[28.1788034,36.6800994],[28.1788075,36.6801726],[28.1789445,36.6803157],[28.179015,36.6802958],[28.1791146,36.6802192],[28.1791105,36.6801493],[28.1790358,36.6801061],[28.1788283,36.6800362],[28.1788034,36.6800994]]],[[[28.2449231,36.7144625],[28.2451114,36.7144117],[28.2453233,36.7144982],[28.2457112,36.714522],[28.2459171,36.7144167],[28.2461057,36.7144074],[28.2462715,36.7143397],[28.2464335,36.7143922],[28.2468033,36.7143902],[28.2469085,36.7143307],[28.2470469,36.714387],[28.2471571,36.7143279],[28.2474317,36.7144553],[28.2475621,36.7144704],[28.247633,36.7143694],[28.2481525,36.7144339],[28.2482689,36.7142447],[28.2484143,36.7143225],[28.2485162,36.7142963],[28.2486152,36.7142087],[28.2486557,36.7140614],[28.2484245,36.7139161],[28.2483872,36.7138366],[28.2479583,36.7137351],[28.2479342,36.7136706],[28.2477877,36.7135955],[28.2476134,36.7133569],[28.2475396,36.7133543],[28.2473975,36.7132259],[28.2476721,36.7129993],[28.2475691,36.7129331],[28.2475576,36.7128744],[28.2480232,36.7128823],[28.2478843,36.7127357],[28.2475487,36.7126763],[28.2474004,36.7126209],[28.2472344,36.7124998],[28.2471397,36.7125359],[28.2470603,36.7124686],[28.2469198,36.7125075],[28.2469122,36.7125703],[28.2469933,36.7126957],[28.2468935,36.712798],[28.2466652,36.7128529],[28.2466153,36.7129498],[28.2463806,36.7130204],[28.2460786,36.7128419],[28.2459933,36.7128339],[28.2459957,36.712778],[28.2459617,36.7127247],[28.2456354,36.7128548],[28.2456444,36.7129561],[28.2455245,36.7129898],[28.2454542,36.7129397],[28.2454081,36.7129967],[28.2453584,36.7129496],[28.2452383,36.7129288],[28.2451621,36.7128361],[28.245047,36.7128367],[28.2447804,36.7129194],[28.2446055,36.7129326],[28.2444699,36.7128752],[28.2443309,36.7128853],[28.2442776,36.7128472],[28.2442062,36.7128367],[28.244079,36.7129627],[28.2440083,36.7128634],[28.2437894,36.7128578],[28.2436872,36.7127679],[28.2435662,36.7127673],[28.2435324,36.7127226],[28.2434264,36.7126679],[28.2432467,36.7127105],[28.2432607,36.7128073],[28.243118,36.7129946],[28.2431038,36.7130591],[28.2429608,36.7131006],[28.2429807,36.7132053],[28.2428959,36.7132691],[28.2428476,36.7136263],[28.242882,36.7137239],[28.2428747,36.7138847],[28.2429748,36.7140683],[28.2429136,36.7142152],[28.2436166,36.7142522],[28.2443153,36.7143661],[28.2443719,36.7144751],[28.2445471,36.7145549],[28.2446879,36.7145177],[28.2448325,36.7144415],[28.2449231,36.7144625]]],[[[28.6484473,36.7215752],[28.6486423,36.7215419],[28.6487294,36.7214321],[28.648522,36.7214288],[28.648439,36.7213823],[28.6483892,36.7214122],[28.6483726,36.7215153],[28.6484473,36.7215752]]],[[[28.2775337,36.7348938],[28.2774063,36.7348827],[28.2773587,36.7348396],[28.2772128,36.7348089],[28.2771483,36.7348618],[28.2773095,36.7349689],[28.2774447,36.7349541],[28.2775399,36.7349135],[28.2775337,36.7348938]]],[[[28.3007802,36.7356604],[28.3007055,36.7355322],[28.3006655,36.7355433],[28.300695,36.7356576],[28.3007698,36.7357064],[28.3007802,36.7356604]]],[[[28.273254,36.7636117],[28.2732239,36.7636986],[28.2733142,36.7639638],[28.2735189,36.7642291],[28.2736754,36.7642918],[28.2738199,36.7642918],[28.2739102,36.7641133],[28.27385,36.7639397],[28.2736574,36.7636841],[28.2733865,36.763578],[28.273254,36.7636117]]],[[[28.4309676,36.7709836],[28.4309328,36.7711168],[28.4314585,36.7714692],[28.4321516,36.7717366],[28.4327397,36.7718709],[28.433777,36.7722376],[28.4343338,36.7728495],[28.4346528,36.7732396],[28.4353963,36.773585],[28.435471,36.7741717],[28.4357277,36.7744732],[28.4359093,36.7745629],[28.4360558,36.7745962],[28.4364566,36.7746243],[28.4367029,36.7747023],[28.4367837,36.7747681],[28.4369076,36.7750157],[28.4369678,36.7752303],[28.436986,36.7754663],[28.4369528,36.7756764],[28.4368294,36.7759151],[28.4366007,36.776191],[28.4364952,36.7762671],[28.4364742,36.7763804],[28.4365259,36.776488],[28.4366217,36.7765564],[28.4370009,36.7766794],[28.437028,36.776771],[28.4370822,36.7768481],[28.4372207,36.7768939],[28.4373737,36.7768726],[28.4374254,36.7769518],[28.4374013,36.777041],[28.4372977,36.7771196],[28.4370672,36.7772315],[28.4367478,36.7773151],[28.4364591,36.7774316],[28.436383,36.7775085],[28.4365761,36.777676],[28.4369034,36.7778479],[28.4374076,36.7782432],[28.4376422,36.7783892],[28.4378985,36.7784169],[28.438678,36.778385],[28.4391218,36.7784612],[28.4398255,36.7783966],[28.4403967,36.77868],[28.4404355,36.7789181],[28.440606,36.779004],[28.4408324,36.779027],[28.4410822,36.7788821],[28.4414266,36.7787486],[28.4417995,36.7789704],[28.4420256,36.7791782],[28.4422972,36.7792909],[28.4427054,36.7793667],[28.4428516,36.7793136],[28.4429146,36.7791848],[28.4428455,36.7790933],[28.4427405,36.7790745],[28.4425771,36.7788928],[28.4423835,36.778832],[28.4422019,36.778691],[28.4422907,36.7784471],[28.4418817,36.7780356],[28.441542,36.7777611],[28.4411385,36.77764],[28.4408082,36.7776629],[28.4406347,36.7775242],[28.4404053,36.7774842],[28.4402331,36.7773312],[28.4402961,36.777254],[28.440412,36.777208],[28.4406098,36.7770807],[28.440731,36.7768441],[28.4408741,36.776809],[28.4409589,36.7766772],[28.4408516,36.7765331],[28.4406692,36.7763698],[28.44054,36.7760419],[28.4407765,36.77588],[28.4410859,36.7757931],[28.4411635,36.7756584],[28.440919,36.7753548],[28.4407594,36.7748793],[28.441002,36.7748411],[28.4410246,36.7747172],[28.4409584,36.7744954],[28.4410818,36.7744158],[28.441145,36.7744761],[28.441317,36.774372],[28.4412594,36.7743122],[28.4413437,36.7741868],[28.441462,36.773599],[28.4416356,36.7734345],[28.4418269,36.7733471],[28.442051,36.7733598],[28.4422857,36.773453],[28.4428068,36.7735988],[28.4429541,36.7737007],[28.4430539,36.7739324],[28.4433351,36.7740649],[28.4435577,36.7740523],[28.4436222,36.7739062],[28.4433724,36.7736219],[28.443228,36.7733491],[28.4432763,36.7732245],[28.4431786,36.7731413],[28.4429999,36.7726968],[28.4426968,36.7722462],[28.4423536,36.7720471],[28.4419405,36.7720214],[28.441475,36.7718391],[28.4415597,36.7716518],[28.4416462,36.7711385],[28.4415949,36.770918],[28.4413274,36.7708446],[28.4410263,36.7710249],[28.4405962,36.7710485],[28.4397686,36.7707447],[28.4392135,36.7707711],[28.4387874,36.7710421],[28.4383438,36.7711806],[28.4378506,36.7711096],[28.4376446,36.7710085],[28.4373861,36.7708354],[28.437134,36.7708139],[28.4366566,36.7707151],[28.4359476,36.7706536],[28.4353379,36.7708954],[28.4348545,36.7709218],[28.4344652,36.771018],[28.4339823,36.7714171],[28.4336238,36.7712797],[28.4335235,36.7710717],[28.433203,36.7708504],[28.4320003,36.7704057],[28.431842,36.7703831],[28.4315993,36.7704132],[28.4314679,36.7703305],[28.4311983,36.7703391],[28.431062,36.770531],[28.4311257,36.7709067],[28.4309676,36.7709836]]],[[[28.3819978,36.7864293],[28.3818845,36.7863856],[28.3819075,36.7863403],[28.3818782,36.7862798],[28.3817523,36.7862075],[28.3816704,36.7861739],[28.3815047,36.7861789],[28.3814963,36.7861974],[28.3815676,36.7862579],[28.3817313,36.7863672],[28.381811,36.7863907],[28.3818152,36.7864797],[28.3818467,36.7865117],[28.3819453,36.7865604],[28.3820167,36.7865419],[28.3820271,36.7864966],[28.3819978,36.7864293]]],[[[28.519619,36.7877574],[28.5195947,36.7877804],[28.5196721,36.7878619],[28.5197251,36.78783],[28.5197008,36.7877698],[28.519619,36.7877574]]],[[[28.5197318,36.788],[28.5196853,36.7879717],[28.5196544,36.7879823],[28.5196522,36.7880107],[28.5197207,36.7880213],[28.5197318,36.788]]],[[[28.5196079,36.7880886],[28.5195416,36.788085],[28.5195438,36.7881612],[28.5196477,36.7882728],[28.5197141,36.7883064],[28.5196765,36.7881364],[28.5196079,36.7880886]]],[[[28.5413938,36.7885285],[28.5410961,36.7885535],[28.5409316,36.7886738],[28.5409685,36.7887351],[28.5411103,36.7887692],[28.5413626,36.7887124],[28.5415015,36.7886375],[28.5415412,36.7885853],[28.5413938,36.7885285]]],[[[28.2591237,36.7986151],[28.259303,36.7985725],[28.2594199,36.7984721],[28.2594602,36.7983164],[28.259625,36.7982073],[28.2597303,36.79802],[28.2597998,36.7979483],[28.2596498,36.7979428],[28.2595676,36.7979891],[28.2594579,36.7979714],[28.2593653,36.7980684],[28.259193,36.7981369],[28.2591044,36.7982185],[28.259068,36.7983015],[28.2588286,36.7985067],[28.2587953,36.7986245],[28.2586193,36.7986648],[28.2584665,36.7986518],[28.2582786,36.7987225],[28.2581655,36.7988144],[28.2582013,36.798829],[28.2583848,36.7987815],[28.2583431,36.7988348],[28.2582233,36.7988848],[28.2581532,36.7989637],[28.2580656,36.799146],[28.2581182,36.7992021],[28.2582605,36.7991776],[28.2583729,36.7992111],[28.2587461,36.7990929],[28.2587922,36.7990378],[28.2588716,36.7990146],[28.258924,36.7989386],[28.2588866,36.7989125],[28.2590158,36.798706],[28.2591237,36.7986151]]],[[[28.250733,36.7995751],[28.2507879,36.7995571],[28.2507605,36.7995151],[28.2508279,36.7994952],[28.2508728,36.7995791],[28.2509003,36.7995771],[28.2509127,36.7995431],[28.2508853,36.7995031],[28.2511374,36.7995071],[28.2510875,36.7994752],[28.2510875,36.7993952],[28.251055,36.7994092],[28.2509752,36.7993912],[28.2510226,36.7993072],[28.2506881,36.7992733],[28.2506756,36.7992353],[28.2506207,36.7992073],[28.2506681,36.7991753],[28.2504958,36.7991193],[28.2504359,36.7991633],[28.250411,36.7991193],[28.2503485,36.7991433],[28.2503136,36.7992033],[28.2502861,36.7991633],[28.2501938,36.7991633],[28.2500964,36.7992413],[28.2498493,36.7991773],[28.2498817,36.7991333],[28.2500015,36.7990894],[28.250019,36.7990294],[28.250004,36.7990014],[28.2498243,36.7991093],[28.2498817,36.7990534],[28.2498842,36.7989534],[28.2497244,36.7990614],[28.249647,36.7990754],[28.2496021,36.7991193],[28.2495597,36.7990854],[28.2494997,36.7991093],[28.2495022,36.7992153],[28.2495921,36.7992593],[28.2496745,36.7993612],[28.2498567,36.7994812],[28.2498468,36.7995571],[28.249998,36.7995756],[28.2502132,36.7996674],[28.2502512,36.7996611],[28.2503011,36.7996051],[28.2504209,36.7996331],[28.2505033,36.7995831],[28.2505233,36.7996131],[28.2506331,36.7995291],[28.2506456,36.7995591],[28.250733,36.7995751]]],[[[28.2595637,36.8024529],[28.2596652,36.8024092],[28.2596262,36.8023686],[28.2597705,36.8022718],[28.2596379,36.8022655],[28.2594896,36.8022062],[28.2594467,36.8022218],[28.2593453,36.8021812],[28.2592712,36.8022655],[28.2592283,36.8021562],[28.2594155,36.802025],[28.2591503,36.8019251],[28.2592946,36.8018564],[28.2593063,36.8017502],[28.2591542,36.801747],[28.2590567,36.8017939],[28.2589942,36.8016815],[28.2591191,36.8016252],[28.258963,36.8015971],[28.2589201,36.801569],[28.2590723,36.8015222],[28.2587329,36.8014628],[28.2585379,36.8015003],[28.2584676,36.8013754],[28.2583584,36.8013816],[28.2581556,36.801266],[28.2581751,36.8012348],[28.2581361,36.8012005],[28.2580659,36.8012317],[28.2580152,36.8011786],[28.2579606,36.8009974],[28.2580386,36.8009318],[28.2580776,36.8008225],[28.2580464,36.8007757],[28.2579996,36.8008256],[28.2579215,36.8007944],[28.2578903,36.8007163],[28.2578825,36.8005227],[28.257902,36.800404],[28.2580542,36.8003353],[28.2581361,36.8000948],[28.2580893,36.800051],[28.2581088,36.799948],[28.2581907,36.7998543],[28.2582882,36.7998449],[28.2583233,36.7997887],[28.2582492,36.799745],[28.2585106,36.79957],[28.2586535,36.7995216],[28.2587959,36.7993594],[28.2589437,36.7993419],[28.2590999,36.7991699],[28.2590034,36.7992205],[28.2589893,36.7991892],[28.2588438,36.7991932],[28.2587586,36.7992184],[28.2587506,36.7992679],[28.258685,36.7992571],[28.2584226,36.7992979],[28.2583583,36.7993342],[28.2583339,36.7993077],[28.2582074,36.7993397],[28.2580131,36.7994536],[28.2579912,36.7995216],[28.2578023,36.7996202],[28.25781,36.7996944],[28.2574146,36.799836],[28.2573293,36.7998018],[28.2570733,36.8000214],[28.2570794,36.8001093],[28.2569697,36.8001288],[28.2568478,36.8001873],[28.2568173,36.8003826],[28.2566954,36.8005046],[28.2565369,36.8007437],[28.2566101,36.8009145],[28.2566466,36.8010853],[28.2565552,36.8011829],[28.2566223,36.8012415],[28.2565126,36.8014172],[28.2563846,36.8014709],[28.2562322,36.8018662],[28.2562261,36.8020809],[28.2561651,36.8023737],[28.2560189,36.802647],[28.2559579,36.8029154],[28.2558421,36.8030472],[28.2556471,36.8032082],[28.2555008,36.803257],[28.2549035,36.8035791],[28.2545744,36.8038231],[28.2543733,36.8038475],[28.2542453,36.8040085],[28.2532884,36.804438],[28.2530019,36.8045502],[28.2526667,36.8045844],[28.2526423,36.8045112],[28.2525265,36.8045356],[28.2525143,36.8046283],[28.2522462,36.8047454],[28.2520755,36.8047747],[28.2520328,36.8047357],[28.2519414,36.8047454],[28.2518987,36.8047894],[28.2517037,36.8048186],[28.2516062,36.8047406],[28.2515331,36.8048333],[28.2514112,36.8049065],[28.2513441,36.8048186],[28.2513746,36.8047601],[28.2511613,36.804721],[28.2508443,36.8047259],[28.2505213,36.8046722],[28.2503141,36.8047454],[28.2501373,36.804765],[28.2500215,36.804721],[28.2498326,36.804765],[28.2497473,36.8047015],[28.2494791,36.8046674],[28.2491987,36.8046722],[28.2491073,36.8047747],[28.2489123,36.8046381],[28.2485832,36.8046088],[28.2484247,36.8046674],[28.2483028,36.8046478],[28.2475714,36.8049455],[28.2474861,36.8048967],[28.2473398,36.8049894],[28.2468568,36.8049957],[28.2462027,36.8048558],[28.2458257,36.8049018],[28.2454238,36.8052076],[28.245299,36.8052236],[28.245314,36.8051916],[28.245284,36.8051676],[28.2452141,36.8052316],[28.2451442,36.8052336],[28.2451043,36.8051936],[28.244932,36.8052775],[28.244927,36.8053355],[28.2448197,36.8052975],[28.2446849,36.8053035],[28.24462,36.8052835],[28.2444926,36.8052156],[28.2444602,36.8051676],[28.2443403,36.8051336],[28.244268,36.8051796],[28.2441906,36.8051576],[28.2441656,36.8051196],[28.2441107,36.8051236],[28.2439509,36.8050557],[28.243881,36.8050737],[28.243851,36.8051476],[28.2438635,36.8051876],[28.2439409,36.8052376],[28.2440133,36.8052396],[28.2440607,36.8052835],[28.2440732,36.8053295],[28.2441282,36.8053795],[28.2441406,36.8054714],[28.2442155,36.8055274],[28.244218,36.8056014],[28.2442779,36.8056153],[28.2443803,36.8057932],[28.2444277,36.8059532],[28.2444876,36.8060051],[28.2445351,36.806169],[28.2446549,36.806273],[28.2446574,36.8063549],[28.2447198,36.8064868],[28.2447198,36.8065488],[28.2446374,36.8066627],[28.2443553,36.8068706],[28.2441157,36.8069825],[28.2437187,36.8070285],[28.243524,36.8070965],[28.2434766,36.8071764],[28.243509,36.8073363],[28.2436189,36.8074223],[28.2436413,36.8074762],[28.2437312,36.8075302],[28.2437512,36.8075782],[28.2438286,36.8076222],[28.2438186,36.8076461],[28.2439284,36.8077821],[28.2439659,36.807798],[28.2439484,36.807936],[28.2437312,36.8082378],[28.2437187,36.8085176],[28.2436738,36.8085676],[28.2437038,36.8086335],[28.2437786,36.8086695],[28.2438161,36.8087675],[28.2439284,36.8088474],[28.2440533,36.8088554],[28.2440008,36.8089553],[28.2440358,36.8090173],[28.2442123,36.8090299],[28.2441823,36.80894],[28.2442922,36.80883],[28.2444694,36.8087221],[28.244734,36.8087121],[28.2447964,36.8086801],[28.2448314,36.8086042],[28.2451609,36.8082624],[28.2453756,36.8079366],[28.2456353,36.8077867],[28.2456877,36.8077347],[28.2457351,36.8077367],[28.2460172,36.8076328],[28.2463617,36.8075688],[28.2464466,36.8076048],[28.2467037,36.8078307],[28.2468011,36.8078287],[28.2468385,36.8079126],[28.2471107,36.8080086],[28.2471831,36.8079986],[28.2472954,36.8081824],[28.2473903,36.8082404],[28.2474027,36.8083264],[28.24759,36.8084943],[28.2478846,36.8087121],[28.2480643,36.8087921],[28.2483489,36.808976],[28.2484063,36.8089879],[28.2484837,36.8090919],[28.2486634,36.8091598],[28.248943,36.8093497],[28.2492027,36.8094597],[28.2496246,36.8095116],[28.2496745,36.8094616],[28.2498043,36.8094157],[28.2498592,36.8093697],[28.2499741,36.8093697],[28.2500065,36.8093197],[28.2500964,36.8092898],[28.2501413,36.8092378],[28.2501314,36.8091678],[28.2501813,36.8090739],[28.2501563,36.8090239],[28.2501888,36.808944],[28.2504634,36.8086442],[28.2504659,36.8085602],[28.2505133,36.8084783],[28.2505782,36.8084083],[28.2507729,36.8080785],[28.2509227,36.8079206],[28.2509502,36.8078187],[28.251075,36.8077287],[28.2510825,36.8076468],[28.2511674,36.8075248],[28.2512747,36.8074829],[28.2513247,36.8074249],[28.2512972,36.8073669],[28.2515319,36.8071211],[28.2515843,36.8070951],[28.2515868,36.8070092],[28.2516717,36.8068932],[28.2517915,36.8068253],[28.2520411,36.8067693],[28.2522434,36.8068053],[28.2523158,36.8068533],[28.2523807,36.8068333],[28.2525661,36.8068666],[28.252726,36.8067916],[28.2529679,36.8067541],[28.2530966,36.8068041],[28.2532682,36.8069165],[28.2534711,36.8070977],[28.2534867,36.8071508],[28.2537948,36.8070852],[28.2540211,36.8072257],[28.2542434,36.8074568],[28.2545399,36.8075505],[28.2546257,36.8076473],[28.2547544,36.8077192],[28.2548909,36.8077504],[28.2550079,36.8078097],[28.2551328,36.8078878],[28.2551952,36.8079721],[28.255281,36.8080221],[28.2555384,36.8080159],[28.2557491,36.8082782],[28.2560884,36.8084874],[28.2562952,36.8087873],[28.2563186,36.8089559],[28.2562991,36.8092182],[28.2562016,36.8092994],[28.2561977,36.8094087],[28.2563771,36.8096274],[28.2566033,36.8097991],[28.2568218,36.8099272],[28.2568608,36.8100209],[28.2573055,36.8099303],[28.2573406,36.8099678],[28.2575005,36.8099428],[28.2575668,36.8099771],[28.2575902,36.8100209],[28.2577306,36.8100177],[28.2579725,36.8101145],[28.258265,36.8101426],[28.2584055,36.8101177],[28.2585342,36.810177],[28.2588657,36.8101458],[28.2588501,36.8100084],[28.2589008,36.8099709],[28.2589243,36.8098834],[28.2589711,36.809846],[28.2589906,36.8097429],[28.2591115,36.8096274],[28.2591349,36.8095056],[28.2592168,36.8094244],[28.2595445,36.8092682],[28.2596147,36.809137],[28.259681,36.8089184],[28.2598292,36.8087342],[28.2598526,36.8086592],[28.259915,36.8086061],[28.2598877,36.8085499],[28.2598214,36.8085561],[28.2598097,36.8084906],[28.2597161,36.808425],[28.2597083,36.8083688],[28.2596381,36.8082719],[28.2596771,36.8080627],[28.2597278,36.8080877],[28.259993,36.807841],[28.2600086,36.8077691],[28.2602193,36.8076942],[28.2602817,36.8076973],[28.2603168,36.8076692],[28.2602466,36.8076192],[28.2602388,36.8075443],[28.2601881,36.8074881],[28.2601803,36.8073538],[28.2602895,36.80731],[28.2603441,36.8072288],[28.2603441,36.8071726],[28.2604806,36.8071195],[28.260543,36.8070227],[28.2606691,36.8069656],[28.2606457,36.806925],[28.2606925,36.8068626],[28.2606691,36.8068344],[28.2607627,36.8067251],[28.2607471,36.8066845],[28.2607978,36.8065877],[28.260872,36.8065409],[28.2608798,36.8064503],[28.2609734,36.8064284],[28.2610319,36.8064597],[28.2611138,36.8064097],[28.2611372,36.8062941],[28.2611996,36.8062442],[28.2610808,36.8061402],[28.2609521,36.8061964],[28.2609248,36.806159],[28.2609326,36.8061121],[28.260839,36.8061121],[28.2608507,36.8060721],[28.2607789,36.8059872],[28.2607071,36.8060247],[28.260601,36.8060372],[28.2604981,36.8059997],[28.2604263,36.8059097],[28.2604232,36.8058523],[28.2605262,36.8058148],[28.2605137,36.8057598],[28.2604544,36.8057448],[28.2603732,36.8057798],[28.260342,36.8057273],[28.260264,36.8057148],[28.2605386,36.8056424],[28.2604918,36.8055899],[28.2603264,36.8055499],[28.2602453,36.8055849],[28.260186,36.8055649],[28.2600612,36.8055749],[28.2600237,36.8056024],[28.2599488,36.8055175],[28.2599052,36.8055974],[28.2598396,36.8055325],[28.2598896,36.8054525],[28.2598334,36.805425],[28.2597616,36.80545],[28.2595713,36.8053601],[28.2593466,36.8051602],[28.2593341,36.8050852],[28.259384,36.8050302],[28.2593747,36.8049928],[28.2592748,36.8050053],[28.2592374,36.8050452],[28.2592186,36.8049953],[28.2591281,36.8050153],[28.2589784,36.8049703],[28.2589659,36.8049128],[28.2588535,36.8048304],[28.2587599,36.8048229],[28.2586601,36.8047379],[28.2586601,36.8046879],[28.2586975,36.8046605],[28.258607,36.804573],[28.2586538,36.804553],[28.2585758,36.8044556],[28.2586257,36.8044431],[28.2585321,36.8043656],[28.2584447,36.8043631],[28.258348,36.8043181],[28.2584104,36.8042782],[28.258401,36.8042307],[28.2583449,36.8041982],[28.2582762,36.8040533],[28.2582825,36.8039908],[28.2582138,36.8039209],[28.2581389,36.803751],[28.2581951,36.8036835],[28.2581202,36.803656],[28.2580141,36.8035211],[28.2581732,36.8033987],[28.2584135,36.8033737],[28.2585664,36.8032238],[28.2585446,36.8031638],[28.2586725,36.8030863],[28.2588041,36.8030421],[28.2590176,36.8029058],[28.2591503,36.8029183],[28.2592673,36.8028621],[28.2592751,36.8027746],[28.2595871,36.8026372],[28.2595325,36.8025466],[28.2595637,36.8024529]]],[[[28.5740523,36.8171416],[28.574145,36.8171456],[28.57416,36.8171176],[28.5740949,36.8170655],[28.5740373,36.8171036],[28.5740523,36.8171416]]],[[[28.2876774,36.8198713],[28.2874983,36.8198735],[28.2874576,36.8198355],[28.2873209,36.8198025],[28.287197,36.8198475],[28.2871248,36.8198051],[28.2870528,36.8198087],[28.2869754,36.8197695],[28.2869111,36.8197937],[28.2867478,36.8197554],[28.286559,36.8196259],[28.2864265,36.8196285],[28.2861131,36.8197689],[28.2858891,36.8197885],[28.2857277,36.819775],[28.2855847,36.819718],[28.2854299,36.8195406],[28.285468,36.8194964],[28.2853866,36.8193895],[28.2853959,36.8193544],[28.285334,36.8193439],[28.2852698,36.8193889],[28.2851303,36.8193341],[28.2850582,36.8193523],[28.2849462,36.8193042],[28.2849689,36.81942],[28.284915,36.8194542],[28.2849766,36.8194857],[28.2848397,36.8195472],[28.2847209,36.8195233],[28.2846737,36.8194511],[28.2845602,36.8194092],[28.2845283,36.8194603],[28.28442,36.81947],[28.2843973,36.8195017],[28.2843528,36.8195051],[28.2843289,36.8194828],[28.2843109,36.8195219],[28.2843701,36.8195607],[28.2843371,36.8196524],[28.2840452,36.8197812],[28.2839154,36.8197876],[28.2836256,36.8197138],[28.283619,36.8196899],[28.2834625,36.8196391],[28.2834029,36.8196628],[28.2832701,36.8196432],[28.2831769,36.8196741],[28.2830424,36.8196194],[28.2829963,36.8196223],[28.2829842,36.8195898],[28.2829123,36.8195804],[28.2825948,36.8196558],[28.2825282,36.8196277],[28.282479,36.8196887],[28.2823739,36.8196874],[28.2823801,36.8196598],[28.2821082,36.8195974],[28.2820801,36.819559],[28.2819571,36.8195217],[28.2817482,36.8195516],[28.2816164,36.8194856],[28.2815363,36.8193891],[28.28088,36.8192614],[28.2807609,36.8192835],[28.2805702,36.8192476],[28.2804354,36.8191898],[28.2802537,36.8191634],[28.2799848,36.8190755],[28.2799627,36.8190153],[28.2799073,36.8190222],[28.2798756,36.8189298],[28.279653,36.8189287],[28.2795394,36.8188831],[28.2795122,36.8189192],[28.2793688,36.8189341],[28.2792871,36.8189003],[28.2791269,36.8189921],[28.2789724,36.8191741],[28.2786815,36.8193486],[28.2785946,36.8196006],[28.2784653,36.8197489],[28.2784757,36.8198373],[28.2783929,36.820067],[28.2784656,36.8202167],[28.2784296,36.8202955],[28.2784615,36.8203263],[28.2785046,36.8203451],[28.2785309,36.820298],[28.2786013,36.8203344],[28.2786829,36.8203394],[28.278729,36.8202809],[28.2788336,36.8202905],[28.2788423,36.8203431],[28.278911,36.8203475],[28.2789418,36.820317],[28.2790355,36.8203852],[28.2791725,36.8204427],[28.2792518,36.820444],[28.2792642,36.8203254],[28.2797434,36.8203152],[28.2799617,36.8202068],[28.2800567,36.820256],[28.2802002,36.8202695],[28.2802258,36.8203281],[28.2804861,36.8204457],[28.280601,36.8204547],[28.2806425,36.82042],[28.2808329,36.8204331],[28.2809494,36.8205659],[28.2810857,36.8206127],[28.2812553,36.8206168],[28.2815835,36.8205363],[28.281677,36.820457],[28.2817648,36.8204884],[28.2819423,36.8204397],[28.2820265,36.8204915],[28.2821477,36.8206258],[28.2823774,36.8207073],[28.2826915,36.8208857],[28.2829293,36.8210626],[28.2831554,36.821152],[28.2839515,36.8210716],[28.2843902,36.8209888],[28.2846253,36.8210598],[28.2847387,36.8210417],[28.2848016,36.821078],[28.2849705,36.8209787],[28.2854872,36.8208532],[28.2858253,36.820959],[28.2860224,36.8208946],[28.2864065,36.8209976],[28.2865479,36.820978],[28.2866965,36.821059],[28.286814,36.821173],[28.2868365,36.8212883],[28.2867563,36.8214063],[28.2868751,36.8214614],[28.2870179,36.8214441],[28.2870643,36.8214138],[28.2871396,36.8214351],[28.2873312,36.8212813],[28.2874026,36.8213004],[28.2874655,36.8212357],[28.2874774,36.8211256],[28.2875619,36.8210729],[28.2875782,36.8209698],[28.287677,36.8208563],[28.2878241,36.8208402],[28.2881355,36.8206741],[28.2882354,36.8206632],[28.2883168,36.8206956],[28.2884842,36.8205942],[28.2884748,36.8205203],[28.2886011,36.8204212],[28.2886624,36.8202955],[28.2885653,36.8201476],[28.2882062,36.8200508],[28.2881399,36.8199602],[28.2879477,36.8199195],[28.2878486,36.8198509],[28.2877569,36.8198427],[28.2876774,36.8198713]]],[[[28.4272222,36.8287928],[28.4270972,36.8288209],[28.4270855,36.8288553],[28.4271675,36.8288647],[28.4272144,36.8288365],[28.4272222,36.8287928]]],[[[28.4268199,36.8288897],[28.4266207,36.8289303],[28.4265894,36.829071],[28.4267261,36.8291336],[28.4268081,36.8291398],[28.4268785,36.8291054],[28.4268824,36.8289303],[28.4268199,36.8288897]]],[[[28.3849238,36.8411777],[28.384567,36.841582],[28.3852417,36.8418621],[28.386169,36.841821],[28.386164,36.841564],[28.3857721,36.8414088],[28.3854435,36.8414173],[28.3849238,36.8411777]]],[[[28.3854425,36.8507368],[28.3854264,36.8508634],[28.3854774,36.8509944],[28.3855095,36.8511789],[28.3855686,36.8512412],[28.385759,36.8512583],[28.3858046,36.8511918],[28.3857965,36.8508763],[28.3857375,36.8507368],[28.3855927,36.8506767],[28.3854425,36.8507368]]],[[[28.4442558,36.863378],[28.4443744,36.8635415],[28.4445326,36.8636627],[28.4445754,36.8638077],[28.4445412,36.8639213],[28.4445556,36.8640556],[28.4444891,36.8642101],[28.4445788,36.8645989],[28.444816,36.8650943],[28.4449075,36.865217],[28.4449643,36.8650759],[28.444984,36.8646488],[28.4450499,36.8645486],[28.4451027,36.864393],[28.445115,36.8642074],[28.445162,36.8640925],[28.4452705,36.8639804],[28.445452,36.8638842],[28.4459503,36.86371],[28.4460878,36.8636171],[28.4461868,36.8633964],[28.4462165,36.8631723],[28.446176,36.862942],[28.446014,36.862815],[28.445884,36.8626679],[28.445802,36.8625251],[28.4454685,36.8623814],[28.4450612,36.8623576],[28.4447812,36.8624066],[28.4445458,36.8625712],[28.4444469,36.8627505],[28.4443985,36.8631864],[28.4442689,36.8632752],[28.4442558,36.863378]]],[[[28.1313461,36.9337794],[28.1313407,36.9338995],[28.131448,36.9340367],[28.1316251,36.9341782],[28.1318611,36.9342253],[28.1320274,36.9341396],[28.1320167,36.9338737],[28.132081,36.9337494],[28.1320327,36.9336079],[28.1316626,36.9336336],[28.1315446,36.9335864],[28.1313461,36.9337794]]],[[[28.153705,36.9347528],[28.1535977,36.9354517],[28.1540322,36.9354174],[28.154971,36.9355546],[28.155374,36.935745],[28.155378,36.936002],[28.15522,36.936131],[28.154902,36.936263],[28.154906,36.93652],[28.155228,36.936645],[28.1560653,36.9372997],[28.1564999,36.9366137],[28.1571221,36.9362749],[28.1571114,36.9358119],[28.1570417,36.9356575],[28.1572509,36.9353016],[28.157282,36.934955],[28.1571382,36.934577],[28.1568539,36.9343025],[28.1566769,36.9339938],[28.156355,36.9338394],[28.1560439,36.9334492],[28.1557703,36.9333678],[28.1553894,36.9335607],[28.1552231,36.9338051],[28.1546277,36.9340624],[28.1544989,36.9340796],[28.1542307,36.9339981],[28.1539088,36.9345084],[28.153705,36.9347528]]],[[[28.1544051,36.9454632],[28.1550515,36.9452681],[28.1553733,36.9450537],[28.155722,36.9449422],[28.1566125,36.9448972],[28.1565723,36.9447793],[28.1562129,36.9445585],[28.155984,36.944344],[28.1557676,36.944207],[28.1553546,36.9440719],[28.1549522,36.9440955],[28.1547323,36.9440633],[28.1540269,36.9440312],[28.1538686,36.9440912],[28.1538793,36.9442027],[28.1539491,36.9442841],[28.1541342,36.9446764],[28.154078,36.945263],[28.1544051,36.9454632]]],[[[28.1985489,36.9585318],[28.1964299,36.9578545],[28.195805,36.9576895],[28.194914,36.957318],[28.1945711,36.9572866],[28.194274,36.957324],[28.1934822,36.9573509],[28.192998,36.957594],[28.1925112,36.9577581],[28.191721,36.957864],[28.191401,36.957867],[28.1909233,36.9576938],[28.1905639,36.9574623],[28.190113,36.957366],[28.1896627,36.9574838],[28.1893784,36.9578181],[28.1893355,36.9579296],[28.189019,36.9579038],[28.1892657,36.9582339],[28.1895769,36.9582982],[28.1902045,36.9587997],[28.190462,36.9594041],[28.1904083,36.9596828],[28.189994,36.960065],[28.190183,36.9602186],[28.190477,36.960188],[28.1915778,36.9596399],[28.1915617,36.9602271],[28.191761,36.960432],[28.192085,36.960686],[28.1925487,36.9608272],[28.1931335,36.9609344],[28.1932461,36.9611316],[28.1931496,36.9613159],[28.1930584,36.9613588],[28.19306,36.961576],[28.193382,36.9617],[28.193706,36.961954],[28.19435,36.962205],[28.194674,36.962458],[28.1951022,36.9624003],[28.1956494,36.9625375],[28.195956,36.962574],[28.1960571,36.9627261],[28.196041,36.9629704],[28.1961322,36.9630947],[28.196128,36.963343],[28.1960571,36.9636134],[28.196619,36.96398],[28.1972802,36.9640677],[28.1978756,36.9638791],[28.198535,36.963704],[28.1987661,36.9634976],[28.1989217,36.9632233],[28.198845,36.963059],[28.198837,36.962545],[28.199157,36.962542],[28.199309,36.962027],[28.199617,36.961253],[28.1999329,36.9608594],[28.2004532,36.96009],[28.2007053,36.9597921],[28.2007402,36.9595863],[28.200225,36.959192],[28.1998631,36.9590548],[28.199095,36.95856],[28.1989029,36.9585168],[28.1985489,36.9585318]]],[[[28.2061784,36.9911198],[28.2058339,36.9908587],[28.2055682,36.9907718],[28.2048356,36.9906399],[28.2043667,36.9906931],[28.204173,36.9908022],[28.2038992,36.9907564],[28.203229,36.9907303],[28.2022395,36.9907821],[28.201524,36.990905],[28.2012855,36.9909891],[28.2009871,36.9910521],[28.2008193,36.9911362],[28.2007719,36.9913314],[28.2009795,36.9915255],[28.2012554,36.9920554],[28.2012401,36.9922382],[28.2014382,36.9926848],[28.2015095,36.9929014],[28.2013549,36.9930919],[28.2013951,36.993277],[28.2016023,36.9935012],[28.2019396,36.9935879],[28.2021279,36.9937058],[28.2023532,36.9937093],[28.2027772,36.99348],[28.2029742,36.9932923],[28.2030383,36.9931735],[28.2031307,36.9931411],[28.2031792,36.9930422],[28.2033392,36.9929883],[28.2034398,36.9929948],[28.2036917,36.9930957],[28.2037932,36.9931978],[28.2037977,36.9932619],[28.2037328,36.9933941],[28.2037181,36.9935223],[28.2037622,36.9938081],[28.2037092,36.9940868],[28.2038285,36.9942985],[28.2039933,36.9944891],[28.2042683,36.9945601],[28.2044557,36.994676],[28.204564,36.9948112],[28.2045416,36.9949034],[28.2047473,36.9949723],[28.2047649,36.9950676],[28.2049855,36.9951793],[28.2048635,36.9952295],[28.2048047,36.9953322],[28.2047073,36.9956169],[28.2048643,36.9958012],[28.2053351,36.9959612],[28.2055746,36.9959604],[28.205763,36.9959462],[28.2057974,36.9958938],[28.205738,36.9958215],[28.205788,36.9957516],[28.2059518,36.9957714],[28.2060692,36.9957322],[28.2061537,36.9956879],[28.2061659,36.995612],[28.2060066,36.9955047],[28.206013,36.995307],[28.2059005,36.9952203],[28.2056443,36.9951405],[28.2053946,36.9951139],[28.2051821,36.9950157],[28.2049872,36.9948834],[28.2048916,36.994669],[28.2048916,36.9942773],[28.2049541,36.9938782],[28.2050053,36.9937097],[28.2046542,36.9928354],[28.2045308,36.9927744],[28.2043939,36.9924146],[28.2045529,36.9922981],[28.2046192,36.9920159],[28.2045728,36.9919479],[28.2045955,36.9917981],[28.20473,36.9917052],[28.2050097,36.9917288],[28.2052219,36.9920412],[28.2051316,36.992248],[28.2049845,36.9923473],[28.2048099,36.9925164],[28.2049769,36.9926933],[28.2052042,36.9928167],[28.2055512,36.9928908],[28.2058471,36.9927885],[28.2061077,36.9929579],[28.2063836,36.9930299],[28.2067394,36.9929332],[28.2072076,36.9929437],[28.2077995,36.9930531],[28.2079425,36.993161],[28.2085106,36.9932225],[28.2089744,36.9933636],[28.2092564,36.9933476],[28.2092038,36.9932025],[28.2092306,36.9927497],[28.2094986,36.9923615],[28.2104741,36.9915628],[28.210655,36.991198],[28.2105558,36.9910876],[28.2103354,36.9910322],[28.2101867,36.9909158],[28.2096639,36.9907782],[28.2092604,36.9907137],[28.2089921,36.9907281],[28.2088002,36.9907715],[28.2076871,36.9911282],[28.2071634,36.9913844],[28.2067129,36.9913703],[28.2063344,36.9910818],[28.2061784,36.9911198]]],[[[28.2104801,36.9970248],[28.210444,36.9971944],[28.2109665,36.9974003],[28.2111861,36.9973072],[28.2111856,36.9971864],[28.2111052,36.997149],[28.2112104,36.9970915],[28.211187,36.9969446],[28.2109665,36.9968268],[28.2108581,36.9968296],[28.2107959,36.9968765],[28.2106662,36.9968495],[28.210556,36.9969261],[28.2105791,36.9970156],[28.2104801,36.9970248]]],[[[28.2074715,36.997449],[28.2070698,36.9974869],[28.2063176,36.9974915],[28.2060671,36.9975172],[28.2057033,36.9976259],[28.2055135,36.997876],[28.2053143,36.997972],[28.2053775,36.9980174],[28.2053775,36.9980958],[28.2053079,36.9981261],[28.2053364,36.9982221],[28.2052289,36.9982802],[28.2051561,36.9984393],[28.205232,36.9984873],[28.2051972,36.998596],[28.2049979,36.9987602],[28.2050253,36.9989448],[28.2052415,36.9989698],[28.2054992,36.9990572],[28.2056685,36.9990128],[28.2057887,36.9989117],[28.2059251,36.9988481],[28.2061019,36.9986995],[28.2063423,36.998596],[28.2065764,36.9985934],[28.2068331,36.9986331],[28.2070888,36.9987071],[28.2071837,36.9986844],[28.2073292,36.9987122],[28.2073308,36.9987837],[28.2074873,36.9988082],[28.2074779,36.998985],[28.2076044,36.9989951],[28.207738,36.999062],[28.2078258,36.9989951],[28.2078701,36.9990204],[28.2077942,36.9991088],[28.2079112,36.9991669],[28.2079871,36.9990936],[28.2081579,36.9991542],[28.2080789,36.9992477],[28.2081579,36.9992932],[28.2082971,36.9991795],[28.2084173,36.9993614],[28.208566,36.9993892],[28.2087937,36.9992604],[28.2089076,36.9991239],[28.2089677,36.999086],[28.2090151,36.9991542],[28.2091796,36.9991517],[28.2093605,36.9990902],[28.2095307,36.9989496],[28.209613,36.9988107],[28.2094327,36.9986288],[28.2093663,36.9984848],[28.2092524,36.9983711],[28.2091132,36.9982827],[28.2090752,36.9981816],[28.2091828,36.9979745],[28.2092745,36.9979694],[28.2093378,36.9979088],[28.2092903,36.9978507],[28.2094169,36.9977825],[28.2094991,36.9977067],[28.2095054,36.997593],[28.209459,36.9974867],[28.2092208,36.9974389],[28.2085679,36.9971445],[28.2083319,36.997113],[28.2078321,36.9971939],[28.2077404,36.9972671],[28.2078732,36.9973783],[28.2078543,36.9974187],[28.2076737,36.9973428],[28.2074715,36.997449]]],[[[28.2380431,37.0028945],[28.2389134,37.0031552],[28.2398199,37.0032291],[28.2402821,37.0031041],[28.2413224,37.0031302],[28.2414845,37.0030415],[28.2414623,37.0029054],[28.2415988,37.0027807],[28.2415525,37.0025935],[28.241576,37.0024302],[28.2417974,37.0022511],[28.2420235,37.002012],[28.2422079,37.0018582],[28.2422841,37.001645],[28.241409,37.0017272],[28.2410819,37.0019061],[28.2405409,37.0018125],[28.239651,37.0020054],[28.2393244,37.0019834],[28.2390141,37.0018536],[28.2388992,37.0016761],[28.2387215,37.0016137],[28.23834,37.0018264],[28.2380887,37.0020026],[28.2379062,37.0022441],[28.2379963,37.0024057],[28.2379501,37.0025676],[28.2379465,37.0027748],[28.2380431,37.0028945]]]]},"properties":{"kind":"land"}}]}