{"type":"FeatureCollection","features":[{"type":"Feature","geometry":{"type":"LineString","coordinates":[[27.9981395,36.3615668],[27.9976084,36.3599764],[27.9968498,36.3583466],[27.9965352,36.3570278],[27.9964976,36.3563331],[27.996769,36.3548533],[27.9979524,36.3531386],[27.9980548,36.3526931],[27.9980643,36.3520236],[27.9981674,36.351672],[27.9985847,36.3511488],[28.0008524,36.3488468],[28.0025137,36.3476866],[28.0038255,36.3465843],[28.004217,36.3459662],[28.0043906,36.3450907],[28.0049251,36.3441522],[28.0053079,36.3427861],[28.0055478,36.3423872],[28.0064222,36.3415657],[28.0081415,36.3392129],[28.0083764,36.3389994],[28.0097954,36.3381553],[28.0105366,36.3374928],[28.0108705,36.3369801],[28.0109246,36.3364784],[28.0108216,36.335726],[28.0105135,36.3336668],[28.0103387,36.3331595],[28.0101633,36.3328735],[28.009365,36.3320663],[28.0079301,36.3313771],[28.0074416,36.3306565]]},"properties":{"class":"secondary","name":"Σορωνή - Ελεούσα"}},{"type":"Feature","geometry":{"type":"LineString","coordinates":[[27.987749,36.3564299],[27.9860351,36.3552915],[27.9795224,36.3502164],[27.9789384,36.3499475],[27.9740662,36.3486337],[27.9735095,36.3485744],[27.9713771,36.3485966],[27.9680232,36.3477763],[27.9665335,36.3478056],[27.9625479,36.346763],[27.9602346,36.3456522],[27.9595278,36.3454599],[27.9549635,36.3446404],[27.950178,36.3438895],[27.9493339,36.3437053],[27.9488233,36.3434427]]},"properties":{"class":"secondary","name":"Αεροδρόμιο - Καλαβάρδα"}},{"type":"Feature","geometry":{"type":"LineString","coordinates":[[27.9713684,36.3581859],[27.9711565,36.3582442],[27.9709379,36.358174],[27.9668838,36.3561932],[27.9662709,36.3557439],[27.9659034,36.3551898],[27.9653764,36.3551682],[27.9649432,36.3549911],[27.964696,36.3546683],[27.9646549,36.3543203],[27.9636933,36.3538548],[27.9638234,36.3534695],[27.9642713,36.3528795],[27.9651001,36.3513263],[27.9642378,36.3510314],[27.9637577,36.3510228],[27.963582,36.3512475],[27.9634559,36.3512809],[27.9629617,36.3510692],[27.962611,36.3510811],[27.96232,36.3509569],[27.9624902,36.3501376],[27.9628515,36.3493002],[27.9632413,36.3489046],[27.9642773,36.348236]]},"properties":{"class":"unclassified"}},{"type":"Feature","geometry":{"type":"LineString","coordinates":[[27.9642773,36.348236],[27.9647581,36.3483602],[27.9654079,36.3486616],[27.9660624,36.3488101],[27.966688,36.3491331],[27.9682638,36.3493046],[27.9699232,36.3497691],[27.9717855,36.3501781],[27.9723689,36.3504039],[27.9738081,36.3504313],[27.9743215,36.3503153],[27.9750139,36.3505049]]},"properties":{"class":"unclassified"}},{"type":"Feature","geometry":{"type":"LineString","coordinates":[[27.9651001,36.3513263],[27.965253,36.3512496],[27.9659598,36.3516601],[27.9664922,36.3516687]]},"properties":{"class":"unclassified"}},{"type":"Feature","geometry":{"type":"LineString","coordinates":[[27.9669059,36.3498265],[27.9664828,36.3509083],[27.9664922,36.3516687]]},"properties":{"class":"unclassified"}},{"type":"Feature","geometry":{"type":"LineString","coordinates":[[27.9664922,36.3516687],[27.9673049,36.3514262],[27.9676536,36.3515115],[27.9679104,36.3513425],[27.9690362,36.3516082],[27.9700944,36.3514667],[27.9709447,36.351295],[27.9721704,36.3509148],[27.973353,36.3503949]]},"properties":{"class":"unclassified"}},{"type":"Feature","geometry":{"type":"LineString","coordinates":[[27.9705949,36.3579931],[27.9703534,36.3583227]]},"properties":{"class":"unclassified"}},{"type":"Feature","geometry":{"type":"LineString","coordinates":[[27.9750139,36.3505049],[27.9749133,36.3507127]]},"properties":{"class":"unclassified"}},{"type":"Feature","geometry":{"type":"LineString","coordinates":[[27.9749133,36.3507127],[27.9764848,36.3513462],[27.9773483,36.3515361],[27.9779909,36.3517908],[27.9793259,36.3518922],[27.9802656,36.3522587],[27.9811435,36.3527926],[27.9827302,36.3543422],[27.9853847,36.3559416],[27.9864247,36.3564178],[27.9871725,36.3564215],[27.9873986,36.3563029],[27.9868252,36.3558396]]},"properties":{"class":"unclassified"}},{"type":"Feature","geometry":{"type":"LineString","coordinates":[[27.9766891,36.3588883],[27.976903,36.358778],[27.9772951,36.3581317],[27.9775769,36.3578245],[27.978431,36.357606]]},"properties":{"class":"unclassified"}},{"type":"Feature","geometry":{"type":"LineString","coordinates":[[27.9822339,36.3509039],[27.9827403,36.3512436],[27.983024,36.351632],[27.9830481,36.3518739],[27.982964,36.3522139],[27.9826357,36.3527424],[27.9822174,36.3540459],[27.9816923,36.356897],[27.9813754,36.3573974],[27.9809304,36.357862]]},"properties":{"class":"unclassified"}},{"type":"Feature","geometry":{"type":"LineString","coordinates":[[27.974343,36.3580455],[27.9766891,36.3588883]]},"properties":{"class":"unclassified"}},{"type":"Feature","geometry":{"type":"LineString","coordinates":[[27.9713684,36.3581859],[27.9726881,36.3581599],[27.9736402,36.3578003],[27.974343,36.3580455]]},"properties":{"class":"unclassified"}},{"type":"Feature","geometry":{"type":"LineString","coordinates":[[27.9766891,36.3588883],[27.9757555,36.3603641],[27.9755692,36.3608308],[27.9752528,36.3608853]]},"properties":{"class":"unclassified"}},{"type":"Feature","geometry":{"type":"LineString","coordinates":[[27.978431,36.357606],[27.9786376,36.3574872],[27.9788818,36.3574623],[27.9809304,36.357862]]},"properties":{"class":"unclassified"}},{"type":"Feature","geometry":{"type":"LineString","coordinates":[[27.992385,36.3693352],[27.9932701,36.3685328],[27.9942745,36.3678007],[27.9948807,36.3668634],[27.9960365,36.3656295],[27.9971031,36.3649565],[27.9976702,36.3644173],[27.9980262,36.3638161],[27.998409,36.3625492],[27.9987348,36.3618459]]},"properties":{"class":"unclassified"}},{"type":"Feature","geometry":{"type":"LineString","coordinates":[[27.9899382,36.357859],[27.9908125,36.3583485]]},"properties":{"class":"unclassified"}},{"type":"Feature","geometry":{"type":"LineString","coordinates":[[28.0096127,36.3680196],[28.0080997,36.3673671],[28.0059277,36.3662122],[28.0043265,36.3642603],[28.0035452,36.3634681],[28.0024478,36.3631269],[28.0009561,36.3624172],[27.9993068,36.3619044],[27.9989214,36.3618442],[27.9972977,36.3618856],[27.9966084,36.361714],[27.9908125,36.3583485],[27.9900358,36.3578074]]},"properties":{"class":"secondary","name":"Αεροδρόμιο - Καλαβάρδα"}},{"type":"Feature","geometry":{"type":"LineString","coordinates":[[27.9876691,36.3565055],[27.9892873,36.3574825]]},"properties":{"class":"unclassified"}},{"type":"Feature","geometry":{"type":"LineString","coordinates":[[27.9900358,36.3578074],[27.987749,36.3564299]]},"properties":{"class":"secondary","name":"Αεροδρόμιο - Καλαβάρδα"}},{"type":"Feature","geometry":{"type":"LineString","coordinates":[[27.9892873,36.3574825],[27.9899382,36.357859]]},"properties":{"class":"unclassified"}},{"type":"Feature","geometry":{"type":"LineString","coordinates":[[27.9873986,36.3563029],[27.9876691,36.3565055]]},"properties":{"class":"unclassified"}},{"type":"Feature","geometry":{"type":"LineString","coordinates":[[28.0261239,36.3451562],[28.0256808,36.3453573],[28.025258,36.3457101],[28.0244408,36.3477533],[28.023957,36.3483923],[28.0239078,36.3485512],[28.0239774,36.3489467],[28.0235494,36.3496034],[28.0235619,36.3504761],[28.0233014,36.3513954],[28.022852,36.3517253],[28.0226394,36.352195],[28.0226691,36.3524283],[28.0221521,36.3530945],[28.0222177,36.3540985],[28.0219811,36.3543708],[28.0220451,36.3555068],[28.0220677,36.3556584],[28.0222828,36.3558973],[28.0225275,36.3567182],[28.0226147,36.3572787],[28.0225275,36.3579842],[28.0226414,36.3584824]]},"properties":{"class":"unclassified"}},{"type":"Feature","geometry":{"type":"LineString","coordinates":[[28.0970024,36.315069],[28.0970188,36.3153494],[28.0968408,36.316082],[28.0965384,36.3165337],[28.0962494,36.3174787],[28.0963272,36.3181692],[28.0959595,36.3188307],[28.0961263,36.3197029],[28.0960145,36.3205088],[28.0958775,36.3207335],[28.0954369,36.3208581],[28.0953021,36.3209744],[28.0952595,36.3211244],[28.0953309,36.3214918],[28.0950223,36.3224639],[28.0942734,36.3231697],[28.0939456,36.3241568],[28.0940313,36.3248778],[28.0938482,36.324973],[28.0933344,36.3249017],[28.0921034,36.3256228],[28.0915881,36.3270792],[28.0916394,36.3277461],[28.0915584,36.3279462],[28.0913272,36.3281081],[28.0905039,36.3283355],[28.0900656,36.3290526],[28.0892034,36.329595],[28.0891742,36.3298738],[28.0892972,36.3301878],[28.0899898,36.3306592],[28.0902856,36.3314252],[28.0902652,36.3318872],[28.0898524,36.3325849],[28.0895883,36.3327505],[28.0882389,36.3330701],[28.0875359,36.3330437],[28.0874158,36.3332104],[28.0876008,36.3333159],[28.0892549,36.3335357],[28.0894507,36.3336616],[28.0898604,36.3354987],[28.0896713,36.3362269],[28.0892398,36.3369549],[28.0892551,36.3371535],[28.0893797,36.337332],[28.0902534,36.338002],[28.0903032,36.3382895],[28.090136,36.338704],[28.0901762,36.3388353],[28.0914406,36.3389997],[28.0915547,36.339151],[28.0914576,36.3394951],[28.0915705,36.3396218],[28.0920541,36.3397655],[28.0929443,36.3396724],[28.0934748,36.3400497],[28.0943929,36.3402994],[28.0958682,36.3401817],[28.096034,36.340241],[28.0964506,36.3406296],[28.0966602,36.3405754],[28.0969981,36.3401856],[28.0973244,36.3401572],[28.0977619,36.3404104],[28.0980671,36.3407827],[28.0984312,36.3410328],[28.0988725,36.341651],[28.0996357,36.3420983],[28.1006308,36.3420407],[28.1010493,36.3416927],[28.1016355,36.3417533],[28.1022339,36.3416013],[28.1025497,36.3416395],[28.1027947,36.341805],[28.1033111,36.3423751],[28.1040117,36.3427958],[28.1066865,36.3436695],[28.108525,36.344987],[28.1087077,36.345001],[28.1093314,36.3447317],[28.110033,36.3451383],[28.1113371,36.3454697],[28.1114951,36.345623],[28.1117506,36.3461826],[28.1124271,36.347171],[28.1138393,36.3477218],[28.1145307,36.3478223],[28.1148733,36.3479606],[28.1153088,36.3486384],[28.1152765,36.3488128],[28.1150959,36.348923],[28.1148304,36.3489138],[28.1142264,36.3486088],[28.1135509,36.3491297],[28.113091,36.3491801],[28.1113328,36.3488614],[28.1107078,36.3484769],[28.1104497,36.3484499],[28.1101533,36.3485557],[28.1101151,36.3487345],[28.1106824,36.3494579],[28.1106819,36.3497014],[28.1104673,36.3497816],[28.1095746,36.3495411],[28.1093647,36.3496381],[28.1093154,36.3497985],[28.1094985,36.3499872],[28.110325,36.3500636],[28.1107762,36.3502656],[28.1111772,36.3506793],[28.1115514,36.3512302],[28.112283,36.3517343],[28.1124209,36.3522874],[28.11327,36.3522833],[28.1138568,36.3526116],[28.1145199,36.3539275],[28.1142812,36.3550845],[28.1142979,36.3553438],[28.1150346,36.3565031],[28.115195,36.3574028]]},"properties":{"class":"secondary","name":"Μαριτσάς - Ψίνθου"}},{"type":"Feature","geometry":{"type":"LineString","coordinates":[[28.0540463,36.3570135],[28.0542188,36.3567151],[28.0548255,36.3562805],[28.0550299,36.3559933],[28.0559742,36.3518458],[28.0559967,36.3514388],[28.0556937,36.3490646],[28.0596542,36.3479132],[28.0599011,36.3477652],[28.060085,36.3474945],[28.0601928,36.3433616],[28.0604482,36.3426713],[28.0608513,36.3419642],[28.0603931,36.3407088],[28.0603107,36.3396577],[28.0605135,36.3393217],[28.061342,36.3390032],[28.061345,36.3388885],[28.0610972,36.3385452],[28.0611214,36.3380594],[28.0612376,36.3379443],[28.0617617,36.3377996],[28.061888,36.3376953],[28.0620296,36.3374424],[28.0619756,36.3370871]]},"properties":{"class":"secondary","name":"Καλαμώνα - Ψίνθου"}},{"type":"Feature","geometry":{"type":"LineString","coordinates":[[28.0649964,36.3542281],[28.0639113,36.3542523],[28.0633828,36.3541381],[28.0628425,36.3538721],[28.0623782,36.3532926],[28.0622879,36.3530726],[28.0622584,36.3526105],[28.0620226,36.3522418],[28.0612326,36.3516198],[28.0605586,36.3516729],[28.0601755,36.3515421],[28.0599911,36.3513659],[28.0598316,36.3505975],[28.0596901,36.3503616],[28.0590299,36.3502983],[28.0584325,36.3498378],[28.0581375,36.3494067],[28.0575286,36.3491208],[28.0569172,36.3486806]]},"properties":{"class":"unclassified"}},{"type":"Feature","geometry":{"type":"LineString","coordinates":[[28.006461,36.3625145],[28.0060347,36.3633847],[28.0055401,36.3639439],[28.0053892,36.3646887],[28.0049732,36.3650291]]},"properties":{"class":"unclassified"}},{"type":"Feature","geometry":{"type":"LineString","coordinates":[[28.0147471,36.365839],[28.0139514,36.3655209],[28.0119604,36.3651573],[28.011106,36.3648446],[28.009732,36.36411],[28.0089275,36.363251],[28.0079547,36.3631738],[28.0071132,36.3626717],[28.006461,36.3625145]]},"properties":{"class":"unclassified"}},{"type":"Feature","geometry":{"type":"LineString","coordinates":[[27.9981033,36.3618691],[27.9981395,36.3615668]]},"properties":{"class":"secondary","name":"Σορωνή - Ελεούσα"}},{"type":"Feature","geometry":{"type":"LineString","coordinates":[[27.9981395,36.3615668],[27.9982869,36.3618616]]},"properties":{"class":"secondary","name":"Σορωνή - Ελεούσα"}},{"type":"Feature","geometry":{"type":"LineString","coordinates":[[28.0564508,36.3918927],[28.0542956,36.3911661],[28.0515728,36.3907476],[28.0496695,36.3896823],[28.0457513,36.3885961],[28.043888,36.3876212],[28.0404933,36.3862952],[28.0396472,36.3861189],[28.0380595,36.3861761],[28.0374113,36.386032],[28.03572,36.3849974],[28.0347247,36.3842886],[28.0315669,36.3809603],[28.0309135,36.380487],[28.0287075,36.3794174],[28.0272414,36.3786],[28.0263944,36.3785357],[28.0245131,36.3788868],[28.0238159,36.3787937],[28.0230491,36.3784275]]},"properties":{"class":"secondary","name":"Αεροδρόμιο - Καλαβάρδα"}},{"type":"Feature","geometry":{"type":"LineString","coordinates":[[28.0226414,36.3584824],[28.0220101,36.3586137],[28.021847,36.3588537],[28.022557,36.3600483],[28.0231726,36.3618757],[28.0243764,36.362777],[28.0246379,36.3631166],[28.0249801,36.3642175],[28.0251412,36.3654974],[28.0253465,36.3662653],[28.0253451,36.3668008],[28.0250498,36.3672786],[28.0249613,36.3681503],[28.0247823,36.368589],[28.0240398,36.3690642]]},"properties":{"class":"unclassified"}},{"type":"Feature","geometry":{"type":"LineString","coordinates":[[28.0008915,36.3675128],[28.0021627,36.3679635],[28.0030911,36.3683862]]},"properties":{"class":"unclassified"}},{"type":"Feature","geometry":{"type":"LineString","coordinates":[[28.0073138,36.3669673],[28.0071665,36.3674217],[28.0072357,36.3679319],[28.0071263,36.3688547],[28.0074897,36.3696247],[28.0079094,36.3699572],[28.0081231,36.3710057],[28.0079349,36.3716097],[28.0076674,36.3719836],[28.0075358,36.3724564],[28.007497,36.373119],[28.0077076,36.3738393],[28.007566,36.3741026]]},"properties":{"class":"unclassified"}},{"type":"Feature","geometry":{"type":"LineString","coordinates":[[28.0075358,36.3724564],[28.0081828,36.3726067],[28.0088167,36.3729498],[28.0098314,36.3732278],[28.0107036,36.3737482],[28.0110561,36.3738705],[28.0115227,36.3737456],[28.0124277,36.3740312],[28.0131449,36.3726015],[28.0131923,36.3714572],[28.0133417,36.3709219],[28.0136883,36.3701452],[28.0142798,36.3692307],[28.0141939,36.3686488],[28.0145478,36.3679577],[28.0143645,36.367633],[28.0142234,36.366359],[28.0143186,36.3662426],[28.0145802,36.3662077],[28.0147471,36.365839]]},"properties":{"class":"unclassified"}},{"type":"Feature","geometry":{"type":"LineString","coordinates":[[28.0102894,36.3682203],[28.0096127,36.3680196]]},"properties":{"class":"secondary","name":"Αεροδρόμιο - Καλαβάρδα"}},{"type":"Feature","geometry":{"type":"LineString","coordinates":[[28.0226206,36.3781303],[28.022128,36.3776963],[28.0218032,36.376973],[28.0217839,36.3765936],[28.0220879,36.3751646],[28.0220221,36.3747235],[28.0218324,36.3743196],[28.0215315,36.3739886],[28.0196267,36.3726083],[28.0182218,36.3712529],[28.0174179,36.3706926],[28.0168265,36.3704162],[28.0142643,36.3697482],[28.011596,36.3685813],[28.0102894,36.3682203]]},"properties":{"class":"secondary","name":"Αεροδρόμιο - Καλαβάρδα"}},{"type":"Feature","geometry":{"type":"LineString","coordinates":[[28.0145003,36.3657432],[28.0147001,36.3654431],[28.0149502,36.3652945],[28.0165174,36.3651495],[28.016811,36.3650253],[28.0171938,36.3646384],[28.017735,36.3647279],[28.0181097,36.3645807],[28.0186552,36.3645161],[28.019182,36.3646515]]},"properties":{"class":"unclassified"}},{"type":"Feature","geometry":{"type":"LineString","coordinates":[[28.0218324,36.3743196],[28.0219903,36.3742587],[28.0234656,36.3752055],[28.0240706,36.3756916]]},"properties":{"class":"unclassified"}},{"type":"Feature","geometry":{"type":"LineString","coordinates":[[28.0240398,36.3690642],[28.0235509,36.3689199],[28.0222348,36.3683314],[28.0214362,36.3681363],[28.0206731,36.3681823],[28.020077,36.3680057],[28.0189562,36.3672838],[28.0179569,36.367208],[28.0171505,36.3668368],[28.0163291,36.3665948],[28.0147471,36.365839]]},"properties":{"class":"unclassified"}},{"type":"Feature","geometry":{"type":"LineString","coordinates":[[28.0112742,36.3759753],[28.0124277,36.3740312]]},"properties":{"class":"unclassified"}},{"type":"Feature","geometry":{"type":"LineString","coordinates":[[28.0157158,36.374195],[28.0166708,36.3744972],[28.0187491,36.3717646]]},"properties":{"class":"unclassified"}},{"type":"Feature","geometry":{"type":"LineString","coordinates":[[28.0145409,36.3749579],[28.0140005,36.3760514],[28.0133802,36.3768804],[28.0134435,36.3770512],[28.0137211,36.3772107]]},"properties":{"class":"unclassified"}},{"type":"Feature","geometry":{"type":"LineString","coordinates":[[28.0157158,36.374195],[28.015178,36.3739909],[28.0151072,36.3738781],[28.0156098,36.3727674],[28.0155994,36.3725068],[28.0157362,36.3722444],[28.0162817,36.3718592],[28.0168436,36.3712696],[28.0172599,36.3706087]]},"properties":{"class":"unclassified"}},{"type":"Feature","geometry":{"type":"LineString","coordinates":[[28.0145409,36.3749579],[28.0151849,36.3747869],[28.0157158,36.374195]]},"properties":{"class":"unclassified"}},{"type":"Feature","geometry":{"type":"LineString","coordinates":[[28.0540463,36.3570135],[28.0537552,36.3566868],[28.0536304,36.356649],[28.0524436,36.356994],[28.0514458,36.3571566],[28.0502643,36.3575508],[28.0496366,36.3571906],[28.0494247,36.3572198],[28.0494214,36.3573056],[28.0497657,36.3575708],[28.0497459,36.3580406],[28.0495649,36.3585374],[28.0494073,36.3595996],[28.0488461,36.3602552],[28.0492772,36.3629411]]},"properties":{"class":"unclassified"}},{"type":"Feature","geometry":{"type":"LineString","coordinates":[[28.0551074,36.3556577],[28.0548759,36.3555214],[28.0538936,36.3553011],[28.0533438,36.3549456],[28.0535728,36.3537479],[28.053373,36.3530846],[28.0530355,36.3528253],[28.0525657,36.3528248],[28.0519474,36.3533696],[28.0514286,36.3534223],[28.0503425,36.3529737],[28.0497959,36.3524272],[28.0493526,36.3521238],[28.0469875,36.352559],[28.0467339,36.3525255],[28.0464225,36.3522454],[28.0451358,36.3518022],[28.0448967,36.3519966],[28.0442482,36.352097]]},"properties":{"class":"unclassified"}},{"type":"Feature","geometry":{"type":"LineString","coordinates":[[28.0552753,36.3603907],[28.0512198,36.3624373],[28.05011,36.3628385],[28.0489813,36.3630377],[28.0486621,36.3634904],[28.0478094,36.3639441],[28.047019,36.3651974],[28.0466684,36.3659212],[28.0462698,36.3662673]]},"properties":{"class":"tertiary","name":"Ψίνθος - Θεολόγος"}},{"type":"Feature","geometry":{"type":"LineString","coordinates":[[28.0431128,36.3710447],[28.041759,36.3710814],[28.040966,36.3709769],[28.0402523,36.371021],[28.039735,36.3712096],[28.0394413,36.3716632],[28.0392879,36.3717615],[28.0383491,36.3716552],[28.0380462,36.3716918],[28.0378105,36.3718386],[28.0374168,36.3723621],[28.0371458,36.3730954],[28.0369684,36.3733573],[28.0366437,36.3736839],[28.0360821,36.373957]]},"properties":{"class":"tertiary"}},{"type":"Feature","geometry":{"type":"LineString","coordinates":[[28.0360821,36.373957],[28.0348265,36.3746529],[28.0338046,36.3745792],[28.0319176,36.3748091],[28.0287169,36.3763589],[28.0282513,36.376663],[28.0275733,36.3773789],[28.0266251,36.3781018],[28.0269949,36.3784147],[28.0269693,36.3785429]]},"properties":{"class":"tertiary"}},{"type":"Feature","geometry":{"type":"LineString","coordinates":[[28.0391331,36.3728767],[28.0399302,36.3740945],[28.0397673,36.3744691],[28.0393491,36.3746579],[28.0391634,36.3748675],[28.0391063,36.3759913],[28.0389493,36.3764426],[28.0381529,36.3769732],[28.0375283,36.3771583],[28.0370938,36.377416],[28.0358319,36.3793195],[28.0352549,36.3798877],[28.0340504,36.3805111],[28.0338826,36.3806682],[28.03326,36.3820868],[28.0329202,36.3823667]]},"properties":{"class":"tertiary"}},{"type":"Feature","geometry":{"type":"LineString","coordinates":[[28.024117,36.3757675],[28.0243033,36.3760853],[28.0253866,36.3771241]]},"properties":{"class":"unclassified"}},{"type":"Feature","geometry":{"type":"LineString","coordinates":[[28.0376569,36.3737503],[28.0372556,36.3739289],[28.0370276,36.3738582],[28.0360821,36.373957]]},"properties":{"class":"tertiary"}},{"type":"Feature","geometry":{"type":"LineString","coordinates":[[28.0240706,36.3756916],[28.024117,36.3757675]]},"properties":{"class":"unclassified"}},{"type":"Feature","geometry":{"type":"LineString","coordinates":[[28.044634,36.3661018],[28.0448368,36.3660707],[28.045205,36.3657991],[28.0455637,36.3658531],[28.0459573,36.3660875],[28.0459835,36.3665513]]},"properties":{"class":"unclassified"}},{"type":"Feature","geometry":{"type":"LineString","coordinates":[[28.0432516,36.3662192],[28.0435675,36.365514],[28.0440778,36.3654822]]},"properties":{"class":"unclassified"}},{"type":"Feature","geometry":{"type":"LineString","coordinates":[[28.0440778,36.3654822],[28.0443849,36.3654822],[28.0446715,36.3650205],[28.0452995,36.3649244],[28.0463047,36.3653466],[28.0467889,36.3656721]]},"properties":{"class":"unclassified"}},{"type":"Feature","geometry":{"type":"LineString","coordinates":[[28.0462698,36.3662673],[28.0461417,36.3663564]]},"properties":{"class":"tertiary"}},{"type":"Feature","geometry":{"type":"LineString","coordinates":[[28.044528,36.3661234],[28.044634,36.3661018]]},"properties":{"class":"unclassified"}},{"type":"Feature","geometry":{"type":"LineString","coordinates":[[28.0432516,36.3662192],[28.0436406,36.366209],[28.0440664,36.3663893],[28.044528,36.3661234]]},"properties":{"class":"unclassified"}},{"type":"Feature","geometry":{"type":"LineString","coordinates":[[28.0431128,36.3710447],[28.0428265,36.3713659],[28.0419099,36.3717396],[28.0414646,36.3721683],[28.0412836,36.3721909],[28.0407956,36.3719125],[28.0405483,36.3719455],[28.0402281,36.3724145],[28.039946,36.3726345],[28.0396403,36.3727848],[28.0391331,36.3728767]]},"properties":{"class":"tertiary"}},{"type":"Feature","geometry":{"type":"LineString","coordinates":[[28.0461417,36.3663564],[28.0460056,36.3664919],[28.0458923,36.3670556],[28.0455033,36.3679865],[28.0451567,36.3685977],[28.0439363,36.3697224],[28.0433951,36.3703865],[28.0432805,36.3708649],[28.0431128,36.3710447]]},"properties":{"class":"tertiary"}},{"type":"Feature","geometry":{"type":"LineString","coordinates":[[28.0376569,36.3737503],[28.0381664,36.3739453],[28.0383909,36.3742647],[28.0387983,36.3745264],[28.0391494,36.3749207]]},"properties":{"class":"tertiary"}},{"type":"Feature","geometry":{"type":"LineString","coordinates":[[28.0188059,36.3793064],[28.0170851,36.3781037],[28.0171092,36.378034],[28.0192599,36.3760968],[28.0197661,36.3759614],[28.0214975,36.3762249]]},"properties":{"class":"unclassified"}},{"type":"Feature","geometry":{"type":"LineString","coordinates":[[28.0230491,36.3784275],[28.0226206,36.3781303]]},"properties":{"class":"secondary","name":"Αεροδρόμιο - Καλαβάρδα"}},{"type":"Feature","geometry":{"type":"LineString","coordinates":[[28.0218283,36.3763814],[28.0214975,36.3762249]]},"properties":{"class":"unclassified"}},{"type":"Feature","geometry":{"type":"LineString","coordinates":[[28.0214975,36.3762249],[28.0218708,36.3762056]]},"properties":{"class":"unclassified"}},{"type":"Feature","geometry":{"type":"LineString","coordinates":[[28.0226103,36.3806135],[28.0224338,36.3810655],[28.0216918,36.3818229],[28.0214547,36.3822268],[28.0214653,36.3825694],[28.021339,36.3831313]]},"properties":{"class":"unclassified"}},{"type":"Feature","geometry":{"type":"LineString","coordinates":[[28.0239083,36.3810703],[28.023232,36.380726],[28.0226103,36.3806135]]},"properties":{"class":"unclassified"}},{"type":"Feature","geometry":{"type":"LineString","coordinates":[[28.0233799,36.3786237],[28.0228275,36.3793321],[28.0226103,36.3806135]]},"properties":{"class":"unclassified"}},{"type":"Feature","geometry":{"type":"LineString","coordinates":[[28.0253866,36.3771241],[28.0255732,36.377302]]},"properties":{"class":"unclassified"}},{"type":"Feature","geometry":{"type":"LineString","coordinates":[[28.0255732,36.377302],[28.0266251,36.3781018]]},"properties":{"class":"unclassified"}},{"type":"Feature","geometry":{"type":"LineString","coordinates":[[28.0239083,36.3810703],[28.024385,36.380852],[28.0246028,36.380562],[28.0248264,36.3800541],[28.0248165,36.3796583],[28.0249026,36.3794368],[28.0258901,36.3789358],[28.0260369,36.3786036]]},"properties":{"class":"unclassified"}},{"type":"Feature","geometry":{"type":"LineString","coordinates":[[28.0260921,36.381448],[28.0258823,36.3813174],[28.024385,36.380852]]},"properties":{"class":"unclassified"}},{"type":"Feature","geometry":{"type":"LineString","coordinates":[[28.0288281,36.3843912],[28.0293767,36.3836792],[28.0299258,36.3827612],[28.0310487,36.3813837],[28.0315669,36.3809603]]},"properties":{"class":"unclassified"}},{"type":"Feature","geometry":{"type":"LineString","coordinates":[[28.0387408,36.3797877],[28.0380195,36.3801887],[28.037712,36.3805147],[28.0369588,36.3805142],[28.0367261,36.3808431],[28.0360542,36.3811867],[28.0358708,36.3814522],[28.0354262,36.381804],[28.0347609,36.3818609],[28.0329202,36.3823667]]},"properties":{"class":"unclassified"}},{"type":"Feature","geometry":{"type":"LineString","coordinates":[[28.0288281,36.3843912],[28.0288901,36.3844787],[28.0324799,36.3860931]]},"properties":{"class":"unclassified"}},{"type":"Feature","geometry":{"type":"LineString","coordinates":[[28.0390777,36.3761425],[28.0394509,36.3765496],[28.0390127,36.3770276],[28.0386667,36.3777729],[28.0386382,36.3780893],[28.0388316,36.3787537],[28.0387743,36.379102],[28.038847,36.3795041],[28.0387408,36.3797877],[28.0395967,36.3812308]]},"properties":{"class":"unclassified"}},{"type":"Feature","geometry":{"type":"LineString","coordinates":[[28.0458178,36.3803961],[28.0464227,36.3805117],[28.0464703,36.3810656],[28.046887,36.381738],[28.0469531,36.3819722],[28.0470738,36.3820028]]},"properties":{"class":"unclassified"}},{"type":"Feature","geometry":{"type":"LineString","coordinates":[[28.0395967,36.3812308],[28.0395901,36.3814353],[28.0392801,36.3822942],[28.0388122,36.3831777],[28.0387005,36.3836358],[28.0387041,36.3840359],[28.0389624,36.3844146],[28.0390141,36.3849438],[28.0393067,36.3852185],[28.039224,36.3856759],[28.0394676,36.3861045]]},"properties":{"class":"unclassified"}},{"type":"Feature","geometry":{"type":"LineString","coordinates":[[28.0470738,36.3820028],[28.0470496,36.3822592],[28.0472374,36.3828379],[28.0472454,36.3830938],[28.0470128,36.3833507],[28.0470148,36.3841033],[28.0466983,36.3851057],[28.0470691,36.3853287],[28.0470966,36.3854788],[28.0470268,36.3857352],[28.046644,36.3862826],[28.0461712,36.3866027],[28.0461323,36.387055],[28.0457513,36.3885961]]},"properties":{"class":"unclassified"}},{"type":"Feature","geometry":{"type":"LineString","coordinates":[[28.0453062,36.3883862],[28.0449589,36.3889357],[28.0447537,36.3894323],[28.044517,36.3897238],[28.0429937,36.3910099]]},"properties":{"class":"unclassified"}},{"type":"Feature","geometry":{"type":"LineString","coordinates":[[28.0548173,36.3913011],[28.0551505,36.3909834],[28.0551707,36.3903928],[28.0547087,36.3892963],[28.0546839,36.3890599],[28.0552899,36.3880862],[28.0553321,36.3875694],[28.0550459,36.3867675],[28.0549212,36.3860188],[28.0531855,36.3853634],[28.0523797,36.3852436],[28.0521099,36.3849846],[28.0512434,36.3844552],[28.0509127,36.3837756],[28.0494113,36.3829685],[28.0488789,36.3828854],[28.0482955,36.3826522],[28.0478583,36.3826565],[28.0475713,36.3824201],[28.0474195,36.3819474],[28.0471764,36.3819233],[28.0470738,36.3820028]]},"properties":{"class":"unclassified"}},{"type":"Feature","geometry":{"type":"LineString","coordinates":[[28.0458178,36.3803961],[28.0445726,36.3807746],[28.044297,36.3810089],[28.0437505,36.3811433],[28.0436674,36.3812345],[28.0436952,36.3815088],[28.0436322,36.3815968],[28.0430793,36.381729],[28.042518,36.3815293],[28.042225,36.3815995],[28.0417214,36.382067],[28.0415783,36.382587],[28.0414931,36.3826527],[28.0413171,36.3825658],[28.0408028,36.3819866],[28.0395967,36.3812308]]},"properties":{"class":"unclassified"}},{"type":"Feature","geometry":{"type":"LineString","coordinates":[[28.0500336,36.3787501],[28.0493879,36.3788214],[28.0484176,36.3793153],[28.0475552,36.3794006],[28.0470228,36.379554],[28.0462601,36.3794538],[28.0458534,36.3797683],[28.0458178,36.3803961]]},"properties":{"class":"unclassified"}},{"type":"Feature","geometry":{"type":"LineString","coordinates":[[28.0511307,36.3905264],[28.0501409,36.3917721],[28.0495277,36.3929558],[28.0496178,36.3930799],[28.0495866,36.3931943],[28.0484809,36.3940155]]},"properties":{"class":"unclassified"}},{"type":"Feature","geometry":{"type":"LineString","coordinates":[[28.0506941,36.395492],[28.0492651,36.3943535],[28.0486602,36.3941496],[28.0473685,36.3932432],[28.0447773,36.3918145],[28.0430327,36.3911275],[28.0429937,36.3910099]]},"properties":{"class":"unclassified"}},{"type":"Feature","geometry":{"type":"LineString","coordinates":[[28.050627,36.3626608],[28.0510136,36.3631484],[28.0506787,36.3639643],[28.0506864,36.3641269],[28.0513878,36.3643104],[28.0515544,36.3644352],[28.0530913,36.3667117],[28.0534058,36.3673207],[28.0536304,36.3684033],[28.0538195,36.3686182],[28.0542038,36.3688234]]},"properties":{"class":"unclassified"}},{"type":"Feature","geometry":{"type":"LineString","coordinates":[[28.0557172,36.361245],[28.0563217,36.3613446],[28.0567619,36.3611062],[28.0593543,36.3591239],[28.0599584,36.3588857],[28.0603905,36.3588775],[28.0606344,36.3589494],[28.0619024,36.3596784],[28.0619312,36.3600737],[28.062125,36.3604053],[28.0626574,36.3608929],[28.0636629,36.3615004],[28.0639371,36.361626],[28.0653514,36.3616606],[28.0706142,36.3629857],[28.0708436,36.3631257],[28.0707845,36.3635039],[28.0708562,36.3636035],[28.0710031,36.3637016],[28.0715857,36.3638085],[28.0725025,36.3644822]]},"properties":{"class":"unclassified"}},{"type":"Feature","geometry":{"type":"LineString","coordinates":[[28.0572581,36.3550429],[28.0564632,36.3552344],[28.0562764,36.3555522],[28.0551228,36.3555865]]},"properties":{"class":"unclassified"}},{"type":"Feature","geometry":{"type":"LineString","coordinates":[[28.0561423,36.363744],[28.0569778,36.3634951],[28.0585188,36.3636398],[28.0594321,36.3642165],[28.0596258,36.3642257],[28.0608174,36.3633207],[28.0610065,36.3629071],[28.0615577,36.3624956],[28.0615637,36.3623876],[28.0612573,36.3619696],[28.0613016,36.3617855],[28.0626192,36.3608637]]},"properties":{"class":"unclassified"}},{"type":"Feature","geometry":{"type":"LineString","coordinates":[[28.0572581,36.3550429],[28.0574707,36.3550948],[28.0574848,36.3556143],[28.0583431,36.3577976],[28.0591021,36.3581221],[28.0593174,36.358404],[28.0597378,36.3584537],[28.0603905,36.3588775]]},"properties":{"class":"unclassified"}},{"type":"Feature","geometry":{"type":"LineString","coordinates":[[28.0553752,36.3605833],[28.0558942,36.3603653],[28.0567887,36.3588479],[28.0568156,36.358552],[28.0566258,36.3581815],[28.0566979,36.3579204],[28.0582251,36.3575141]]},"properties":{"class":"unclassified"}},{"type":"Feature","geometry":{"type":"LineString","coordinates":[[28.0540463,36.3570135],[28.053987,36.3575624],[28.0541002,36.3580613],[28.0547429,36.3597076],[28.0550246,36.3599926]]},"properties":{"class":"secondary","name":"Καλαμώνα - Ψίνθου"}},{"type":"Feature","geometry":{"type":"LineString","coordinates":[[28.0552753,36.3603907],[28.0555938,36.3610047]]},"properties":{"class":"secondary","name":"Καλαμώνα - Ψίνθου"}},{"type":"Feature","geometry":{"type":"LineString","coordinates":[[28.0557735,36.3616613],[28.0557024,36.3619281]]},"properties":{"class":"secondary","name":"Καλαμώνα - Ψίνθου"}},{"type":"Feature","geometry":{"type":"LineString","coordinates":[[28.0550246,36.3599926],[28.0552753,36.3603907]]},"properties":{"class":"secondary","name":"Καλαμώνα - Ψίνθου"}},{"type":"Feature","geometry":{"type":"LineString","coordinates":[[28.0555938,36.3610047],[28.0557848,36.3614371],[28.0557735,36.3616613]]},"properties":{"class":"secondary","name":"Καλαμώνα - Ψίνθου"}},{"type":"Feature","geometry":{"type":"LineString","coordinates":[[28.1152311,36.3577318],[28.1146497,36.3576277],[28.1141625,36.3578597],[28.112983,36.357513],[28.1124198,36.3574719],[28.1121629,36.3575238],[28.1116319,36.3578559],[28.1102108,36.3581101],[28.1098105,36.3581487],[28.1091991,36.3580125],[28.1087001,36.3582824],[28.1077554,36.3585579],[28.1067763,36.3590548],[28.1055146,36.3591365],[28.1046219,36.3593698],[28.1027661,36.3600196],[28.1018479,36.3605386],[28.0984713,36.3607378],[28.0976696,36.361061],[28.0970602,36.3617781],[28.0966962,36.3619242],[28.0944077,36.3616442],[28.0929531,36.3603945],[28.0923738,36.3599971],[28.0917492,36.3597213],[28.0913906,36.3597758],[28.0905538,36.3601312],[28.0895719,36.3600857],[28.0891363,36.359808],[28.0876059,36.358246],[28.0864889,36.3574081],[28.0861138,36.357309],[28.0859646,36.3573512],[28.0858154,36.3575851],[28.0855976,36.357728],[28.0847999,36.3577232],[28.0841364,36.3571389],[28.0840829,36.3565798],[28.0839488,36.3563109],[28.0832179,36.355719],[28.0829912,36.3556229],[28.0800408,36.3561089],[28.079609,36.3561219],[28.0781886,36.3558031],[28.0773023,36.3557018],[28.0768222,36.3551466],[28.0765647,36.3550559],[28.0763622,36.3551228],[28.0760314,36.3555735],[28.0748165,36.3560609],[28.0735847,36.3560247],[28.0729276,36.3558756],[28.0727345,36.3559664],[28.0725762,36.3562429],[28.0724314,36.3563314],[28.0693388,36.3565734],[28.067484,36.3553701],[28.0671796,36.3552643],[28.066033,36.3551401],[28.0655153,36.3549273],[28.0653432,36.3547526],[28.0651163,36.3542933]]},"properties":{"class":"unclassified"}},{"type":"Feature","geometry":{"type":"LineString","coordinates":[[28.0674123,36.3958998],[28.0660323,36.397911],[28.065298,36.397932],[28.0649628,36.3980222],[28.064262,36.3984254],[28.063959,36.3987271],[28.0638241,36.3992545],[28.0639415,36.3998081],[28.0641934,36.4001293],[28.0647298,36.4005212],[28.0652149,36.4006744],[28.0658922,36.4006749],[28.066432,36.4008023],[28.0667129,36.4009275],[28.0671569,36.4013638],[28.1040369,36.412163],[28.1041808,36.4121321],[28.1045228,36.4113862],[28.1046922,36.4113104],[28.108528,36.4124048],[28.108632,36.4123307],[28.1091937,36.411192],[28.1101312,36.4108705],[28.1104656,36.4104487],[28.1110499,36.4100489]]},"properties":{"class":"unclassified"}},{"type":"Feature","geometry":{"type":"LineString","coordinates":[[28.0701016,36.3972772],[28.0704393,36.3966793],[28.0709528,36.3961476],[28.0711513,36.3957552],[28.0714014,36.3955831],[28.0717219,36.3954945],[28.0722919,36.3954897],[28.0727616,36.3955936],[28.0738583,36.3952846],[28.07473,36.3952031],[28.0759397,36.3954778],[28.0779366,36.3962356],[28.0785611,36.3963803],[28.0785907,36.3962499],[28.0784731,36.396146],[28.0758552,36.3947286],[28.0754871,36.3944706],[28.075479,36.3943415],[28.0766411,36.3945689],[28.0780184,36.3946984],[28.0783597,36.3946412],[28.0789448,36.3941902],[28.0798919,36.3943324],[28.0804931,36.3943354],[28.0805558,36.3942299],[28.0800817,36.3937247],[28.0799245,36.3933101],[28.079965,36.3931771],[28.0808461,36.3928762],[28.081803,36.3927018],[28.0827123,36.3921755],[28.0854763,36.3922338],[28.0875617,36.3921129],[28.088754,36.3923569],[28.0895533,36.3921291],[28.0902332,36.3921734],[28.0907857,36.3923472],[28.091695,36.392955],[28.0926727,36.3934116],[28.0932762,36.3935422],[28.0936892,36.3935239],[28.0939729,36.3934254]]},"properties":{"class":"unclassified"}},{"type":"Feature","geometry":{"type":"LineString","coordinates":[[28.0966962,36.3619242],[28.0955506,36.3623951],[28.0954235,36.3625932],[28.0953792,36.3629618],[28.0947703,36.3639246],[28.0941028,36.3642234],[28.0940807,36.3643987],[28.0943952,36.3649167],[28.0944234,36.3652349],[28.0947904,36.3661685],[28.095107,36.3664007],[28.095605,36.3664559],[28.0955808,36.3669105],[28.0956958,36.367206],[28.0956877,36.3675843],[28.0962704,36.3682305],[28.0964378,36.3686186],[28.096402,36.368946],[28.0962224,36.369419],[28.0964248,36.3698483],[28.0959914,36.3702524],[28.0959087,36.3706474],[28.0964106,36.3710652],[28.0971052,36.371205],[28.0971437,36.3712739],[28.0970154,36.371616],[28.0972235,36.3720526],[28.097661,36.3725645],[28.098975,36.3733924],[28.0991274,36.3739813],[28.0996789,36.3743557],[28.0998154,36.3748262],[28.0997198,36.3750268],[28.09934,36.3753613],[28.0991428,36.3758812],[28.0989242,36.3761592],[28.0989846,36.3767866],[28.0985816,36.3772314],[28.0985524,36.3776266],[28.0981846,36.3780183],[28.0981176,36.3783641],[28.0977333,36.3786305],[28.0966859,36.3787501],[28.0965344,36.3791172],[28.0962688,36.3793094],[28.0953649,36.3793251],[28.0943511,36.3799621],[28.0930636,36.3802409],[28.0924863,36.3805532],[28.0916326,36.3808728],[28.0915844,36.3810008],[28.0917735,36.381274]]},"properties":{"class":"unclassified"}},{"type":"Feature","geometry":{"type":"LineString","coordinates":[[28.0557024,36.3619281],[28.055746,36.3624473],[28.0562731,36.3640869],[28.056542,36.3644163],[28.0573051,36.364825],[28.0574103,36.3649843],[28.0570617,36.3661501],[28.0570744,36.368987],[28.0582103,36.3697305],[28.0583739,36.3699519],[28.0588473,36.3711473],[28.0592188,36.3714593],[28.0600838,36.3718481],[28.0602831,36.372261],[28.0601461,36.3726317],[28.0588468,36.3740304],[28.0584734,36.374574],[28.0573051,36.3783515],[28.0573961,36.3784897],[28.0579692,36.3788158],[28.0600743,36.380942],[28.0608977,36.3816595],[28.0610655,36.3819364],[28.0610803,36.3822633]]},"properties":{"class":"secondary","name":"Καλαμώνα - Ψίνθου"}},{"type":"Feature","geometry":{"type":"LineString","coordinates":[[28.0850314,36.4003834],[28.0810245,36.4001077],[28.0704177,36.3976481],[28.0696687,36.3972827],[28.0662341,36.3952073],[28.0653074,36.394564],[28.0644279,36.3935843],[28.0636246,36.393092],[28.062795,36.3928551],[28.0600511,36.3924683]]},"properties":{"class":"secondary","name":"Αεροδρόμιο - Καλαβάρδα"}},{"type":"Feature","geometry":{"type":"LineString","coordinates":[[28.0609946,36.3830083],[28.068893,36.3837852],[28.0772249,36.381772],[28.0787823,36.3807831],[28.0793306,36.3805644],[28.0832239,36.3802099],[28.0840601,36.3807627],[28.0847823,36.3810337]]},"properties":{"class":"secondary","name":"Καλαμώνα - Μαριτσών"}},{"type":"Feature","geometry":{"type":"LineString","coordinates":[[28.0602146,36.3725343],[28.0610233,36.3721807],[28.0626453,36.370481],[28.0632669,36.3703725],[28.0639804,36.3697699],[28.0645765,36.3700447],[28.0648488,36.3703563],[28.0648595,36.370981],[28.0650231,36.3715776],[28.0655891,36.3714032],[28.0665158,36.3713406],[28.0668926,36.371401],[28.0670784,36.3715473],[28.0675571,36.3717153],[28.0683075,36.3714593],[28.0685871,36.37109],[28.0688097,36.3709723],[28.0690558,36.3709723],[28.0695903,36.3711516],[28.0698072,36.3709545],[28.0700523,36.3708849],[28.0702072,36.3709248],[28.0705579,36.37113],[28.0702628,36.3715031],[28.0703567,36.371773],[28.07024,36.3719517],[28.0704747,36.3721888],[28.0702756,36.3725311],[28.0705954,36.3730251],[28.0708851,36.3731763],[28.071388,36.3736168],[28.072023,36.3735493],[28.0723804,36.3735909],[28.0732253,36.3738873],[28.0740152,36.3739969],[28.074488,36.3741665],[28.0745262,36.3742734],[28.074314,36.3744394],[28.0743478,36.3747101],[28.0747857,36.3756846],[28.0752202,36.3759389],[28.0758344,36.3760583],[28.0763769,36.3763671],[28.0760651,36.3766554],[28.0760483,36.3768368],[28.076157,36.3770792],[28.0759236,36.3773556],[28.0758083,36.3780099],[28.0743163,36.3779338]]},"properties":{"class":"unclassified"}},{"type":"Feature","geometry":{"type":"LineString","coordinates":[[28.0935293,36.3810305],[28.09424,36.3809623],[28.0946744,36.3805065],[28.0952442,36.3803023],[28.0978755,36.3802963],[28.0993419,36.3804903],[28.0996531,36.3804644],[28.1023112,36.3792495],[28.1043034,36.3772077],[28.1050056,36.3758874],[28.105407,36.3755787],[28.1061988,36.3753518],[28.1066178,36.3748843],[28.1077173,36.3748705],[28.1084512,36.374307],[28.1086825,36.3742176],[28.1096176,36.3743277],[28.110232,36.3742078],[28.1104991,36.3740131],[28.1108079,36.373251],[28.1111865,36.3730346],[28.1122655,36.3728868],[28.1155592,36.3729681]]},"properties":{"class":"secondary","name":"Καλαμώνα - Μαριτσών"}},{"type":"Feature","geometry":{"type":"LineString","coordinates":[[28.0593543,36.3591239],[28.0593838,36.3589332],[28.0596761,36.3584272]]},"properties":{"class":"unclassified"}},{"type":"Feature","geometry":{"type":"LineString","coordinates":[[28.0651163,36.3542933],[28.0649964,36.3542281]]},"properties":{"class":"unclassified"}},{"type":"Feature","geometry":{"type":"LineString","coordinates":[[28.0754279,36.3615818],[28.0752766,36.3620401],[28.0748711,36.3620462],[28.0745821,36.3622463],[28.0744274,36.3624872],[28.074435,36.3626137],[28.0745593,36.3626729],[28.0750003,36.3626117],[28.075084,36.3628199],[28.0752361,36.3628893]]},"properties":{"class":"unclassified"}},{"type":"Feature","geometry":{"type":"LineString","coordinates":[[28.084872,36.3577636],[28.0848162,36.3578698],[28.0843853,36.3580147],[28.0836983,36.3584149],[28.0835868,36.3587456],[28.083318,36.3586986],[28.0826691,36.3587823],[28.0821875,36.358668],[28.0816779,36.3588068],[28.0809681,36.3592212],[28.080881,36.3594845],[28.080933,36.3597862],[28.081089,36.3599955],[28.0815353,36.3603174],[28.081892,36.3608284],[28.0816676,36.3613624],[28.0802604,36.3617088],[28.079599,36.3619787],[28.0789017,36.3620293],[28.0783891,36.3619629],[28.0777115,36.362126],[28.0771343,36.3621115],[28.0766593,36.3617882],[28.0754279,36.3615818]]},"properties":{"class":"unclassified"}},{"type":"Feature","geometry":{"type":"LineString","coordinates":[[28.0754279,36.3615818],[28.0737895,36.3612588],[28.0727983,36.3612458],[28.0721548,36.3613252],[28.0716242,36.3609816],[28.0714826,36.3605255],[28.0716887,36.3598297],[28.071393,36.359375],[28.0712478,36.3592913],[28.0707226,36.3593519],[28.0700486,36.3599106],[28.0695568,36.3598485],[28.0689865,36.3595708],[28.0687811,36.3593483],[28.0679852,36.3588788],[28.0675922,36.3588461],[28.0669509,36.3583746],[28.066151,36.3582358],[28.0657327,36.3585359],[28.0657352,36.3588972],[28.0660166,36.3591258],[28.0659527,36.3592765],[28.0655279,36.3594036],[28.0648253,36.3598078],[28.0642821,36.3598366],[28.0636163,36.3600267],[28.0625488,36.3607935]]},"properties":{"class":"unclassified"}},{"type":"Feature","geometry":{"type":"LineString","coordinates":[[28.0630245,36.3740137],[28.0617984,36.375331],[28.0615725,36.3758107],[28.0583825,36.3792247]]},"properties":{"class":"unclassified"}},{"type":"Feature","geometry":{"type":"LineString","coordinates":[[28.0555689,36.3676465],[28.0546919,36.3680588],[28.0542661,36.3686647],[28.0538916,36.3695666],[28.0534313,36.36971],[28.0532241,36.3698563],[28.0531,36.3700299],[28.0530648,36.3702893]]},"properties":{"class":"unclassified"}},{"type":"Feature","geometry":{"type":"LineString","coordinates":[[28.0570305,36.3687859],[28.0565017,36.3685513],[28.0553155,36.3674638],[28.0546208,36.3673331],[28.0542829,36.3670589],[28.0535171,36.3670702],[28.0530994,36.3665416],[28.0528982,36.3664336]]},"properties":{"class":"unclassified"}},{"type":"Feature","geometry":{"type":"LineString","coordinates":[[28.0515108,36.3738965],[28.0514364,36.3742663],[28.0512205,36.3746572],[28.0511802,36.3750978],[28.0512466,36.3754816],[28.0509234,36.3763954],[28.0510642,36.3769075]]},"properties":{"class":"unclassified"}},{"type":"Feature","geometry":{"type":"LineString","coordinates":[[28.0530648,36.3702893],[28.0531101,36.3705242],[28.0528714,36.3711591],[28.0534065,36.3721742],[28.0535755,36.3729322],[28.0534581,36.3730435],[28.0528519,36.3731239],[28.0525871,36.3733134],[28.0523061,36.3733771],[28.0520117,36.3736055],[28.0516758,36.3736125],[28.0515108,36.3738965]]},"properties":{"class":"unclassified"}},{"type":"Feature","geometry":{"type":"LineString","coordinates":[[28.0725025,36.3644822],[28.0735354,36.3646493],[28.0745354,36.3650677],[28.074616,36.3652216],[28.0744608,36.3657802]]},"properties":{"class":"unclassified"}},{"type":"Feature","geometry":{"type":"LineString","coordinates":[[28.0725025,36.3644822],[28.0735341,36.365148],[28.0739392,36.3655651],[28.0744608,36.3657802]]},"properties":{"class":"unclassified"}},{"type":"Feature","geometry":{"type":"LineString","coordinates":[[28.086793,36.373706],[28.0865825,36.3732094],[28.0860713,36.373011],[28.0848727,36.3721617],[28.0847396,36.3717248],[28.084661,36.3707654],[28.0844092,36.3702374],[28.0840391,36.3700884],[28.0837909,36.369692],[28.0829162,36.3688375],[28.0810242,36.3675918],[28.0808491,36.3673184],[28.0806196,36.3672051],[28.0800366,36.3671643],[28.0799099,36.3670091],[28.0798764,36.3667941],[28.0795823,36.3665287],[28.0781624,36.3660034],[28.0769507,36.3657013],[28.0757542,36.3655421],[28.0751432,36.3652747],[28.074616,36.3652216]]},"properties":{"class":"unclassified"}},{"type":"Feature","geometry":{"type":"LineString","coordinates":[[28.0630245,36.3740137],[28.0631898,36.3740142],[28.0636733,36.3743144],[28.0639328,36.3748106],[28.0646221,36.3751933],[28.0652075,36.3752954],[28.0657037,36.3752155],[28.0658851,36.37526],[28.0661952,36.3759325],[28.0661349,36.3761635],[28.0666365,36.3768319],[28.0685214,36.3771159],[28.0688513,36.3766537],[28.0691215,36.376475],[28.0692898,36.3764556],[28.0697586,36.3767779],[28.0704774,36.3770446],[28.0709662,36.3770808],[28.0715583,36.3772757],[28.0727486,36.3778323],[28.0731636,36.3779149],[28.0743163,36.3779338]]},"properties":{"class":"unclassified"}},{"type":"Feature","geometry":{"type":"LineString","coordinates":[[28.1027661,36.3600196],[28.101934,36.3594521],[28.1011739,36.359189],[28.0999782,36.3589649],[28.0984941,36.3585314],[28.097619,36.3579225],[28.0971694,36.3573362]]},"properties":{"class":"unclassified"}},{"type":"Feature","geometry":{"type":"LineString","coordinates":[[28.0845121,36.3792608],[28.0845078,36.3790463],[28.0846247,36.3787463],[28.0851927,36.3781924],[28.0856969,36.3779646],[28.086059,36.3776914],[28.0864225,36.3772401],[28.0869971,36.3762359],[28.0869971,36.3760229],[28.0866276,36.3756825],[28.0863925,36.3747061],[28.086793,36.373706],[28.0870268,36.3734676]]},"properties":{"class":"unclassified"}},{"type":"Feature","geometry":{"type":"LineString","coordinates":[[28.0870268,36.3734676],[28.0881196,36.3715997],[28.0885541,36.371062],[28.0887687,36.3710144],[28.0892891,36.3711008],[28.0901125,36.3709345],[28.0904075,36.3707574],[28.0905336,36.3705004],[28.0906972,36.3704119],[28.0911881,36.370386],[28.0912712,36.3702888],[28.09129,36.3699519],[28.0916628,36.3696214],[28.0931595,36.3692694],[28.0936825,36.3692219],[28.0943558,36.3693212],[28.0950075,36.3692003],[28.0955225,36.3690145],[28.0963571,36.3684156]]},"properties":{"class":"unclassified"}},{"type":"Feature","geometry":{"type":"LineString","coordinates":[[28.1115809,36.3661088],[28.1101674,36.3666361],[28.1095726,36.3673909],[28.1089215,36.3677821],[28.1086855,36.3681393],[28.108202,36.3684444],[28.1079234,36.3691679],[28.1074768,36.369423],[28.1073974,36.3697238],[28.1072059,36.3697501],[28.1069257,36.3694343],[28.1067436,36.369344],[28.1064447,36.3693779],[28.1060805,36.369596],[28.1059871,36.3697689],[28.1057769,36.3699006],[28.1056742,36.3704909],[28.1048756,36.3709309],[28.1043292,36.3717732],[28.1041517,36.3718709],[28.1041191,36.3719725],[28.1042031,36.3721341],[28.104063,36.3725929],[28.1032177,36.3727283],[28.1022044,36.3727583],[28.1015365,36.3729463],[28.1013497,36.3730403],[28.1014291,36.3732171],[28.1013638,36.3733186],[28.1009388,36.3734803],[28.10078,36.3737134],[28.1002523,36.3735743],[28.0992488,36.3741157]]},"properties":{"class":"unclassified"}},{"type":"Feature","geometry":{"type":"LineString","coordinates":[[28.0500336,36.3787501],[28.0501224,36.3786467],[28.0501818,36.3781983],[28.050614,36.3780156],[28.0510039,36.377327],[28.0510388,36.3768719]]},"properties":{"class":"unclassified"}},{"type":"Feature","geometry":{"type":"LineString","coordinates":[[28.0510642,36.3769075],[28.0512366,36.3772509],[28.0512788,36.3775796],[28.05148,36.3777713],[28.0515559,36.3776103],[28.0516677,36.3775621],[28.0521083,36.3775651],[28.0531611,36.377198],[28.057344,36.3780709]]},"properties":{"class":"unclassified"}},{"type":"Feature","geometry":{"type":"LineString","coordinates":[[28.0609946,36.3830083],[28.0605852,36.3855448],[28.0595231,36.3881996],[28.0564508,36.3918927]]},"properties":{"class":"secondary","name":"Καλαμώνα - Ψίνθου"}},{"type":"Feature","geometry":{"type":"LineString","coordinates":[[28.0610803,36.3822633],[28.0609946,36.3830083]]},"properties":{"class":"secondary","name":"Καλαμώνα - Ψίνθου"}},{"type":"Feature","geometry":{"type":"LineString","coordinates":[[28.0590653,36.3887765],[28.0587877,36.3885838],[28.0587414,36.3884067]]},"properties":{"class":"unclassified"}},{"type":"Feature","geometry":{"type":"LineString","coordinates":[[28.0587414,36.3884067],[28.0571327,36.3876683],[28.0570362,36.3875425],[28.0570288,36.3873249]]},"properties":{"class":"unclassified"}},{"type":"Feature","geometry":{"type":"LineString","coordinates":[[28.0570288,36.3873249],[28.0572405,36.3868659],[28.0572592,36.3865012],[28.0567995,36.3855846],[28.0567432,36.3852812],[28.0568226,36.3847041],[28.0563831,36.3841405],[28.0563205,36.383721],[28.0563906,36.3835668],[28.0569346,36.3834729],[28.0574479,36.3835078],[28.0587669,36.3837945],[28.0593489,36.3840434],[28.0595662,36.3845799],[28.0598786,36.3848887]]},"properties":{"class":"unclassified"}},{"type":"Feature","geometry":{"type":"LineString","coordinates":[[28.0598786,36.3848887],[28.0603004,36.3851921],[28.0606262,36.3852699]]},"properties":{"class":"unclassified"}},{"type":"Feature","geometry":{"type":"LineString","coordinates":[[28.0750378,36.3801462],[28.0744444,36.3797866],[28.0742627,36.3794811],[28.0743163,36.3779338]]},"properties":{"class":"unclassified"}},{"type":"Feature","geometry":{"type":"LineString","coordinates":[[28.0707864,36.3798339],[28.071162,36.379616],[28.0711245,36.3792954],[28.0714611,36.3791593],[28.0719935,36.3787566],[28.0720492,36.378397],[28.0717474,36.3778107],[28.0718158,36.3774161]]},"properties":{"class":"unclassified"}},{"type":"Feature","geometry":{"type":"LineString","coordinates":[[28.0781995,36.3811611],[28.0775303,36.380726],[28.0769207,36.3806558],[28.0757815,36.3801597],[28.07541,36.38009],[28.0750378,36.3801462]]},"properties":{"class":"unclassified"}},{"type":"Feature","geometry":{"type":"LineString","coordinates":[[28.0688055,36.3881831],[28.0736082,36.3876747],[28.0746107,36.3869811],[28.0759585,36.3863927]]},"properties":{"class":"unclassified"}},{"type":"Feature","geometry":{"type":"LineString","coordinates":[[28.068738,36.3869255],[28.0687769,36.3883765],[28.0684564,36.3886421],[28.0674693,36.3890653],[28.0672775,36.3893017],[28.0671246,36.3896947],[28.0671541,36.3905119],[28.066847,36.3913054],[28.0667786,36.391734],[28.0668229,36.3921734],[28.0670998,36.3928735],[28.0665272,36.3937813],[28.0666646,36.394663],[28.0670655,36.3952065],[28.0670249,36.3954466],[28.0669023,36.395604]]},"properties":{"class":"unclassified"}},{"type":"Feature","geometry":{"type":"LineString","coordinates":[[28.0720451,36.3830398],[28.0718091,36.382609],[28.0707864,36.3798339]]},"properties":{"class":"unclassified"}},{"type":"Feature","geometry":{"type":"LineString","coordinates":[[28.0746234,36.3824132],[28.0747595,36.3817679],[28.0746523,36.381634],[28.0743921,36.3815531],[28.0743572,36.381458],[28.0750378,36.3801462]]},"properties":{"class":"unclassified"}},{"type":"Feature","geometry":{"type":"LineString","coordinates":[[28.0687204,36.3866488],[28.068738,36.3869255]]},"properties":{"class":"unclassified"}},{"type":"Feature","geometry":{"type":"LineString","coordinates":[[28.068893,36.3837852],[28.0689182,36.3842063],[28.068687,36.386112],[28.0687204,36.3866488]]},"properties":{"class":"unclassified"}},{"type":"Feature","geometry":{"type":"LineString","coordinates":[[28.0600511,36.3924683],[28.0595975,36.392402]]},"properties":{"class":"secondary","name":"Αεροδρόμιο - Καλαβάρδα"}},{"type":"Feature","geometry":{"type":"LineString","coordinates":[[28.0595975,36.392402],[28.0577919,36.3922533],[28.0564508,36.3918927]]},"properties":{"class":"secondary","name":"Αεροδρόμιο - Καλαβάρδα"}},{"type":"Feature","geometry":{"type":"LineString","coordinates":[[28.0581111,36.3922943],[28.0564441,36.3938656],[28.0559821,36.3940707],[28.0558587,36.394455],[28.0553759,36.3952182],[28.0544794,36.3957596],[28.054244,36.3960041]]},"properties":{"class":"unclassified"}},{"type":"Feature","geometry":{"type":"LineString","coordinates":[[28.054244,36.3960041],[28.0539148,36.3962972],[28.0535171,36.3973788]]},"properties":{"class":"unclassified"}},{"type":"Feature","geometry":{"type":"LineString","coordinates":[[28.0535171,36.3973788],[28.0533964,36.3973804],[28.0528432,36.3969945],[28.0524704,36.3968628],[28.0524194,36.396716],[28.0512681,36.3957795],[28.0506941,36.395492]]},"properties":{"class":"unclassified"}},{"type":"Feature","geometry":{"type":"LineString","coordinates":[[28.0879305,36.4007041],[28.0873532,36.4019242],[28.0869124,36.4031097],[28.0867326,36.4031693],[28.070518,36.3984328],[28.0703007,36.3983485],[28.0702162,36.3982152],[28.0704177,36.3976481]]},"properties":{"class":"tertiary"}},{"type":"Feature","geometry":{"type":"LineString","coordinates":[[28.0697908,36.3973486],[28.0701016,36.3972772]]},"properties":{"class":"unclassified","name":"Ανθούλας Ζερβού"}},{"type":"Feature","geometry":{"type":"LineString","coordinates":[[28.0847823,36.3810337],[28.0850431,36.3811023]]},"properties":{"class":"secondary","name":"Καλαμώνα - Μαριτσών"}},{"type":"Feature","geometry":{"type":"LineString","coordinates":[[28.0842157,36.3792489],[28.0845078,36.3790463]]},"properties":{"class":"unclassified"}},{"type":"Feature","geometry":{"type":"LineString","coordinates":[[28.0824602,36.3802422],[28.0824333,36.3810353],[28.0825413,36.3816551],[28.0817809,36.3820152]]},"properties":{"class":"unclassified"}},{"type":"Feature","geometry":{"type":"LineString","coordinates":[[28.088015,36.381749],[28.0883832,36.3810218],[28.0884703,36.3803357],[28.0888626,36.3798028],[28.089285,36.3794897],[28.0899144,36.3792624],[28.0901474,36.3788662],[28.0909209,36.3785298],[28.0913034,36.3787922],[28.091639,36.3792014],[28.091978,36.3794158],[28.0929429,36.3802887]]},"properties":{"class":"unclassified"}},{"type":"Feature","geometry":{"type":"LineString","coordinates":[[28.0885629,36.3817582],[28.0886299,36.382297],[28.0891516,36.3827019],[28.0891,36.383232],[28.0888696,36.383907],[28.0888257,36.385299],[28.0895284,36.3863343],[28.0897404,36.3871182],[28.0896243,36.3873174],[28.0892837,36.3874631],[28.0886728,36.3873589],[28.0885005,36.3874097],[28.0884448,36.3875835],[28.0884875,36.3883416],[28.0887486,36.3884315]]},"properties":{"class":"unclassified"}},{"type":"Feature","geometry":{"type":"LineString","coordinates":[[28.0766881,36.3805387],[28.076729,36.3797359],[28.0769616,36.3795998],[28.0786327,36.3794935],[28.0797277,36.3795459],[28.081404,36.3791928],[28.0822865,36.3793969],[28.0831394,36.3794682],[28.0844282,36.3792368],[28.0847441,36.3793904],[28.0848856,36.3795702],[28.0848815,36.3799983],[28.0845121,36.3804566],[28.0842002,36.3804642],[28.083745,36.3802283],[28.0832239,36.3802099]]},"properties":{"class":"unclassified"}},{"type":"Feature","geometry":{"type":"LineString","coordinates":[[28.0817809,36.3820152],[28.0811821,36.3823871],[28.0801259,36.382717]]},"properties":{"class":"unclassified"}},{"type":"Feature","geometry":{"type":"LineString","coordinates":[[28.0850431,36.3811023],[28.0869958,36.3815919],[28.0882336,36.3817625],[28.0904511,36.38164],[28.0924147,36.3811019],[28.0931913,36.3810392]]},"properties":{"class":"secondary","name":"Καλαμώνα - Μαριτσών"}},{"type":"Feature","geometry":{"type":"LineString","coordinates":[[28.0819552,36.3856542],[28.0824783,36.3852288],[28.0832829,36.3848617],[28.0836605,36.3848628],[28.0839816,36.3850987],[28.0843089,36.3857292],[28.0848413,36.3858426],[28.0854844,36.38616],[28.0855199,36.3862842],[28.0853911,36.3865816],[28.085481,36.3867565],[28.0854616,36.3870388],[28.0860047,36.3872224],[28.0869515,36.3868828],[28.0872191,36.3861228],[28.0874585,36.3861508],[28.0879292,36.3860305],[28.0880291,36.3858437],[28.0889847,36.3855538]]},"properties":{"class":"unclassified"}},{"type":"Feature","geometry":{"type":"LineString","coordinates":[[28.0801259,36.382717],[28.0799617,36.382833]]},"properties":{"class":"unclassified"}},{"type":"Feature","geometry":{"type":"LineString","coordinates":[[28.0799617,36.382833],[28.0798705,36.3829966],[28.0801293,36.3837464],[28.0800502,36.3839618],[28.0787735,36.3848553],[28.0777006,36.3858151],[28.0768101,36.3860315],[28.0762616,36.3864099],[28.0759585,36.3863927]]},"properties":{"class":"unclassified"}},{"type":"Feature","geometry":{"type":"LineString","coordinates":[[28.0806473,36.3858165],[28.0803546,36.385679],[28.0798578,36.3858469],[28.0788908,36.3859511],[28.0785026,36.3850955]]},"properties":{"class":"unclassified"}},{"type":"Feature","geometry":{"type":"LineString","coordinates":[[28.0819552,36.3856542],[28.081741,36.3860296],[28.0809263,36.386034],[28.0806473,36.3858165]]},"properties":{"class":"unclassified"}},{"type":"Feature","geometry":{"type":"LineString","coordinates":[[28.0931913,36.3810392],[28.0935293,36.3810305]]},"properties":{"class":"secondary","name":"Καλαμώνα - Μαριτσών"}},{"type":"Feature","geometry":{"type":"LineString","coordinates":[[28.0957706,36.3792924],[28.0955036,36.3798873],[28.0955183,36.3802994]]},"properties":{"class":"unclassified"}},{"type":"Feature","geometry":{"type":"LineString","coordinates":[[28.0941083,36.381004],[28.0940641,36.3812661],[28.0941995,36.38141],[28.0942478,36.381715],[28.0944181,36.3820578],[28.0944121,36.3824595],[28.0956436,36.3826608],[28.0958752,36.3828751],[28.0975907,36.3838991],[28.0979211,36.3841861],[28.0987975,36.3846301],[28.0999327,36.3853514],[28.1006134,36.3859767],[28.100899,36.3861228],[28.1009285,36.3863317],[28.1008259,36.3865422],[28.1010747,36.3867894],[28.1020403,36.3870156]]},"properties":{"class":"unclassified"}},{"type":"Feature","geometry":{"type":"LineString","coordinates":[[28.0928645,36.4019109],[28.0917806,36.4015185],[28.089738,36.4009773],[28.0860629,36.4004002],[28.0850314,36.4003834]]},"properties":{"class":"secondary","name":"Αεροδρόμιο - Καλαβάρδα"}},{"type":"Feature","geometry":{"type":"LineString","coordinates":[[28.0937246,36.4023545],[28.0934116,36.4021068],[28.0928645,36.4019109]]},"properties":{"class":"secondary","name":"Αεροδρόμιο - Καλαβάρδα"}},{"type":"Feature","geometry":{"type":"LineString","coordinates":[[28.0928645,36.4019109],[28.0935356,36.4020793],[28.0938057,36.4023117],[28.0939872,36.402647]]},"properties":{"class":"secondary","name":"Αεροδρόμιο - Καλαβάρδα"}},{"type":"Feature","geometry":{"type":"LineString","coordinates":[[28.0914428,36.4021837],[28.0897956,36.4016858],[28.0896718,36.4014281],[28.0897488,36.4012938],[28.0899224,36.4012122]]},"properties":{"class":"tertiary"}},{"type":"Feature","geometry":{"type":"LineString","coordinates":[[28.0921758,36.4018544],[28.0926783,36.4020838],[28.0933281,36.4026052]]},"properties":{"class":"tertiary"}},{"type":"Feature","geometry":{"type":"LineString","coordinates":[[28.0939729,36.3934254],[28.0943517,36.3934429],[28.0968596,36.3945608],[28.0978547,36.3947929],[28.0996035,36.3957142]]},"properties":{"class":"unclassified"}},{"type":"Feature","geometry":{"type":"LineString","coordinates":[[28.1021076,36.3889199],[28.1020851,36.3892493],[28.1019122,36.3895022],[28.1020654,36.3898171],[28.1016743,36.390287],[28.101741,36.390515],[28.1019893,36.3908065],[28.1021382,36.3915003]]},"properties":{"class":"unclassified"}},{"type":"Feature","geometry":{"type":"LineString","coordinates":[[28.0918817,36.4017638],[28.0921758,36.4018544]]},"properties":{"class":"tertiary"}},{"type":"Feature","geometry":{"type":"LineString","coordinates":[[28.0899224,36.4012122],[28.0918817,36.4017638]]},"properties":{"class":"tertiary"}},{"type":"Feature","geometry":{"type":"LineString","coordinates":[[28.095143,36.4036692],[28.0945972,36.4034657],[28.0942082,36.403177]]},"properties":{"class":"primary","name":"Βρυσιά - Αεροδρόμιο"}},{"type":"Feature","geometry":{"type":"LineString","coordinates":[[28.0940019,36.4026787],[28.0939256,36.4027295]]},"properties":{"class":"tertiary"}},{"type":"Feature","geometry":{"type":"LineString","coordinates":[[28.0940019,36.4026787],[28.094361,36.4031976],[28.095143,36.4036692]]},"properties":{"class":"primary","name":"Βρυσιά - Αεροδρόμιο"}},{"type":"Feature","geometry":{"type":"LineString","coordinates":[[28.0942082,36.403177],[28.0939256,36.4027295]]},"properties":{"class":"primary","name":"Αεροδρόμιο - Καλαβάρδα"}},{"type":"Feature","geometry":{"type":"LineString","coordinates":[[28.0939256,36.4027295],[28.0938956,36.4026657]]},"properties":{"class":"primary","name":"Αεροδρόμιο - Καλαβάρδα"}},{"type":"Feature","geometry":{"type":"LineString","coordinates":[[28.0933281,36.4026052],[28.0935608,36.4026908],[28.0938956,36.4026657]]},"properties":{"class":"tertiary"}},{"type":"Feature","geometry":{"type":"LineString","coordinates":[[28.0939872,36.402647],[28.0940019,36.4026787]]},"properties":{"class":"primary","name":"Αεροδρόμιο - Καλαβάρδα"}},{"type":"Feature","geometry":{"type":"LineString","coordinates":[[28.0938956,36.4026657],[28.0939872,36.402647]]},"properties":{"class":"tertiary"}},{"type":"Feature","geometry":{"type":"LineString","coordinates":[[28.0938956,36.4026657],[28.0937246,36.4023545]]},"properties":{"class":"secondary","name":"Αεροδρόμιο - Καλαβάρδα"}},{"type":"Feature","geometry":{"type":"LineString","coordinates":[[28.0939256,36.4027295],[28.0935489,36.4028388]]},"properties":{"class":"tertiary"}},{"type":"Feature","geometry":{"type":"LineString","coordinates":[[28.093071,36.4026848],[28.0916202,36.4022361]]},"properties":{"class":"tertiary"}},{"type":"Feature","geometry":{"type":"LineString","coordinates":[[28.0935489,36.4028388],[28.093071,36.4026848]]},"properties":{"class":"tertiary"}},{"type":"Feature","geometry":{"type":"LineString","coordinates":[[28.0916202,36.4022361],[28.0914428,36.4021837]]},"properties":{"class":"tertiary"}},{"type":"Feature","geometry":{"type":"LineString","coordinates":[[28.0998657,36.406869],[28.1003418,36.4069953]]},"properties":{"class":"primary","name":"Βρυσιά - Αεροδρόμιο"}},{"type":"Feature","geometry":{"type":"LineString","coordinates":[[28.1003042,36.4070639],[28.0998657,36.406869]]},"properties":{"class":"primary","name":"Βρυσιά - Αεροδρόμιο"}},{"type":"Feature","geometry":{"type":"LineString","coordinates":[[28.0998657,36.406869],[28.0986205,36.4064503],[28.0980881,36.4061934],[28.0965885,36.4044071],[28.095143,36.4036692]]},"properties":{"class":"primary","name":"Βρυσιά - Αεροδρόμιο"}},{"type":"Feature","geometry":{"type":"LineString","coordinates":[[28.10188,36.4075814],[28.1003042,36.4070639]]},"properties":{"class":"primary","name":"Βρυσιά - Αεροδρόμιο"}},{"type":"Feature","geometry":{"type":"LineString","coordinates":[[28.1003418,36.4069953],[28.1019055,36.4075172]]},"properties":{"class":"primary","name":"Βρυσιά - Αεροδρόμιο"}},{"type":"Feature","geometry":{"type":"LineString","coordinates":[[28.0942507,36.4101178],[28.0958997,36.4105212],[28.0980176,36.4111828],[28.0981913,36.4111054],[28.0984677,36.410512]]},"properties":{"class":"unclassified"}},{"type":"Feature","geometry":{"type":"LineString","coordinates":[[28.0942507,36.4101178],[28.0945422,36.4093645]]},"properties":{"class":"unclassified"}},{"type":"Feature","geometry":{"type":"LineString","coordinates":[[28.1503397,36.3432105],[28.1496791,36.3445009],[28.1496643,36.3450208],[28.1493544,36.3453629],[28.1496846,36.3458818],[28.1497437,36.3461282],[28.1496735,36.346216],[28.1490412,36.3461832],[28.1484377,36.3458971],[28.1479906,36.345868],[28.1470306,36.3455354],[28.1457424,36.3452921],[28.1448953,36.3454751],[28.1444718,36.3454402],[28.1442794,36.3456512],[28.1442105,36.3460579],[28.144284,36.3467745],[28.1452841,36.3477402],[28.1457328,36.3484129],[28.145654,36.3484544],[28.144808,36.348095],[28.1444994,36.348058],[28.144137,36.3482093],[28.143961,36.3485816],[28.144007,36.3487593],[28.1443326,36.349102],[28.1448645,36.3499661],[28.1451954,36.3501914],[28.145353,36.3505087],[28.1453215,36.3509328],[28.1451652,36.3513982],[28.1448395,36.3520042],[28.144439,36.3524061],[28.1441382,36.3532964],[28.1443733,36.3537163],[28.1443883,36.3541551],[28.1447759,36.3544521]]},"properties":{"class":"unclassified"}},{"type":"Feature","geometry":{"type":"LineString","coordinates":[[28.1755476,36.3398324],[28.1750064,36.3404768],[28.174243,36.3410905],[28.1738095,36.3411941],[28.1720402,36.3412267],[28.1710685,36.3414038],[28.1684777,36.3432761],[28.1681565,36.3435443],[28.1678011,36.3441921],[28.1674779,36.3445366],[28.1670818,36.3454649],[28.1661403,36.3468876],[28.1659816,36.3478293],[28.1661639,36.3487404],[28.16607,36.3489808],[28.1654202,36.3490764],[28.1650052,36.3495787],[28.1636507,36.3504537],[28.1625631,36.3504834],[28.1620861,36.3509834],[28.1617559,36.3511836],[28.1605897,36.3514574],[28.1605795,36.3516655],[28.1607458,36.3520413],[28.1607485,36.3523438],[28.1611489,36.3527516],[28.1612125,36.3529605],[28.1604508,36.354114],[28.1603086,36.3545968],[28.1592639,36.3558119],[28.1591231,36.356069],[28.1591016,36.3563077],[28.1597038,36.358282],[28.1606519,36.358674],[28.1612702,36.3587939]]},"properties":{"class":"unclassified"}},{"type":"Feature","geometry":{"type":"LineString","coordinates":[[28.1773569,36.3593603],[28.1771133,36.3590847],[28.1774493,36.3584559],[28.1774586,36.3583052],[28.17723,36.3576766],[28.1768545,36.3572171],[28.1764133,36.3563028],[28.176318,36.355618],[28.1760817,36.3550408],[28.1762885,36.3547146],[28.1763026,36.3545293],[28.1760109,36.3541713],[28.1748442,36.3531727],[28.1746661,36.3527707],[28.1743366,36.3524377],[28.1742876,36.3520284],[28.1744163,36.351329],[28.1748676,36.3505448],[28.1747845,36.3501414],[28.1744526,36.3495992],[28.1744928,36.3488652],[28.174694,36.3485152],[28.1745525,36.3482284]]},"properties":{"class":"unclassified"}},{"type":"Feature","geometry":{"type":"LineString","coordinates":[[28.1960278,36.3485022],[28.1924261,36.357799]]},"properties":{"class":"primary","name":"Ρόδου - Λίνδου","ref":"ΕΟ95"}},{"type":"Feature","geometry":{"type":"LineString","coordinates":[[28.2048931,36.3501402],[28.2028941,36.3501633],[28.2021331,36.3498811],[28.2007505,36.3496734],[28.1988077,36.3495948],[28.1985006,36.3494879],[28.1977576,36.349031],[28.1960278,36.3485022]]},"properties":{"class":"tertiary","name":"Παναιτίου"}},{"type":"Feature","geometry":{"type":"LineString","coordinates":[[28.1131512,36.3605861],[28.1131879,36.3608105],[28.1134095,36.3610527],[28.1130866,36.361597],[28.1129971,36.3620393],[28.11315,36.3627397],[28.1133398,36.3630161],[28.1136301,36.3630734],[28.1140217,36.3630054]]},"properties":{"class":"unclassified"}},{"type":"Feature","geometry":{"type":"LineString","coordinates":[[28.1117975,36.357797],[28.1114079,36.3582145],[28.111015,36.3588522],[28.1105838,36.3589899],[28.1097221,36.3590504],[28.1088821,36.359719],[28.1087844,36.3598987],[28.1088139,36.3601245],[28.1089631,36.3602141],[28.1105664,36.3604809],[28.1113968,36.360365],[28.1122045,36.3598961],[28.1126156,36.3603264],[28.113033,36.3605697],[28.1140244,36.3605338],[28.1143134,36.3606791],[28.1153568,36.3607563]]},"properties":{"class":"unclassified"}},{"type":"Feature","geometry":{"type":"LineString","coordinates":[[28.1124198,36.3574719],[28.1121723,36.3571166],[28.1117097,36.3567138],[28.1114595,36.3566743],[28.1106616,36.356771],[28.1103525,36.3566679],[28.1101882,36.3565177],[28.1097778,36.35641],[28.1095223,36.3558848],[28.1096789,36.3553968],[28.1091253,36.3548976],[28.1088216,36.3548501],[28.1057491,36.3554328],[28.1056358,36.3555138],[28.1056626,36.356096],[28.1049733,36.3571825],[28.1050377,36.3573694],[28.105444,36.3578111],[28.1054789,36.3586071],[28.1058393,36.3591128]]},"properties":{"class":"unclassified"}},{"type":"Feature","geometry":{"type":"LineString","coordinates":[[28.1570068,36.4015703],[28.1574279,36.4011796],[28.1575406,36.4011774],[28.1575486,36.4017495],[28.1578651,36.4019524],[28.1587046,36.4015379],[28.1588173,36.4012541],[28.1585665,36.400533],[28.1586657,36.3998556],[28.1584666,36.3994946],[28.1589836,36.3991556],[28.1591217,36.3989689],[28.1591003,36.3987076],[28.1587717,36.3981355],[28.1585491,36.3980502],[28.1581588,36.39806],[28.157845,36.3977178],[28.1572556,36.3976152],[28.1573025,36.3975078],[28.1577498,36.3972309],[28.1584606,36.3970863],[28.1586067,36.3969697],[28.1587797,36.3966199],[28.1587583,36.3964137],[28.1585638,36.3962086],[28.1577484,36.3958233],[28.1574601,36.3957952],[28.1569035,36.3959992],[28.1559782,36.3959334],[28.1556724,36.3960327],[28.1553197,36.3962993],[28.1552513,36.3971715],[28.155034,36.3973324],[28.1547926,36.3972244],[28.1544312,36.3967414],[28.154218,36.3966998],[28.1538693,36.396791],[28.1535132,36.3964094],[28.1533395,36.3963365],[28.1529116,36.3963173],[28.1522566,36.3965973],[28.1518134,36.3964316],[28.1510677,36.3964143],[28.1510697,36.396302],[28.1514412,36.3959452],[28.1514312,36.3957957],[28.1512494,36.3956338],[28.1508753,36.3956543],[28.1503831,36.3959415],[28.1501551,36.3959765],[28.1500874,36.3958977],[28.1500961,36.3954886],[28.1499995,36.3953418],[28.1496415,36.3953148],[28.1490715,36.3954627],[28.1487375,36.395453],[28.1485364,36.395331],[28.1483701,36.3950746],[28.1476794,36.3949381],[28.1475057,36.3944598],[28.1472503,36.3942876],[28.1467869,36.3944134],[28.1463289,36.3943929],[28.1460419,36.3944749],[28.1455855,36.3952354],[28.145425,36.3953628],[28.1448564,36.395189],[28.1441597,36.3954336],[28.1432947,36.3953731],[28.1429346,36.3952031],[28.1422117,36.3952225],[28.1419985,36.3952943],[28.1414775,36.3957822],[28.1412428,36.3958583],[28.1409846,36.3956473],[28.14008,36.3953774],[28.1391768,36.3948463],[28.1389327,36.3949192],[28.1387919,36.3952625],[28.1386598,36.3953877],[28.1376761,36.3954875],[28.1374662,36.3955755],[28.1373516,36.3954627],[28.1374267,36.3953677],[28.137894,36.3952392]]},"properties":{"class":"unclassified"}},{"type":"Feature","geometry":{"type":"LineString","coordinates":[[28.1525564,36.3711218],[28.1558351,36.3713428],[28.156473,36.3714799],[28.1578544,36.3720338],[28.1590131,36.3720964],[28.1619675,36.3716256],[28.1640744,36.3714361],[28.1674835,36.3705479],[28.1682158,36.3704265],[28.1691807,36.3704459],[28.1711756,36.3707434],[28.1717871,36.370711],[28.1725314,36.37044],[28.175097,36.3691614],[28.1756964,36.3689821],[28.1760666,36.3689557],[28.1771093,36.3690858],[28.1801087,36.3697073],[28.1810072,36.370102]]},"properties":{"class":"primary","name":"Βρυσιά - Αεροδρόμιο"}},{"type":"Feature","geometry":{"type":"LineString","coordinates":[[28.1369603,36.3868737],[28.1379509,36.387479],[28.1393395,36.3886501],[28.142131,36.3917391],[28.1438647,36.3926066],[28.148067,36.3933922],[28.1498976,36.3938434],[28.1504582,36.3938796],[28.1508314,36.3936757],[28.1510532,36.3936648],[28.1517254,36.3942429],[28.1532802,36.3943985],[28.1540464,36.3948224],[28.1547567,36.3949699],[28.1551656,36.3948987],[28.1558763,36.3944888],[28.1576499,36.3948551],[28.1606774,36.3944469],[28.1660217,36.3964019],[28.1689587,36.3969233],[28.1694348,36.3971327],[28.1715497,36.3985058],[28.1735198,36.3989451],[28.1740563,36.3992884],[28.1743858,36.3996999],[28.1739232,36.4005195],[28.1738819,36.4009201],[28.1740037,36.4011965],[28.1742889,36.4012567],[28.175002,36.400932],[28.1755467,36.4013062],[28.175884,36.4013169]]},"properties":{"class":"secondary","name":"Ρόδος - Παστίδα"}},{"type":"Feature","geometry":{"type":"LineString","coordinates":[[28.1612702,36.3587939],[28.1610435,36.3588803],[28.1605768,36.359294],[28.159913,36.3593836],[28.1596005,36.3593609],[28.1584766,36.3590034],[28.1575499,36.3590844],[28.156414,36.3589872],[28.1554699,36.3585282],[28.1540832,36.3577031],[28.1508411,36.3567332],[28.1494443,36.3558416],[28.1484331,36.3554398],[28.1478243,36.355071],[28.1466186,36.3546255],[28.1452936,36.3545752],[28.1433718,36.3540962],[28.1422687,36.3534871],[28.1416223,36.3534023],[28.1405501,36.3534412],[28.1402001,36.3533844],[28.1391323,36.352606],[28.1367002,36.3518604],[28.1353831,36.3503394],[28.1343998,36.3496427]]},"properties":{"class":"unclassified"}},{"type":"Feature","geometry":{"type":"LineString","coordinates":[[28.1385835,36.381079],[28.1387673,36.3809169],[28.1392114,36.380019],[28.1383922,36.3783332],[28.1384323,36.3780155],[28.1388431,36.3770215],[28.1387811,36.3768229],[28.1382488,36.3765283],[28.137456,36.3754599],[28.1363442,36.3747722],[28.135673,36.3733801],[28.1355458,36.3732549],[28.134559,36.3724784],[28.1325209,36.371759],[28.1301679,36.3694692],[28.1300157,36.36917],[28.1294565,36.3655556],[28.1293412,36.365183],[28.1290971,36.3647878],[28.1276741,36.3630973],[28.1270266,36.3627311],[28.1254768,36.3622396],[28.1251549,36.3622602],[28.1240257,36.3626824],[28.1219933,36.3621129],[28.121495,36.3618265],[28.1206139,36.3609675],[28.1201407,36.3606205]]},"properties":{"class":"unclassified"}},{"type":"Feature","geometry":{"type":"LineString","coordinates":[[28.1270266,36.3627311],[28.1272145,36.3626028],[28.1292775,36.3626738],[28.1295101,36.3625026],[28.1296228,36.3621673],[28.1301455,36.361691],[28.130813,36.3616851],[28.1318772,36.3614917],[28.1323828,36.3605273],[28.1323868,36.3600392],[28.1321689,36.3599887],[28.1317246,36.3601661],[28.1315902,36.3606321],[28.1309322,36.3607175],[28.1306752,36.3599177]]},"properties":{"class":"unclassified"}},{"type":"Feature","geometry":{"type":"LineString","coordinates":[[28.1187334,36.3620136],[28.1186437,36.3622247],[28.1174976,36.3634526]]},"properties":{"class":"secondary"}},{"type":"Feature","geometry":{"type":"LineString","coordinates":[[28.1217237,36.3619972],[28.1221374,36.3626603],[28.1229616,36.3633902],[28.1241551,36.3651755],[28.124601,36.3662235],[28.1245688,36.3667154],[28.1247103,36.367257],[28.1247291,36.3680016],[28.1248217,36.3683471]]},"properties":{"class":"unclassified"}},{"type":"Feature","geometry":{"type":"LineString","coordinates":[[28.1174976,36.3634526],[28.1174381,36.3627642],[28.1170144,36.3619362],[28.117302,36.3610245]]},"properties":{"class":"secondary","name":"Κρεμαστή - Μαριτσά"}},{"type":"Feature","geometry":{"type":"LineString","coordinates":[[28.117302,36.3610245],[28.1175117,36.3610692],[28.1185679,36.3617949],[28.1187334,36.3620136]]},"properties":{"class":"secondary"}},{"type":"Feature","geometry":{"type":"LineString","coordinates":[[28.115195,36.3574028],[28.1158134,36.3574776],[28.1159697,36.3583014],[28.1169227,36.3597305],[28.1172443,36.3606413],[28.117302,36.3610245]]},"properties":{"class":"secondary"}},{"type":"Feature","geometry":{"type":"LineString","coordinates":[[28.117302,36.3610245],[28.1169674,36.3606469],[28.1166657,36.359976],[28.1162795,36.3595062],[28.1162151,36.3587758],[28.1159207,36.3584964],[28.1154574,36.3583441],[28.1152943,36.3581886],[28.115195,36.3574028]]},"properties":{"class":"secondary"}},{"type":"Feature","geometry":{"type":"LineString","coordinates":[[28.1160748,36.3586085],[28.1161454,36.3585749]]},"properties":{"class":"secondary"}},{"type":"Feature","geometry":{"type":"LineString","coordinates":[[28.1115809,36.3661088],[28.111771,36.3664385],[28.1118049,36.3669309],[28.1118914,36.367067],[28.1129897,36.3673418],[28.1131232,36.367919],[28.1132171,36.3679992],[28.1144013,36.3682278]]},"properties":{"class":"unclassified"}},{"type":"Feature","geometry":{"type":"LineString","coordinates":[[28.1140217,36.3630054],[28.1140748,36.3631456],[28.113893,36.3636787],[28.1136194,36.3641571],[28.1130253,36.3646463],[28.1128124,36.3650135],[28.1122964,36.3652376],[28.1121274,36.365757],[28.1115809,36.3661088]]},"properties":{"class":"unclassified"}},{"type":"Feature","geometry":{"type":"LineString","coordinates":[[28.1143138,36.3729409],[28.1142849,36.3726234],[28.1144743,36.3720416],[28.1144026,36.3717027],[28.1148998,36.3716086],[28.1150495,36.3714758],[28.1147405,36.3702294],[28.114473,36.3695863],[28.1141981,36.3692095],[28.1141733,36.3687915],[28.1144013,36.3682278],[28.1147908,36.3679573],[28.1147843,36.3675825],[28.1150825,36.3671539],[28.1151905,36.366371],[28.1154426,36.3658261],[28.1158268,36.3652635],[28.1161521,36.3650913]]},"properties":{"class":"unclassified"}},{"type":"Feature","geometry":{"type":"LineString","coordinates":[[28.1141733,36.3687915],[28.113933,36.3688299],[28.1136234,36.3694324],[28.1126361,36.3708562],[28.1121848,36.3713047]]},"properties":{"class":"unclassified"}},{"type":"Feature","geometry":{"type":"LineString","coordinates":[[28.1121848,36.3713047],[28.1120637,36.3721728],[28.1125096,36.372442],[28.1129983,36.3729061]]},"properties":{"class":"unclassified"}},{"type":"Feature","geometry":{"type":"LineString","coordinates":[[28.1264782,36.3667964],[28.1261203,36.3663883],[28.1257685,36.3661371],[28.1254422,36.3660535],[28.1250627,36.3660948],[28.1244025,36.3657554]]},"properties":{"class":"unclassified"}},{"type":"Feature","geometry":{"type":"LineString","coordinates":[[28.1248217,36.3683471],[28.1248552,36.3684508]]},"properties":{"class":"unclassified"}},{"type":"Feature","geometry":{"type":"LineString","coordinates":[[28.1236442,36.3795264],[28.123397,36.3781043],[28.1228539,36.3775549],[28.1225363,36.3770744],[28.1215627,36.3762248],[28.1213451,36.3754274],[28.1213115,36.3748529],[28.1209787,36.3743749],[28.1204946,36.3729473],[28.1201019,36.3724548],[28.1191018,36.3717142],[28.1187052,36.3710776],[28.1182147,36.3708897],[28.1179699,36.3706808],[28.1170989,36.369372]]},"properties":{"class":"unclassified"}},{"type":"Feature","geometry":{"type":"LineString","coordinates":[[28.1174976,36.3634526],[28.1165151,36.3671082],[28.1165379,36.3674312],[28.1170989,36.369372],[28.117111,36.3696592],[28.1166938,36.3706936],[28.1156755,36.3726049],[28.1155592,36.3729681]]},"properties":{"class":"secondary","name":"Κρεμαστή - Μαριτσά"}},{"type":"Feature","geometry":{"type":"LineString","coordinates":[[28.1226448,36.3692032],[28.1228053,36.3695399],[28.1228368,36.3698865],[28.12327,36.3705803],[28.1235409,36.3712002],[28.1237742,36.3725187],[28.1236344,36.3732481]]},"properties":{"class":"unclassified"}},{"type":"Feature","geometry":{"type":"LineString","coordinates":[[28.1208754,36.3632656],[28.1211049,36.3650283],[28.1214261,36.3650588],[28.1217136,36.3655734],[28.1222102,36.3657943],[28.1223394,36.3669333],[28.1225518,36.3673223],[28.1227369,36.3682235],[28.1225418,36.3687753],[28.1226448,36.3692032]]},"properties":{"class":"unclassified"}},{"type":"Feature","geometry":{"type":"LineString","coordinates":[[28.1204946,36.3729473],[28.1222065,36.3730758],[28.1238782,36.3733139],[28.1238158,36.3740687],[28.1245524,36.3742283],[28.1244495,36.3748953],[28.1245601,36.3750746],[28.1247083,36.3751269],[28.1250101,36.3751399],[28.1256417,36.3749596],[28.1259307,36.3746432],[28.1263297,36.3748851],[28.1267146,36.3749968],[28.1281838,36.3752711],[28.1286326,36.3752423]]},"properties":{"class":"unclassified"}},{"type":"Feature","geometry":{"type":"LineString","coordinates":[[28.1248552,36.3684508],[28.1249852,36.3686938],[28.1258563,36.3694324],[28.1261386,36.3698072],[28.1266341,36.3702253],[28.1264906,36.370704],[28.1265543,36.3708373],[28.1271429,36.370938],[28.1271283,36.3715079],[28.1273444,36.3716831],[28.1272936,36.3720719],[28.1276476,36.3720009],[28.1280979,36.3721157],[28.1282083,36.3724136],[28.1283199,36.3725025],[28.1286055,36.3726461],[28.1291207,36.3727576],[28.1295791,36.3733411],[28.1296871,36.3738159],[28.1301391,36.3739312]]},"properties":{"class":"unclassified"}},{"type":"Feature","geometry":{"type":"LineString","coordinates":[[28.1155592,36.3729681],[28.1156335,36.3737863],[28.1163916,36.3777397],[28.1168732,36.3789461],[28.1171164,36.3791838],[28.117354,36.3792823]]},"properties":{"class":"secondary","name":"Κρεμαστή - Μαριτσά"}},{"type":"Feature","geometry":{"type":"LineString","coordinates":[[28.1286491,36.3696193],[28.1284486,36.3694594],[28.1280604,36.3693185],[28.1275407,36.3688099],[28.126718,36.3675151],[28.1264782,36.3667964]]},"properties":{"class":"unclassified"}},{"type":"Feature","geometry":{"type":"LineString","coordinates":[[28.1505843,36.3697161],[28.1509316,36.369413],[28.1513232,36.3686717],[28.152792,36.366967],[28.1532214,36.3665888],[28.1539088,36.3662046],[28.1542066,36.3661172],[28.1550542,36.3660815],[28.1555504,36.3659379],[28.1561927,36.3659131],[28.1565642,36.3656841],[28.1574963,36.3653277],[28.1592397,36.3647975],[28.1594597,36.3646452],[28.159921,36.3640642],[28.1600967,36.3640761],[28.1607002,36.3643817],[28.1628259,36.3645686],[28.1632631,36.364453],[28.1633489,36.3643126],[28.1634025,36.363858],[28.1635444,36.3636299],[28.1647254,36.362601],[28.1647973,36.3622207],[28.1647396,36.3619572],[28.1643386,36.3613784],[28.1627816,36.3597357],[28.1618991,36.3590078],[28.1615478,36.3588339],[28.1612702,36.3587939]]},"properties":{"class":"unclassified"}},{"type":"Feature","geometry":{"type":"LineString","coordinates":[[28.1283943,36.3639757],[28.1291916,36.3641733],[28.1303168,36.3636231],[28.1311744,36.3638655],[28.1317504,36.3637791]]},"properties":{"class":"unclassified"}},{"type":"Feature","geometry":{"type":"LineString","coordinates":[[28.1317504,36.3637791],[28.1319342,36.3638131]]},"properties":{"class":"unclassified"}},{"type":"Feature","geometry":{"type":"LineString","coordinates":[[28.1365422,36.3635728],[28.1370404,36.3642791],[28.1376164,36.3642883],[28.1382877,36.3644759],[28.139032,36.3648885]]},"properties":{"class":"unclassified"}},{"type":"Feature","geometry":{"type":"LineString","coordinates":[[28.1455644,36.3735504],[28.1457425,36.3732239],[28.1455589,36.3726105],[28.1452027,36.3723329],[28.144956,36.3718133],[28.1452222,36.3713708],[28.144212,36.3709814],[28.1438714,36.3704907],[28.1434858,36.3703946],[28.1437527,36.3698433],[28.143347,36.3693995],[28.1427602,36.3691344],[28.1424605,36.368473],[28.1427696,36.3680424],[28.1423385,36.3678626],[28.1424116,36.3674325],[28.1419992,36.3665421],[28.1419154,36.3660248],[28.1415747,36.365858],[28.140416,36.3655335],[28.139101,36.3649762],[28.139032,36.3648885]]},"properties":{"class":"unclassified"}},{"type":"Feature","geometry":{"type":"LineString","coordinates":[[28.1315158,36.3707666],[28.1318195,36.3704238],[28.1323392,36.3692095],[28.132708,36.3689551],[28.133687,36.3688509],[28.1339103,36.3689827],[28.1342848,36.3694195],[28.1349101,36.3690394],[28.1360762,36.3688401],[28.1366428,36.3690345],[28.1370746,36.3690383],[28.1380469,36.3692154],[28.1384566,36.3690907],[28.1396911,36.3683461],[28.1411321,36.3678272],[28.1423224,36.3677494]]},"properties":{"class":"unclassified"}},{"type":"Feature","geometry":{"type":"LineString","coordinates":[[28.1301948,36.3744634],[28.1305227,36.3745061],[28.1309223,36.3749385],[28.1315059,36.3752886],[28.1317511,36.3756123],[28.1320193,36.3758055],[28.1322282,36.3758314],[28.1326682,36.3755962],[28.1327841,36.3753403]]},"properties":{"class":"unclassified"}},{"type":"Feature","geometry":{"type":"LineString","coordinates":[[28.1327841,36.3753403],[28.1329022,36.3752756],[28.1358503,36.3755629],[28.1358841,36.3761273],[28.136062,36.3765384],[28.1360711,36.3772137],[28.1362054,36.3774548],[28.1365347,36.377755],[28.1372839,36.3781503],[28.1384277,36.3784875]]},"properties":{"class":"unclassified"}},{"type":"Feature","geometry":{"type":"LineString","coordinates":[[28.1319342,36.3638131],[28.1334751,36.3632651],[28.1336763,36.3632937],[28.1343294,36.3636198],[28.1349376,36.3637591],[28.1353198,36.3637413],[28.135754,36.3635626],[28.1365422,36.3635728]]},"properties":{"class":"unclassified"}},{"type":"Feature","geometry":{"type":"LineString","coordinates":[[28.1337669,36.372186],[28.1334495,36.3724304],[28.133352,36.3726188],[28.133757,36.3735431],[28.1327428,36.3737205],[28.1323062,36.3735371],[28.1319044,36.3737144],[28.1307346,36.3739365],[28.1301391,36.3739312]]},"properties":{"class":"unclassified"}},{"type":"Feature","geometry":{"type":"LineString","coordinates":[[28.1302491,36.3695669],[28.1299245,36.3697062],[28.1295336,36.3697559],[28.1290803,36.3697375],[28.1286491,36.3696193]]},"properties":{"class":"unclassified"}},{"type":"Feature","geometry":{"type":"LineString","coordinates":[[28.1301948,36.3744634],[28.1298438,36.3746118],[28.1294417,36.3749601],[28.1286326,36.3752423]]},"properties":{"class":"unclassified"}},{"type":"Feature","geometry":{"type":"LineString","coordinates":[[28.1477094,36.3711208],[28.1480196,36.3709835],[28.1486312,36.3708885]]},"properties":{"class":"primary","name":"Βρυσιά - Αεροδρόμιο"}},{"type":"Feature","geometry":{"type":"LineString","coordinates":[[28.1491454,36.3758307],[28.1501128,36.3755775],[28.1507511,36.375959],[28.1512379,36.3758154],[28.15217,36.3760484],[28.1527566,36.3759777],[28.1533755,36.3762495],[28.153768,36.3763174],[28.1540416,36.3767623],[28.1540591,36.3769134],[28.153678,36.3774092],[28.1536213,36.3780559],[28.1533925,36.3787566],[28.1529795,36.3791885],[28.1530076,36.3792889],[28.153469,36.3794562],[28.1538136,36.3797391],[28.1547229,36.379575],[28.1551172,36.3795988],[28.1564368,36.3793288],[28.1579463,36.3787803],[28.1581266,36.3788494],[28.1585169,36.3792036],[28.1591097,36.3792684],[28.1597869,36.3795955],[28.1605554,36.3796063],[28.1614606,36.3798082],[28.1618495,36.3800107],[28.1628332,36.3801095],[28.1630203,36.3803108],[28.1630833,36.3806893]]},"properties":{"class":"unclassified"}},{"type":"Feature","geometry":{"type":"LineString","coordinates":[[28.1435968,36.3783328],[28.1450118,36.3772897],[28.1460181,36.3760163],[28.1461279,36.3756034],[28.1459845,36.3734083],[28.1460753,36.3726363],[28.1463293,36.3721316],[28.1466549,36.3717688],[28.1471494,36.3713801],[28.1477094,36.3711208]]},"properties":{"class":"primary","name":"Βρυσιά - Αεροδρόμιο"}},{"type":"Feature","geometry":{"type":"LineString","coordinates":[[28.1510027,36.3693153],[28.1503643,36.36846],[28.1498668,36.3681247],[28.1496656,36.367547],[28.1491097,36.3671744],[28.1491975,36.366862],[28.1491144,36.3667549],[28.1479879,36.3666269],[28.147314,36.3662419],[28.1466501,36.3661523],[28.1461184,36.3657932],[28.1445375,36.3655988]]},"properties":{"class":"unclassified"}},{"type":"Feature","geometry":{"type":"LineString","coordinates":[[28.1465213,36.375583],[28.1480349,36.3756226]]},"properties":{"class":"unclassified"}},{"type":"Feature","geometry":{"type":"LineString","coordinates":[[28.1480349,36.3756226],[28.1487568,36.3758771],[28.1491454,36.3758307]]},"properties":{"class":"unclassified"}},{"type":"Feature","geometry":{"type":"LineString","coordinates":[[28.1493657,36.370993],[28.1485117,36.3709859],[28.1477094,36.3711208]]},"properties":{"class":"primary","name":"Βρυσιά - Αεροδρόμιο"}},{"type":"Feature","geometry":{"type":"LineString","coordinates":[[28.1459845,36.3734083],[28.1455644,36.3735504]]},"properties":{"class":"unclassified"}},{"type":"Feature","geometry":{"type":"LineString","coordinates":[[28.1461279,36.3756034],[28.1465213,36.375583]]},"properties":{"class":"unclassified"}},{"type":"Feature","geometry":{"type":"LineString","coordinates":[[28.1513438,36.371037],[28.1494559,36.3709964]]},"properties":{"class":"primary","name":"Βρυσιά - Αεροδρόμιο"}},{"type":"Feature","geometry":{"type":"LineString","coordinates":[[28.1513438,36.371037],[28.1525564,36.3711218]]},"properties":{"class":"primary","name":"Βρυσιά - Αεροδρόμιο"}},{"type":"Feature","geometry":{"type":"LineString","coordinates":[[28.1486312,36.3708885],[28.1493715,36.3709053]]},"properties":{"class":"primary","name":"Βρυσιά - Αεροδρόμιο"}},{"type":"Feature","geometry":{"type":"LineString","coordinates":[[28.1495704,36.3705307],[28.1503167,36.3699322]]},"properties":{"class":"unclassified"}},{"type":"Feature","geometry":{"type":"LineString","coordinates":[[28.1494559,36.3709964],[28.1493657,36.370993]]},"properties":{"class":"primary","name":"Βρυσιά - Αεροδρόμιο"}},{"type":"Feature","geometry":{"type":"LineString","coordinates":[[28.1495704,36.3705307],[28.1494612,36.3709097]]},"properties":{"class":"unclassified"}},{"type":"Feature","geometry":{"type":"LineString","coordinates":[[28.1493657,36.370993],[28.1493715,36.3709053]]},"properties":{"class":"unclassified"}},{"type":"Feature","geometry":{"type":"LineString","coordinates":[[28.1494359,36.3706372],[28.1495704,36.3705307]]},"properties":{"class":"unclassified"}},{"type":"Feature","geometry":{"type":"LineString","coordinates":[[28.1503167,36.3699322],[28.1505843,36.3697161]]},"properties":{"class":"unclassified"}},{"type":"Feature","geometry":{"type":"LineString","coordinates":[[28.1493715,36.3709053],[28.1494612,36.3709097]]},"properties":{"class":"primary","name":"Βρυσιά - Αεροδρόμιο"}},{"type":"Feature","geometry":{"type":"LineString","coordinates":[[28.1493715,36.3709053],[28.1494359,36.3706372]]},"properties":{"class":"unclassified"}},{"type":"Feature","geometry":{"type":"LineString","coordinates":[[28.1494612,36.3709097],[28.1494559,36.3709964]]},"properties":{"class":"unclassified"}},{"type":"Feature","geometry":{"type":"LineString","coordinates":[[28.1494612,36.3709097],[28.1513438,36.371037]]},"properties":{"class":"primary","name":"Βρυσιά - Αεροδρόμιο"}},{"type":"Feature","geometry":{"type":"LineString","coordinates":[[28.1105045,36.3933768],[28.1104645,36.3919406],[28.1101448,36.3914753],[28.1101003,36.3908395],[28.1099334,36.3905033],[28.1098992,36.3901956],[28.1094395,36.3897017],[28.1086305,36.3892434],[28.1082885,36.3883128],[28.1076347,36.3869703],[28.1075576,36.3865185],[28.1075724,36.3857725],[28.1079009,36.3847543],[28.1078754,36.384452],[28.1068133,36.384289],[28.1058544,36.3847824],[28.1038649,36.385326],[28.1033472,36.3857497],[28.1032875,36.3862043],[28.1027279,36.3864554],[28.1026559,36.3865935],[28.1026699,36.3868747],[28.1020403,36.3870156]]},"properties":{"class":"unclassified"}},{"type":"Feature","geometry":{"type":"LineString","coordinates":[[28.102109,36.3888447],[28.1021076,36.3889199]]},"properties":{"class":"unclassified"}},{"type":"Feature","geometry":{"type":"LineString","coordinates":[[28.1020403,36.3870156],[28.1021741,36.3872175],[28.1025667,36.3874683],[28.102627,36.3877357],[28.1025285,36.3881168],[28.1021127,36.3885676],[28.102109,36.3888447]]},"properties":{"class":"unclassified"}},{"type":"Feature","geometry":{"type":"LineString","coordinates":[[28.1252015,36.3807813],[28.1288972,36.3833702],[28.1304979,36.3846242],[28.1313065,36.3854912],[28.1317712,36.3857956],[28.1324263,36.3860761],[28.1337833,36.3864935],[28.1348472,36.3866869],[28.1362729,36.3867863]]},"properties":{"class":"tertiary"}},{"type":"Feature","geometry":{"type":"LineString","coordinates":[[28.1252015,36.3807813],[28.126945,36.3836007],[28.1271601,36.384095],[28.126805,36.3877301]]},"properties":{"class":"secondary","name":"Κρεμαστή - Μαριτσά","ref":"ΕΟ88"}},{"type":"Feature","geometry":{"type":"LineString","coordinates":[[28.1272882,36.3877742],[28.1277506,36.3874953],[28.1282315,36.3870393],[28.1287947,36.3861455]]},"properties":{"class":"primary","name":"Βρυσιά - Αεροδρόμιο"}},{"type":"Feature","geometry":{"type":"LineString","coordinates":[[28.122279,36.3903038],[28.1222326,36.3898924],[28.1220082,36.38937],[28.1204502,36.3874905],[28.1200245,36.3872666],[28.1197248,36.3868131],[28.1196854,36.386536],[28.1197727,36.3859419]]},"properties":{"class":"unclassified"}},{"type":"Feature","geometry":{"type":"LineString","coordinates":[[28.117354,36.3792823],[28.1178747,36.3792512],[28.1192658,36.3784463],[28.11995,36.3782091],[28.1203616,36.3781956],[28.1244418,36.3798678],[28.1247298,36.3801004],[28.1252015,36.3807813]]},"properties":{"class":"secondary","name":"Κρεμαστή - Μαριτσά","ref":"ΕΟ88"}},{"type":"Feature","geometry":{"type":"LineString","coordinates":[[28.1246872,36.3891539],[28.1260835,36.3884308]]},"properties":{"class":"primary","name":"Βρυσιά - Αεροδρόμιο"}},{"type":"Feature","geometry":{"type":"LineString","coordinates":[[28.1267471,36.3884043],[28.1266298,36.3888005],[28.1264106,36.3891418],[28.1255198,36.3900768]]},"properties":{"class":"secondary","name":"Κρεμαστή - Μαριτσά","ref":"ΕΟ88"}},{"type":"Feature","geometry":{"type":"LineString","coordinates":[[28.1260835,36.3884308],[28.1264588,36.3882364]]},"properties":{"class":"primary","name":"Βρυσιά - Αεροδρόμιο"}},{"type":"Feature","geometry":{"type":"LineString","coordinates":[[28.1270978,36.3878866],[28.1272882,36.3877742]]},"properties":{"class":"primary","name":"Βρυσιά - Αεροδρόμιο"}},{"type":"Feature","geometry":{"type":"LineString","coordinates":[[28.1267806,36.388076],[28.1270154,36.3879372]]},"properties":{"class":"primary","name":"Βρυσιά - Αεροδρόμιο"}},{"type":"Feature","geometry":{"type":"LineString","coordinates":[[28.1264588,36.3882364],[28.1267806,36.388076]]},"properties":{"class":"primary","name":"Βρυσιά - Αεροδρόμιο"}},{"type":"Feature","geometry":{"type":"LineString","coordinates":[[28.1267806,36.388076],[28.1267471,36.3884043]]},"properties":{"class":"secondary","name":"Κρεμαστή - Μαριτσά","ref":"ΕΟ88"}},{"type":"Feature","geometry":{"type":"LineString","coordinates":[[28.126805,36.3877301],[28.1267806,36.388076]]},"properties":{"class":"secondary","name":"Κρεμαστή - Μαριτσά","ref":"ΕΟ88"}},{"type":"Feature","geometry":{"type":"LineString","coordinates":[[28.1270154,36.3879372],[28.1270978,36.3878866]]},"properties":{"class":"primary","name":"Βρυσιά - Αεροδρόμιο"}},{"type":"Feature","geometry":{"type":"LineString","coordinates":[[28.1118492,36.4088941],[28.1121998,36.4081976],[28.1132228,36.4068415],[28.1136293,36.406132],[28.114149,36.4046011],[28.1140802,36.4036531],[28.1143926,36.402029],[28.1150419,36.4005143]]},"properties":{"class":"unclassified"}},{"type":"Feature","geometry":{"type":"LineString","coordinates":[[28.1149866,36.3976184],[28.1096564,36.4009124]]},"properties":{"class":"primary","name":"Βρυσιά - Αεροδρόμιο"}},{"type":"Feature","geometry":{"type":"LineString","coordinates":[[28.1149205,36.3975368],[28.1151224,36.3974062]]},"properties":{"class":"primary","name":"Βρυσιά - Αεροδρόμιο"}},{"type":"Feature","geometry":{"type":"LineString","coordinates":[[28.1070748,36.4032726],[28.1072853,36.4026163],[28.1075891,36.4021888],[28.1080534,36.4018021],[28.1092709,36.4010409]]},"properties":{"class":"primary","name":"Βρυσιά - Αεροδρόμιο"}},{"type":"Feature","geometry":{"type":"LineString","coordinates":[[28.1093295,36.401114],[28.1081396,36.4018623],[28.1076991,36.4022234],[28.1073873,36.4026622],[28.10717,36.4033514]]},"properties":{"class":"primary","name":"Βρυσιά - Αεροδρόμιο"}},{"type":"Feature","geometry":{"type":"LineString","coordinates":[[28.1106044,36.3944337],[28.112428,36.395839],[28.1144202,36.3966846],[28.1148165,36.397127],[28.1157122,36.3988779]]},"properties":{"class":"unclassified"}},{"type":"Feature","geometry":{"type":"LineString","coordinates":[[28.1081893,36.4075161],[28.1082114,36.4072857],[28.1075536,36.405991],[28.1074711,36.4054556],[28.1081128,36.4045452],[28.108605,36.4040368],[28.1096592,36.4022068],[28.1096993,36.4018974],[28.1094177,36.4008352],[28.1090945,36.400152]]},"properties":{"class":"unclassified"}},{"type":"Feature","geometry":{"type":"LineString","coordinates":[[28.1139471,36.4015043],[28.1131233,36.4013918],[28.1126491,36.4023497],[28.1124546,36.402538],[28.1114287,36.4025488],[28.1108406,36.4023648],[28.1104282,36.4026578],[28.109886,36.4026264],[28.1095572,36.4023923]]},"properties":{"class":"unclassified"}},{"type":"Feature","geometry":{"type":"LineString","coordinates":[[28.1215437,36.3972756],[28.1201156,36.3977591],[28.1188962,36.3979948],[28.1181486,36.3981107],[28.116562,36.3981947],[28.1160747,36.3984834],[28.1152974,36.3993658],[28.1141982,36.4009742],[28.1139471,36.4015043],[28.1138096,36.401929],[28.1135288,36.403588],[28.1135815,36.4044311],[28.112574,36.4067397]]},"properties":{"class":"secondary"}},{"type":"Feature","geometry":{"type":"LineString","coordinates":[[28.1090945,36.400152],[28.1089671,36.3997763],[28.1089772,36.399304],[28.1091367,36.3988987],[28.1091656,36.3983843],[28.1093399,36.3976249],[28.1095518,36.39715],[28.1098985,36.3959544],[28.109863,36.3955647],[28.1104215,36.395188],[28.1106009,36.3946744],[28.1105045,36.3933768]]},"properties":{"class":"unclassified"}},{"type":"Feature","geometry":{"type":"LineString","coordinates":[[28.1051188,36.3945878],[28.1076575,36.3943843],[28.1078339,36.3942493],[28.1079559,36.3942558],[28.1081323,36.3943524],[28.1083093,36.394741],[28.1089973,36.3948879],[28.1091475,36.3956889],[28.109863,36.3955647]]},"properties":{"class":"unclassified"}},{"type":"Feature","geometry":{"type":"LineString","coordinates":[[28.1021382,36.3915003],[28.102108,36.3918608],[28.1022569,36.3920789],[28.1033707,36.3930241],[28.1037851,36.3935833],[28.1046139,36.3943681],[28.1049331,36.3944517],[28.1051188,36.3945878],[28.1059724,36.3956333],[28.1063788,36.3967462],[28.1065042,36.3974009],[28.1063949,36.3977761],[28.1065886,36.3983601],[28.1065122,36.3989009],[28.106311,36.3992112],[28.1062913,36.3994638]]},"properties":{"class":"unclassified"}},{"type":"Feature","geometry":{"type":"LineString","coordinates":[[28.1068005,36.4020971],[28.1065933,36.4005945],[28.1061427,36.3999911],[28.1062913,36.3994638],[28.1069675,36.3994827],[28.107227,36.3993375],[28.1078097,36.3992058],[28.1090191,36.3991052]]},"properties":{"class":"unclassified"}},{"type":"Feature","geometry":{"type":"LineString","coordinates":[[28.1148165,36.397127],[28.1152208,36.3970008],[28.1154903,36.3965945],[28.1158805,36.3964213],[28.1157133,36.3959885],[28.1159277,36.3956206],[28.1162196,36.3953529],[28.1158958,36.3947306],[28.1157623,36.3942434],[28.1156716,36.3922],[28.1159381,36.3914179],[28.1160135,36.3908952],[28.115804,36.3903338]]},"properties":{"class":"unclassified"}},{"type":"Feature","geometry":{"type":"LineString","coordinates":[[28.109592,36.4008406],[28.1149205,36.3975368]]},"properties":{"class":"primary","name":"Βρυσιά - Αεροδρόμιο"}},{"type":"Feature","geometry":{"type":"LineString","coordinates":[[28.1092709,36.4010409],[28.109592,36.4008406]]},"properties":{"class":"primary","name":"Βρυσιά - Αεροδρόμιο"}},{"type":"Feature","geometry":{"type":"LineString","coordinates":[[28.1096564,36.4009124],[28.1093295,36.401114]]},"properties":{"class":"primary","name":"Βρυσιά - Αεροδρόμιο"}},{"type":"Feature","geometry":{"type":"LineString","coordinates":[[28.111143,36.3985544],[28.1116594,36.3985425],[28.1118625,36.3984092],[28.1125881,36.3984642],[28.1132539,36.3983104],[28.1135729,36.3983723]]},"properties":{"class":"unclassified"}},{"type":"Feature","geometry":{"type":"LineString","coordinates":[[28.1092373,36.398156],[28.1109633,36.3981884],[28.111143,36.3985544]]},"properties":{"class":"unclassified"}},{"type":"Feature","geometry":{"type":"LineString","coordinates":[[28.115804,36.3903338],[28.1157298,36.3898133],[28.1158551,36.3896804],[28.1172068,36.3900835],[28.1172545,36.3905929],[28.1175559,36.3908701],[28.118121,36.3911275],[28.1183204,36.3915974],[28.1188717,36.3920839],[28.1192172,36.3921744],[28.11919,36.3924251],[28.1192583,36.392595]]},"properties":{"class":"unclassified"}},{"type":"Feature","geometry":{"type":"LineString","coordinates":[[28.1245846,36.389207],[28.1246872,36.3891539]]},"properties":{"class":"primary","name":"Βρυσιά - Αεροδρόμιο"}},{"type":"Feature","geometry":{"type":"LineString","coordinates":[[28.1222,36.3904347],[28.1238598,36.3895733]]},"properties":{"class":"primary","name":"Βρυσιά - Αεροδρόμιο"}},{"type":"Feature","geometry":{"type":"LineString","coordinates":[[28.1255198,36.3900768],[28.1254243,36.3901747]]},"properties":{"class":"secondary","name":"Κρεμαστή - Μαριτσά","ref":"ΕΟ88"}},{"type":"Feature","geometry":{"type":"LineString","coordinates":[[28.1227728,36.3936896],[28.1226394,36.3935865]]},"properties":{"class":"unclassified"}},{"type":"Feature","geometry":{"type":"LineString","coordinates":[[28.1225594,36.3940274],[28.1226757,36.3930455],[28.1223099,36.3904808]]},"properties":{"class":"unclassified"}},{"type":"Feature","geometry":{"type":"LineString","coordinates":[[28.1223099,36.3904808],[28.122279,36.3903038]]},"properties":{"class":"unclassified"}},{"type":"Feature","geometry":{"type":"LineString","coordinates":[[28.1222,36.3904347],[28.1215193,36.3908412]]},"properties":{"class":"primary","name":"Βρυσιά - Αεροδρόμιο"}},{"type":"Feature","geometry":{"type":"LineString","coordinates":[[28.1238598,36.3895733],[28.1245846,36.389207]]},"properties":{"class":"primary","name":"Βρυσιά - Αεροδρόμιο"}},{"type":"Feature","geometry":{"type":"LineString","coordinates":[[28.1254243,36.3901747],[28.1245601,36.3911398],[28.1238642,36.3924535],[28.1227728,36.3936896],[28.12167,36.3956103],[28.1214838,36.3960333],[28.1214372,36.3964958],[28.1215735,36.3974224]]},"properties":{"class":"secondary","name":"Κρεμαστή - Μαριτσά","ref":"ΕΟ88"}},{"type":"Feature","geometry":{"type":"LineString","coordinates":[[28.1215193,36.3908412],[28.1206318,36.3913178],[28.1200362,36.3918166],[28.1162973,36.3964834],[28.1157296,36.3970991],[28.1151946,36.397484]]},"properties":{"class":"primary","name":"Βρυσιά - Αεροδρόμιο"}},{"type":"Feature","geometry":{"type":"LineString","coordinates":[[28.1151224,36.3974062],[28.1156342,36.3970392],[28.1161909,36.3964369],[28.1199488,36.3917517],[28.1205602,36.39124],[28.1214769,36.3907656]]},"properties":{"class":"primary","name":"Βρυσιά - Αεροδρόμιο"}},{"type":"Feature","geometry":{"type":"LineString","coordinates":[[28.1301498,36.4023356],[28.130099,36.4015892],[28.1301689,36.4009611],[28.1299863,36.4001958],[28.1303257,36.3998921],[28.1303514,36.3997136],[28.1301652,36.3991791],[28.1300243,36.3991042],[28.1298289,36.3991269],[28.1286233,36.3998556],[28.1278889,36.3998536],[28.1275446,36.3999848],[28.1271354,36.3998098]]},"properties":{"class":"unclassified"}},{"type":"Feature","geometry":{"type":"LineString","coordinates":[[28.1200375,36.4039933],[28.1203407,36.403942],[28.1208026,36.4033188],[28.1214023,36.4030294],[28.1220228,36.4024392],[28.1233117,36.4019708],[28.1234556,36.4017475]]},"properties":{"class":"unclassified"}},{"type":"Feature","geometry":{"type":"LineString","coordinates":[[28.1334235,36.3901616],[28.132537,36.3911467],[28.1322283,36.391339],[28.1302657,36.3915047],[28.1298701,36.391464],[28.1289526,36.3911636],[28.1286286,36.3912537],[28.1275893,36.3918879],[28.1266582,36.3927163],[28.1253902,36.3934826],[28.1249295,36.3938455],[28.121952,36.3977344]]},"properties":{"class":"secondary","name":"Διακλάδωση Παστίδας"}},{"type":"Feature","geometry":{"type":"LineString","coordinates":[[28.1161476,36.3990953],[28.1166176,36.3989778],[28.1171052,36.3995788],[28.1177171,36.3994955],[28.1180356,36.4011524],[28.1182071,36.4014162],[28.1184707,36.401497],[28.1188129,36.4020961]]},"properties":{"class":"unclassified"}},{"type":"Feature","geometry":{"type":"LineString","coordinates":[[28.119858,36.4056272],[28.120161,36.4030146],[28.1209055,36.3999532],[28.1215118,36.3983558]]},"properties":{"class":"secondary","name":"Κρεμαστή - Μαριτσά","ref":"ΕΟ88"}},{"type":"Feature","geometry":{"type":"LineString","coordinates":[[28.1196958,36.3982171],[28.1209554,36.3978325],[28.1216251,36.3977789]]},"properties":{"class":"unclassified"}},{"type":"Feature","geometry":{"type":"LineString","coordinates":[[28.1214769,36.3907656],[28.1222,36.3904347]]},"properties":{"class":"primary","name":"Βρυσιά - Αεροδρόμιο"}},{"type":"Feature","geometry":{"type":"LineString","coordinates":[[28.1150419,36.4005143],[28.1161476,36.3990953]]},"properties":{"class":"unclassified"}},{"type":"Feature","geometry":{"type":"LineString","coordinates":[[28.1160337,36.3990317],[28.1158064,36.3989237]]},"properties":{"class":"unclassified"}},{"type":"Feature","geometry":{"type":"LineString","coordinates":[[28.1151946,36.397484],[28.1149866,36.3976184]]},"properties":{"class":"primary","name":"Βρυσιά - Αεροδρόμιο"}},{"type":"Feature","geometry":{"type":"LineString","coordinates":[[28.1196958,36.3982171],[28.1174217,36.3985497],[28.1166176,36.3989778]]},"properties":{"class":"unclassified"}},{"type":"Feature","geometry":{"type":"LineString","coordinates":[[28.1158064,36.3989237],[28.1157122,36.3988779]]},"properties":{"class":"unclassified"}},{"type":"Feature","geometry":{"type":"LineString","coordinates":[[28.1161476,36.3990953],[28.1160337,36.3990317]]},"properties":{"class":"unclassified"}},{"type":"Feature","geometry":{"type":"LineString","coordinates":[[28.1216102,36.3976397],[28.1215735,36.3974224]]},"properties":{"class":"secondary","name":"Κρεμαστή - Μαριτσά","ref":"ΕΟ88"}},{"type":"Feature","geometry":{"type":"LineString","coordinates":[[28.1271354,36.3998098],[28.1254594,36.4008624],[28.1247378,36.4011662],[28.1239965,36.4016326],[28.1234556,36.4017475]]},"properties":{"class":"unclassified"}},{"type":"Feature","geometry":{"type":"LineString","coordinates":[[28.1216323,36.3978675],[28.1216199,36.3977204]]},"properties":{"class":"secondary","name":"Κρεμαστή - Μαριτσά","ref":"ΕΟ88"}},{"type":"Feature","geometry":{"type":"LineString","coordinates":[[28.1217492,36.3978018],[28.1218121,36.3979179]]},"properties":{"class":"secondary","ref":"ΕΟ88"}},{"type":"Feature","geometry":{"type":"LineString","coordinates":[[28.121952,36.3977344],[28.1218121,36.3979179]]},"properties":{"class":"secondary","name":"Διακλάδωση Παστίδας"}},{"type":"Feature","geometry":{"type":"LineString","coordinates":[[28.1218121,36.3979179],[28.1216863,36.3979478],[28.1216323,36.3978675]]},"properties":{"class":"secondary","ref":"ΕΟ88"}},{"type":"Feature","geometry":{"type":"LineString","coordinates":[[28.1216323,36.3978675],[28.1217492,36.3978018]]},"properties":{"class":"secondary","ref":"ΕΟ88"}},{"type":"Feature","geometry":{"type":"LineString","coordinates":[[28.1218121,36.3979179],[28.1215118,36.3983558]]},"properties":{"class":"secondary","name":"Διακλάδωση Παστίδας","ref":"ΕΟ88"}},{"type":"Feature","geometry":{"type":"LineString","coordinates":[[28.1215118,36.3983558],[28.1216323,36.3978675]]},"properties":{"class":"secondary","name":"Κρεμαστή - Μαριτσά","ref":"ΕΟ88"}},{"type":"Feature","geometry":{"type":"LineString","coordinates":[[28.1216199,36.3977204],[28.1216102,36.3976397]]},"properties":{"class":"secondary","name":"Κρεμαστή - Μαριτσά","ref":"ΕΟ88"}},{"type":"Feature","geometry":{"type":"LineString","coordinates":[[28.1307185,36.3810677],[28.1305123,36.3809994],[28.1302191,36.3806308],[28.1299681,36.3798207],[28.1299923,36.3796344],[28.1302551,36.3791446],[28.1305622,36.3778688],[28.1302583,36.3774874],[28.1303555,36.3764602]]},"properties":{"class":"unclassified"}},{"type":"Feature","geometry":{"type":"LineString","coordinates":[[28.1383563,36.3817116],[28.138579,36.3816663]]},"properties":{"class":"primary","name":"Βρυσιά - Αεροδρόμιο"}},{"type":"Feature","geometry":{"type":"LineString","coordinates":[[28.1392711,36.3823188],[28.1382918,36.3815297],[28.1382843,36.3813016],[28.1385081,36.3811246]]},"properties":{"class":"unclassified"}},{"type":"Feature","geometry":{"type":"LineString","coordinates":[[28.1349456,36.3822354],[28.1354271,36.3816815],[28.1355773,36.3812615]]},"properties":{"class":"unclassified"}},{"type":"Feature","geometry":{"type":"LineString","coordinates":[[28.1355773,36.3812615],[28.1360789,36.3810607],[28.1359649,36.380753],[28.135993,36.3805484],[28.136331,36.3800695],[28.1365697,36.3794293],[28.1365845,36.379243],[28.1363618,36.3788257],[28.1362841,36.3783106],[28.1363136,36.3781136],[28.1365347,36.377755]]},"properties":{"class":"unclassified"}},{"type":"Feature","geometry":{"type":"LineString","coordinates":[[28.1364729,36.3820404],[28.1383563,36.3817116]]},"properties":{"class":"primary","name":"Βρυσιά - Αεροδρόμιο"}},{"type":"Feature","geometry":{"type":"LineString","coordinates":[[28.1361711,36.3820914],[28.1364729,36.3820404]]},"properties":{"class":"primary","name":"Βρυσιά - Αεροδρόμιο"}},{"type":"Feature","geometry":{"type":"LineString","coordinates":[[28.1385081,36.3811246],[28.1385835,36.381079]]},"properties":{"class":"unclassified"}},{"type":"Feature","geometry":{"type":"LineString","coordinates":[[28.1353581,36.3867225],[28.1347853,36.3859725],[28.1346683,36.3855791],[28.1339686,36.3850749],[28.1339362,36.3849311]]},"properties":{"class":"unclassified"}},{"type":"Feature","geometry":{"type":"LineString","coordinates":[[28.1321133,36.3827187],[28.132082,36.3824038],[28.1307185,36.3810677]]},"properties":{"class":"unclassified"}},{"type":"Feature","geometry":{"type":"LineString","coordinates":[[28.138579,36.3816663],[28.1392638,36.3814109],[28.1435968,36.3783328]]},"properties":{"class":"primary","name":"Βρυσιά - Αεροδρόμιο"}},{"type":"Feature","geometry":{"type":"LineString","coordinates":[[28.1369603,36.3868737],[28.1374811,36.3861121],[28.1385644,36.3830745],[28.1392711,36.3823188]]},"properties":{"class":"secondary"}},{"type":"Feature","geometry":{"type":"LineString","coordinates":[[28.1376009,36.3872653],[28.1369784,36.3882872],[28.1369784,36.3890476],[28.136799,36.3893546],[28.1367809,36.3896137]]},"properties":{"class":"unclassified","name":"Αγίου Ιωάννη"}},{"type":"Feature","geometry":{"type":"LineString","coordinates":[[28.1339362,36.3849311],[28.1343395,36.3848245],[28.1346023,36.3844498],[28.134955,36.384221],[28.1352742,36.3838755],[28.1353345,36.3834252],[28.1351143,36.3828178]]},"properties":{"class":"unclassified"}},{"type":"Feature","geometry":{"type":"LineString","coordinates":[[28.1383979,36.3878414],[28.1392875,36.3877552],[28.1434127,36.3879673],[28.1442886,36.3881924]]},"properties":{"class":"unclassified","name":"Ελευθερίας"}},{"type":"Feature","geometry":{"type":"LineString","coordinates":[[28.1406811,36.3859591],[28.1407074,36.3856168],[28.1410948,36.3855255],[28.1412601,36.3852279],[28.1413843,36.3851593],[28.144408,36.385048],[28.1448568,36.3848995],[28.145407,36.3844935],[28.1462695,36.3843387]]},"properties":{"class":"unclassified","name":"Εθνικής Αντίστασης"}},{"type":"Feature","geometry":{"type":"LineString","coordinates":[[28.1392711,36.3823188],[28.1404834,36.3810452],[28.1413575,36.3800286],[28.1413477,36.3799482]]},"properties":{"class":"secondary"}},{"type":"Feature","geometry":{"type":"LineString","coordinates":[[28.1349904,36.382401],[28.1349456,36.3822354]]},"properties":{"class":"unclassified"}},{"type":"Feature","geometry":{"type":"LineString","coordinates":[[28.1340673,36.3824468],[28.1361711,36.3820914]]},"properties":{"class":"primary","name":"Βρυσιά - Αεροδρόμιο"}},{"type":"Feature","geometry":{"type":"LineString","coordinates":[[28.1369603,36.3868737],[28.1366547,36.3867568],[28.1362729,36.3867863],[28.1350751,36.3878575],[28.1349686,36.3880916],[28.1352352,36.3887403],[28.1351923,36.3889117],[28.1338969,36.3897011],[28.1334979,36.3900801]]},"properties":{"class":"secondary","name":"Διακλάδωση Παστίδας"}},{"type":"Feature","geometry":{"type":"LineString","coordinates":[[28.1321507,36.3829295],[28.1321133,36.3827187]]},"properties":{"class":"unclassified"}},{"type":"Feature","geometry":{"type":"LineString","coordinates":[[28.1297003,36.3841991],[28.1298393,36.3840538]]},"properties":{"class":"primary","name":"Βρυσιά - Αεροδρόμιο"}},{"type":"Feature","geometry":{"type":"LineString","coordinates":[[28.1298393,36.3840538],[28.1304592,36.3834963],[28.1311376,36.3831008],[28.1319462,36.3828379],[28.1334503,36.3825501]]},"properties":{"class":"primary","name":"Βρυσιά - Αεροδρόμιο"}},{"type":"Feature","geometry":{"type":"LineString","coordinates":[[28.1287947,36.3861455],[28.1288785,36.3859441]]},"properties":{"class":"primary","name":"Βρυσιά - Αεροδρόμιο"}},{"type":"Feature","geometry":{"type":"LineString","coordinates":[[28.1288785,36.3859441],[28.1294082,36.3846334],[28.1297003,36.3841991]]},"properties":{"class":"primary","name":"Βρυσιά - Αεροδρόμιο"}},{"type":"Feature","geometry":{"type":"LineString","coordinates":[[28.1334503,36.3825501],[28.1340673,36.3824468]]},"properties":{"class":"primary","name":"Βρυσιά - Αεροδρόμιο"}},{"type":"Feature","geometry":{"type":"LineString","coordinates":[[28.1339362,36.3849311],[28.1337499,36.3848287],[28.1331606,36.3841842],[28.132758,36.3833898],[28.1321507,36.3829295]]},"properties":{"class":"unclassified"}},{"type":"Feature","geometry":{"type":"LineString","coordinates":[[28.1351143,36.3828178],[28.1349904,36.382401]]},"properties":{"class":"unclassified"}},{"type":"Feature","geometry":{"type":"LineString","coordinates":[[28.1377264,36.3873336],[28.1381978,36.3871959],[28.1386226,36.3872178]]},"properties":{"class":"unclassified"}},{"type":"Feature","geometry":{"type":"LineString","coordinates":[[28.1386226,36.3872178],[28.1387806,36.3866844],[28.1391554,36.3865827],[28.1394952,36.3863384],[28.1399523,36.3862788],[28.1406811,36.3859591]]},"properties":{"class":"unclassified","name":"Καραϊσκάκη"}},{"type":"Feature","geometry":{"type":"LineString","coordinates":[[28.1510939,36.3884807],[28.1521446,36.3890804],[28.1524175,36.3895225],[28.1524276,36.3897751]]},"properties":{"class":"unclassified"}},{"type":"Feature","geometry":{"type":"LineString","coordinates":[[28.1510939,36.3884807],[28.1508116,36.3883614],[28.1502483,36.387929],[28.1499291,36.3879554],[28.1497253,36.3882064],[28.14973,36.3884089],[28.1496361,36.3885492],[28.1490983,36.3888677],[28.1485572,36.3894966]]},"properties":{"class":"unclassified"}},{"type":"Feature","geometry":{"type":"LineString","coordinates":[[28.1483034,36.3847654],[28.1479775,36.3846712],[28.1474247,36.3847283],[28.1465349,36.3846561],[28.1462695,36.3843387]]},"properties":{"class":"unclassified"}},{"type":"Feature","geometry":{"type":"LineString","coordinates":[[28.1485572,36.3894966],[28.1478229,36.3892779],[28.1472851,36.388845],[28.147025,36.3887479],[28.1448054,36.3884423],[28.1442886,36.3881924]]},"properties":{"class":"unclassified","name":"Ελευθερίας"}},{"type":"Feature","geometry":{"type":"LineString","coordinates":[[28.1510939,36.3884807],[28.1505883,36.3880132],[28.150487,36.3875965],[28.1508082,36.3874259],[28.1509276,36.3872456],[28.1509852,36.3869071],[28.1509155,36.386458],[28.15111,36.3861336],[28.1514473,36.3858269],[28.1514325,36.3857319],[28.1507787,36.3858653],[28.1502999,36.3858512],[28.149219,36.3850588],[28.1487791,36.3848105],[28.1484774,36.3847575]]},"properties":{"class":"unclassified"}},{"type":"Feature","geometry":{"type":"LineString","coordinates":[[28.1484774,36.3847575],[28.1483034,36.3847654]]},"properties":{"class":"unclassified"}},{"type":"Feature","geometry":{"type":"LineString","coordinates":[[28.1334979,36.3900801],[28.1334235,36.3901616]]},"properties":{"class":"secondary","name":"Διακλάδωση Παστίδας"}},{"type":"Feature","geometry":{"type":"LineString","coordinates":[[28.1397696,36.3938283],[28.1392305,36.3927067],[28.1388234,36.3922139],[28.137829,36.3918851],[28.1375541,36.3916681],[28.1371786,36.3909351],[28.1367809,36.3896137]]},"properties":{"class":"unclassified","name":"Αγίου Ιωάννη"}},{"type":"Feature","geometry":{"type":"LineString","coordinates":[[28.137894,36.3952392],[28.1392519,36.3945095],[28.1395449,36.3940086],[28.1397696,36.3938283]]},"properties":{"class":"unclassified"}},{"type":"Feature","geometry":{"type":"LineString","coordinates":[[28.1498829,36.402979],[28.1497394,36.4020334],[28.1498507,36.4018413],[28.1505201,36.4014636],[28.1507492,36.4012433],[28.1507814,36.4010058],[28.1506392,36.4008871],[28.1503154,36.4008654],[28.1485082,36.4014365],[28.1482789,36.401661],[28.1481434,36.4026314],[28.1479122,36.4028557],[28.1471282,36.4029379],[28.1465891,36.4031517],[28.1457864,36.4029423],[28.1457211,36.4028645],[28.1458656,36.4027814],[28.1465965,36.4028613],[28.1473918,36.4024036],[28.1473924,36.4021165],[28.1471805,36.4014462],[28.1472047,36.401158],[28.1474863,36.4005362],[28.1480066,36.399813],[28.1481542,36.399731],[28.1489722,36.3997504],[28.1498131,36.3994989],[28.1508666,36.3994141],[28.1519897,36.3996295],[28.1534944,36.3996905],[28.1541033,36.4000481],[28.1542277,36.3999941],[28.1541945,36.3998297],[28.1537412,36.3995518],[28.1522633,36.3993715],[28.1510577,36.3990358],[28.1491224,36.3989127],[28.1482011,36.3990693],[28.1473844,36.3990336],[28.1470987,36.3991308],[28.1453054,36.4004935],[28.1449436,36.4005934],[28.1435153,36.4005751],[28.1426684,36.4009905],[28.1422409,36.4011159],[28.141097,36.4010509],[28.1408438,36.4012357],[28.1406279,36.4017484],[28.1404135,36.4018351],[28.1402848,36.4017849],[28.1402363,36.4016772],[28.1404888,36.4009049],[28.1406393,36.4007217],[28.1410193,36.4006581],[28.1419033,36.4007381],[28.1425698,36.4005567],[28.1427864,36.4002906],[28.1429498,36.3996183]]},"properties":{"class":"unclassified"}},{"type":"Feature","geometry":{"type":"LineString","coordinates":[[28.134666,36.4002998],[28.1341664,36.4005303],[28.1342952,36.4009918],[28.1340578,36.4014624],[28.1326195,36.4023896],[28.132427,36.4026692],[28.1323479,36.4028829],[28.1322711,36.4041866],[28.1320462,36.4046391],[28.1318973,36.4053903]]},"properties":{"class":"unclassified"}},{"type":"Feature","geometry":{"type":"LineString","coordinates":[[28.1366113,36.3959998],[28.1369097,36.3955026],[28.1373982,36.3952673],[28.137894,36.3952392]]},"properties":{"class":"unclassified"}},{"type":"Feature","geometry":{"type":"LineString","coordinates":[[28.1366113,36.3959998],[28.135981,36.3964229],[28.1355511,36.3964666],[28.1351797,36.3966906],[28.1350898,36.3971942],[28.1341061,36.3974015],[28.1338634,36.3977771],[28.1338714,36.39806],[28.1340618,36.3986126],[28.1347056,36.4000451],[28.134666,36.4002998],[28.13536,36.4005773],[28.1352822,36.4009205],[28.1349148,36.4013156],[28.1351629,36.4017468],[28.1350744,36.402178],[28.135297,36.4024285],[28.1353627,36.4036914]]},"properties":{"class":"unclassified"}},{"type":"Feature","geometry":{"type":"LineString","coordinates":[[28.1301498,36.4023356],[28.1303617,36.402069],[28.1308486,36.4017911],[28.1314641,36.4016389],[28.132197,36.4016405],[28.1327261,36.4014753],[28.1329025,36.4012891],[28.1329159,36.4007969],[28.13306,36.4006361],[28.1332418,36.4001941],[28.134084,36.4001471],[28.1345929,36.3998054]]},"properties":{"class":"unclassified"}},{"type":"Feature","geometry":{"type":"LineString","coordinates":[[28.1374662,36.3955755],[28.1370706,36.3958513],[28.1366113,36.3959998]]},"properties":{"class":"unclassified"}},{"type":"Feature","geometry":{"type":"LineString","coordinates":[[28.1524276,36.3897751],[28.1521158,36.3900002],[28.1513084,36.3896644],[28.1506406,36.3900585],[28.1494021,36.3902652],[28.1489682,36.3900088],[28.1485572,36.3894966]]},"properties":{"class":"unclassified"}},{"type":"Feature","geometry":{"type":"LineString","coordinates":[[28.1507814,36.4010058],[28.1515807,36.4011731],[28.1525771,36.4011796],[28.1530237,36.4016297],[28.1536581,36.4016966],[28.1541181,36.4023756],[28.1545807,36.4025979],[28.1548655,36.4025028],[28.1550354,36.402014],[28.1555893,36.4016621],[28.1557783,36.4014376],[28.1558984,36.4014921],[28.1560144,36.4017258],[28.1562974,36.4018272],[28.1570068,36.4015703]]},"properties":{"class":"unclassified"}},{"type":"Feature","geometry":{"type":"LineString","coordinates":[[28.1542294,36.3998886],[28.1544,36.3998932]]},"properties":{"class":"unclassified"}},{"type":"Feature","geometry":{"type":"LineString","coordinates":[[28.1524276,36.3897751],[28.1527119,36.3898944],[28.1533597,36.3899532],[28.1540336,36.3897692],[28.1545056,36.3899441],[28.1547799,36.3901481]]},"properties":{"class":"unclassified"}},{"type":"Feature","geometry":{"type":"LineString","coordinates":[[28.1429498,36.3996183],[28.1430271,36.3992113]]},"properties":{"class":"unclassified"}},{"type":"Feature","geometry":{"type":"LineString","coordinates":[[28.1647973,36.3622207],[28.1651232,36.3624778],[28.1654648,36.3632848]]},"properties":{"class":"unclassified"}},{"type":"Feature","geometry":{"type":"LineString","coordinates":[[28.2253351,36.4000906],[28.2248996,36.3998499],[28.2245261,36.3997533],[28.2205584,36.3991594],[28.2204196,36.3991902],[28.2199529,36.3996203],[28.2182436,36.3998119],[28.2182892,36.4000116],[28.2176971,36.4001708],[28.2173082,36.400153],[28.2168013,36.3998886],[28.2161891,36.3998945],[28.2160006,36.3999431],[28.2157405,36.4001795],[28.215432,36.4001471],[28.2148895,36.400316],[28.2137858,36.4002523],[28.2129134,36.400057],[28.2114563,36.4002685],[28.2110023,36.400078],[28.210537,36.4002629],[28.2103103,36.4001368],[28.2099449,36.3996972],[28.2091657,36.3995518],[28.2082816,36.3996393],[28.2078198,36.3995741],[28.2070455,36.3996098],[28.2055923,36.3997342],[28.2047582,36.399921]]},"properties":{"class":"unclassified","name":"Οδυσσέα Ελύτη"}},{"type":"Feature","geometry":{"type":"LineString","coordinates":[[28.1984655,36.3932908],[28.1978859,36.3931327],[28.1971715,36.3931738],[28.1957636,36.3935359],[28.193752,36.3944745],[28.1935017,36.3944788],[28.1930073,36.3943132],[28.1927935,36.3943383],[28.1908355,36.3950875],[28.1900604,36.3952866],[28.1896285,36.395164],[28.1891181,36.3943884],[28.18893,36.3942824],[28.1886507,36.3943458],[28.1877262,36.395028],[28.1874687,36.3950952],[28.1865598,36.3948023],[28.1854339,36.3947464],[28.1845773,36.3944409],[28.1837346,36.3943685],[28.1833718,36.3944411],[28.1825002,36.3948864],[28.1810869,36.395998],[28.180787,36.3962896],[28.1803493,36.3970439],[28.1795638,36.3978506],[28.1774412,36.3990909],[28.177122,36.3997763],[28.177294,36.400664],[28.1772117,36.4009253],[28.1759308,36.401175],[28.175884,36.4013169]]},"properties":{"class":"secondary","name":"Νικηφ. Βρετάκου"}},{"type":"Feature","geometry":{"type":"LineString","coordinates":[[28.1764796,36.3627877],[28.1763831,36.3620857],[28.1765004,36.3610371],[28.1771488,36.360442],[28.1772843,36.3599895],[28.1772638,36.3595453],[28.1773569,36.3593603]]},"properties":{"class":"unclassified"}},{"type":"Feature","geometry":{"type":"LineString","coordinates":[[28.1792705,36.3613573],[28.1790116,36.3617979],[28.1788514,36.3624697],[28.1786113,36.3627259],[28.179245,36.3635642],[28.1794066,36.3636744],[28.1797352,36.3642384],[28.1803682,36.3648407],[28.1808409,36.3650934],[28.1814618,36.3650254],[28.1819607,36.3647764]]},"properties":{"class":"unclassified"}},{"type":"Feature","geometry":{"type":"LineString","coordinates":[[28.1856984,36.3601817],[28.1846289,36.360766],[28.1842554,36.3608864],[28.1836438,36.3609161],[28.183279,36.3608556],[28.1814001,36.3600856],[28.180966,36.360033],[28.1807993,36.3601256],[28.180563,36.3605955],[28.1797876,36.3607511],[28.1792705,36.3613573]]},"properties":{"class":"unclassified"}},{"type":"Feature","geometry":{"type":"LineString","coordinates":[[28.1792705,36.3613573],[28.1791384,36.3610797],[28.1784437,36.3604334],[28.1778315,36.3596196],[28.1775606,36.3593993],[28.1773569,36.3593603]]},"properties":{"class":"unclassified"}},{"type":"Feature","geometry":{"type":"LineString","coordinates":[[28.1654648,36.3632848],[28.1656046,36.3635588],[28.1654906,36.3640696],[28.1655483,36.3644508],[28.1660137,36.3653018],[28.1670812,36.3659865],[28.1675063,36.366358],[28.1679821,36.3665652],[28.1689246,36.3671623],[28.1698363,36.367404]]},"properties":{"class":"unclassified"}},{"type":"Feature","geometry":{"type":"LineString","coordinates":[[28.176377,36.3654113],[28.1764582,36.3642705],[28.1763603,36.3634314],[28.1764796,36.3627877]]},"properties":{"class":"unclassified"}},{"type":"Feature","geometry":{"type":"LineString","coordinates":[[28.1813579,36.3703017],[28.1811862,36.3696074],[28.1807571,36.3692197],[28.1803961,36.3691],[28.1791798,36.368988],[28.1785201,36.3688477],[28.1778187,36.3684665],[28.1770281,36.3668871],[28.1767371,36.3658947],[28.176377,36.3654113]]},"properties":{"class":"unclassified"}},{"type":"Feature","geometry":{"type":"LineString","coordinates":[[28.1916373,36.3738161],[28.1915272,36.3740558],[28.1912144,36.374241],[28.1908616,36.374634],[28.1896392,36.3752997],[28.1891578,36.3757689],[28.1886592,36.3759705],[28.1885254,36.3765004],[28.1883042,36.3768298],[28.1878078,36.3769734],[28.1870583,36.3769043],[28.1862626,36.3770437],[28.1854664,36.3772708],[28.1836693,36.3780175],[28.1824079,36.3786993],[28.1822135,36.3789264],[28.1820275,36.3793809],[28.1809948,36.3801443],[28.1808248,36.3801141],[28.1806176,36.3798779],[28.180426,36.3798162],[28.1796721,36.3798417],[28.1789453,36.3801216],[28.17793,36.3798039],[28.1761216,36.3795523],[28.174869,36.3794357],[28.1741769,36.3795556],[28.174012,36.3794757],[28.1738616,36.3791475],[28.1737156,36.3790589],[28.1726105,36.3788052],[28.1721251,36.3785341],[28.1721747,36.3779953],[28.1712252,36.3777297],[28.1706981,36.3773659],[28.1700839,36.3771035],[28.1696467,36.3770149],[28.1691773,36.3771834],[28.1684451,36.3769296],[28.1680253,36.3770797],[28.1675693,36.376989]]},"properties":{"class":"unclassified"}},{"type":"Feature","geometry":{"type":"LineString","coordinates":[[28.1807933,36.3699805],[28.1801757,36.3708951],[28.1792494,36.3743144],[28.17928,36.37447],[28.1793838,36.3745169],[28.1801197,36.3743865],[28.1806082,36.3744538]]},"properties":{"class":"unclassified"}},{"type":"Feature","geometry":{"type":"LineString","coordinates":[[28.1698363,36.367404],[28.1713311,36.3665697],[28.1723961,36.3665896],[28.172615,36.3665294],[28.1728917,36.366287],[28.173151,36.3657003],[28.1731698,36.3655427],[28.1729767,36.3651992],[28.1730129,36.3650588],[28.1731939,36.3649271],[28.1739584,36.3648256],[28.1744505,36.3644238],[28.1747402,36.3644481],[28.176377,36.3654113]]},"properties":{"class":"unclassified"}},{"type":"Feature","geometry":{"type":"LineString","coordinates":[[28.1814431,36.35054],[28.181543,36.3513603],[28.1814916,36.3516375],[28.1807772,36.3524172]]},"properties":{"class":"unclassified"}},{"type":"Feature","geometry":{"type":"LineString","coordinates":[[28.1857091,36.3502953],[28.1845075,36.3498465],[28.1837759,36.3497515],[28.1833853,36.3495876],[28.1828834,36.3499084],[28.1823798,36.3499826],[28.1819882,36.3502651],[28.1815108,36.3504257],[28.1814431,36.35054]]},"properties":{"class":"unclassified"}},{"type":"Feature","geometry":{"type":"LineString","coordinates":[[28.1931281,36.3532959],[28.1928844,36.3536369],[28.1922618,36.3538213],[28.1918098,36.3537868],[28.1914433,36.3542323],[28.1907906,36.3545612],[28.1899135,36.3545504],[28.1892755,36.354331]]},"properties":{"class":"unclassified"}},{"type":"Feature","geometry":{"type":"LineString","coordinates":[[28.1887085,36.3501047],[28.1885464,36.3497925]]},"properties":{"class":"secondary","name":"Ρόδος - Καλυθιές"}},{"type":"Feature","geometry":{"type":"LineString","coordinates":[[28.1918809,36.3584418],[28.1912697,36.3574575],[28.1897056,36.3552722],[28.1887566,36.3531395],[28.1886491,36.3527573],[28.1886631,36.3524542],[28.1890208,36.3509652],[28.1889366,36.3505642],[28.1887085,36.3501047]]},"properties":{"class":"secondary","name":"Ρόδος - Καλυθιές"}},{"type":"Feature","geometry":{"type":"LineString","coordinates":[[28.1891166,36.353964],[28.1885308,36.3547383],[28.1881499,36.3557136],[28.187869,36.3571169],[28.1874754,36.3579882],[28.1870931,36.3585304],[28.186544,36.3587286],[28.1865165,36.3592929],[28.1863485,36.3597249],[28.1861282,36.3599544],[28.1856984,36.3601817]]},"properties":{"class":"unclassified"}},{"type":"Feature","geometry":{"type":"LineString","coordinates":[[28.1888476,36.353348],[28.1885429,36.3533083],[28.1879947,36.3529718],[28.1873634,36.3520775],[28.1868296,36.3521045],[28.1867445,36.3510952],[28.1861483,36.3505032],[28.1857091,36.3502953]]},"properties":{"class":"unclassified"}},{"type":"Feature","geometry":{"type":"LineString","coordinates":[[28.1974203,36.3734681],[28.1942534,36.3661356],[28.193997,36.3650908],[28.1934244,36.3618547],[28.1924383,36.3596283]]},"properties":{"class":"primary","name":"Ρόδου - Λίνδου","ref":"ΕΟ95"}},{"type":"Feature","geometry":{"type":"LineString","coordinates":[[28.1921561,36.358398],[28.1924401,36.3573472],[28.1950036,36.3508261]]},"properties":{"class":"primary","name":"Ρόδου - Λίνδου","ref":"ΕΟ95"}},{"type":"Feature","geometry":{"type":"LineString","coordinates":[[28.1922847,36.3586283],[28.1924187,36.3593436],[28.1931983,36.3609531],[28.1935257,36.3618557],[28.1940944,36.365082],[28.1943431,36.3661064],[28.1972235,36.3727537]]},"properties":{"class":"primary","name":"Ρόδου - Λίνδου","ref":"ΕΟ95"}},{"type":"Feature","geometry":{"type":"LineString","coordinates":[[28.1931983,36.3609531],[28.1936511,36.3601007],[28.1938831,36.3593998],[28.1939063,36.3586913]]},"properties":{"class":"unclassified"}},{"type":"Feature","geometry":{"type":"LineString","coordinates":[[28.1939412,36.3535108],[28.1931281,36.3532959]]},"properties":{"class":"unclassified"}},{"type":"Feature","geometry":{"type":"LineString","coordinates":[[28.1922847,36.3586283],[28.1921571,36.3586296]]},"properties":{"class":"secondary","name":"Ρόδος - Καλυθιές"}},{"type":"Feature","geometry":{"type":"LineString","coordinates":[[28.1918809,36.3584418],[28.1919696,36.3585431],[28.1921541,36.358576]]},"properties":{"class":"secondary","name":"Ρόδος - Καλυθιές"}},{"type":"Feature","geometry":{"type":"LineString","coordinates":[[28.1922822,36.3585718],[28.1922847,36.3586283]]},"properties":{"class":"primary","name":"Ρόδου - Λίνδου","ref":"ΕΟ95"}},{"type":"Feature","geometry":{"type":"LineString","coordinates":[[28.1921541,36.358576],[28.1922822,36.3585718]]},"properties":{"class":"secondary","name":"Ρόδος - Καλυθιές"}},{"type":"Feature","geometry":{"type":"LineString","coordinates":[[28.1921541,36.358576],[28.1921561,36.358398]]},"properties":{"class":"primary","name":"Ρόδου - Λίνδου","ref":"ΕΟ95"}},{"type":"Feature","geometry":{"type":"LineString","coordinates":[[28.1921571,36.3586296],[28.1921541,36.358576]]},"properties":{"class":"primary","name":"Ρόδου - Λίνδου","ref":"ΕΟ95"}},{"type":"Feature","geometry":{"type":"LineString","coordinates":[[28.1921571,36.3586296],[28.1919502,36.35859]]},"properties":{"class":"secondary","name":"Ρόδος - Καλυθιές"}},{"type":"Feature","geometry":{"type":"LineString","coordinates":[[28.1919502,36.35859],[28.1918809,36.3584418]]},"properties":{"class":"secondary","name":"Ρόδος - Καλυθιές"}},{"type":"Feature","geometry":{"type":"LineString","coordinates":[[28.1924383,36.3596283],[28.1922255,36.3590936]]},"properties":{"class":"primary","name":"Ρόδου - Λίνδου","ref":"ΕΟ95"}},{"type":"Feature","geometry":{"type":"LineString","coordinates":[[28.1922255,36.3590936],[28.1921571,36.3586296]]},"properties":{"class":"primary","name":"Ρόδου - Λίνδου","ref":"ΕΟ95"}},{"type":"Feature","geometry":{"type":"LineString","coordinates":[[28.1924261,36.357799],[28.1922822,36.3585718]]},"properties":{"class":"primary","name":"Ρόδου - Λίνδου","ref":"ΕΟ95"}},{"type":"Feature","geometry":{"type":"LineString","coordinates":[[28.1990075,36.3496127],[28.1990176,36.3498179],[28.1983129,36.3509071],[28.1982484,36.3512885],[28.1984644,36.3520575],[28.1985998,36.3522736],[28.1993428,36.3529691],[28.1995735,36.3535362],[28.1999838,36.3539531]]},"properties":{"class":"unclassified"}},{"type":"Feature","geometry":{"type":"LineString","coordinates":[[28.1993428,36.3529691],[28.1981747,36.3534217],[28.1979346,36.3534012],[28.1976718,36.3531868],[28.1972185,36.3533936],[28.1967679,36.3533034],[28.1965298,36.3533358],[28.1962737,36.3536091],[28.1961872,36.3538802]]},"properties":{"class":"unclassified"}},{"type":"Feature","geometry":{"type":"LineString","coordinates":[[28.1950036,36.3508261],[28.1953571,36.3499157]]},"properties":{"class":"primary","name":"Ρόδου - Λίνδου","ref":"ΕΟ95"}},{"type":"Feature","geometry":{"type":"LineString","coordinates":[[28.1946532,36.3520008],[28.1950097,36.3520467],[28.1954201,36.3523351]]},"properties":{"class":"unclassified"}},{"type":"Feature","geometry":{"type":"LineString","coordinates":[[28.2048931,36.3501402],[28.2051887,36.3499731]]},"properties":{"class":"tertiary","name":"Panaetiou"}},{"type":"Feature","geometry":{"type":"LineString","coordinates":[[28.2054004,36.3501117],[28.2048931,36.3501402]]},"properties":{"class":"tertiary","name":"Panaetiou"}},{"type":"Feature","geometry":{"type":"LineString","coordinates":[[28.2051887,36.3499731],[28.2054004,36.3501117]]},"properties":{"class":"secondary","name":"Καλλιθέας"}},{"type":"Feature","geometry":{"type":"LineString","coordinates":[[28.1999838,36.3539531],[28.200126,36.3541724],[28.200354,36.3551855],[28.2005136,36.3554976],[28.2004733,36.3557579],[28.2001314,36.3560393],[28.1996807,36.35617],[28.1991953,36.3565993],[28.198754,36.3564729],[28.1983256,36.3565901],[28.1981693,36.3569244],[28.197814,36.3572623],[28.1975283,36.357952],[28.197594,36.3581427],[28.1978944,36.3583673],[28.197877,36.3585703],[28.1976208,36.3589203],[28.1969301,36.3592626],[28.1970508,36.3599139],[28.1968644,36.3600802],[28.1959317,36.3602778],[28.1957687,36.3604641],[28.1958452,36.3606245],[28.1966157,36.3609863],[28.1967779,36.3618033]]},"properties":{"class":"unclassified"}},{"type":"Feature","geometry":{"type":"LineString","coordinates":[[28.1967779,36.3618033],[28.1965439,36.3619939],[28.1959163,36.3631738],[28.1954174,36.3637213],[28.195357,36.3639875],[28.1954341,36.3645669],[28.1953765,36.3646749],[28.1950399,36.3647538],[28.1940396,36.3647617]]},"properties":{"class":"unclassified"}},{"type":"Feature","geometry":{"type":"LineString","coordinates":[[28.1954201,36.3523351],[28.1956306,36.3526559],[28.1957231,36.3530026],[28.1956521,36.3537727],[28.1961791,36.3539072],[28.1960879,36.354599],[28.1958224,36.3553853],[28.1961282,36.3561035],[28.1964111,36.3563325]]},"properties":{"class":"unclassified"}},{"type":"Feature","geometry":{"type":"LineString","coordinates":[[28.1961791,36.3539072],[28.1978354,36.3542933],[28.1985676,36.3551304],[28.2002601,36.3559664]]},"properties":{"class":"unclassified"}},{"type":"Feature","geometry":{"type":"LineString","coordinates":[[28.2054004,36.3501117],[28.2064272,36.35081],[28.2067195,36.35114],[28.2068213,36.3514532],[28.2069375,36.3527148],[28.2076067,36.3543652],[28.2082283,36.3552751],[28.2100423,36.3574379],[28.2109943,36.3595348],[28.2126194,36.3613333],[28.2132003,36.3618093],[28.2145325,36.3626298],[28.215192,36.3631284],[28.2175899,36.3660891]]},"properties":{"class":"secondary","name":"Καλλιθέας"}},{"type":"Feature","geometry":{"type":"LineString","coordinates":[[28.1964111,36.3563325],[28.1968108,36.3568509],[28.1971098,36.3577009],[28.1975283,36.357952]]},"properties":{"class":"unclassified"}},{"type":"Feature","geometry":{"type":"LineString","coordinates":[[28.1939063,36.3586913],[28.1942499,36.3585293],[28.194842,36.3575314],[28.1952725,36.3574455],[28.1954737,36.3577528],[28.1952752,36.3582285],[28.1957795,36.3589391],[28.1958915,36.3592226],[28.1964729,36.3596871],[28.1970294,36.3596957]]},"properties":{"class":"unclassified"}},{"type":"Feature","geometry":{"type":"LineString","coordinates":[[28.1819607,36.3647764],[28.182646,36.3645159],[28.1833498,36.3645418],[28.1838058,36.3646617],[28.184364,36.3655869],[28.1843824,36.3659349],[28.1842342,36.3664707],[28.184824,36.3665616]]},"properties":{"class":"unclassified"}},{"type":"Feature","geometry":{"type":"LineString","coordinates":[[28.191677,36.3732281],[28.1915516,36.3737127],[28.1916373,36.3738161],[28.1921582,36.3739211],[28.1936096,36.3739486],[28.1942003,36.3738862],[28.1947515,36.3739743],[28.1959548,36.3743724],[28.196798,36.3749261],[28.1976825,36.3751858],[28.1981653,36.3751825]]},"properties":{"class":"unclassified"}},{"type":"Feature","geometry":{"type":"LineString","coordinates":[[28.1888461,36.3685228],[28.1892607,36.3711899],[28.1891853,36.3714529],[28.1888912,36.3718241],[28.1888714,36.3722114],[28.188736,36.3724917]]},"properties":{"class":"unclassified"}},{"type":"Feature","geometry":{"type":"LineString","coordinates":[[28.1886696,36.3731099],[28.1883384,36.3732092],[28.1877111,36.3732386],[28.1873446,36.3734119],[28.187181,36.3735834],[28.1867847,36.3745293],[28.1865145,36.3748932],[28.1862731,36.3750373],[28.1857306,36.3751696],[28.1845652,36.3749731],[28.1843412,36.3750395],[28.1843372,36.3751901]]},"properties":{"class":"unclassified"}},{"type":"Feature","geometry":{"type":"LineString","coordinates":[[28.1896392,36.3752997],[28.1898779,36.3756949],[28.1899551,36.3759929],[28.1897948,36.3779565],[28.188933,36.3779169],[28.1883692,36.3781373],[28.187525,36.3788942],[28.1873627,36.3794805],[28.1872433,36.3796225]]},"properties":{"class":"unclassified"}},{"type":"Feature","geometry":{"type":"LineString","coordinates":[[28.184824,36.3665616],[28.1852065,36.3665694],[28.1857219,36.3667775],[28.1870844,36.3668418],[28.1872216,36.3670501],[28.187354,36.3675513],[28.1879903,36.3677014],[28.1884745,36.3683806],[28.1888461,36.3685228],[28.1890646,36.3683553],[28.1889828,36.3678728],[28.1890572,36.3676944],[28.1893247,36.3675281],[28.1898605,36.367368],[28.1902836,36.3674951],[28.1914283,36.3674428],[28.1927674,36.3670595],[28.1929789,36.367081],[28.1934366,36.3674341],[28.1937933,36.3674401],[28.1944142,36.3671895],[28.194714,36.3672299]]},"properties":{"class":"unclassified"}},{"type":"Feature","geometry":{"type":"LineString","coordinates":[[28.1915872,36.3732235],[28.1967913,36.3734927]]},"properties":{"class":"primary","name":"Βρυσιά - Αεροδρόμιο"}},{"type":"Feature","geometry":{"type":"LineString","coordinates":[[28.1939871,36.369561],[28.1933836,36.3696476],[28.1929115,36.3694721],[28.192768,36.3697382],[28.1920098,36.3697302]]},"properties":{"class":"unclassified"}},{"type":"Feature","geometry":{"type":"LineString","coordinates":[[28.1812955,36.370265],[28.1822035,36.3707947],[28.1826799,36.370985],[28.1852686,36.371205],[28.1873976,36.3719863]]},"properties":{"class":"primary","name":"Βρυσιά - Αεροδρόμιο"}},{"type":"Feature","geometry":{"type":"LineString","coordinates":[[28.1810072,36.370102],[28.1812955,36.370265]]},"properties":{"class":"primary","name":"Βρυσιά - Αεροδρόμιο"}},{"type":"Feature","geometry":{"type":"LineString","coordinates":[[28.1912995,36.3732076],[28.1915872,36.3732235]]},"properties":{"class":"primary","name":"Βρυσιά - Αεροδρόμιο"}},{"type":"Feature","geometry":{"type":"LineString","coordinates":[[28.1873976,36.3719863],[28.1902826,36.3730723],[28.1912995,36.3732076]]},"properties":{"class":"primary","name":"Βρυσιά - Αεροδρόμιο"}},{"type":"Feature","geometry":{"type":"LineString","coordinates":[[28.1920098,36.3697302],[28.1918289,36.3706081]]},"properties":{"class":"unclassified"}},{"type":"Feature","geometry":{"type":"LineString","coordinates":[[28.1918289,36.3706081],[28.191004,36.3705042]]},"properties":{"class":"unclassified"}},{"type":"Feature","geometry":{"type":"LineString","coordinates":[[28.191004,36.3705042],[28.1911191,36.3700758],[28.1908881,36.3699284]]},"properties":{"class":"unclassified"}},{"type":"Feature","geometry":{"type":"LineString","coordinates":[[28.1908881,36.3699284],[28.1906519,36.3697907],[28.1904727,36.3694075],[28.1894022,36.3692459]]},"properties":{"class":"unclassified"}},{"type":"Feature","geometry":{"type":"LineString","coordinates":[[28.1894022,36.3692459],[28.1889864,36.3692364]]},"properties":{"class":"unclassified"}},{"type":"Feature","geometry":{"type":"LineString","coordinates":[[28.188799,36.3729819],[28.1886696,36.3731099]]},"properties":{"class":"unclassified"}},{"type":"Feature","geometry":{"type":"LineString","coordinates":[[28.1883202,36.3723335],[28.188341,36.3725389],[28.188799,36.3729819]]},"properties":{"class":"unclassified"}},{"type":"Feature","geometry":{"type":"LineString","coordinates":[[28.1956715,36.3691247],[28.1958958,36.369129],[28.1966673,36.3698131],[28.1968316,36.3698644],[28.1969097,36.3698055],[28.1968537,36.3695032],[28.1969154,36.368717],[28.1972574,36.36827],[28.1972862,36.3671155]]},"properties":{"class":"unclassified"}},{"type":"Feature","geometry":{"type":"LineString","coordinates":[[28.1975367,36.373475],[28.200235,36.3796627],[28.2004738,36.3804391],[28.200463,36.3811452],[28.2003651,36.3816041],[28.1993304,36.384959],[28.199117,36.3859818],[28.1991532,36.3869088],[28.1995763,36.3880739]]},"properties":{"class":"primary","name":"Ρόδου - Λίνδου","ref":"ΕΟ95"}},{"type":"Feature","geometry":{"type":"LineString","coordinates":[[28.1991203,36.3872256],[28.199,36.3867428],[28.1989777,36.386193],[28.1991,36.3852747],[28.2002681,36.3814149],[28.2003593,36.3806288],[28.2001904,36.3798709],[28.1978599,36.3744904]]},"properties":{"class":"primary","name":"Ρόδου - Λίνδου","ref":"ΕΟ95"}},{"type":"Feature","geometry":{"type":"LineString","coordinates":[[28.1989513,36.3741244],[28.1994018,36.3743468],[28.2002628,36.374485],[28.2007161,36.3741416],[28.2009467,36.3736147],[28.201561,36.3731989],[28.2019646,36.3727843],[28.2021484,36.3727001],[28.202654,36.3726979],[28.2030013,36.3721526],[28.2029718,36.3718438],[28.2032159,36.3714701],[28.2034063,36.3709648],[28.2034412,36.3705911],[28.2031757,36.3699691],[28.2030228,36.3691376],[28.2031247,36.3688806],[28.2033192,36.3687672]]},"properties":{"class":"unclassified"}},{"type":"Feature","geometry":{"type":"LineString","coordinates":[[28.1987567,36.3742766],[28.1989056,36.3741654]]},"properties":{"class":"unclassified"}},{"type":"Feature","geometry":{"type":"LineString","coordinates":[[28.198324,36.3752033],[28.1987406,36.3746999],[28.1987567,36.3742766]]},"properties":{"class":"unclassified"}},{"type":"Feature","geometry":{"type":"LineString","coordinates":[[28.1958358,36.3697985],[28.1954435,36.3695593],[28.1956105,36.3692834]]},"properties":{"class":"unclassified"}},{"type":"Feature","geometry":{"type":"LineString","coordinates":[[28.1954435,36.3695593],[28.1939871,36.369561]]},"properties":{"class":"unclassified"}},{"type":"Feature","geometry":{"type":"LineString","coordinates":[[28.1974388,36.3735107],[28.1974203,36.3734681]]},"properties":{"class":"primary","name":"Ρόδου - Λίνδου","ref":"ΕΟ95"}},{"type":"Feature","geometry":{"type":"LineString","coordinates":[[28.1967913,36.3734927],[28.1974203,36.3734681]]},"properties":{"class":"primary","name":"Βρυσιά - Αεροδρόμιο"}},{"type":"Feature","geometry":{"type":"LineString","coordinates":[[28.1974388,36.3735107],[28.1971528,36.3735466]]},"properties":{"class":"primary","name":"Βρυσιά - Αεροδρόμιο"}},{"type":"Feature","geometry":{"type":"LineString","coordinates":[[28.1978599,36.3744904],[28.1975926,36.3738814]]},"properties":{"class":"primary","name":"Ρόδου - Λίνδου","ref":"ΕΟ95"}},{"type":"Feature","geometry":{"type":"LineString","coordinates":[[28.1975926,36.3738814],[28.1975345,36.3737434]]},"properties":{"class":"primary","name":"Ρόδου - Λίνδου","ref":"ΕΟ95"}},{"type":"Feature","geometry":{"type":"LineString","coordinates":[[28.1972235,36.3727537],[28.1975367,36.373475]]},"properties":{"class":"primary","name":"Ρόδου - Λίνδου","ref":"ΕΟ95"}},{"type":"Feature","geometry":{"type":"LineString","coordinates":[[28.1971528,36.3735466],[28.1967913,36.3734927]]},"properties":{"class":"primary","name":"Βρυσιά - Αεροδρόμιο"}},{"type":"Feature","geometry":{"type":"LineString","coordinates":[[28.1975367,36.373475],[28.1974388,36.3735107]]},"properties":{"class":"primary","name":"Βρυσιά - Αεροδρόμιο"}},{"type":"Feature","geometry":{"type":"LineString","coordinates":[[28.1974203,36.3734681],[28.1975367,36.373475]]},"properties":{"class":"primary","name":"Βρυσιά - Αεροδρόμιο"}},{"type":"Feature","geometry":{"type":"LineString","coordinates":[[28.1989056,36.3741654],[28.1989513,36.3741244]]},"properties":{"class":"unclassified"}},{"type":"Feature","geometry":{"type":"LineString","coordinates":[[28.1975345,36.3737434],[28.1974388,36.3735107]]},"properties":{"class":"primary","name":"Ρόδου - Λίνδου","ref":"ΕΟ95"}},{"type":"Feature","geometry":{"type":"LineString","coordinates":[[28.1630203,36.3803108],[28.1634079,36.3803751]]},"properties":{"class":"unclassified"}},{"type":"Feature","geometry":{"type":"LineString","coordinates":[[28.1619675,36.3846809],[28.1621505,36.3856516],[28.1626393,36.3856086],[28.1637995,36.3864407],[28.1638733,36.3869147],[28.1637029,36.3874988],[28.1640201,36.3880521],[28.1639557,36.3883878],[28.1639933,36.3887279],[28.1635112,36.3892294],[28.1633341,36.3897573],[28.1630123,36.3901837],[28.1628902,36.390554],[28.1624061,36.3925523],[28.1623109,36.3934505],[28.1620373,36.3942472],[28.1621271,36.394978]]},"properties":{"class":"tertiary","name":"Κεραμιδένας"}},{"type":"Feature","geometry":{"type":"LineString","coordinates":[[28.1675693,36.376989],[28.1671965,36.3772989],[28.1670141,36.3777275],[28.1668586,36.3778755],[28.1660284,36.3780806],[28.165728,36.3782296],[28.165335,36.3789498],[28.165272,36.3793148],[28.1651514,36.3794725],[28.1634079,36.3803751],[28.1630833,36.3806893],[28.16285,36.3813242],[28.1624007,36.3819612],[28.1619251,36.3830068],[28.1620292,36.384181],[28.1619675,36.3846809]]},"properties":{"class":"unclassified"}},{"type":"Feature","geometry":{"type":"LineString","coordinates":[[28.1821441,36.395147],[28.1820625,36.3949092],[28.1821403,36.3941427],[28.1827956,36.3931639],[28.1831405,36.391629],[28.1830483,36.3915038],[28.1824757,36.391368],[28.1823676,36.3911484],[28.1822653,36.3904437],[28.181948,36.3899831],[28.1812097,36.3895867],[28.1809415,36.3886955],[28.1807188,36.3885649],[28.180397,36.388573],[28.1793362,36.3890976],[28.17796,36.3904768]]},"properties":{"class":"unclassified"}},{"type":"Feature","geometry":{"type":"LineString","coordinates":[[28.1829853,36.3855481],[28.1825032,36.3857878],[28.1811333,36.3861697],[28.1803538,36.3865152],[28.1801281,36.3864996],[28.17971,36.3862162]]},"properties":{"class":"unclassified"}},{"type":"Feature","geometry":{"type":"LineString","coordinates":[[28.17971,36.3862162],[28.1780528,36.3869319],[28.1773849,36.3879976],[28.1772602,36.3895133],[28.1771193,36.3896904],[28.1767049,36.389808],[28.1765775,36.3900207],[28.1768229,36.3903489],[28.1771676,36.3906209],[28.1776249,36.390662],[28.17796,36.3904768]]},"properties":{"class":"unclassified"}},{"type":"Feature","geometry":{"type":"LineString","coordinates":[[28.17971,36.3862162],[28.1790505,36.3855693],[28.1788467,36.385224],[28.1779391,36.3848825],[28.1776866,36.3840744]]},"properties":{"class":"unclassified"}},{"type":"Feature","geometry":{"type":"LineString","coordinates":[[28.1584735,36.3947748],[28.1583922,36.3942709],[28.1582232,36.3939967],[28.158242,36.3937959],[28.1584954,36.3933771],[28.158537,36.3930392],[28.158423,36.392766],[28.1581816,36.3924217],[28.1571208,36.3915267],[28.1565119,36.3908401],[28.1558628,36.3905324]]},"properties":{"class":"unclassified"}},{"type":"Feature","geometry":{"type":"LineString","coordinates":[[28.1558628,36.3905324],[28.1554303,36.3902523],[28.1547799,36.3901481]]},"properties":{"class":"unclassified"}},{"type":"Feature","geometry":{"type":"LineString","coordinates":[[28.1621271,36.394978],[28.1611119,36.4036957]]},"properties":{"class":"tertiary","name":"Δευκαλίωνος"}},{"type":"Feature","geometry":{"type":"LineString","coordinates":[[28.168834,36.3968876],[28.1689131,36.3960165],[28.1681246,36.3945824],[28.1681769,36.3944658],[28.1692283,36.3942903],[28.1693986,36.3940912],[28.1693885,36.3937279],[28.1694938,36.3934591],[28.1690814,36.3929183],[28.1686462,36.3929884],[28.1680843,36.3927455],[28.1677732,36.3923234],[28.1674004,36.3920935],[28.1672126,36.3915969],[28.1666728,36.3910506],[28.1661136,36.3910323],[28.1658876,36.3900968],[28.1651339,36.3904763],[28.1646498,36.3903413],[28.1633851,36.390554],[28.1628902,36.390554]]},"properties":{"class":"unclassified"}},{"type":"Feature","geometry":{"type":"LineString","coordinates":[[28.1549254,36.3956883],[28.154849,36.3958848],[28.1544828,36.3961158],[28.1544641,36.3962248],[28.1547698,36.3963673],[28.1552915,36.39639]]},"properties":{"class":"unclassified"}},{"type":"Feature","geometry":{"type":"LineString","coordinates":[[28.1825506,36.4063075],[28.1817915,36.4055233],[28.1812514,36.4051662],[28.177055,36.4046596],[28.1767151,36.4045188],[28.1765689,36.4042532],[28.1760867,36.4025591],[28.175884,36.4013169]]},"properties":{"class":"secondary","name":"Αργοναυτών"}},{"type":"Feature","geometry":{"type":"LineString","coordinates":[[28.175972,36.4018542],[28.1755402,36.4021019],[28.1752587,36.4024447],[28.1746101,36.402742],[28.1741863,36.4032067],[28.1739302,36.4037086],[28.1734286,36.4053525],[28.173269,36.4063526],[28.1737072,36.4084424]]},"properties":{"class":"unclassified","name":"Μεγίστης"}},{"type":"Feature","geometry":{"type":"LineString","coordinates":[[28.1735171,36.3958157],[28.1727506,36.3954184],[28.1728588,36.3952491],[28.172979,36.3952297]]},"properties":{"class":"unclassified"}},{"type":"Feature","geometry":{"type":"LineString","coordinates":[[28.1930372,36.3802253],[28.1929705,36.380421]]},"properties":{"class":"unclassified"}},{"type":"Feature","geometry":{"type":"LineString","coordinates":[[28.1893791,36.3821717],[28.189951,36.3820189],[28.1906062,36.3814472],[28.1915449,36.3813096],[28.1922601,36.3810448],[28.1922561,36.3809185],[28.1929705,36.380421]]},"properties":{"class":"unclassified"}},{"type":"Feature","geometry":{"type":"LineString","coordinates":[[28.1899235,36.3784537],[28.1909636,36.3792446],[28.1918594,36.3793391],[28.1928277,36.3796949],[28.1929504,36.3798374],[28.1928532,36.3800776],[28.1930372,36.3802253]]},"properties":{"class":"unclassified"}},{"type":"Feature","geometry":{"type":"LineString","coordinates":[[28.1897948,36.3779565],[28.1897941,36.37818],[28.1899235,36.3784537]]},"properties":{"class":"unclassified"}},{"type":"Feature","geometry":{"type":"LineString","coordinates":[[28.1991203,36.3872256],[28.1986287,36.3871767],[28.1979209,36.3873901],[28.1970897,36.3874816],[28.1968349,36.3873866],[28.1967778,36.3870627],[28.196664,36.3869754],[28.1962562,36.3869798],[28.1958036,36.3872749],[28.194561,36.3870206],[28.1936099,36.3865747],[28.1929565,36.3867712],[28.1927834,36.3866696]]},"properties":{"class":"tertiary"}},{"type":"Feature","geometry":{"type":"LineString","coordinates":[[28.1927834,36.3866696],[28.1923017,36.3866674],[28.1922403,36.3868164],[28.1919121,36.3870132],[28.1918511,36.3873865],[28.1912384,36.3883104],[28.1909557,36.3885514],[28.1907549,36.3886064],[28.1900033,36.3885112],[28.1894614,36.3888111],[28.1889254,36.3888886]]},"properties":{"class":"tertiary"}},{"type":"Feature","geometry":{"type":"LineString","coordinates":[[28.1889254,36.3888886],[28.1882126,36.3888551],[28.1872916,36.3896439],[28.1870905,36.3904125],[28.1873526,36.3913909]]},"properties":{"class":"tertiary"}},{"type":"Feature","geometry":{"type":"LineString","coordinates":[[28.1872433,36.3796225],[28.1877634,36.3801583],[28.1879836,36.3806313],[28.1883585,36.3809711],[28.1883477,36.3812049],[28.1879347,36.3816184],[28.1889948,36.3820994],[28.1893791,36.3821717],[28.189033,36.3823769],[28.1888245,36.382718],[28.1884396,36.3831008],[28.1882643,36.3834255],[28.1881157,36.3835262],[28.1877369,36.383673],[28.1872313,36.3837216],[28.1866935,36.3840925],[28.1862871,36.384235],[28.1853403,36.3843467],[28.1846208,36.384228],[28.1843948,36.3842641],[28.1838698,36.3846167],[28.1832348,36.3854037],[28.1829853,36.3855481]]},"properties":{"class":"unclassified"}},{"type":"Feature","geometry":{"type":"LineString","coordinates":[[28.2158597,36.3896003],[28.2160261,36.3884099],[28.2164875,36.3871425],[28.2165974,36.3864105],[28.2170615,36.3852671],[28.2170963,36.3850156],[28.2170239,36.3846507],[28.216736,36.3843854],[28.2146019,36.3835742],[28.2120216,36.3827623],[28.211476,36.3826795],[28.2107993,36.3827117],[28.2103414,36.3828532],[28.209841,36.3831931],[28.2094668,36.3838668],[28.2086025,36.3840227],[28.2081673,36.3842645],[28.2077904,36.3847559],[28.2077123,36.3855897],[28.2074283,36.3857878],[28.2059397,36.385808],[28.2055159,36.3857433],[28.2051999,36.3855351],[28.2043873,36.3847048],[28.2038413,36.3844902],[28.2028536,36.3845905],[28.2018734,36.3849831],[28.2013753,36.3852969],[28.2009001,36.385756],[28.2001222,36.3873036],[28.2000098,36.387805],[28.2003533,36.3886116],[28.2003338,36.388822]]},"properties":{"class":"secondary","name":"Διακλάδωση Κοσκινούς"}},{"type":"Feature","geometry":{"type":"LineString","coordinates":[[28.1991953,36.3849065],[28.1989056,36.384452],[28.1988841,36.3839651],[28.1997545,36.3816049]]},"properties":{"class":"unclassified"}},{"type":"Feature","geometry":{"type":"LineString","coordinates":[[28.2003003,36.3812788],[28.1999986,36.3812864],[28.1997545,36.3816049]]},"properties":{"class":"unclassified"}},{"type":"Feature","geometry":{"type":"LineString","coordinates":[[28.2003338,36.388822],[28.2002288,36.3888911]]},"properties":{"class":"secondary","name":"Διακλάδωση Κοσκινούς"}},{"type":"Feature","geometry":{"type":"LineString","coordinates":[[28.1999853,36.3889386],[28.2001946,36.3888409]]},"properties":{"class":"secondary","name":"Διακλάδωση Κοσκινούς"}},{"type":"Feature","geometry":{"type":"LineString","coordinates":[[28.1998897,36.3887572],[28.1999853,36.3889386]]},"properties":{"class":"primary","name":"Ρόδου - Λίνδου","ref":"ΕΟ95"}},{"type":"Feature","geometry":{"type":"LineString","coordinates":[[28.1998932,36.3889841],[28.1991203,36.3872256]]},"properties":{"class":"primary","name":"Ρόδου - Λίνδου","ref":"ΕΟ95"}},{"type":"Feature","geometry":{"type":"LineString","coordinates":[[28.1995763,36.3880739],[28.1998897,36.3887572]]},"properties":{"class":"primary","name":"Ρόδου - Λίνδου","ref":"ΕΟ95"}},{"type":"Feature","geometry":{"type":"LineString","coordinates":[[28.2001946,36.3888409],[28.2003338,36.388822]]},"properties":{"class":"secondary","name":"Διακλάδωση Κοσκινούς"}},{"type":"Feature","geometry":{"type":"LineString","coordinates":[[28.1886528,36.3940444],[28.1885295,36.393811],[28.1884491,36.393071],[28.1890069,36.3921156],[28.1887487,36.3914161],[28.1887628,36.3912223]]},"properties":{"class":"tertiary"}},{"type":"Feature","geometry":{"type":"LineString","coordinates":[[28.1873526,36.3913909],[28.1876752,36.3915213],[28.1882807,36.3919342],[28.1884624,36.3919596],[28.1886622,36.3918463],[28.188626,36.3914231],[28.1887628,36.3912223]]},"properties":{"class":"tertiary"}},{"type":"Feature","geometry":{"type":"LineString","coordinates":[[28.1886507,36.3943458],[28.1886528,36.3940444]]},"properties":{"class":"tertiary"}},{"type":"Feature","geometry":{"type":"LineString","coordinates":[[28.1965206,36.401936],[28.1956244,36.4020324],[28.1943173,36.401736],[28.1938088,36.4020227],[28.1929228,36.4022179],[28.1926401,36.4021775]]},"properties":{"class":"unclassified","name":"Ανδρέα Καρκαβίτσα"}},{"type":"Feature","geometry":{"type":"LineString","coordinates":[[28.1920016,36.4009948],[28.1921929,36.4010767],[28.1922093,36.4014355],[28.1926401,36.4021775]]},"properties":{"class":"unclassified","name":"Ανδρέα Καρκαβίτσα"}},{"type":"Feature","geometry":{"type":"LineString","coordinates":[[28.1862286,36.3972328],[28.1862951,36.3969566],[28.1862314,36.396176],[28.1863058,36.395934],[28.1867753,36.3954913],[28.1876541,36.3951761],[28.1877262,36.395028]]},"properties":{"class":"unclassified"}},{"type":"Feature","geometry":{"type":"LineString","coordinates":[[28.1887124,36.3982537],[28.1879219,36.3982948],[28.1876577,36.3981949],[28.187462,36.3979813],[28.1867787,36.3977766]]},"properties":{"class":"unclassified"}},{"type":"Feature","geometry":{"type":"LineString","coordinates":[[28.1862286,36.3972328],[28.1863837,36.3975585],[28.1867787,36.3977766]]},"properties":{"class":"unclassified"}},{"type":"Feature","geometry":{"type":"LineString","coordinates":[[28.1913927,36.4008282],[28.1906263,36.4008795],[28.1898497,36.4005188],[28.1896208,36.4001946],[28.1895071,36.3994768],[28.1893307,36.3990464],[28.188675,36.3985468],[28.1887124,36.3982537]]},"properties":{"class":"unclassified"}},{"type":"Feature","geometry":{"type":"LineString","coordinates":[[28.1920016,36.4009948],[28.1913927,36.4008282]]},"properties":{"class":"unclassified"}},{"type":"Feature","geometry":{"type":"LineString","coordinates":[[28.1996224,36.393677],[28.1989981,36.3935509],[28.1984655,36.3932908]]},"properties":{"class":"secondary","name":"Νικηφ. Βρετάκου"}},{"type":"Feature","geometry":{"type":"LineString","coordinates":[[28.2000585,36.3938008],[28.1999417,36.3937849]]},"properties":{"class":"secondary","name":"Νικηφ. Βρετάκου"}},{"type":"Feature","geometry":{"type":"LineString","coordinates":[[28.1996224,36.393677],[28.199958,36.3936957]]},"properties":{"class":"secondary","name":"Νικηφ. Βρετάκου"}},{"type":"Feature","geometry":{"type":"LineString","coordinates":[[28.1998932,36.3889841],[28.1999853,36.3889386]]},"properties":{"class":"secondary","name":"Διακλάδωση Κοσκινούς"}},{"type":"Feature","geometry":{"type":"LineString","coordinates":[[28.1999853,36.3889386],[28.2000207,36.3889932]]},"properties":{"class":"primary","name":"Ρόδου - Λίνδου","ref":"ΕΟ95"}},{"type":"Feature","geometry":{"type":"LineString","coordinates":[[28.1999194,36.3890403],[28.1998932,36.3889841]]},"properties":{"class":"primary","name":"Ρόδου - Λίνδου","ref":"ΕΟ95"}},{"type":"Feature","geometry":{"type":"LineString","coordinates":[[28.2000207,36.3889932],[28.1999194,36.3890403]]},"properties":{"class":"secondary","name":"Διακλάδωση Κοσκινούς"}},{"type":"Feature","geometry":{"type":"LineString","coordinates":[[28.2000749,36.3937111],[28.2000585,36.3938008]]},"properties":{"class":"primary","name":"Ρόδου - Λίνδου","ref":"ΕΟ95"}},{"type":"Feature","geometry":{"type":"LineString","coordinates":[[28.1999417,36.3937849],[28.1996224,36.393677]]},"properties":{"class":"secondary","name":"Νικηφ. Βρετάκου"}},{"type":"Feature","geometry":{"type":"LineString","coordinates":[[28.1999417,36.3937849],[28.199958,36.3936957]]},"properties":{"class":"primary","name":"Ρόδου - Λίνδου","ref":"ΕΟ95"}},{"type":"Feature","geometry":{"type":"LineString","coordinates":[[28.199958,36.3936957],[28.2000749,36.3937111]]},"properties":{"class":"secondary","name":"Νικηφ. Βρετάκου"}},{"type":"Feature","geometry":{"type":"LineString","coordinates":[[28.1998192,36.3944756],[28.1999417,36.3937849]]},"properties":{"class":"primary","name":"Ρόδου - Λίνδου","ref":"ΕΟ95"}},{"type":"Feature","geometry":{"type":"LineString","coordinates":[[28.2003858,36.3902357],[28.2003078,36.3899088]]},"properties":{"class":"primary","name":"Ρόδου - Λίνδου","ref":"ΕΟ95"}},{"type":"Feature","geometry":{"type":"LineString","coordinates":[[28.2001441,36.3892756],[28.2004395,36.3900358],[28.2005279,36.3908355],[28.2004726,36.3915726],[28.2002172,36.3929457]]},"properties":{"class":"primary","name":"Ρόδου - Λίνδου","ref":"ΕΟ95"}},{"type":"Feature","geometry":{"type":"LineString","coordinates":[[28.2054009,36.4047832],[28.2038727,36.4044918],[28.2024479,36.404102],[28.2014865,36.4037325],[28.2004834,36.4030669],[28.200305,36.4028662],[28.1996055,36.4008726],[28.199357,36.3997235],[28.1994104,36.3987111],[28.1996463,36.3969589]]},"properties":{"class":"tertiary","name":"Τριανταφυλλίδη"}},{"type":"Feature","geometry":{"type":"LineString","coordinates":[[28.2037301,36.4021505],[28.2000549,36.3977087],[28.199768,36.3972689],[28.1996001,36.3968113],[28.1995645,36.3963204],[28.1998192,36.3944756]]},"properties":{"class":"primary","name":"Ρόδου - Λίνδου","ref":"ΕΟ95"}},{"type":"Feature","geometry":{"type":"LineString","coordinates":[[28.2041059,36.4019597],[28.2039059,36.402171]]},"properties":{"class":"unclassified","name":"Αγίας Βαρβάρας"}},{"type":"Feature","geometry":{"type":"LineString","coordinates":[[28.2038328,36.4020876],[28.2041059,36.4019597]]},"properties":{"class":"unclassified","name":"Αγίας Βαρβάρας"}},{"type":"Feature","geometry":{"type":"LineString","coordinates":[[28.2002288,36.3888911],[28.2000207,36.3889932]]},"properties":{"class":"secondary","name":"Διακλάδωση Κοσκινούς"}},{"type":"Feature","geometry":{"type":"LineString","coordinates":[[28.2000207,36.3889932],[28.2001441,36.3892756]]},"properties":{"class":"primary","name":"Ρόδου - Λίνδου","ref":"ΕΟ95"}},{"type":"Feature","geometry":{"type":"LineString","coordinates":[[28.199958,36.3936957],[28.2004059,36.391172],[28.2003858,36.3902357]]},"properties":{"class":"primary","name":"Ρόδου - Λίνδου","ref":"ΕΟ95"}},{"type":"Feature","geometry":{"type":"LineString","coordinates":[[28.2003078,36.3899088],[28.1999194,36.3890403]]},"properties":{"class":"primary","name":"Ρόδου - Λίνδου","ref":"ΕΟ95"}},{"type":"Feature","geometry":{"type":"LineString","coordinates":[[28.2000585,36.3938008],[28.1996849,36.3959814],[28.1996686,36.3965908],[28.1997902,36.3970788],[28.200133,36.3976662],[28.2030601,36.4011692]]},"properties":{"class":"primary","name":"Ρόδου - Λίνδου","ref":"ΕΟ95"}},{"type":"Feature","geometry":{"type":"LineString","coordinates":[[28.2030601,36.4011692],[28.2038328,36.4020876]]},"properties":{"class":"primary","name":"Ρόδου - Λίνδου","ref":"ΕΟ95"}},{"type":"Feature","geometry":{"type":"LineString","coordinates":[[28.2002172,36.3929457],[28.2000749,36.3937111]]},"properties":{"class":"primary","name":"Ρόδου - Λίνδου","ref":"ΕΟ95"}},{"type":"Feature","geometry":{"type":"LineString","coordinates":[[28.1996055,36.4008726],[28.198484,36.4012026],[28.1974628,36.4013347]]},"properties":{"class":"unclassified","name":"Χαριλάου Τρικούπη"}},{"type":"Feature","geometry":{"type":"LineString","coordinates":[[28.1965206,36.401936],[28.1968456,36.4015487],[28.1974628,36.4013347]]},"properties":{"class":"unclassified","name":"Χαριλάου Τρικούπη"}},{"type":"Feature","geometry":{"type":"LineString","coordinates":[[28.2047582,36.399921],[28.2045724,36.4016076],[28.2041059,36.4019597]]},"properties":{"class":"unclassified","name":"Αγίας Βαρβάρας"}},{"type":"Feature","geometry":{"type":"LineString","coordinates":[[28.2335502,36.3910323],[28.2333318,36.390626],[28.233284,36.3898258],[28.2332,36.3895842],[28.2323669,36.3888241],[28.2321194,36.388392],[28.2314094,36.3876439],[28.2306769,36.3863847],[28.2305452,36.3862695],[28.2295342,36.3860879],[28.2291511,36.3859571],[28.2286823,36.3856696],[28.2279013,36.3854452],[28.2268934,36.3852829],[28.2260478,36.3847994],[28.2251485,36.3848442],[28.2240682,36.3844752],[28.2235404,36.3845077],[28.222991,36.3842187],[28.2219873,36.3840558],[28.2212853,36.3840725],[28.2199871,36.383429],[28.2193722,36.3829426],[28.2190007,36.3828239],[28.218701,36.382826],[28.218646,36.3829059],[28.2190585,36.3835496],[28.2191569,36.3838927],[28.219116,36.3839964],[28.2180747,36.384391],[28.2177957,36.3848596],[28.217091,36.3851289]]},"properties":{"class":"tertiary"}},{"type":"Feature","geometry":{"type":"LineString","coordinates":[[28.2175899,36.3660891],[28.2178004,36.366345]]},"properties":{"class":"secondary","name":"Καλλιθέας"}},{"type":"Feature","geometry":{"type":"LineString","coordinates":[[28.2178004,36.366345],[28.2197377,36.3682644]]},"properties":{"class":"secondary","name":"Καλλιθέας"}},{"type":"Feature","geometry":{"type":"LineString","coordinates":[[28.2197377,36.3682644],[28.2199851,36.3685016]]},"properties":{"class":"secondary","name":"Καλλιθέας"}},{"type":"Feature","geometry":{"type":"LineString","coordinates":[[28.2282785,36.3733145],[28.2287706,36.3729328],[28.2295726,36.3728939],[28.2300983,36.3727454],[28.2304733,36.3724526],[28.2307308,36.3724713],[28.2308393,36.3726374],[28.2307186,36.3728712],[28.23073,36.3730618],[28.231194,36.3736114],[28.2314287,36.3743025],[28.2319061,36.3745641],[28.2324252,36.3745865],[28.2326444,36.3749898],[28.2332762,36.375507],[28.2339326,36.3757602],[28.2344529,36.3758299],[28.2347956,36.3762499],[28.2353977,36.3766257],[28.2354507,36.3767288]]},"properties":{"class":"unclassified"}},{"type":"Feature","geometry":{"type":"LineString","coordinates":[[28.2215511,36.3700215],[28.2248989,36.373159],[28.2253924,36.3733512],[28.2259637,36.3734074],[28.2273585,36.3731136],[28.2280545,36.3731892],[28.2283965,36.3734203],[28.2291234,36.3746642],[28.2296169,36.3751372],[28.2302754,36.3753748],[28.2331306,36.3758229],[28.2340546,36.3760917],[28.2344435,36.376325],[28.2348981,36.3767428],[28.2355972,36.3779962]]},"properties":{"class":"secondary","name":"Καλλιθέας"}},{"type":"Feature","geometry":{"type":"LineString","coordinates":[[28.2259818,36.3803848],[28.2249995,36.3795469],[28.2242672,36.3791647],[28.2229073,36.3779597],[28.2227893,36.3776164],[28.2230146,36.377043],[28.2233412,36.3767196],[28.2240647,36.3765447],[28.2252342,36.376109],[28.2263875,36.3762569],[28.2266182,36.3762213],[28.2280867,36.3750049],[28.2285144,36.3747936],[28.2291234,36.3746642]]},"properties":{"class":"unclassified"}},{"type":"Feature","geometry":{"type":"LineString","coordinates":[[28.2199851,36.3685016],[28.221193,36.3696694]]},"properties":{"class":"secondary","name":"Καλλιθέας"}},{"type":"Feature","geometry":{"type":"LineString","coordinates":[[28.221193,36.3696694],[28.2215511,36.3700215]]},"properties":{"class":"secondary","name":"Καλλιθέας"}},{"type":"Feature","geometry":{"type":"LineString","coordinates":[[28.2182436,36.3998119],[28.2180472,36.3986612],[28.2176019,36.3978138],[28.2169273,36.3971748],[28.2161381,36.3966431],[28.2155192,36.3963876],[28.2149868,36.3963932],[28.2145683,36.3957995],[28.2145328,36.3955151],[28.2142398,36.3950622],[28.2142726,36.3945251],[28.2141754,36.3943233],[28.2139836,36.3941948],[28.2133801,36.3940914],[28.2131267,36.3938931],[28.2123502,36.3937236],[28.2113564,36.3925329],[28.2112719,36.3923364],[28.211457,36.3914792],[28.211288,36.3913475],[28.2108092,36.3913076],[28.2110251,36.3891991],[28.2114536,36.3884164],[28.2111526,36.3878648],[28.211178,36.3873152],[28.2114932,36.3868645]]},"properties":{"class":"unclassified"}},{"type":"Feature","geometry":{"type":"LineString","coordinates":[[28.2305452,36.3862695],[28.230734,36.3859765],[28.2313348,36.385591],[28.2316438,36.3851157],[28.232484,36.3854304],[28.2332359,36.3852661],[28.2332112,36.3851701],[28.2327436,36.3851196],[28.2326956,36.3849884],[28.23345,36.3846934],[28.2342193,36.3846509],[28.2343402,36.3845276],[28.2344207,36.3840083],[28.2348083,36.3837794],[28.234951,36.3835849]]},"properties":{"class":"unclassified"}},{"type":"Feature","geometry":{"type":"LineString","coordinates":[[28.234951,36.3835849],[28.2347526,36.3834117],[28.2339661,36.3831505],[28.2323447,36.3821874],[28.2311974,36.3813765],[28.2306455,36.3811468],[28.2301439,36.3807946],[28.2294023,36.3807773],[28.2287207,36.3804188],[28.2276475,36.3801187],[28.2264572,36.3802552],[28.2259818,36.3803848]]},"properties":{"class":"unclassified"}},{"type":"Feature","geometry":{"type":"LineString","coordinates":[[28.2355972,36.3779962],[28.2363895,36.3795502],[28.2377681,36.381376],[28.2387766,36.3832719],[28.2400039,36.3852181],[28.240207,36.3856455],[28.2402156,36.3861182],[28.2401004,36.3863722],[28.2398058,36.3866971],[28.2384016,36.3875956],[28.2372411,36.3885133],[28.2354406,36.3894738],[28.2347928,36.3899112],[28.2319065,36.3925214],[28.2316625,36.3929369]]},"properties":{"class":"secondary","name":"Καλλιθέας"}},{"type":"Feature","geometry":{"type":"LineString","coordinates":[[28.2158597,36.3896003],[28.2158945,36.3897094]]},"properties":{"class":"secondary","name":"Διακλάδωση Κοσκινούς"}},{"type":"Feature","geometry":{"type":"LineString","coordinates":[[28.2157735,36.3898308],[28.2158395,36.3896692]]},"properties":{"class":"secondary","name":"Διακλάδωση Κοσκινούς"}},{"type":"Feature","geometry":{"type":"LineString","coordinates":[[28.2158395,36.3896692],[28.2158597,36.3896003]]},"properties":{"class":"secondary","name":"Διακλάδωση Κοσκινούς"}},{"type":"Feature","geometry":{"type":"LineString","coordinates":[[28.2158945,36.3897094],[28.2158471,36.3898734]]},"properties":{"class":"secondary","name":"Διακλάδωση Κοσκινούς"}},{"type":"Feature","geometry":{"type":"LineString","coordinates":[[28.2158471,36.3898734],[28.2157735,36.3898308]]},"properties":{"class":"secondary","name":"Διακλάδωση Κοσκινούς"}},{"type":"Feature","geometry":{"type":"LineString","coordinates":[[28.2160137,36.389963],[28.2158471,36.3898734]]},"properties":{"class":"secondary","name":"Διακλάδωση Κοσκινούς"}},{"type":"Feature","geometry":{"type":"LineString","coordinates":[[28.216181,36.390055],[28.2160137,36.389963]]},"properties":{"class":"secondary","name":"Διακλάδωση Κοσκινούς"}},{"type":"Feature","geometry":{"type":"LineString","coordinates":[[28.2163033,36.3901206],[28.216181,36.390055]]},"properties":{"class":"secondary","name":"Διακλάδωση Κοσκινούς"}},{"type":"Feature","geometry":{"type":"LineString","coordinates":[[28.2261178,36.39714],[28.2256016,36.3962626],[28.2254018,36.3954055],[28.2247339,36.3941673],[28.2235457,36.3932346],[28.2231393,36.3930348],[28.2222864,36.3929118],[28.2211679,36.3924252],[28.220944,36.392229],[28.2203515,36.3913672],[28.2200038,36.391151],[28.218657,36.3907335],[28.2177878,36.3909015],[28.2163033,36.3901206]]},"properties":{"class":"secondary","name":"Διακλάδωση Κοσκινούς"}},{"type":"Feature","geometry":{"type":"LineString","coordinates":[[28.23162,36.3930985],[28.2316107,36.393397]]},"properties":{"class":"secondary","name":"Καλλιθέας"}},{"type":"Feature","geometry":{"type":"LineString","coordinates":[[28.2316625,36.3929369],[28.23162,36.3930985]]},"properties":{"class":"secondary","name":"Καλλιθέας"}},{"type":"Feature","geometry":{"type":"LineString","coordinates":[[28.2316107,36.393397],[28.2316155,36.3934912]]},"properties":{"class":"secondary","name":"Καλλιθέας"}},{"type":"Feature","geometry":{"type":"LineString","coordinates":[[28.2249165,36.4017196],[28.2276675,36.4013466],[28.2302318,36.4008413],[28.2310116,36.400845],[28.2322837,36.401196],[28.2324276,36.401089],[28.2325115,36.4003913]]},"properties":{"class":"unclassified","name":"Γεωργίου Δροσίνη"}},{"type":"Feature","geometry":{"type":"LineString","coordinates":[[28.2251898,36.3949782],[28.2259131,36.3953093],[28.2270752,36.3960773],[28.2281885,36.396372],[28.2286134,36.3964038],[28.2288205,36.3966434]]},"properties":{"class":"unclassified"}},{"type":"Feature","geometry":{"type":"LineString","coordinates":[[28.2264224,36.3975388],[28.2261178,36.39714]]},"properties":{"class":"secondary","name":"Διακλάδωση Κοσκινούς"}},{"type":"Feature","geometry":{"type":"LineString","coordinates":[[28.2316155,36.3934912],[28.2316707,36.3945147],[28.2313415,36.3952174],[28.23035,36.3961426],[28.229004,36.3965722],[28.2282089,36.3969645],[28.2278114,36.397366],[28.2266172,36.3990965],[28.2251608,36.4002804],[28.2248723,36.4008824],[28.2249165,36.4017196],[28.2253477,36.4045091],[28.2253589,36.4070358],[28.2255275,36.4093455],[28.2256782,36.4098977],[28.2272063,36.4135341],[28.2276477,36.4149618]]},"properties":{"class":"secondary","name":"Καλλιθέας"}},{"type":"Feature","geometry":{"type":"LineString","coordinates":[[28.226965,36.3985927],[28.2264224,36.3975388]]},"properties":{"class":"secondary","name":"Διακλάδωση Κοσκινούς"}},{"type":"Feature","geometry":{"type":"LineString","coordinates":[[28.2325115,36.4003913],[28.2324259,36.400316],[28.2324441,36.400215],[28.2326755,36.4001999],[28.232689,36.4003486],[28.2325115,36.4003913]]},"properties":{"class":"unclassified"}},{"type":"Feature","geometry":{"type":"LineString","coordinates":[[28.2348981,36.3767428],[28.2353233,36.3767657]]},"properties":{"class":"unclassified"}},{"type":"Feature","geometry":{"type":"LineString","coordinates":[[28.2339627,36.3760523],[28.2341705,36.3757893]]},"properties":{"class":"unclassified"}},{"type":"Feature","geometry":{"type":"LineString","coordinates":[[28.2353233,36.3767657],[28.2351988,36.3768994],[28.2352623,36.3770252],[28.2357725,36.3773928],[28.235853,36.3775435],[28.2355972,36.3779962]]},"properties":{"class":"unclassified"}},{"type":"Feature","geometry":{"type":"LineString","coordinates":[[28.2353233,36.3767657],[28.2354507,36.3767288]]},"properties":{"class":"unclassified"}},{"type":"Feature","geometry":{"type":"LineString","coordinates":[[28.23511,36.3767245],[28.2351988,36.3768994]]},"properties":{"class":"unclassified"}},{"type":"Feature","geometry":{"type":"LineString","coordinates":[[28.10717,36.4033514],[28.1070849,36.4052251],[28.1069165,36.4060039],[28.1064116,36.4067444],[28.1054065,36.4075102]]},"properties":{"class":"primary","name":"Βρυσιά - Αεροδρόμιο"}},{"type":"Feature","geometry":{"type":"LineString","coordinates":[[28.1068951,36.4022612],[28.1075891,36.4021888]]},"properties":{"class":"unclassified"}},{"type":"Feature","geometry":{"type":"LineString","coordinates":[[28.1074711,36.4054556],[28.1073537,36.4033341],[28.1072808,36.4032176]]},"properties":{"class":"unclassified"}},{"type":"Feature","geometry":{"type":"LineString","coordinates":[[28.1072808,36.4032176],[28.1070641,36.40304]]},"properties":{"class":"unclassified"}},{"type":"Feature","geometry":{"type":"LineString","coordinates":[[28.1053568,36.4074265],[28.1063251,36.4066823],[28.1068213,36.405943],[28.1069639,36.405225],[28.1070748,36.4032726]]},"properties":{"class":"primary","name":"Βρυσιά - Αεροδρόμιο"}},{"type":"Feature","geometry":{"type":"LineString","coordinates":[[28.1021972,36.4076451],[28.10188,36.4075814]]},"properties":{"class":"primary","name":"Βρυσιά - Αεροδρόμιο"}},{"type":"Feature","geometry":{"type":"LineString","coordinates":[[28.1019055,36.4075172],[28.1021972,36.4076451]]},"properties":{"class":"primary","name":"Βρυσιά - Αεροδρόμιο"}},{"type":"Feature","geometry":{"type":"LineString","coordinates":[[28.1049713,36.4076478],[28.1053568,36.4074265]]},"properties":{"class":"primary","name":"Βρυσιά - Αεροδρόμιο"}},{"type":"Feature","geometry":{"type":"LineString","coordinates":[[28.1046863,36.4077519],[28.1049713,36.4076478]]},"properties":{"class":"primary","name":"Βρυσιά - Αεροδρόμιο"}},{"type":"Feature","geometry":{"type":"LineString","coordinates":[[28.1054065,36.4075102],[28.1048197,36.4077924]]},"properties":{"class":"primary","name":"Βρυσιά - Αεροδρόμιο"}},{"type":"Feature","geometry":{"type":"LineString","coordinates":[[28.1030978,36.4078858],[28.1021972,36.4076451]]},"properties":{"class":"primary","name":"Βρυσιά - Αεροδρόμιο"}},{"type":"Feature","geometry":{"type":"LineString","coordinates":[[28.1047275,36.4081103],[28.1044795,36.4080424],[28.1044202,36.407909]]},"properties":{"class":"secondary"}},{"type":"Feature","geometry":{"type":"LineString","coordinates":[[28.1044202,36.407909],[28.1034786,36.4079743]]},"properties":{"class":"primary","name":"Βρυσιά - Αεροδρόμιο"}},{"type":"Feature","geometry":{"type":"LineString","coordinates":[[28.1044202,36.407909],[28.1053072,36.408174]]},"properties":{"class":"secondary","name":"Κρεμαστή - Αεροδρόμιο"}},{"type":"Feature","geometry":{"type":"LineString","coordinates":[[28.1044838,36.4078108],[28.1046863,36.4077519]]},"properties":{"class":"primary","name":"Βρυσιά - Αεροδρόμιο"}},{"type":"Feature","geometry":{"type":"LineString","coordinates":[[28.1041427,36.4078914],[28.1044838,36.4078108]]},"properties":{"class":"primary","name":"Βρυσιά - Αεροδρόμιο"}},{"type":"Feature","geometry":{"type":"LineString","coordinates":[[28.1048197,36.4077924],[28.1044202,36.407909]]},"properties":{"class":"primary","name":"Βρυσιά - Αεροδρόμιο"}},{"type":"Feature","geometry":{"type":"LineString","coordinates":[[28.1030978,36.4078858],[28.1041427,36.4078914]]},"properties":{"class":"primary","name":"Βρυσιά - Αεροδρόμιο"}},{"type":"Feature","geometry":{"type":"LineString","coordinates":[[28.1053072,36.408174],[28.1047275,36.4081103]]},"properties":{"class":"secondary","name":"Κρεμαστή - Αεροδρόμιο"}},{"type":"Feature","geometry":{"type":"LineString","coordinates":[[28.1070641,36.40304],[28.1067388,36.402742],[28.1068951,36.4022612],[28.1068005,36.4020971]]},"properties":{"class":"unclassified"}},{"type":"Feature","geometry":{"type":"LineString","coordinates":[[28.1034786,36.4079743],[28.1030978,36.4078858]]},"properties":{"class":"primary","name":"Βρυσιά - Αεροδρόμιο"}},{"type":"Feature","geometry":{"type":"LineString","coordinates":[[28.1117052,36.4076493],[28.112574,36.4067397]]},"properties":{"class":"secondary"}},{"type":"Feature","geometry":{"type":"LineString","coordinates":[[28.112574,36.4067397],[28.1122854,36.4071862],[28.1117052,36.4076493]]},"properties":{"class":"secondary"}},{"type":"Feature","geometry":{"type":"LineString","coordinates":[[28.1117052,36.4076493],[28.1110967,36.4084627]]},"properties":{"class":"secondary"}},{"type":"Feature","geometry":{"type":"LineString","coordinates":[[28.1085641,36.4083958],[28.108145,36.4078021],[28.1081893,36.4075161]]},"properties":{"class":"unclassified"}},{"type":"Feature","geometry":{"type":"LineString","coordinates":[[28.1109395,36.4090457],[28.1109842,36.4097694],[28.1112376,36.4105994],[28.1111263,36.4115862],[28.1112218,36.4130181],[28.1111625,36.4139431],[28.1108279,36.4151116]]},"properties":{"class":"unclassified"}},{"type":"Feature","geometry":{"type":"LineString","coordinates":[[28.1085641,36.4083958],[28.1062326,36.4082895],[28.1053072,36.408174]]},"properties":{"class":"secondary","name":"Κρεμαστή - Αεροδρόμιο"}},{"type":"Feature","geometry":{"type":"LineString","coordinates":[[28.114149,36.4046011],[28.1147136,36.4047175],[28.1151816,36.4044695],[28.1157077,36.4046018]]},"properties":{"class":"unclassified"}},{"type":"Feature","geometry":{"type":"LineString","coordinates":[[28.1194149,36.41124],[28.1179364,36.4106175],[28.1166288,36.4105269],[28.1150414,36.4098934],[28.1126679,36.4093584]]},"properties":{"class":"secondary","name":"Κρεμαστή - Αεροδρόμιο"}},{"type":"Feature","geometry":{"type":"LineString","coordinates":[[28.1101847,36.4086703],[28.1090985,36.4084233],[28.1085641,36.4083958]]},"properties":{"class":"secondary","name":"Κρεμαστή - Αεροδρόμιο"}},{"type":"Feature","geometry":{"type":"LineString","coordinates":[[28.1107682,36.4086315],[28.1110967,36.4084627]]},"properties":{"class":"secondary"}},{"type":"Feature","geometry":{"type":"LineString","coordinates":[[28.1110967,36.4084627],[28.110913,36.4087021]]},"properties":{"class":"secondary"}},{"type":"Feature","geometry":{"type":"LineString","coordinates":[[28.132657,36.4191371],[28.1322751,36.4200049],[28.1320573,36.4202344],[28.1318642,36.420262],[28.1266656,36.419749],[28.1231299,36.4195804],[28.1211832,36.4193049],[28.1199439,36.4190399],[28.1188329,36.4189527],[28.1167628,36.4180388],[28.1157087,36.4177753],[28.1143248,36.4172005],[28.1127106,36.4168098],[28.1125256,36.4165531],[28.1120306,36.4149136],[28.1118847,36.4130845],[28.1120867,36.4123269],[28.1118997,36.4115332],[28.1119271,36.4105891],[28.1117687,36.4100912],[28.1119426,36.4098496],[28.1121288,36.4092975],[28.1125767,36.4093301]]},"properties":{"class":"unclassified"}},{"type":"Feature","geometry":{"type":"LineString","coordinates":[[28.1552861,36.4165651],[28.1542812,36.4167849],[28.1536784,36.4168309],[28.1510393,36.4169587],[28.1485906,36.4169631],[28.1455782,36.4165561],[28.1415413,36.4163695],[28.1404262,36.4162347],[28.1389486,36.4157936],[28.138166,36.4156402],[28.1369354,36.4155527],[28.1356177,36.4153323]]},"properties":{"class":"secondary","name":"Ηρακλειδών"}},{"type":"Feature","geometry":{"type":"LineString","coordinates":[[28.1123686,36.4092708],[28.1110748,36.4088887]]},"properties":{"class":"secondary","name":"Κρεμαστή - Αεροδρόμιο"}},{"type":"Feature","geometry":{"type":"LineString","coordinates":[[28.1125767,36.4093301],[28.1123686,36.4092708]]},"properties":{"class":"secondary","name":"Κρεμαστή - Αεροδρόμιο"}},{"type":"Feature","geometry":{"type":"LineString","coordinates":[[28.1126679,36.4093584],[28.1125767,36.4093301]]},"properties":{"class":"secondary","name":"Κρεμαστή - Αεροδρόμιο"}},{"type":"Feature","geometry":{"type":"LineString","coordinates":[[28.1108624,36.4088196],[28.1107117,36.4088158],[28.1106839,36.4086752],[28.1108721,36.4086536],[28.1109191,36.4087314],[28.1108624,36.4088196]]},"properties":{"class":"secondary"}},{"type":"Feature","geometry":{"type":"LineString","coordinates":[[28.1110748,36.4088887],[28.1108338,36.4088312]]},"properties":{"class":"secondary","name":"Κρεμαστή - Αεροδρόμιο"}},{"type":"Feature","geometry":{"type":"LineString","coordinates":[[28.1109191,36.4087314],[28.1110748,36.4088887]]},"properties":{"class":"secondary","name":"Κρεμαστή - Αεροδρόμιο"}},{"type":"Feature","geometry":{"type":"LineString","coordinates":[[28.1101847,36.4086703],[28.1106839,36.4086752]]},"properties":{"class":"secondary","name":"Κρεμαστή - Αεροδρόμιο"}},{"type":"Feature","geometry":{"type":"LineString","coordinates":[[28.1106826,36.4087905],[28.1101847,36.4086703]]},"properties":{"class":"secondary","name":"Κρεμαστή - Αεροδρόμιο"}},{"type":"Feature","geometry":{"type":"LineString","coordinates":[[28.1191274,36.4067953],[28.1189032,36.4071418]]},"properties":{"class":"unclassified","name":"Παπαγιάννη"}},{"type":"Feature","geometry":{"type":"LineString","coordinates":[[28.1184895,36.4021434],[28.1186757,36.4043325],[28.1188877,36.4049848],[28.1187406,36.4059299],[28.1189171,36.4065979],[28.1191274,36.4067953]]},"properties":{"class":"unclassified","name":"Μαραθώνος"}},{"type":"Feature","geometry":{"type":"LineString","coordinates":[[28.1184895,36.4021434],[28.1192528,36.4020615],[28.1196228,36.4021286],[28.1202883,36.4025046]]},"properties":{"class":"unclassified"}},{"type":"Feature","geometry":{"type":"LineString","coordinates":[[28.1157077,36.4046018],[28.116393,36.4052798],[28.1170448,36.4053183],[28.1171949,36.4057305],[28.1172628,36.4070697],[28.1177372,36.407193],[28.1182469,36.4075016],[28.1188279,36.4072429]]},"properties":{"class":"unclassified","name":"Αγίου Φανουρίου"}},{"type":"Feature","geometry":{"type":"LineString","coordinates":[[28.1188828,36.4051134],[28.1199229,36.4050291]]},"properties":{"class":"unclassified"}},{"type":"Feature","geometry":{"type":"LineString","coordinates":[[28.1189032,36.4071418],[28.1186769,36.4075489],[28.1184789,36.4082528]]},"properties":{"class":"unclassified","name":"Παπαγιάννη"}},{"type":"Feature","geometry":{"type":"LineString","coordinates":[[28.119858,36.4056272],[28.1191274,36.4067953]]},"properties":{"class":"unclassified","name":"Παπαγιάννη"}},{"type":"Feature","geometry":{"type":"LineString","coordinates":[[28.1248822,36.4101709],[28.1250899,36.4101599],[28.1258851,36.4096645],[28.1261399,36.4093029],[28.1261909,36.40861],[28.126883,36.4077964],[28.1271562,36.4076801],[28.127732,36.4075978],[28.128167,36.407687],[28.1283183,36.4075317],[28.1281817,36.4070017],[28.1283979,36.4062853],[28.1293088,36.4054004],[28.1295232,36.4047328],[28.1294252,36.404153],[28.1290252,36.403763],[28.1283765,36.4035002],[28.127982,36.403447],[28.1269302,36.4038005],[28.1264579,36.4036792],[28.1254569,36.4036743],[28.1251016,36.4035954],[28.1243868,36.4038956],[28.1239635,36.4039252],[28.123787,36.404152],[28.1234612,36.4042763],[28.1220951,36.4045326],[28.1217949,36.4047703],[28.1216283,36.4053452],[28.1210403,36.405427],[28.1201385,36.405746],[28.1198653,36.4057563]]},"properties":{"class":"unclassified"}},{"type":"Feature","geometry":{"type":"LineString","coordinates":[[28.1337145,36.4149983],[28.1304732,36.4150654],[28.1297745,36.4149269],[28.1255525,36.4137415],[28.1233433,36.4125725],[28.1215651,36.4119691]]},"properties":{"class":"secondary","name":"Ελευθερίας"}},{"type":"Feature","geometry":{"type":"LineString","coordinates":[[28.1184789,36.4082528],[28.1180571,36.4083396],[28.1178237,36.4089462],[28.1173658,36.4094406],[28.116596,36.4095917],[28.1158939,36.4099478],[28.1158637,36.4102226]]},"properties":{"class":"unclassified","name":"Παπαγιάννη"}},{"type":"Feature","geometry":{"type":"LineString","coordinates":[[28.1207948,36.4104278],[28.1206106,36.4096246],[28.1207967,36.4078243],[28.1206703,36.4075194],[28.1200473,36.4067287],[28.119858,36.4056272]]},"properties":{"class":"secondary","name":"Ικάρων","ref":"ΕΟ88"}},{"type":"Feature","geometry":{"type":"LineString","coordinates":[[28.1215651,36.4119691],[28.1212711,36.4118765]]},"properties":{"class":"secondary","name":"Ελευθερίας"}},{"type":"Feature","geometry":{"type":"LineString","coordinates":[[28.1212711,36.4118765],[28.121092,36.4117009],[28.1208609,36.4106978]]},"properties":{"class":"secondary","name":"Κρεμαστή - Αεροδρόμιο Μαριτσών","ref":"ΕΟ88"}},{"type":"Feature","geometry":{"type":"LineString","coordinates":[[28.1204054,36.411656],[28.1194149,36.41124]]},"properties":{"class":"secondary","name":"Κρεμαστή - Αεροδρόμιο"}},{"type":"Feature","geometry":{"type":"LineString","coordinates":[[28.1210035,36.4113317],[28.1207691,36.4117503]]},"properties":{"class":"secondary","name":"Κρεμαστή - Αεροδρόμιο Μαριτσών","ref":"ΕΟ88"}},{"type":"Feature","geometry":{"type":"LineString","coordinates":[[28.1208609,36.4106978],[28.1207948,36.4104278]]},"properties":{"class":"secondary","name":"Ικάρων","ref":"ΕΟ88"}},{"type":"Feature","geometry":{"type":"LineString","coordinates":[[28.1212711,36.4118765],[28.1204054,36.411656]]},"properties":{"class":"secondary","name":"Κρεμαστή - Αεροδρόμιο"}},{"type":"Feature","geometry":{"type":"LineString","coordinates":[[28.1248822,36.4101709],[28.1244729,36.410243],[28.1235617,36.4109678],[28.1230782,36.4111021],[28.1224848,36.4111151],[28.1220013,36.4114664]]},"properties":{"class":"unclassified","name":"Βενιζέλου"}},{"type":"Feature","geometry":{"type":"LineString","coordinates":[[28.1220013,36.4114664],[28.1217521,36.4120246]]},"properties":{"class":"unclassified","name":"Βενιζέλου"}},{"type":"Feature","geometry":{"type":"LineString","coordinates":[[28.1301498,36.4023356],[28.1293468,36.4030328],[28.1296372,36.4034914],[28.1294031,36.4041185]]},"properties":{"class":"unclassified"}},{"type":"Feature","geometry":{"type":"LineString","coordinates":[[28.1313072,36.4150517],[28.1312884,36.4157117],[28.1308861,36.4180395],[28.1307626,36.4181585],[28.1303966,36.4181582],[28.1302799,36.4185716]]},"properties":{"class":"unclassified"}},{"type":"Feature","geometry":{"type":"LineString","coordinates":[[28.1499404,36.4032723],[28.1486061,36.4034998],[28.1473562,36.4034264],[28.1468546,36.4036574],[28.1461029,36.4035786],[28.1459434,36.4038463],[28.1449369,36.4042327],[28.1449006,36.4047098],[28.144033,36.4051367],[28.144159,36.4056008],[28.1440692,36.4057487],[28.1438063,36.4057001],[28.143235,36.4050935],[28.143058,36.4050859],[28.1429212,36.4052889],[28.1428414,36.4059484],[28.1425289,36.40612],[28.1422104,36.4065313],[28.1418617,36.4065943],[28.1413575,36.4063936],[28.1412874,36.4067182],[28.1404163,36.4072635],[28.1404147,36.4073529],[28.1406319,36.4075733],[28.1406252,36.408269],[28.1405085,36.4090417],[28.1403343,36.409236],[28.1397763,36.4093229],[28.1397039,36.4092646],[28.1399882,36.4090148],[28.1400043,36.4088799],[28.1394275,36.4081837],[28.1396918,36.4078459],[28.139266,36.4072268],[28.139264,36.4066758],[28.1391393,36.406433],[28.1382729,36.4061567],[28.1378196,36.4059084],[28.1375903,36.4056612],[28.1373797,36.4049359],[28.1366891,36.4046553],[28.1362867,36.4043919],[28.1359917,36.4040756],[28.1354874,36.4039396],[28.1353627,36.4036914]]},"properties":{"class":"unclassified"}},{"type":"Feature","geometry":{"type":"LineString","coordinates":[[28.1373255,36.4155713],[28.1374998,36.4143258],[28.1376969,36.4139156],[28.1374797,36.4132036]]},"properties":{"class":"unclassified","name":"Αχαιών"}},{"type":"Feature","geometry":{"type":"LineString","coordinates":[[28.130528,36.4137841],[28.1309237,36.4135704],[28.1310095,36.4131344],[28.1306219,36.4119742],[28.1307895,36.4115425],[28.1314641,36.4109478],[28.1316237,36.4104729],[28.1311704,36.4096127],[28.1310041,36.4090482],[28.1310175,36.4086251],[28.1307359,36.4081243],[28.1310004,36.4079095],[28.1313997,36.4077779],[28.1315325,36.4076246],[28.1314577,36.4069011],[28.1318973,36.4053903],[28.1329098,36.4055641],[28.1331794,36.4059775],[28.1328642,36.4064713],[28.1328823,36.4065787],[28.1335811,36.4066704],[28.1338654,36.407004],[28.13421,36.4071378],[28.1344166,36.4073898],[28.1343629,36.4078189],[28.1340679,36.4081308],[28.133567,36.4095922],[28.133103,36.4102074],[28.1330466,36.4104071],[28.1336099,36.410624],[28.1351508,36.4115673],[28.1358469,36.4117691],[28.1366649,36.4125581],[28.1371076,36.4128299],[28.137519,36.412846],[28.1374797,36.4132036],[28.1415396,36.4135944],[28.1421507,36.4147872],[28.1422497,36.4148294],[28.1434696,36.4143428],[28.1438782,36.4142052],[28.1439896,36.4142569],[28.1453888,36.4137606]]},"properties":{"class":"unclassified"}},{"type":"Feature","geometry":{"type":"LineString","coordinates":[[28.1356177,36.4153323],[28.1337145,36.4149983]]},"properties":{"class":"secondary","name":"Ηρακλειδών"}},{"type":"Feature","geometry":{"type":"LineString","coordinates":[[28.1302515,36.4150335],[28.1303845,36.4147177],[28.130528,36.4137841]]},"properties":{"class":"unclassified","name":"Δάφνης"}},{"type":"Feature","geometry":{"type":"LineString","coordinates":[[28.1543638,36.4118331],[28.1541977,36.4114063],[28.1543677,36.4106083],[28.1542635,36.4101811],[28.1534611,36.4089116],[28.152287,36.4079541],[28.1509675,36.4063286],[28.1501191,36.4041242],[28.1498829,36.402979]]},"properties":{"class":"tertiary","name":"Φιλερήμου"}},{"type":"Feature","geometry":{"type":"LineString","coordinates":[[28.1498829,36.402979],[28.1611119,36.4036957]]},"properties":{"class":"tertiary","name":"Αρχιμήδη"}},{"type":"Feature","geometry":{"type":"LineString","coordinates":[[28.1438782,36.4142052],[28.1453764,36.4136427]]},"properties":{"class":"unclassified"}},{"type":"Feature","geometry":{"type":"LineString","coordinates":[[28.132657,36.4191371],[28.1322035,36.418864],[28.1304179,36.4186099]]},"properties":{"class":"unclassified","name":"Μητροπολίτου Ρόδου Αποστόλου Τρύφωνος"}},{"type":"Feature","geometry":{"type":"LineString","coordinates":[[28.1304179,36.4186099],[28.1302799,36.4185716]]},"properties":{"class":"unclassified","name":"Μητροπολίτου Ρόδου Αποστόλου Τρύφωνος"}},{"type":"Feature","geometry":{"type":"LineString","coordinates":[[28.1362728,36.4154561],[28.1359896,36.4165755],[28.1356269,36.4170166]]},"properties":{"class":"unclassified"}},{"type":"Feature","geometry":{"type":"LineString","coordinates":[[28.1356269,36.4170166],[28.135396,36.4173534],[28.1350305,36.418662],[28.1335247,36.4191187],[28.132657,36.4191371]]},"properties":{"class":"unclassified","name":"Απόστολου Τρύφωνος"}},{"type":"Feature","geometry":{"type":"LineString","coordinates":[[28.1485589,36.4158028],[28.1485906,36.4169631]]},"properties":{"class":"unclassified","name":"Μανδηλαρά"}},{"type":"Feature","geometry":{"type":"LineString","coordinates":[[28.1547068,36.4032888],[28.1545378,36.4027793],[28.1545807,36.4025979]]},"properties":{"class":"unclassified"}},{"type":"Feature","geometry":{"type":"LineString","coordinates":[[28.1564559,36.4162909],[28.1558324,36.4146454]]},"properties":{"class":"secondary","name":"Ιαλυσού"}},{"type":"Feature","geometry":{"type":"LineString","coordinates":[[28.1562713,36.4145296],[28.1562805,36.4147579],[28.1565926,36.4156014],[28.1566752,36.4162407]]},"properties":{"class":"secondary","name":"Τριαντών"}},{"type":"Feature","geometry":{"type":"LineString","coordinates":[[28.1554754,36.4115934],[28.1559914,36.4125936],[28.1562296,36.4137823],[28.1562713,36.4145296]]},"properties":{"class":"secondary"}},{"type":"Feature","geometry":{"type":"LineString","coordinates":[[28.1567156,36.4112393],[28.1562508,36.4114995],[28.1560933,36.4116831]]},"properties":{"class":"unclassified"}},{"type":"Feature","geometry":{"type":"LineString","coordinates":[[28.1558324,36.4146454],[28.155601,36.4140327],[28.1549079,36.413146],[28.1547932,36.4126366],[28.1543638,36.4118331]]},"properties":{"class":"secondary","name":"Πλαστήρα"}},{"type":"Feature","geometry":{"type":"LineString","coordinates":[[28.1543638,36.4118331],[28.1554754,36.4115934]]},"properties":{"class":"secondary","name":"Θεμ. Σοφούλη"}},{"type":"Feature","geometry":{"type":"LineString","coordinates":[[28.1555418,36.4117039],[28.1560933,36.4116831]]},"properties":{"class":"unclassified"}},{"type":"Feature","geometry":{"type":"LineString","coordinates":[[28.1829064,36.4190363],[28.180849,36.4186665],[28.1760131,36.4179958],[28.1739052,36.4173757],[28.1733134,36.4172704],[28.1717482,36.4172388],[28.1702556,36.4173528],[28.1685577,36.4170607],[28.1657292,36.4168831]]},"properties":{"class":"secondary","name":"Ηρακλειδών"}},{"type":"Feature","geometry":{"type":"LineString","coordinates":[[28.1746157,36.4117325],[28.1756096,36.4096548],[28.1758456,36.4094238],[28.178959,36.4076129],[28.1825506,36.4063075]]},"properties":{"class":"tertiary","name":"Απολλωνίου Ροδίου"}},{"type":"Feature","geometry":{"type":"LineString","coordinates":[[28.1746157,36.4117325],[28.1746793,36.4128737],[28.1739052,36.4173757]]},"properties":{"class":"tertiary","name":"Απολλωνίου Ροδίου"}},{"type":"Feature","geometry":{"type":"LineString","coordinates":[[28.1657292,36.4168831],[28.1620392,36.4164427],[28.1569816,36.4161935],[28.1552861,36.4165651]]},"properties":{"class":"secondary","name":"Ηρακλειδών"}},{"type":"Feature","geometry":{"type":"LineString","coordinates":[[28.190321,36.4101296],[28.1895193,36.4096213],[28.1892208,36.4095798],[28.188997,36.4096815],[28.1885025,36.4102877],[28.1881472,36.4105811],[28.1878367,36.410589],[28.1872518,36.4095175],[28.1868154,36.4090601],[28.1862405,36.4089837],[28.1860135,36.4080794],[28.1857514,36.4078537],[28.1858797,36.407762],[28.1862289,36.4081109],[28.1863773,36.4080928],[28.1862438,36.4077582],[28.1858996,36.4074492],[28.1861119,36.4073842],[28.1866722,36.4076582],[28.1865674,36.4073763],[28.1863542,36.4071486],[28.1857646,36.4068196],[28.1852051,36.407056],[28.1838822,36.4068189],[28.1830551,36.40626],[28.18281,36.4062312],[28.1825506,36.4063075]]},"properties":{"class":"secondary","name":"Αργοναυτών"}},{"type":"Feature","geometry":{"type":"LineString","coordinates":[[28.1939848,36.4135901],[28.1934172,36.4122528],[28.1915545,36.4102139],[28.1913858,36.4101024],[28.1910507,36.4100426],[28.190321,36.4101296]]},"properties":{"class":"secondary","name":"Κώστα Βάρναλη"}},{"type":"Feature","geometry":{"type":"LineString","coordinates":[[28.1926289,36.4143801],[28.1931739,36.4154356],[28.1933529,36.4156372]]},"properties":{"class":"tertiary","name":"Γιάννη Ρίτσου"}},{"type":"Feature","geometry":{"type":"LineString","coordinates":[[28.1933529,36.4156372],[28.1931006,36.4154874],[28.1926289,36.4143801]]},"properties":{"class":"tertiary","name":"Γιάννη Ρίτσου"}},{"type":"Feature","geometry":{"type":"LineString","coordinates":[[28.1926289,36.4143801],[28.1920956,36.413332]]},"properties":{"class":"tertiary","name":"Γιάννη Ρίτσου"}},{"type":"Feature","geometry":{"type":"LineString","coordinates":[[28.1908451,36.4109122],[28.1910807,36.4111773],[28.1919512,36.4129386]]},"properties":{"class":"tertiary","name":"Γιάννη Ρίτσου"}},{"type":"Feature","geometry":{"type":"LineString","coordinates":[[28.1920956,36.413332],[28.1920036,36.4132727]]},"properties":{"class":"tertiary","name":"Γιάννη Ρίτσου"}},{"type":"Feature","geometry":{"type":"LineString","coordinates":[[28.1908451,36.4109122],[28.1902528,36.410373],[28.190321,36.4101296]]},"properties":{"class":"tertiary","name":"Γιάννη Ρίτσου"}},{"type":"Feature","geometry":{"type":"LineString","coordinates":[[28.190966,36.4111281],[28.1908451,36.4109122]]},"properties":{"class":"tertiary","name":"Γιάννη Ρίτσου"}},{"type":"Feature","geometry":{"type":"LineString","coordinates":[[28.1918607,36.4129801],[28.190966,36.4111281]]},"properties":{"class":"tertiary","name":"Γιάννη Ρίτσου"}},{"type":"Feature","geometry":{"type":"LineString","coordinates":[[28.1920036,36.4132727],[28.1918607,36.4129801]]},"properties":{"class":"tertiary","name":"Γιάννη Ρίτσου"}},{"type":"Feature","geometry":{"type":"LineString","coordinates":[[28.1920978,36.4132437],[28.1920956,36.413332]]},"properties":{"class":"tertiary","name":"Γιάννη Ρίτσου"}},{"type":"Feature","geometry":{"type":"LineString","coordinates":[[28.1919512,36.4129386],[28.1920978,36.4132437]]},"properties":{"class":"tertiary","name":"Γιάννη Ρίτσου"}},{"type":"Feature","geometry":{"type":"LineString","coordinates":[[28.2034642,36.4023788],[28.2028966,36.4029197],[28.2023202,36.4040527]]},"properties":{"class":"tertiary","name":"Γεωργίου Θεοτοκά"}},{"type":"Feature","geometry":{"type":"LineString","coordinates":[[28.2034642,36.4023788],[28.2037301,36.4021505]]},"properties":{"class":"tertiary","name":"Γεωργίου Θεοτοκά"}},{"type":"Feature","geometry":{"type":"LineString","coordinates":[[28.2038,36.4022355],[28.2034642,36.4023788]]},"properties":{"class":"tertiary","name":"Γεωργίου Θεοτοκά"}},{"type":"Feature","geometry":{"type":"LineString","coordinates":[[28.2054009,36.4047832],[28.2057733,36.4048033]]},"properties":{"class":"tertiary"}},{"type":"Feature","geometry":{"type":"LineString","coordinates":[[28.2044202,36.4029699],[28.2038,36.4022355]]},"properties":{"class":"primary","name":"Ρόδου - Λίνδου","ref":"ΕΟ95"}},{"type":"Feature","geometry":{"type":"LineString","coordinates":[[28.2038,36.4022355],[28.2037301,36.4021505]]},"properties":{"class":"primary","name":"Ρόδου - Λίνδου","ref":"ΕΟ95"}},{"type":"Feature","geometry":{"type":"LineString","coordinates":[[28.2037301,36.4021505],[28.2038328,36.4020876]]},"properties":{"class":"tertiary","name":"Γ. Θεοτοκά"}},{"type":"Feature","geometry":{"type":"LineString","coordinates":[[28.2039059,36.402171],[28.2038,36.4022355]]},"properties":{"class":"tertiary","name":"Αγίας Βαρβάρας"}},{"type":"Feature","geometry":{"type":"LineString","coordinates":[[28.2038328,36.4020876],[28.2039059,36.402171]]},"properties":{"class":"primary","name":"Ρόδου - Λίνδου","ref":"ΕΟ95"}},{"type":"Feature","geometry":{"type":"LineString","coordinates":[[28.2055735,36.4071599],[28.2054536,36.4070305],[28.2054452,36.4060595],[28.2053032,36.4059562],[28.2049737,36.4059535]]},"properties":{"class":"unclassified"}},{"type":"Feature","geometry":{"type":"LineString","coordinates":[[28.2020945,36.4039677],[28.2009689,36.4053464],[28.1994284,36.4061243],[28.1980519,36.4070636],[28.1972724,36.4073929],[28.1961272,36.4082863],[28.1961187,36.4087052],[28.195948,36.4094291],[28.1959844,36.4096409],[28.1962454,36.4103745],[28.1965989,36.4109586],[28.1968506,36.4125186],[28.1976266,36.4137844],[28.1979573,36.4156257],[28.1979956,36.4163588],[28.1983588,36.4170399]]},"properties":{"class":"tertiary","name":"Άγγελου Σικελιανού"}},{"type":"Feature","geometry":{"type":"LineString","coordinates":[[28.2070377,36.407389],[28.2068646,36.4071066],[28.2067021,36.4070678],[28.2056557,36.4071267],[28.2055735,36.4071599],[28.205536,36.4073256],[28.2052357,36.4073609]]},"properties":{"class":"unclassified"}},{"type":"Feature","geometry":{"type":"LineString","coordinates":[[28.2039059,36.402171],[28.2052483,36.4038604],[28.2064869,36.4057831],[28.208621,36.4099379],[28.2090646,36.4111291]]},"properties":{"class":"primary","name":"Ρόδου - Λίνδου","ref":"ΕΟ95"}},{"type":"Feature","geometry":{"type":"LineString","coordinates":[[28.2093566,36.4125538],[28.2086112,36.4101284],[28.2065806,36.4061579],[28.2056716,36.4046477],[28.2044202,36.4029699]]},"properties":{"class":"primary","name":"Ρόδου - Λίνδου","ref":"ΕΟ95"}},{"type":"Feature","geometry":{"type":"LineString","coordinates":[[28.2046221,36.4095643],[28.2047267,36.4092059],[28.2044934,36.4081374],[28.2045275,36.407915]]},"properties":{"class":"unclassified"}},{"type":"Feature","geometry":{"type":"LineString","coordinates":[[28.204688,36.4093558],[28.2046097,36.408934],[28.2043883,36.4085468],[28.2041732,36.4078015],[28.2042733,36.4070853]]},"properties":{"class":"unclassified"}},{"type":"Feature","geometry":{"type":"LineString","coordinates":[[28.1942971,36.4156303],[28.1943564,36.4148292],[28.1939848,36.4135901]]},"properties":{"class":"secondary","name":"Κώστα Βάρναλη"}},{"type":"Feature","geometry":{"type":"LineString","coordinates":[[28.1831646,36.4190863],[28.1829064,36.4190363]]},"properties":{"class":"secondary","name":"Ηρακλειδών"}},{"type":"Feature","geometry":{"type":"LineString","coordinates":[[28.1849187,36.4195767],[28.1831646,36.4190863]]},"properties":{"class":"secondary","name":"Ηρακλειδών"}},{"type":"Feature","geometry":{"type":"LineString","coordinates":[[28.1863661,36.4202379],[28.1849187,36.4195767]]},"properties":{"class":"secondary","name":"Ηρακλειδών"}},{"type":"Feature","geometry":{"type":"LineString","coordinates":[[28.1831646,36.4190863],[28.1839772,36.4191763],[28.1849187,36.4195767]]},"properties":{"class":"secondary","name":"Ηρακλειδών"}},{"type":"Feature","geometry":{"type":"LineString","coordinates":[[28.1931454,36.4171109],[28.1932819,36.4170516],[28.1933492,36.4171545],[28.1932206,36.4172139],[28.1931454,36.4171109]]},"properties":{"class":"unclassified","name":"Κρίστιαν Μπάρναρντ"}},{"type":"Feature","geometry":{"type":"LineString","coordinates":[[28.1939658,36.415885],[28.1933268,36.4170759]]},"properties":{"class":"unclassified","name":"Κρίστιαν Μπάρναρντ"}},{"type":"Feature","geometry":{"type":"LineString","coordinates":[[28.1932552,36.4170472],[28.1939122,36.4158626]]},"properties":{"class":"unclassified","name":"Κρίστιαν Μπάρναρντ"}},{"type":"Feature","geometry":{"type":"LineString","coordinates":[[28.1950875,36.4247368],[28.1935763,36.4235524],[28.1914825,36.4225492]]},"properties":{"class":"secondary","name":"Ηρακλειδών"}},{"type":"Feature","geometry":{"type":"LineString","coordinates":[[28.1939122,36.4158626],[28.1933529,36.4156372]]},"properties":{"class":"tertiary","name":"Γιάννη Ρίτσου"}},{"type":"Feature","geometry":{"type":"LineString","coordinates":[[28.1910591,36.4223476],[28.1863661,36.4202379]]},"properties":{"class":"secondary","name":"Ηρακλειδών"}},{"type":"Feature","geometry":{"type":"LineString","coordinates":[[28.1913029,36.4224627],[28.1910591,36.4223476]]},"properties":{"class":"secondary","name":"Ηρακλειδών"}},{"type":"Feature","geometry":{"type":"LineString","coordinates":[[28.1914825,36.4225492],[28.1913029,36.4224627]]},"properties":{"class":"secondary","name":"Ηρακλειδών"}},{"type":"Feature","geometry":{"type":"LineString","coordinates":[[28.1942765,36.4160407],[28.1942971,36.4156303]]},"properties":{"class":"secondary","name":"Κώστα Βάρναλη"}},{"type":"Feature","geometry":{"type":"LineString","coordinates":[[28.1983588,36.4170399],[28.1982375,36.4171733],[28.1974015,36.4173881],[28.1972302,36.4177259],[28.196956,36.4178345],[28.196759,36.4181594],[28.1964355,36.4182542],[28.1960457,36.4182404],[28.1952476,36.4179346],[28.1950377,36.4179484],[28.1948231,36.4182939],[28.1948112,36.4187045],[28.1952803,36.4191474],[28.195488,36.4191509]]},"properties":{"class":"unclassified"}},{"type":"Feature","geometry":{"type":"LineString","coordinates":[[28.1939122,36.4158626],[28.1942971,36.4156303]]},"properties":{"class":"tertiary"}},{"type":"Feature","geometry":{"type":"LineString","coordinates":[[28.1942765,36.4160407],[28.19419,36.4159888]]},"properties":{"class":"tertiary","name":"Γιάννη Ρίτσου"}},{"type":"Feature","geometry":{"type":"LineString","coordinates":[[28.1983588,36.4170399],[28.1970991,36.4166615],[28.1957522,36.4166901],[28.1950997,36.416579],[28.1945562,36.4163788],[28.1942765,36.4160407]]},"properties":{"class":"secondary","name":"Κ. Καβάφη"}},{"type":"Feature","geometry":{"type":"LineString","coordinates":[[28.1939658,36.415885],[28.1939122,36.4158626]]},"properties":{"class":"tertiary","name":"Γιάννη Ρίτσου"}},{"type":"Feature","geometry":{"type":"LineString","coordinates":[[28.19419,36.4159888],[28.1939658,36.415885]]},"properties":{"class":"tertiary","name":"Γιάννη Ρίτσου"}},{"type":"Feature","geometry":{"type":"LineString","coordinates":[[28.2025896,36.4210202],[28.2031001,36.4206434]]},"properties":{"class":"unclassified"}},{"type":"Feature","geometry":{"type":"LineString","coordinates":[[28.2015196,36.4201601],[28.2011775,36.4200335],[28.2006089,36.4200335],[28.200448,36.4199342],[28.2004372,36.4198608],[28.2008664,36.4198867],[28.2010783,36.4198095],[28.2011695,36.4197329],[28.2011385,36.419654]]},"properties":{"class":"unclassified"}},{"type":"Feature","geometry":{"type":"LineString","coordinates":[[28.2031853,36.4198574],[28.2036503,36.4196989],[28.2044207,36.4198161],[28.2055754,36.4203742],[28.2077134,36.4211553],[28.2096703,36.4214197]]},"properties":{"class":"tertiary","name":"Ηλία Βενέζη"}},{"type":"Feature","geometry":{"type":"LineString","coordinates":[[28.1982375,36.4171733],[28.1975445,36.4174074],[28.1978224,36.4177372],[28.197771,36.4179096],[28.1975423,36.4181035],[28.1975531,36.4183172],[28.1978424,36.4185251],[28.1980178,36.4185586],[28.1983665,36.4180622],[28.1985408,36.4180536],[28.1988332,36.4183341],[28.1986991,36.4186493],[28.1989297,36.4187637],[28.1994528,36.4194543],[28.2000455,36.4198062],[28.1999785,36.4204796],[28.2001528,36.4205767],[28.200362,36.4205227],[28.2005471,36.4201126]]},"properties":{"class":"unclassified"}},{"type":"Feature","geometry":{"type":"LineString","coordinates":[[28.2073897,36.4265553],[28.2067397,36.4254757],[28.2057676,36.4243486]]},"properties":{"class":"secondary","name":"Γιώργου Σεφέρη"}},{"type":"Feature","geometry":{"type":"LineString","coordinates":[[28.2003869,36.4301676],[28.1995095,36.4292352],[28.1981623,36.4275084],[28.1971805,36.4264401],[28.1953253,36.4249357]]},"properties":{"class":"secondary","name":"Ρόδος - Κρητικά"}},{"type":"Feature","geometry":{"type":"LineString","coordinates":[[28.2031853,36.4198574],[28.2029644,36.4196754],[28.2024056,36.4194805],[28.201644,36.4190682],[28.2005026,36.4186591],[28.1986857,36.4171945],[28.1983588,36.4170399]]},"properties":{"class":"secondary","name":"Γιώργου Σεφέρη"}},{"type":"Feature","geometry":{"type":"LineString","coordinates":[[28.205707,36.4237897],[28.2075716,36.423228],[28.2084204,36.4228602],[28.2094304,36.4218472],[28.2096772,36.4215368],[28.2096703,36.4214197]]},"properties":{"class":"tertiary","name":"Αλέξανδρου Παπαδιαμάντη"}},{"type":"Feature","geometry":{"type":"LineString","coordinates":[[28.1987346,36.4242743],[28.1989884,36.4235827],[28.1993711,36.4229535],[28.1996207,36.4223338],[28.2001609,36.4218097],[28.2002667,36.4213486],[28.2007509,36.4211724],[28.2008395,36.4206501],[28.2009307,36.4205573],[28.2016817,36.4200975],[28.2018962,36.4202389],[28.2018721,36.4205529],[28.2019888,36.4207871],[28.2023723,36.4209911],[28.2025896,36.4210202]]},"properties":{"class":"unclassified"}},{"type":"Feature","geometry":{"type":"LineString","coordinates":[[28.1997785,36.4242134],[28.2006873,36.4241752],[28.2011459,36.4242845],[28.2013559,36.4244927],[28.201531,36.425047],[28.2016845,36.4252655],[28.2020635,36.4255529],[28.2025303,36.4257641],[28.2027748,36.4257824],[28.2036188,36.4256164],[28.2040217,36.4253943],[28.2043732,36.4254202],[28.2055836,36.4261685],[28.2069451,36.4268537],[28.2077163,36.4274315]]},"properties":{"class":"tertiary","name":"Ηλιάδων"}},{"type":"Feature","geometry":{"type":"LineString","coordinates":[[28.20513,36.4238839],[28.2045352,36.4232629],[28.2041286,36.4223283],[28.2031406,36.421017],[28.2031001,36.4206434],[28.2031853,36.4198574]]},"properties":{"class":"secondary","name":"Γιώργου Σεφέρη"}},{"type":"Feature","geometry":{"type":"LineString","coordinates":[[28.1954804,36.4247072],[28.1989327,36.4242566]]},"properties":{"class":"tertiary","name":"Ηλιάδων"}},{"type":"Feature","geometry":{"type":"LineString","coordinates":[[28.1994901,36.4242264],[28.1997785,36.4242134]]},"properties":{"class":"tertiary","name":"Ηλιάδων"}},{"type":"Feature","geometry":{"type":"LineString","coordinates":[[28.199099,36.4242464],[28.1994901,36.4242264]]},"properties":{"class":"tertiary","name":"Ηλιάδων"}},{"type":"Feature","geometry":{"type":"LineString","coordinates":[[28.1989327,36.4242566],[28.199099,36.4242464]]},"properties":{"class":"tertiary","name":"Ηλιάδων"}},{"type":"Feature","geometry":{"type":"LineString","coordinates":[[28.1951564,36.4248188],[28.1952485,36.4247329],[28.1953483,36.4248147],[28.1952695,36.4248865],[28.1951564,36.4248188]]},"properties":{"class":"secondary"}},{"type":"Feature","geometry":{"type":"LineString","coordinates":[[28.1951581,36.4247935],[28.1950875,36.4247368]]},"properties":{"class":"secondary"}},{"type":"Feature","geometry":{"type":"LineString","coordinates":[[28.1953253,36.4249357],[28.1952695,36.4248865]]},"properties":{"class":"secondary"}},{"type":"Feature","geometry":{"type":"LineString","coordinates":[[28.1953243,36.4248616],[28.1953253,36.4249357]]},"properties":{"class":"secondary"}},{"type":"Feature","geometry":{"type":"LineString","coordinates":[[28.1950875,36.4247368],[28.1951905,36.4247508]]},"properties":{"class":"secondary"}},{"type":"Feature","geometry":{"type":"LineString","coordinates":[[28.1952801,36.4247362],[28.1954804,36.4247072]]},"properties":{"class":"tertiary"}},{"type":"Feature","geometry":{"type":"LineString","coordinates":[[28.1954804,36.4247072],[28.1953448,36.4247892]]},"properties":{"class":"tertiary"}},{"type":"Feature","geometry":{"type":"LineString","coordinates":[[28.2052156,36.42394],[28.205707,36.4237897]]},"properties":{"class":"tertiary","name":"Αλέξανδρου Παπαδιαμάντη"}},{"type":"Feature","geometry":{"type":"LineString","coordinates":[[28.2052156,36.42394],[28.20513,36.4238839]]},"properties":{"class":"secondary","name":"Γιώργου Σεφέρη"}},{"type":"Feature","geometry":{"type":"LineString","coordinates":[[28.2057676,36.4243486],[28.2052156,36.42394]]},"properties":{"class":"secondary","name":"Γιώργου Σεφέρη"}},{"type":"Feature","geometry":{"type":"LineString","coordinates":[[28.2003869,36.4301676],[28.2006966,36.4304345],[28.2012437,36.4311219]]},"properties":{"class":"secondary","name":"Ρόδος - Ιαλυσός"}},{"type":"Feature","geometry":{"type":"LineString","coordinates":[[28.2013801,36.4313268],[28.2014427,36.4314169]]},"properties":{"class":"secondary","name":"Ρόδος - Ιαλυσός"}},{"type":"Feature","geometry":{"type":"LineString","coordinates":[[28.2013064,36.4313637],[28.2003869,36.4301676]]},"properties":{"class":"secondary","name":"Ρόδος - Ιαλυσός"}},{"type":"Feature","geometry":{"type":"LineString","coordinates":[[28.2012437,36.4311219],[28.2013801,36.4313268]]},"properties":{"class":"secondary","name":"Ρόδος - Ιαλυσός"}},{"type":"Feature","geometry":{"type":"LineString","coordinates":[[28.2014427,36.4314169],[28.2015536,36.4315808]]},"properties":{"class":"secondary","name":"Ρόδος - Ιαλυσός"}},{"type":"Feature","geometry":{"type":"LineString","coordinates":[[28.2013719,36.4314541],[28.2013064,36.4313637]]},"properties":{"class":"secondary","name":"Ρόδος - Ιαλυσός"}},{"type":"Feature","geometry":{"type":"LineString","coordinates":[[28.2014821,36.4316124],[28.2013719,36.4314541]]},"properties":{"class":"secondary","name":"Ρόδος - Κρητικά"}},{"type":"Feature","geometry":{"type":"LineString","coordinates":[[28.2066037,36.4402004],[28.20714,36.4409199],[28.2078843,36.4422222],[28.2091875,36.4436939],[28.2103401,36.4446204],[28.2120721,36.4457024],[28.2127582,36.4464308],[28.2133468,36.4468617]]},"properties":{"class":"secondary","name":"Ρόδος - Ιαλυσός"}},{"type":"Feature","geometry":{"type":"LineString","coordinates":[[28.206522,36.4402347],[28.2050123,36.4373953],[28.2014821,36.4316124]]},"properties":{"class":"secondary","name":"Ρόδος - Κρητικά"}},{"type":"Feature","geometry":{"type":"LineString","coordinates":[[28.2015536,36.4315808],[28.2050851,36.4373693],[28.2066037,36.4402004]]},"properties":{"class":"secondary","name":"Ρόδος - Κρητικά"}},{"type":"Feature","geometry":{"type":"LineString","coordinates":[[28.2121801,36.4459257],[28.2116329,36.4457539],[28.210564,36.4450697],[28.2097791,36.4446831],[28.20944,36.4444751],[28.2088051,36.4438814],[28.2074354,36.441926],[28.206522,36.4402347]]},"properties":{"class":"secondary","name":"Ρόδος - Ιαλυσός"}},{"type":"Feature","geometry":{"type":"LineString","coordinates":[[28.2086598,36.4284818],[28.2087292,36.4288467],[28.2086129,36.4292044],[28.2069361,36.4309608],[28.2065862,36.4314451]]},"properties":{"class":"tertiary","name":"Ησιόδου"}},{"type":"Feature","geometry":{"type":"LineString","coordinates":[[28.2081445,36.43871],[28.2077617,36.4371697],[28.2073315,36.4364875],[28.2073057,36.436198],[28.2074283,36.4356469],[28.2073939,36.4353107],[28.2065049,36.433711],[28.2063113,36.4331238],[28.2063108,36.4322084],[28.2065862,36.4314451]]},"properties":{"class":"tertiary","name":"Ακροπόλεως"}},{"type":"Feature","geometry":{"type":"LineString","coordinates":[[28.2073263,36.4076231],[28.2071475,36.407586],[28.2070377,36.407389],[28.2071046,36.4071918]]},"properties":{"class":"unclassified"}},{"type":"Feature","geometry":{"type":"LineString","coordinates":[[28.2104299,36.4068039],[28.2103008,36.4064743],[28.210523,36.4062591],[28.2104856,36.4061341]]},"properties":{"class":"unclassified"}},{"type":"Feature","geometry":{"type":"LineString","coordinates":[[28.2103204,36.4064268],[28.2101081,36.4062955],[28.2100137,36.4060328]]},"properties":{"class":"unclassified"}},{"type":"Feature","geometry":{"type":"LineString","coordinates":[[28.2100137,36.4060328],[28.2099429,36.4056641],[28.2100924,36.4055327],[28.2104246,36.4054362]]},"properties":{"class":"unclassified"}},{"type":"Feature","geometry":{"type":"LineString","coordinates":[[28.2253477,36.4045091],[28.2222995,36.4047676],[28.2193734,36.4046006],[28.2154226,36.4056798],[28.213159,36.4057548],[28.2130725,36.4056815],[28.2132229,36.4053048],[28.2130583,36.4043876],[28.2135971,36.404293],[28.2134449,36.4034133]]},"properties":{"class":"unclassified","name":"Ανδρέα Διακομιχάλη"}},{"type":"Feature","geometry":{"type":"LineString","coordinates":[[28.213518,36.4185606],[28.2147388,36.4181254],[28.2153421,36.4177968],[28.215247,36.4176138],[28.215345,36.4173147],[28.2153001,36.4164868],[28.2154065,36.4157694],[28.2156151,36.4153223],[28.2159856,36.4149041]]},"properties":{"class":"unclassified","name":"Αλέξανδρου Δελμούζου"}},{"type":"Feature","geometry":{"type":"LineString","coordinates":[[28.2107248,36.4153158],[28.2119304,36.4146561],[28.212532,36.4144405],[28.2129523,36.4136698],[28.2131776,36.4135899],[28.2134064,36.4136656]]},"properties":{"class":"unclassified"}},{"type":"Feature","geometry":{"type":"LineString","coordinates":[[28.2140139,36.4057203],[28.2141532,36.4062568],[28.2140338,36.4064062],[28.2125043,36.4063367],[28.211821,36.4065342],[28.2115636,36.4065062],[28.2111418,36.406665],[28.210682,36.4067002],[28.2094911,36.4071406],[28.2081017,36.4072831],[28.2074427,36.4076452]]},"properties":{"class":"unclassified","name":"Βρυκούντος"}},{"type":"Feature","geometry":{"type":"LineString","coordinates":[[28.2218419,36.4120386],[28.221037,36.4123024],[28.2203206,36.4120447],[28.2197357,36.4119659],[28.2190009,36.4121429],[28.2182137,36.4124916]]},"properties":{"class":"unclassified","name":"Αλέξανδρου Δελμούζου"}},{"type":"Feature","geometry":{"type":"LineString","coordinates":[[28.2182137,36.4124916],[28.2184534,36.4130186],[28.2187932,36.4132277],[28.219371,36.4133467],[28.2196296,36.4135554],[28.2203538,36.4138112]]},"properties":{"class":"unclassified"}},{"type":"Feature","geometry":{"type":"LineString","coordinates":[[28.2143788,36.4196272],[28.2138585,36.4191232],[28.2123026,36.4171897],[28.2103064,36.414955],[28.2098849,36.4142901],[28.2096608,36.4136566]]},"properties":{"class":"primary","name":"Ρόδου - Λίνδου","ref":"ΕΟ95"}},{"type":"Feature","geometry":{"type":"LineString","coordinates":[[28.209448,36.4125363],[28.2098984,36.4140925],[28.2102066,36.4146588],[28.2123855,36.4171478],[28.2136153,36.4186803]]},"properties":{"class":"primary","name":"Ρόδου - Λίνδου","ref":"ΕΟ95"}},{"type":"Feature","geometry":{"type":"LineString","coordinates":[[28.2132229,36.4053048],[28.2133107,36.4051749],[28.213641,36.4050172],[28.2137077,36.4047676],[28.2135971,36.404293]]},"properties":{"class":"unclassified"}},{"type":"Feature","geometry":{"type":"LineString","coordinates":[[28.2094635,36.4119339],[28.2091867,36.41112]]},"properties":{"class":"unclassified","name":"Γιαν. Ψυχάρη"}},{"type":"Feature","geometry":{"type":"LineString","coordinates":[[28.2099153,36.4110974],[28.2091867,36.41112]]},"properties":{"class":"unclassified"}},{"type":"Feature","geometry":{"type":"LineString","coordinates":[[28.2090646,36.4111291],[28.2091867,36.41112]]},"properties":{"class":"unclassified"}},{"type":"Feature","geometry":{"type":"LineString","coordinates":[[28.2091867,36.41112],[28.2091113,36.4108295]]},"properties":{"class":"unclassified","name":"Γιαν. Ψυχάρη"}},{"type":"Feature","geometry":{"type":"LineString","coordinates":[[28.209231,36.4117462],[28.209448,36.4125363]]},"properties":{"class":"primary","name":"Ρόδου - Λίνδου","ref":"ΕΟ95"}},{"type":"Feature","geometry":{"type":"LineString","coordinates":[[28.2096608,36.4136566],[28.2093566,36.4125538]]},"properties":{"class":"primary","name":"Ρόδου - Λίνδου","ref":"ΕΟ95"}},{"type":"Feature","geometry":{"type":"LineString","coordinates":[[28.2090646,36.4111291],[28.209231,36.4117462]]},"properties":{"class":"primary","name":"Ρόδου - Λίνδου","ref":"ΕΟ95"}},{"type":"Feature","geometry":{"type":"LineString","coordinates":[[28.2184534,36.4130186],[28.2182845,36.4130945],[28.2182462,36.4132299],[28.2183515,36.4138236],[28.2182606,36.4139832],[28.2180276,36.4141154]]},"properties":{"class":"unclassified"}},{"type":"Feature","geometry":{"type":"LineString","coordinates":[[28.2159856,36.4149041],[28.2165202,36.4133667],[28.2167694,36.4130119],[28.2167664,36.4128217],[28.2165584,36.4126223],[28.2165688,36.4125437],[28.2166881,36.4125131],[28.2170362,36.4127194],[28.2173834,36.412771],[28.2182137,36.4124916]]},"properties":{"class":"unclassified","name":"Αλέξανδρου Δελμούζου"}},{"type":"Feature","geometry":{"type":"LineString","coordinates":[[28.2134064,36.4136656],[28.2140237,36.4135455],[28.2147807,36.4137495],[28.216317,36.4139518]]},"properties":{"class":"unclassified"}},{"type":"Feature","geometry":{"type":"LineString","coordinates":[[28.2263099,36.4114103],[28.2280941,36.4111877]]},"properties":{"class":"unclassified","name":"Νικ. Γύζη"}},{"type":"Feature","geometry":{"type":"LineString","coordinates":[[28.2254915,36.4090628],[28.2276849,36.4094908],[28.2281698,36.4097325],[28.2285201,36.4100468],[28.2288016,36.4101059]]},"properties":{"class":"unclassified","name":"Κ. Παρθένη"}},{"type":"Feature","geometry":{"type":"LineString","coordinates":[[28.2272063,36.4135341],[28.2255091,36.4138165],[28.2253897,36.4139827],[28.2254291,36.4145963],[28.2247752,36.4146857],[28.2248156,36.4149764],[28.2249551,36.4151045],[28.2249977,36.416051],[28.2252477,36.4172074]]},"properties":{"class":"unclassified"}},{"type":"Feature","geometry":{"type":"LineString","coordinates":[[28.2276477,36.4149618],[28.2277881,36.4154408]]},"properties":{"class":"secondary","name":"Καλλιθέας"}},{"type":"Feature","geometry":{"type":"LineString","coordinates":[[28.2312036,36.4141884],[28.2275905,36.4147663]]},"properties":{"class":"unclassified","name":"Νικηφόρου Λύτρα"}},{"type":"Feature","geometry":{"type":"LineString","coordinates":[[28.2094589,36.4181183],[28.2104458,36.4180064],[28.211504,36.418527],[28.2122235,36.419181]]},"properties":{"class":"unclassified"}},{"type":"Feature","geometry":{"type":"LineString","coordinates":[[28.2140265,36.4198264],[28.2143788,36.4196272]]},"properties":{"class":"tertiary","name":"Ηλία Βενέζη"}},{"type":"Feature","geometry":{"type":"LineString","coordinates":[[28.214462,36.4196932],[28.2142744,36.4198105]]},"properties":{"class":"tertiary","name":"Ηλία Βενέζη"}},{"type":"Feature","geometry":{"type":"LineString","coordinates":[[28.214462,36.4196932],[28.2143788,36.4196272]]},"properties":{"class":"primary","name":"Ρόδου - Λίνδου","ref":"ΕΟ95"}},{"type":"Feature","geometry":{"type":"LineString","coordinates":[[28.2143788,36.4196272],[28.2144537,36.4195687]]},"properties":{"class":"tertiary","name":"Ηλία Βενέζη"}},{"type":"Feature","geometry":{"type":"LineString","coordinates":[[28.2145399,36.4196367],[28.214462,36.4196932]]},"properties":{"class":"tertiary","name":"Ηλία Βενέζη"}},{"type":"Feature","geometry":{"type":"LineString","coordinates":[[28.2153306,36.4203315],[28.214762,36.4199216]]},"properties":{"class":"primary","name":"Ρόδου - Λίνδου","ref":"ΕΟ95"}},{"type":"Feature","geometry":{"type":"LineString","coordinates":[[28.214762,36.4199216],[28.214462,36.4196932]]},"properties":{"class":"primary","name":"Ρόδου - Λίνδου","ref":"ΕΟ95"}},{"type":"Feature","geometry":{"type":"LineString","coordinates":[[28.2144738,36.4195846],[28.2145399,36.4196367]]},"properties":{"class":"primary","name":"Ρόδου - Λίνδου","ref":"ΕΟ95"}},{"type":"Feature","geometry":{"type":"LineString","coordinates":[[28.2144537,36.4195687],[28.2144738,36.4195846]]},"properties":{"class":"primary","name":"Ρόδου - Λίνδου","ref":"ΕΟ95"}},{"type":"Feature","geometry":{"type":"LineString","coordinates":[[28.2142744,36.4198105],[28.2140265,36.4198264]]},"properties":{"class":"tertiary","name":"Ηλία Βενέζη"}},{"type":"Feature","geometry":{"type":"LineString","coordinates":[[28.2136153,36.4186803],[28.2144537,36.4195687]]},"properties":{"class":"primary","name":"Ρόδου - Λίνδου","ref":"ΕΟ95"}},{"type":"Feature","geometry":{"type":"LineString","coordinates":[[28.2168836,36.4341491],[28.2155666,36.4335902],[28.2144588,36.4330008],[28.2125311,36.4311411],[28.2099312,36.4279992],[28.2095414,36.4277155],[28.208294,36.4271223]]},"properties":{"class":"secondary","name":"Μιχαήλ Πετρίδη"}},{"type":"Feature","geometry":{"type":"LineString","coordinates":[[28.2096703,36.4214197],[28.2105137,36.4213329],[28.2106168,36.4207917],[28.2107154,36.4206538],[28.2116713,36.4202354],[28.2119031,36.4200469],[28.2122847,36.4191342],[28.2124336,36.4191217],[28.2125707,36.4192243],[28.212709,36.4198017],[28.2128426,36.4199238],[28.2140265,36.4198264]]},"properties":{"class":"tertiary","name":"Ηλία Βενέζη"}},{"type":"Feature","geometry":{"type":"LineString","coordinates":[[28.2096772,36.4215368],[28.2104122,36.4224145]]},"properties":{"class":"tertiary","name":"Αποστόλου Παύλου"}},{"type":"Feature","geometry":{"type":"LineString","coordinates":[[28.2202378,36.4259995],[28.2185415,36.424086],[28.2162705,36.4211471],[28.2153306,36.4203315]]},"properties":{"class":"primary","name":"Ρόδου - Λίνδου","ref":"ΕΟ95"}},{"type":"Feature","geometry":{"type":"LineString","coordinates":[[28.2079396,36.4275345],[28.2086598,36.4284818]]},"properties":{"class":"tertiary","name":"Ησιόδου"}},{"type":"Feature","geometry":{"type":"LineString","coordinates":[[28.2145399,36.4196367],[28.2157892,36.4205619],[28.2163448,36.4211144],[28.2186151,36.4240406],[28.2197771,36.4253707]]},"properties":{"class":"primary","name":"Ρόδου - Λίνδου","ref":"ΕΟ95"}},{"type":"Feature","geometry":{"type":"LineString","coordinates":[[28.2197771,36.4253707],[28.2200976,36.4257163]]},"properties":{"class":"primary","name":"Ρόδου - Λίνδου","ref":"ΕΟ95"}},{"type":"Feature","geometry":{"type":"LineString","coordinates":[[28.2120306,36.4252545],[28.2125937,36.4268091],[28.2129372,36.4271598],[28.2144377,36.4281264],[28.2155949,36.4291748]]},"properties":{"class":"tertiary","name":"Αποστόλου Παύλου"}},{"type":"Feature","geometry":{"type":"LineString","coordinates":[[28.2078543,36.4273703],[28.2076643,36.4270295]]},"properties":{"class":"tertiary","name":"Γιώργου Σεφέρη"}},{"type":"Feature","geometry":{"type":"LineString","coordinates":[[28.2078543,36.4273703],[28.2078879,36.427439]]},"properties":{"class":"tertiary","name":"Ησιόδου"}},{"type":"Feature","geometry":{"type":"LineString","coordinates":[[28.208294,36.4271223],[28.207918,36.4271185],[28.2076643,36.4270295]]},"properties":{"class":"secondary"}},{"type":"Feature","geometry":{"type":"LineString","coordinates":[[28.2073897,36.4265553],[28.207813,36.4268813]]},"properties":{"class":"secondary"}},{"type":"Feature","geometry":{"type":"LineString","coordinates":[[28.2076643,36.4270295],[28.2073897,36.4265553]]},"properties":{"class":"secondary","name":"Γιώργου Σεφέρη"}},{"type":"Feature","geometry":{"type":"LineString","coordinates":[[28.207813,36.4268813],[28.208294,36.4271223]]},"properties":{"class":"secondary"}},{"type":"Feature","geometry":{"type":"LineString","coordinates":[[28.2079396,36.4275345],[28.2077163,36.4274315]]},"properties":{"class":"tertiary","name":"Ηλιάδων"}},{"type":"Feature","geometry":{"type":"LineString","coordinates":[[28.2077163,36.4274315],[28.2078879,36.427439]]},"properties":{"class":"tertiary","name":"Ηλιάδων"}},{"type":"Feature","geometry":{"type":"LineString","coordinates":[[28.2078879,36.427439],[28.2079396,36.4275345]]},"properties":{"class":"tertiary","name":"Ησιόδου"}},{"type":"Feature","geometry":{"type":"LineString","coordinates":[[28.2104122,36.4224145],[28.2109835,36.4231532],[28.211815,36.4247171]]},"properties":{"class":"tertiary","name":"Αποστόλου Παύλου"}},{"type":"Feature","geometry":{"type":"LineString","coordinates":[[28.2079936,36.4271206],[28.2078762,36.4272236],[28.2078543,36.4273703]]},"properties":{"class":"tertiary"}},{"type":"Feature","geometry":{"type":"LineString","coordinates":[[28.211815,36.4247171],[28.2120306,36.4252545]]},"properties":{"class":"tertiary","name":"Αποστόλου Παύλου"}},{"type":"Feature","geometry":{"type":"LineString","coordinates":[[28.2291757,36.4190386],[28.2292019,36.4195237]]},"properties":{"class":"secondary","name":"Καλλιθέας"}},{"type":"Feature","geometry":{"type":"LineString","coordinates":[[28.2296206,36.418602],[28.2295358,36.4186697]]},"properties":{"class":"secondary","name":"Καλλιθέας"}},{"type":"Feature","geometry":{"type":"LineString","coordinates":[[28.2291757,36.4190386],[28.2292948,36.4187398]]},"properties":{"class":"secondary","name":"Καλλιθέας"}},{"type":"Feature","geometry":{"type":"LineString","coordinates":[[28.2292019,36.4195237],[28.2293326,36.4203424]]},"properties":{"class":"secondary","name":"Καλλιθέας"}},{"type":"Feature","geometry":{"type":"LineString","coordinates":[[28.2294731,36.4214087],[28.2293701,36.4214102]]},"properties":{"class":"secondary","name":"Δελφών"}},{"type":"Feature","geometry":{"type":"LineString","coordinates":[[28.2292948,36.4187398],[28.2294931,36.4186078]]},"properties":{"class":"secondary","name":"Καλλιθέας"}},{"type":"Feature","geometry":{"type":"LineString","coordinates":[[28.229105,36.420916],[28.2293323,36.4209374]]},"properties":{"class":"secondary"}},{"type":"Feature","geometry":{"type":"LineString","coordinates":[[28.229105,36.420916],[28.2293221,36.4207676]]},"properties":{"class":"secondary"}},{"type":"Feature","geometry":{"type":"LineString","coordinates":[[28.2292411,36.4189208],[28.2291757,36.4190386]]},"properties":{"class":"secondary","name":"Καλλιθέας"}},{"type":"Feature","geometry":{"type":"LineString","coordinates":[[28.2293326,36.4203424],[28.2294359,36.4209305]]},"properties":{"class":"secondary","name":"Καλλιθέας"}},{"type":"Feature","geometry":{"type":"LineString","coordinates":[[28.2293323,36.4209374],[28.2293221,36.4207676]]},"properties":{"class":"secondary","name":"Καλλιθέας"}},{"type":"Feature","geometry":{"type":"LineString","coordinates":[[28.2293221,36.4207676],[28.2293131,36.4205871]]},"properties":{"class":"secondary","name":"Καλλιθέας"}},{"type":"Feature","geometry":{"type":"LineString","coordinates":[[28.2294359,36.4209305],[28.2294731,36.4214087]]},"properties":{"class":"secondary","name":"Καλλιθέας"}},{"type":"Feature","geometry":{"type":"LineString","coordinates":[[28.2290564,36.4209385],[28.229105,36.420916]]},"properties":{"class":"secondary","name":"Δαμαγήτου"}},{"type":"Feature","geometry":{"type":"LineString","coordinates":[[28.2293131,36.4205871],[28.2293326,36.4203424]]},"properties":{"class":"secondary","name":"Καλλιθέας"}},{"type":"Feature","geometry":{"type":"LineString","coordinates":[[28.2293701,36.4214102],[28.2291813,36.421494]]},"properties":{"class":"secondary","name":"Δελφών"}},{"type":"Feature","geometry":{"type":"LineString","coordinates":[[28.2293701,36.4214102],[28.2293323,36.4209374]]},"properties":{"class":"secondary","name":"Καλλιθέας"}},{"type":"Feature","geometry":{"type":"LineString","coordinates":[[28.2291646,36.4179415],[28.2295856,36.4185514]]},"properties":{"class":"secondary","name":"Ρόδος - Καλλιθέα"}},{"type":"Feature","geometry":{"type":"LineString","coordinates":[[28.2290028,36.417705],[28.2291646,36.4179415]]},"properties":{"class":"secondary","name":"Ρόδος - Καλλιθέα"}},{"type":"Feature","geometry":{"type":"LineString","coordinates":[[28.2303181,36.419921],[28.2295358,36.4186697]]},"properties":{"class":"secondary","name":"Ρόδος - Καλλιθέα"}},{"type":"Feature","geometry":{"type":"LineString","coordinates":[[28.2293323,36.4209374],[28.2294359,36.4209305]]},"properties":{"class":"secondary"}},{"type":"Feature","geometry":{"type":"LineString","coordinates":[[28.2295856,36.4185514],[28.2296206,36.418602]]},"properties":{"class":"secondary","name":"Ρόδος - Καλλιθέα"}},{"type":"Feature","geometry":{"type":"LineString","coordinates":[[28.2295358,36.4186697],[28.2292411,36.4189208]]},"properties":{"class":"secondary","name":"Καλλιθέας"}},{"type":"Feature","geometry":{"type":"LineString","coordinates":[[28.2295358,36.4186697],[28.2294931,36.4186078]]},"properties":{"class":"secondary","name":"Ρόδος - Καλλιθέα"}},{"type":"Feature","geometry":{"type":"LineString","coordinates":[[28.2294931,36.4186078],[28.2295856,36.4185514]]},"properties":{"class":"secondary","name":"Καλλιθέας"}},{"type":"Feature","geometry":{"type":"LineString","coordinates":[[28.2293,36.4183276],[28.2290028,36.417705]]},"properties":{"class":"secondary","name":"Ρόδος - Καλλιθέα"}},{"type":"Feature","geometry":{"type":"LineString","coordinates":[[28.2277881,36.4154408],[28.2281985,36.4166636],[28.2290028,36.417705]]},"properties":{"class":"secondary","name":"Καλλιθέας"}},{"type":"Feature","geometry":{"type":"LineString","coordinates":[[28.2294931,36.4186078],[28.2293,36.4183276]]},"properties":{"class":"secondary","name":"Ρόδος - Καλλιθέα"}},{"type":"Feature","geometry":{"type":"LineString","coordinates":[[28.2262141,36.4228918],[28.2264453,36.4226644],[28.2265828,36.4223928],[28.2268754,36.4221457],[28.2290564,36.4209385]]},"properties":{"class":"secondary","name":"Δαμαγήτου"}},{"type":"Feature","geometry":{"type":"LineString","coordinates":[[28.229435,36.4225865],[28.2294232,36.4234398],[28.2289858,36.4263885],[28.2291557,36.4290182]]},"properties":{"class":"secondary","name":"Καλλιθέας"}},{"type":"Feature","geometry":{"type":"LineString","coordinates":[[28.2296206,36.418602],[28.230261,36.4195972],[28.2311738,36.421364],[28.2327512,36.423178],[28.232953,36.4235657],[28.233031,36.4241254],[28.2327776,36.4250725],[28.23274,36.4255589],[28.2330707,36.4265909],[28.233307,36.4281636]]},"properties":{"class":"secondary","name":"Ρόδος - Καλλιθέα"}},{"type":"Feature","geometry":{"type":"LineString","coordinates":[[28.2294023,36.4224094],[28.2293701,36.4214102]]},"properties":{"class":"secondary","name":"Καλλιθέας"}},{"type":"Feature","geometry":{"type":"LineString","coordinates":[[28.2291813,36.421494],[28.2275907,36.4222419],[28.2269973,36.4227887],[28.2262141,36.4228918]]},"properties":{"class":"secondary","name":"Δελφών"}},{"type":"Feature","geometry":{"type":"LineString","coordinates":[[28.2294731,36.4214087],[28.229435,36.4225865]]},"properties":{"class":"secondary","name":"Καλλιθέας"}},{"type":"Feature","geometry":{"type":"LineString","coordinates":[[28.2332743,36.4288149],[28.233182,36.4285213],[28.2329783,36.4267117],[28.2326237,36.4254999],[28.2326648,36.4250543],[28.2329047,36.4242104],[28.2328721,36.4236761],[28.2326585,36.4232325],[28.2311372,36.4215058],[28.2303181,36.419921]]},"properties":{"class":"secondary","name":"Ρόδος - Καλλιθέα"}},{"type":"Feature","geometry":{"type":"LineString","coordinates":[[28.2254646,36.4317487],[28.2239234,36.4282717],[28.223462,36.4278739],[28.221781,36.4269545]]},"properties":{"class":"primary","name":"Ρόδου - Λίνδου","ref":"ΕΟ95"}},{"type":"Feature","geometry":{"type":"LineString","coordinates":[[28.2262141,36.4228918],[28.2234396,36.4235288]]},"properties":{"class":"secondary","name":"Κωνσταντινουπόλεως"}},{"type":"Feature","geometry":{"type":"LineString","coordinates":[[28.221781,36.4269545],[28.2210196,36.4266117],[28.2204263,36.4261773]]},"properties":{"class":"primary","name":"Ρόδου - Λίνδου","ref":"ΕΟ95"}},{"type":"Feature","geometry":{"type":"LineString","coordinates":[[28.2201769,36.4257992],[28.22029,36.4259278]]},"properties":{"class":"primary","name":"Ρόδου - Λίνδου","ref":"ΕΟ95"}},{"type":"Feature","geometry":{"type":"LineString","coordinates":[[28.2234396,36.4235288],[28.2216188,36.4237568],[28.2212016,36.4240219]]},"properties":{"class":"secondary","name":"Κωνσταντινουπόλεως"}},{"type":"Feature","geometry":{"type":"LineString","coordinates":[[28.2212016,36.4240219],[28.2210899,36.4242136],[28.2209295,36.4249314]]},"properties":{"class":"secondary","name":"Κωνσταντινουπόλεως"}},{"type":"Feature","geometry":{"type":"LineString","coordinates":[[28.2202378,36.4259995],[28.22029,36.4259278]]},"properties":{"class":"secondary","name":"Σπυρίδωνος Μητρ. Ρόδου"}},{"type":"Feature","geometry":{"type":"LineString","coordinates":[[28.2208422,36.4249065],[28.221043,36.4241235],[28.2214494,36.4237604],[28.2223686,36.4235692],[28.2232708,36.4235135]]},"properties":{"class":"secondary","name":"Κωνσταντινουπόλεως"}},{"type":"Feature","geometry":{"type":"LineString","coordinates":[[28.2209295,36.4249314],[28.2205022,36.4257828]]},"properties":{"class":"secondary","name":"Σπυρίδωνος Μητρ. Ρόδου"}},{"type":"Feature","geometry":{"type":"LineString","coordinates":[[28.2203309,36.4259695],[28.2202378,36.4259995]]},"properties":{"class":"secondary","name":"Σπυρίδωνος Μητρ. Ρόδου"}},{"type":"Feature","geometry":{"type":"LineString","coordinates":[[28.2203309,36.4259695],[28.2204785,36.426113]]},"properties":{"class":"primary","name":"Ρόδου - Λίνδου","ref":"ΕΟ95"}},{"type":"Feature","geometry":{"type":"LineString","coordinates":[[28.22029,36.4259278],[28.2204256,36.4257418]]},"properties":{"class":"secondary","name":"Σπυρίδωνος Μητρ. Ρόδου"}},{"type":"Feature","geometry":{"type":"LineString","coordinates":[[28.22029,36.4259278],[28.2203309,36.4259695]]},"properties":{"class":"primary","name":"Ρόδου - Λίνδου","ref":"ΕΟ95"}},{"type":"Feature","geometry":{"type":"LineString","coordinates":[[28.2200976,36.4257163],[28.2201769,36.4257992]]},"properties":{"class":"primary","name":"Ρόδου - Λίνδου","ref":"ΕΟ95"}},{"type":"Feature","geometry":{"type":"LineString","coordinates":[[28.2232708,36.4235135],[28.2234396,36.4235288]]},"properties":{"class":"secondary","name":"Κωνσταντινουπόλεως"}},{"type":"Feature","geometry":{"type":"LineString","coordinates":[[28.2204263,36.4261773],[28.2202378,36.4259995]]},"properties":{"class":"primary","name":"Ρόδου - Λίνδου","ref":"ΕΟ95"}},{"type":"Feature","geometry":{"type":"LineString","coordinates":[[28.2204785,36.426113],[28.221781,36.4269545]]},"properties":{"class":"primary","name":"Ρόδου - Λίνδου","ref":"ΕΟ95"}},{"type":"Feature","geometry":{"type":"LineString","coordinates":[[28.2204256,36.4257418],[28.2208422,36.4249065]]},"properties":{"class":"secondary","name":"Σπυρίδωνος Μητρ. Ρόδου"}},{"type":"Feature","geometry":{"type":"LineString","coordinates":[[28.2205022,36.4257828],[28.2203309,36.4259695]]},"properties":{"class":"secondary","name":"Σπυρίδωνος Μητρ. Ρόδου"}},{"type":"Feature","geometry":{"type":"LineString","coordinates":[[28.229435,36.4225865],[28.2294023,36.4224094]]},"properties":{"class":"secondary","name":"Καλλιθέας"}},{"type":"Feature","geometry":{"type":"LineString","coordinates":[[28.233307,36.4281636],[28.2334203,36.4287493]]},"properties":{"class":"secondary","name":"Ρόδος - Καλλιθέα"}},{"type":"Feature","geometry":{"type":"LineString","coordinates":[[28.2168836,36.4341491],[28.2171909,36.4321916],[28.2167653,36.4306789]]},"properties":{"class":"tertiary","name":"Κωνσταντίνου Τσαλδάρη"}},{"type":"Feature","geometry":{"type":"LineString","coordinates":[[28.2155949,36.4291748],[28.2163169,36.4297506]]},"properties":{"class":"tertiary","name":"Αποστόλου Παύλου"}},{"type":"Feature","geometry":{"type":"LineString","coordinates":[[28.2167653,36.4306789],[28.2164792,36.4297554]]},"properties":{"class":"tertiary","name":"Κωνσταντίνου Τσαλδάρη"}},{"type":"Feature","geometry":{"type":"LineString","coordinates":[[28.2228802,36.4397471],[28.2205209,36.4397847],[28.2193504,36.4396652]]},"properties":{"class":"tertiary","name":"Κομνηνών"}},{"type":"Feature","geometry":{"type":"LineString","coordinates":[[28.2168836,36.4341491],[28.2171854,36.4357473]]},"properties":{"class":"secondary","name":"Κωνσταντίνου Τσαλδάρη"}},{"type":"Feature","geometry":{"type":"LineString","coordinates":[[28.213713,36.4437416],[28.2135267,36.4434337],[28.2128574,36.4429681],[28.2125396,36.4428575],[28.2116302,36.4427882],[28.2112955,36.442625],[28.2110725,36.4424098],[28.2102565,36.4411098]]},"properties":{"class":"unclassified"}},{"type":"Feature","geometry":{"type":"LineString","coordinates":[[28.2174708,36.4408825],[28.2102565,36.4411098]]},"properties":{"class":"tertiary","name":"Διαγοριδών"}},{"type":"Feature","geometry":{"type":"LineString","coordinates":[[28.2205855,36.4363647],[28.2206527,36.4375304],[28.2196646,36.4386186],[28.2193088,36.4398346]]},"properties":{"class":"tertiary","name":"Βασιλέως Ηρακλείου"}},{"type":"Feature","geometry":{"type":"LineString","coordinates":[[28.2163169,36.4297506],[28.2205136,36.4291914],[28.224335,36.4297474],[28.2245925,36.4297071]]},"properties":{"class":"tertiary","name":"Κωνσταντίνου Υδραίου"}},{"type":"Feature","geometry":{"type":"LineString","coordinates":[[28.2173035,36.4390419],[28.2176885,36.4445144]]},"properties":{"class":"tertiary","name":"Θεμιστοκλή Σοφούλη"}},{"type":"Feature","geometry":{"type":"LineString","coordinates":[[28.213713,36.4437416],[28.2134625,36.4438334],[28.2133132,36.4439821],[28.2131355,36.4448207],[28.2128425,36.445042],[28.2124996,36.4449907],[28.2114256,36.4442283],[28.2095338,36.4424706],[28.2089669,36.4417883],[28.2086887,36.4411417],[28.2081445,36.43871]]},"properties":{"class":"tertiary","name":"Ακροπόλεως"}},{"type":"Feature","geometry":{"type":"LineString","coordinates":[[28.2250663,36.4362233],[28.2235241,36.4360401],[28.2219713,36.4361244],[28.2205855,36.4363647],[28.2203385,36.4363231],[28.218997,36.436501]]},"properties":{"class":"tertiary","name":"Κ. Α' Παλαιολόγου"}},{"type":"Feature","geometry":{"type":"LineString","coordinates":[[28.2208875,36.4344159],[28.2193661,36.4348491]]},"properties":{"class":"secondary","name":"Εθνικής Αντίστασης"}},{"type":"Feature","geometry":{"type":"LineString","coordinates":[[28.2205355,36.4421406],[28.219854,36.4411677],[28.2193088,36.4398346]]},"properties":{"class":"tertiary","name":"Αγίου Ιωάννη"}},{"type":"Feature","geometry":{"type":"LineString","coordinates":[[28.2191269,36.4293585],[28.2194064,36.4305174],[28.2192646,36.4329123],[28.2191006,36.4339399],[28.2192102,36.4348309]]},"properties":{"class":"tertiary","name":"Στέλιου Κωτιάδη"}},{"type":"Feature","geometry":{"type":"LineString","coordinates":[[28.2192102,36.4348309],[28.220863,36.4343588]]},"properties":{"class":"secondary","name":"Εθνικής Αντίστασης"}},{"type":"Feature","geometry":{"type":"LineString","coordinates":[[28.219156,36.4348471],[28.2190344,36.4339482],[28.2192044,36.4329222],[28.2193516,36.4305155],[28.2190669,36.4293683]]},"properties":{"class":"tertiary","name":"Στέλιου Κωτιάδη"}},{"type":"Feature","geometry":{"type":"LineString","coordinates":[[28.2081061,36.4385702],[28.2084638,36.4386121]]},"properties":{"class":"tertiary"}},{"type":"Feature","geometry":{"type":"LineString","coordinates":[[28.2102565,36.4411098],[28.2098114,36.4409029],[28.2095892,36.4406475],[28.2090968,36.4388038],[28.2087936,36.4386142],[28.2084638,36.4386121]]},"properties":{"class":"tertiary"}},{"type":"Feature","geometry":{"type":"LineString","coordinates":[[28.2084638,36.4386121],[28.2081445,36.43871]]},"properties":{"class":"tertiary"}},{"type":"Feature","geometry":{"type":"LineString","coordinates":[[28.2191823,36.434901],[28.219156,36.4348471]]},"properties":{"class":"tertiary","name":"Στέλιου Κωτιάδη"}},{"type":"Feature","geometry":{"type":"LineString","coordinates":[[28.2197458,36.4408103],[28.2174708,36.4408825]]},"properties":{"class":"tertiary","name":"Διαγοριδών"}},{"type":"Feature","geometry":{"type":"LineString","coordinates":[[28.2172886,36.4359207],[28.2181485,36.4351578],[28.219156,36.4348471]]},"properties":{"class":"secondary","name":"Εθνικής Αντίστασης"}},{"type":"Feature","geometry":{"type":"LineString","coordinates":[[28.2180996,36.436717],[28.2172158,36.4371034]]},"properties":{"class":"tertiary","name":"Κ. Α' Παλαιολόγου"}},{"type":"Feature","geometry":{"type":"LineString","coordinates":[[28.218997,36.436501],[28.2184206,36.4365744],[28.2180996,36.436717]]},"properties":{"class":"tertiary","name":"Κ. Α' Παλαιολόγου"}},{"type":"Feature","geometry":{"type":"LineString","coordinates":[[28.2172014,36.4360748],[28.2171973,36.4359668]]},"properties":{"class":"secondary","name":"Κωνσταντίνου Τσαλδάρη"}},{"type":"Feature","geometry":{"type":"LineString","coordinates":[[28.2171854,36.4357473],[28.2172886,36.4359207]]},"properties":{"class":"secondary","name":"Κωνσταντίνου Τσαλδάρη"}},{"type":"Feature","geometry":{"type":"LineString","coordinates":[[28.2172039,36.436341],[28.2172014,36.4360748]]},"properties":{"class":"tertiary","name":"Θεμιστοκλή Σοφούλη"}},{"type":"Feature","geometry":{"type":"LineString","coordinates":[[28.2172791,36.4361755],[28.2172039,36.436341]]},"properties":{"class":"tertiary","name":"Θεμιστοκλή Σοφούλη"}},{"type":"Feature","geometry":{"type":"LineString","coordinates":[[28.2171973,36.4359668],[28.2172886,36.4359207]]},"properties":{"class":"secondary","name":"Εθνικής Αντίστασης"}},{"type":"Feature","geometry":{"type":"LineString","coordinates":[[28.2173649,36.4360391],[28.2172014,36.4360748]]},"properties":{"class":"secondary","name":"Εθνικής Αντίστασης"}},{"type":"Feature","geometry":{"type":"LineString","coordinates":[[28.2172886,36.4359207],[28.2173649,36.4360391]]},"properties":{"class":"secondary","name":"Κωνσταντίνου Τσαλδάρη"}},{"type":"Feature","geometry":{"type":"LineString","coordinates":[[28.2193504,36.4396652],[28.2192837,36.4396555]]},"properties":{"class":"tertiary","name":"Κομνηνών"}},{"type":"Feature","geometry":{"type":"LineString","coordinates":[[28.2172039,36.436341],[28.2173035,36.4390419]]},"properties":{"class":"tertiary","name":"Θεμιστοκλή Σοφούλη"}},{"type":"Feature","geometry":{"type":"LineString","coordinates":[[28.2193661,36.4348491],[28.2192363,36.4348852]]},"properties":{"class":"secondary","name":"Εθνικής Αντίστασης"}},{"type":"Feature","geometry":{"type":"LineString","coordinates":[[28.219156,36.4348471],[28.2192102,36.4348309]]},"properties":{"class":"secondary","name":"Εθνικής Αντίστασης"}},{"type":"Feature","geometry":{"type":"LineString","coordinates":[[28.2171973,36.4359668],[28.2171854,36.4357473]]},"properties":{"class":"secondary","name":"Κωνσταντίνου Τσαλδάρη"}},{"type":"Feature","geometry":{"type":"LineString","coordinates":[[28.2173649,36.4360391],[28.2172791,36.4361755]]},"properties":{"class":"secondary","name":"Εθνικής Αντίστασης"}},{"type":"Feature","geometry":{"type":"LineString","coordinates":[[28.2192102,36.4348309],[28.2192363,36.4348852]]},"properties":{"class":"tertiary","name":"Στέλιου Κωτιάδη"}},{"type":"Feature","geometry":{"type":"LineString","coordinates":[[28.2191823,36.434901],[28.218188,36.4352095],[28.2173649,36.4360391]]},"properties":{"class":"secondary","name":"Εθνικής Αντίστασης"}},{"type":"Feature","geometry":{"type":"LineString","coordinates":[[28.2192363,36.4348852],[28.2191823,36.434901]]},"properties":{"class":"secondary","name":"Εθνικής Αντίστασης"}},{"type":"Feature","geometry":{"type":"LineString","coordinates":[[28.2255767,36.4320107],[28.2254646,36.4317487]]},"properties":{"class":"primary","name":"Ρόδου - Λίνδου","ref":"ΕΟ95"}},{"type":"Feature","geometry":{"type":"LineString","coordinates":[[28.2242399,36.4329474],[28.2252282,36.4322509]]},"properties":{"class":"primary","name":"Εθνικής Αντίστασης","ref":"ΕΟ95"}},{"type":"Feature","geometry":{"type":"LineString","coordinates":[[28.2230743,36.4337477],[28.2208875,36.4344159]]},"properties":{"class":"secondary","name":"Εθνικής Αντίστασης"}},{"type":"Feature","geometry":{"type":"LineString","coordinates":[[28.2230743,36.4337477],[28.2242399,36.4329474]]},"properties":{"class":"secondary","name":"Εθνικής Αντίστασης"}},{"type":"Feature","geometry":{"type":"LineString","coordinates":[[28.2252282,36.4322509],[28.2255767,36.4320107]]},"properties":{"class":"primary","name":"Εθν. Αντίστασης","ref":"ΕΟ95"}},{"type":"Feature","geometry":{"type":"LineString","coordinates":[[28.2255767,36.4320107],[28.2256406,36.4319767]]},"properties":{"class":"secondary","name":"Παν. Κανελλοπούλου"}},{"type":"Feature","geometry":{"type":"LineString","coordinates":[[28.220863,36.4343588],[28.2230743,36.4337477]]},"properties":{"class":"secondary","name":"Εθνικής Αντίστασης"}},{"type":"Feature","geometry":{"type":"LineString","coordinates":[[28.2291557,36.4290182],[28.2291976,36.4293883]]},"properties":{"class":"secondary","name":"Καλλιθέας"}},{"type":"Feature","geometry":{"type":"LineString","coordinates":[[28.230657,36.4322343],[28.2305424,36.4316676]]},"properties":{"class":"tertiary","name":"Ευ. Χατζηευαγγέλου"}},{"type":"Feature","geometry":{"type":"LineString","coordinates":[[28.2293128,36.4298112],[28.2315052,36.4292824],[28.2322675,36.4292842]]},"properties":{"class":"secondary","name":"Κλαυδίου Πέππερ"}},{"type":"Feature","geometry":{"type":"LineString","coordinates":[[28.2293128,36.4298112],[28.2287723,36.4300031],[28.2275347,36.430939]]},"properties":{"class":"secondary","name":"Γρηγορίου Ε'"}},{"type":"Feature","geometry":{"type":"LineString","coordinates":[[28.2322675,36.4292842],[28.2321495,36.4288467],[28.2320585,36.4287993],[28.2292428,36.4290119]]},"properties":{"class":"secondary"}},{"type":"Feature","geometry":{"type":"LineString","coordinates":[[28.2292499,36.4297052],[28.2293128,36.4298112]]},"properties":{"class":"secondary","name":"Καλλιθέας"}},{"type":"Feature","geometry":{"type":"LineString","coordinates":[[28.2291976,36.4293883],[28.2292499,36.4297052]]},"properties":{"class":"secondary","name":"Καλλιθέας"}},{"type":"Feature","geometry":{"type":"LineString","coordinates":[[28.2272885,36.4310544],[28.2273403,36.4310967]]},"properties":{"class":"secondary","name":"Γρηγορίου Ε'"}},{"type":"Feature","geometry":{"type":"LineString","coordinates":[[28.2295426,36.4322142],[28.229443,36.4302455]]},"properties":{"class":"tertiary","name":"Μητροπόλεως"}},{"type":"Feature","geometry":{"type":"LineString","coordinates":[[28.2305424,36.4316676],[28.229443,36.4302455]]},"properties":{"class":"tertiary","name":"Ευ. Χατζηευαγγέλου"}},{"type":"Feature","geometry":{"type":"LineString","coordinates":[[28.229443,36.4302455],[28.2294241,36.429958],[28.2293128,36.4298112]]},"properties":{"class":"tertiary","name":"Μητροπόλεως"}},{"type":"Feature","geometry":{"type":"LineString","coordinates":[[28.2270767,36.4323471],[28.2268224,36.4330715]]},"properties":{"class":"secondary","name":"Γρηγορίου Ε'"}},{"type":"Feature","geometry":{"type":"LineString","coordinates":[[28.2270767,36.4323471],[28.2292511,36.4323175],[28.2295426,36.4322142]]},"properties":{"class":"tertiary","name":"Ιωάννη Δενδρινού"}},{"type":"Feature","geometry":{"type":"LineString","coordinates":[[28.2325132,36.4292804],[28.2322675,36.4292842]]},"properties":{"class":"tertiary"}},{"type":"Feature","geometry":{"type":"LineString","coordinates":[[28.2326935,36.4292004],[28.2325132,36.4292804]]},"properties":{"class":"tertiary"}},{"type":"Feature","geometry":{"type":"LineString","coordinates":[[28.2273403,36.4310967],[28.2264529,36.4315375]]},"properties":{"class":"secondary","name":"Παν. Κανελλοπούλου"}},{"type":"Feature","geometry":{"type":"LineString","coordinates":[[28.2273403,36.4310967],[28.2270767,36.4323471]]},"properties":{"class":"secondary","name":"Γρηγορίου Ε'"}},{"type":"Feature","geometry":{"type":"LineString","coordinates":[[28.2272885,36.4310544],[28.2274311,36.4308724]]},"properties":{"class":"secondary","name":"Παν. Κανελλοπούλου"}},{"type":"Feature","geometry":{"type":"LineString","coordinates":[[28.2275347,36.430939],[28.2273403,36.4310967]]},"properties":{"class":"secondary","name":"Παν. Κανελλοπούλου"}},{"type":"Feature","geometry":{"type":"LineString","coordinates":[[28.2264208,36.4314984],[28.2272885,36.4310544]]},"properties":{"class":"secondary","name":"Παν. Κανελλοπούλου"}},{"type":"Feature","geometry":{"type":"LineString","coordinates":[[28.2292428,36.4290119],[28.2291557,36.4290182]]},"properties":{"class":"secondary"}},{"type":"Feature","geometry":{"type":"LineString","coordinates":[[28.2250993,36.4389778],[28.2255122,36.4388362],[28.2270889,36.43866]]},"properties":{"class":"tertiary","name":"Δημοκρατίας"}},{"type":"Feature","geometry":{"type":"LineString","coordinates":[[28.2252282,36.4322509],[28.2270767,36.4323471]]},"properties":{"class":"tertiary","name":"Ιωάννη Δενδρινού"}},{"type":"Feature","geometry":{"type":"LineString","coordinates":[[28.2322675,36.4292842],[28.233024,36.4316705]]},"properties":{"class":"tertiary","name":"Χρ. Τσιγάντε"}},{"type":"Feature","geometry":{"type":"LineString","coordinates":[[28.2309064,36.439432],[28.2316562,36.4392643],[28.2358703,36.4390441]]},"properties":{"class":"tertiary","name":"Θεόδωρου Κολοκοτρώνη"}},{"type":"Feature","geometry":{"type":"LineString","coordinates":[[28.2325132,36.4292804],[28.2355235,36.4299538],[28.235708,36.4300388],[28.2359006,36.4303694]]},"properties":{"class":"tertiary","name":"Κλαυδίου Πέππερ"}},{"type":"Feature","geometry":{"type":"LineString","coordinates":[[28.2307614,36.435247],[28.2356647,36.4349592],[28.2362534,36.4350239]]},"properties":{"class":"tertiary","name":"Αντιβασιλέως  Δαμασκηνού"}},{"type":"Feature","geometry":{"type":"LineString","coordinates":[[28.2255767,36.4320107],[28.2261025,36.4334619],[28.2260114,36.4339024],[28.2254308,36.4350091],[28.2253271,36.4360547]]},"properties":{"class":"primary","name":"Στεφάνου Καζούλη","ref":"ΕΟ95"}},{"type":"Feature","geometry":{"type":"LineString","coordinates":[[28.2268224,36.4330715],[28.2261025,36.4334619]]},"properties":{"class":"secondary","name":"Γρηγορίου Ε'"}},{"type":"Feature","geometry":{"type":"LineString","coordinates":[[28.2335367,36.4367347],[28.231172,36.4368443],[28.2290679,36.4365118]]},"properties":{"class":"tertiary","name":"Πατρ. Αθηναγόρα Α'"}},{"type":"Feature","geometry":{"type":"LineString","coordinates":[[28.2252198,36.4375626],[28.227433,36.4376525]]},"properties":{"class":"tertiary","name":"Βενετοκλέων"}},{"type":"Feature","geometry":{"type":"LineString","coordinates":[[28.230907,36.4395817],[28.230657,36.4322343]]},"properties":{"class":"tertiary","name":"Ναύαρ. Κόδριγκτων"}},{"type":"Feature","geometry":{"type":"LineString","coordinates":[[28.2292095,36.4375621],[28.2335756,36.4373509]]},"properties":{"class":"tertiary","name":"Βενετοκλέων"}},{"type":"Feature","geometry":{"type":"LineString","coordinates":[[28.2336006,36.4383829],[28.2308627,36.4383654],[28.2304678,36.4383044],[28.2292095,36.4375621]]},"properties":{"class":"tertiary","name":"Έρνεστ Μπέβιν"}},{"type":"Feature","geometry":{"type":"LineString","coordinates":[[28.2330862,36.4320775],[28.230657,36.4322343]]},"properties":{"class":"tertiary","name":"Ιωάννη Δενδρινού"}},{"type":"Feature","geometry":{"type":"LineString","coordinates":[[28.2243433,36.4379272],[28.2242399,36.4329474]]},"properties":{"class":"primary","name":"Μεγάλου Κωνσταντίνου","ref":"ΕΟ95"}},{"type":"Feature","geometry":{"type":"LineString","coordinates":[[28.2334583,36.4409121],[28.2329763,36.4403124],[28.2326639,36.4401168],[28.230907,36.4395817]]},"properties":{"class":"tertiary","name":"Βύρωνος"}},{"type":"Feature","geometry":{"type":"LineString","coordinates":[[28.2255349,36.4362668],[28.2267296,36.4362222]]},"properties":{"class":"tertiary","name":"Παλαιών Πατρών Γερμανού"}},{"type":"Feature","geometry":{"type":"LineString","coordinates":[[28.233142,36.4290015],[28.2326935,36.4292004]]},"properties":{"class":"tertiary"}},{"type":"Feature","geometry":{"type":"LineString","coordinates":[[28.2322675,36.4292842],[28.2332743,36.4288149]]},"properties":{"class":"tertiary"}},{"type":"Feature","geometry":{"type":"LineString","coordinates":[[28.2256406,36.4319767],[28.2264208,36.4314984]]},"properties":{"class":"secondary","name":"Παν. Κανελλοπούλου"}},{"type":"Feature","geometry":{"type":"LineString","coordinates":[[28.2264529,36.4315375],[28.2256406,36.4319767]]},"properties":{"class":"secondary","name":"Παν. Κανελλοπούλου"}},{"type":"Feature","geometry":{"type":"LineString","coordinates":[[28.2211624,36.4427826],[28.2217721,36.4417111],[28.2232898,36.439826],[28.2240846,36.4393832]]},"properties":{"class":"primary","name":"Δημοκρατίας","ref":"ΕΟ95"}},{"type":"Feature","geometry":{"type":"LineString","coordinates":[[28.2243861,36.4392657],[28.2243433,36.4379272]]},"properties":{"class":"primary","name":"Μεγ. Κωνσταντίνου","ref":"ΕΟ95"}},{"type":"Feature","geometry":{"type":"LineString","coordinates":[[28.2253068,36.4362573],[28.2255349,36.4362668]]},"properties":{"class":"tertiary","name":"Παλαιών Πατρών Γερμανού"}},{"type":"Feature","geometry":{"type":"LineString","coordinates":[[28.2253068,36.4362573],[28.2250663,36.4362233]]},"properties":{"class":"tertiary","name":"Κ. Α' Παλαιολόγου"}},{"type":"Feature","geometry":{"type":"LineString","coordinates":[[28.2250993,36.4389778],[28.2243861,36.4392657]]},"properties":{"class":"primary","name":"Δημοκρατίας","ref":"ΕΟ95"}},{"type":"Feature","geometry":{"type":"LineString","coordinates":[[28.2252198,36.4375626],[28.2250993,36.4389778]]},"properties":{"class":"primary","name":"Στεφάνου Καζούλη","ref":"ΕΟ95"}},{"type":"Feature","geometry":{"type":"LineString","coordinates":[[28.2252932,36.4363992],[28.2252198,36.4375626]]},"properties":{"class":"primary","name":"Στεφάνου Καζούλη","ref":"ΕΟ95"}},{"type":"Feature","geometry":{"type":"LineString","coordinates":[[28.2253068,36.4362573],[28.2252932,36.4363992]]},"properties":{"class":"primary","name":"Στεφάνου Καζούλη","ref":"ΕΟ95"}},{"type":"Feature","geometry":{"type":"LineString","coordinates":[[28.2253271,36.4360547],[28.2253068,36.4362573]]},"properties":{"class":"primary","name":"Στεφάνου Καζούλη","ref":"ΕΟ95"}},{"type":"Feature","geometry":{"type":"LineString","coordinates":[[28.2240846,36.4393832],[28.2243861,36.4392657]]},"properties":{"class":"primary","name":"Δημοκρατίας","ref":"ΕΟ95"}},{"type":"Feature","geometry":{"type":"LineString","coordinates":[[28.2232898,36.439826],[28.2228802,36.4397471]]},"properties":{"class":"tertiary","name":"Κομνηνών"}},{"type":"Feature","geometry":{"type":"LineString","coordinates":[[28.227433,36.4376525],[28.2270889,36.43866]]},"properties":{"class":"tertiary","name":"Βύρωνος"}},{"type":"Feature","geometry":{"type":"LineString","coordinates":[[28.2270889,36.43866],[28.2279576,36.4391179]]},"properties":{"class":"tertiary","name":"Βύρωνος"}},{"type":"Feature","geometry":{"type":"LineString","coordinates":[[28.2267296,36.4362222],[28.2276206,36.4361499],[28.2283027,36.4353853],[28.2307614,36.435247]]},"properties":{"class":"tertiary","name":"Αντιβ. Δαμασκηνού"}},{"type":"Feature","geometry":{"type":"LineString","coordinates":[[28.227433,36.4376525],[28.2292095,36.4375621]]},"properties":{"class":"tertiary","name":"Βενετοκλέων"}},{"type":"Feature","geometry":{"type":"LineString","coordinates":[[28.2279576,36.4391179],[28.229298,36.4391175],[28.230907,36.4395817]]},"properties":{"class":"tertiary","name":"Βύρωνος"}},{"type":"Feature","geometry":{"type":"LineString","coordinates":[[28.2127638,36.4465599],[28.2121801,36.4459257]]},"properties":{"class":"secondary","name":"Ρόδος - Ιαλυσός"}},{"type":"Feature","geometry":{"type":"LineString","coordinates":[[28.2133468,36.4468617],[28.2136688,36.4472025]]},"properties":{"class":"secondary","name":"Ακτή Κανάρη"}},{"type":"Feature","geometry":{"type":"LineString","coordinates":[[28.2178077,36.4462016],[28.213792,36.4461957],[28.2133751,36.4461365],[28.2132675,36.4460066],[28.213355,36.4458494],[28.2140944,36.445916],[28.2143534,36.4456551],[28.2140632,36.4439578],[28.2139313,36.4437999],[28.213713,36.4437416]]},"properties":{"class":"tertiary","name":"Βορείου Ηπείρου"}},{"type":"Feature","geometry":{"type":"LineString","coordinates":[[28.2132855,36.4469111],[28.2133468,36.4468617]]},"properties":{"class":"tertiary","name":"Παπαλουκά"}},{"type":"Feature","geometry":{"type":"LineString","coordinates":[[28.2196541,36.4468963],[28.2186666,36.4470676]]},"properties":{"class":"tertiary","name":"Ελευθερίου Βενιζέλου"}},{"type":"Feature","geometry":{"type":"LineString","coordinates":[[28.2178077,36.4462016],[28.2187246,36.4462241]]},"properties":{"class":"tertiary","name":"Βορείου Ηπείρου"}},{"type":"Feature","geometry":{"type":"LineString","coordinates":[[28.2196541,36.4468963],[28.2196932,36.44676]]},"properties":{"class":"tertiary","name":"Ελευθερίου Βενιζέλου"}},{"type":"Feature","geometry":{"type":"LineString","coordinates":[[28.2187246,36.4462241],[28.2187622,36.4464537],[28.2186226,36.4469013],[28.2186666,36.4470676]]},"properties":{"class":"tertiary"}},{"type":"Feature","geometry":{"type":"LineString","coordinates":[[28.2176885,36.4445144],[28.2178077,36.4462016]]},"properties":{"class":"tertiary","name":"Θεμιστοκλή Σοφούλη"}},{"type":"Feature","geometry":{"type":"LineString","coordinates":[[28.2136688,36.4472025],[28.2138499,36.4474203]]},"properties":{"class":"secondary","name":"Ακτή Κανάρη"}},{"type":"Feature","geometry":{"type":"LineString","coordinates":[[28.2135961,36.4472426],[28.2132855,36.4469111]]},"properties":{"class":"secondary","name":"Ακτή Κανάρη"}},{"type":"Feature","geometry":{"type":"LineString","coordinates":[[28.2133468,36.4468617],[28.2135898,36.4467894],[28.2164961,36.4470162],[28.2186666,36.4470676]]},"properties":{"class":"tertiary","name":"Παπαλουκά"}},{"type":"Feature","geometry":{"type":"LineString","coordinates":[[28.2161158,36.4498943],[28.2181707,36.4496715],[28.2187219,36.4495138],[28.2196793,36.4487235],[28.2203465,36.4483964]]},"properties":{"class":"tertiary","name":"Αλεξάνδρου Διάκου"}},{"type":"Feature","geometry":{"type":"LineString","coordinates":[[28.221553,36.4499778],[28.2196182,36.4501754]]},"properties":{"class":"tertiary","name":"28ης Οκτωβρίου"}},{"type":"Feature","geometry":{"type":"LineString","coordinates":[[28.2206582,36.456073],[28.2202256,36.4560407],[28.2198398,36.4557522],[28.218886,36.4538201]]},"properties":{"class":"secondary","name":"Καλύμνου"}},{"type":"Feature","geometry":{"type":"LineString","coordinates":[[28.2216756,36.4466168],[28.2196541,36.4468963]]},"properties":{"class":"tertiary","name":"Ελευθερίου Βενιζέλου"}},{"type":"Feature","geometry":{"type":"LineString","coordinates":[[28.2205426,36.4446878],[28.2196932,36.44676]]},"properties":{"class":"tertiary","name":"Ρήγα Φεραίου"}},{"type":"Feature","geometry":{"type":"LineString","coordinates":[[28.2138499,36.4474203],[28.2146605,36.4484602]]},"properties":{"class":"secondary","name":"Ακτή Κανάρη"}},{"type":"Feature","geometry":{"type":"LineString","coordinates":[[28.2146002,36.4484912],[28.2135961,36.4472426]]},"properties":{"class":"secondary","name":"Ακτή Κανάρη"}},{"type":"Feature","geometry":{"type":"LineString","coordinates":[[28.2196932,36.44676],[28.221638,36.4465101]]},"properties":{"class":"tertiary","name":"Ελευθερίου Βενιζέλου"}},{"type":"Feature","geometry":{"type":"LineString","coordinates":[[28.2132855,36.4469111],[28.2127638,36.4465599]]},"properties":{"class":"secondary","name":"Ρόδος - Ιαλυσός"}},{"type":"Feature","geometry":{"type":"LineString","coordinates":[[28.218886,36.4538201],[28.2184959,36.4535246],[28.216898,36.4527007],[28.2160259,36.4504375]]},"properties":{"class":"secondary","name":"Ακτή Μιαούλη"}},{"type":"Feature","geometry":{"type":"LineString","coordinates":[[28.2157919,36.4499453],[28.2158533,36.4498153],[28.2160139,36.4497968]]},"properties":{"class":"secondary"}},{"type":"Feature","geometry":{"type":"LineString","coordinates":[[28.2160259,36.4504375],[28.2158172,36.4499948]]},"properties":{"class":"secondary","name":"Ακτή Μιαούλη"}},{"type":"Feature","geometry":{"type":"LineString","coordinates":[[28.2160305,36.4501082],[28.2160259,36.4504375]]},"properties":{"class":"secondary","name":"Ακτή Μιαούλη"}},{"type":"Feature","geometry":{"type":"LineString","coordinates":[[28.2156435,36.4496771],[28.2146002,36.4484912]]},"properties":{"class":"secondary","name":"Ακτή Κανάρη"}},{"type":"Feature","geometry":{"type":"LineString","coordinates":[[28.2196182,36.4501754],[28.2173336,36.4502212],[28.2164772,36.4500183],[28.2160789,36.4500073]]},"properties":{"class":"tertiary","name":"28ης Οκτωβρίου"}},{"type":"Feature","geometry":{"type":"LineString","coordinates":[[28.2160139,36.4497968],[28.2161158,36.4498943]]},"properties":{"class":"secondary"}},{"type":"Feature","geometry":{"type":"LineString","coordinates":[[28.2160495,36.4500288],[28.2158172,36.4499948]]},"properties":{"class":"secondary"}},{"type":"Feature","geometry":{"type":"LineString","coordinates":[[28.2161158,36.4498943],[28.2160789,36.4500073]]},"properties":{"class":"secondary"}},{"type":"Feature","geometry":{"type":"LineString","coordinates":[[28.2157919,36.4499453],[28.2156435,36.4496771]]},"properties":{"class":"secondary","name":"Ακτή Κανάρη"}},{"type":"Feature","geometry":{"type":"LineString","coordinates":[[28.2146605,36.4484602],[28.215167,36.449084],[28.2157511,36.4495845]]},"properties":{"class":"secondary","name":"Ακτή Κανάρη"}},{"type":"Feature","geometry":{"type":"LineString","coordinates":[[28.2158172,36.4499948],[28.2157919,36.4499453]]},"properties":{"class":"secondary"}},{"type":"Feature","geometry":{"type":"LineString","coordinates":[[28.2160789,36.4500073],[28.2160495,36.4500288]]},"properties":{"class":"secondary"}},{"type":"Feature","geometry":{"type":"LineString","coordinates":[[28.2157511,36.4495845],[28.2160139,36.4497968]]},"properties":{"class":"secondary","name":"Ακτή Κανάρη"}},{"type":"Feature","geometry":{"type":"LineString","coordinates":[[28.2160495,36.4500288],[28.2160305,36.4501082]]},"properties":{"class":"secondary","name":"Ακτή Μιαούλη"}},{"type":"Feature","geometry":{"type":"LineString","coordinates":[[28.222491,36.447626],[28.2217888,36.4467924]]},"properties":{"class":"primary","name":"Εθνάρχου Μακαρίου","ref":"ΕΟ95"}},{"type":"Feature","geometry":{"type":"LineString","coordinates":[[28.224852,36.4471248],[28.2258358,36.447247],[28.2262174,36.447624]]},"properties":{"class":"primary","name":"Αλεξάνδρου Παπάγου","ref":"ΕΟ95"}},{"type":"Feature","geometry":{"type":"LineString","coordinates":[[28.2207907,36.4427326],[28.2209191,36.4434136],[28.2205426,36.4446878]]},"properties":{"class":"tertiary","name":"Ρήγα Φεραίου"}},{"type":"Feature","geometry":{"type":"LineString","coordinates":[[28.2238657,36.4471484],[28.2237399,36.4477257]]},"properties":{"class":"tertiary","name":"Τάρπον Σπρίνγκς"}},{"type":"Feature","geometry":{"type":"LineString","coordinates":[[28.222491,36.447626],[28.223338,36.4472534],[28.2238657,36.4471484]]},"properties":{"class":"primary","name":"Αλεξάνδρου Παπάγου","ref":"ΕΟ95"}},{"type":"Feature","geometry":{"type":"LineString","coordinates":[[28.2213714,36.4476654],[28.2217888,36.4467924]]},"properties":{"class":"tertiary"}},{"type":"Feature","geometry":{"type":"LineString","coordinates":[[28.2216756,36.4466168],[28.221638,36.4465101]]},"properties":{"class":"primary","name":"Δημοκρατίας","ref":"ΕΟ95"}},{"type":"Feature","geometry":{"type":"LineString","coordinates":[[28.2215595,36.4455767],[28.2205426,36.4446878]]},"properties":{"class":"tertiary","name":"Τροιζήνας"}},{"type":"Feature","geometry":{"type":"LineString","coordinates":[[28.2207907,36.4427326],[28.2205355,36.4421406]]},"properties":{"class":"tertiary","name":"Αγίου Ιωάννη"}},{"type":"Feature","geometry":{"type":"LineString","coordinates":[[28.221736,36.4467185],[28.2216756,36.4466168]]},"properties":{"class":"primary","name":"Δημοκρατίας","ref":"ΕΟ95"}},{"type":"Feature","geometry":{"type":"LineString","coordinates":[[28.221638,36.4465101],[28.221587,36.4456745],[28.2209996,36.4435346],[28.2209955,36.443252],[28.2211624,36.4427826]]},"properties":{"class":"primary","name":"Δημοκρατίας","ref":"ΕΟ95"}},{"type":"Feature","geometry":{"type":"LineString","coordinates":[[28.2238657,36.4471484],[28.224852,36.4471248]]},"properties":{"class":"primary","name":"Αλεξάνδρου Παπάγου","ref":"ΕΟ95"}},{"type":"Feature","geometry":{"type":"LineString","coordinates":[[28.2213266,36.4477705],[28.2213714,36.4476654]]},"properties":{"class":"tertiary"}},{"type":"Feature","geometry":{"type":"LineString","coordinates":[[28.2212915,36.4478442],[28.2213266,36.4477705]]},"properties":{"class":"tertiary"}},{"type":"Feature","geometry":{"type":"LineString","coordinates":[[28.2217888,36.4467924],[28.221736,36.4467185]]},"properties":{"class":"primary","name":"Εθνάρχου Μακαρίου","ref":"ΕΟ95"}},{"type":"Feature","geometry":{"type":"LineString","coordinates":[[28.2313156,36.4438332],[28.2317943,36.4438972],[28.2319571,36.4440891]]},"properties":{"class":"secondary","name":"Ακτή Σαχτούρη"}},{"type":"Feature","geometry":{"type":"LineString","coordinates":[[28.2313156,36.4438332],[28.2308728,36.4434192],[28.2306103,36.4433312],[28.2296011,36.4434231],[28.2292163,36.4436309]]},"properties":{"class":"secondary","name":"Ακτή Σαχτούρη"}},{"type":"Feature","geometry":{"type":"LineString","coordinates":[[28.2319571,36.4440891],[28.2315136,36.4440493],[28.2313156,36.4438332]]},"properties":{"class":"secondary","name":"Ακτή Σαχτούρη"}},{"type":"Feature","geometry":{"type":"LineString","coordinates":[[28.2320851,36.4420147],[28.2321049,36.4420044]]},"properties":{"class":"unclassified"}},{"type":"Feature","geometry":{"type":"LineString","coordinates":[[28.2274437,36.446466],[28.2274493,36.4466754]]},"properties":{"class":"secondary"}},{"type":"Feature","geometry":{"type":"LineString","coordinates":[[28.2321049,36.4420044],[28.2322807,36.4419358]]},"properties":{"class":"unclassified","name":"Akandia Gate"}},{"type":"Feature","geometry":{"type":"LineString","coordinates":[[28.2280477,36.4460274],[28.227381,36.446273]]},"properties":{"class":"secondary"}},{"type":"Feature","geometry":{"type":"LineString","coordinates":[[28.227381,36.446273],[28.2274437,36.446466]]},"properties":{"class":"secondary"}},{"type":"Feature","geometry":{"type":"LineString","coordinates":[[28.2284649,36.4443533],[28.2280431,36.4446706],[28.2278373,36.4450865],[28.227813,36.4453342],[28.2280949,36.4459791],[28.2280477,36.4460274]]},"properties":{"class":"secondary","name":"Ακτή Σαχτούρη"}},{"type":"Feature","geometry":{"type":"LineString","coordinates":[[28.2292163,36.4436309],[28.2291248,36.4438917],[28.2284649,36.4443533]]},"properties":{"class":"secondary","name":"Ακτή Σαχτούρη"}},{"type":"Feature","geometry":{"type":"LineString","coordinates":[[28.2232219,36.4525533],[28.2229129,36.4506563],[28.2226593,36.4478411]]},"properties":{"class":"tertiary","name":"Αμερικής"}},{"type":"Feature","geometry":{"type":"LineString","coordinates":[[28.2329405,36.4439734],[28.2327825,36.442638],[28.2329905,36.4417062],[28.2333427,36.4413662]]},"properties":{"class":"secondary","name":"Ακτή Προμηθέως"}},{"type":"Feature","geometry":{"type":"LineString","coordinates":[[28.2329405,36.4439734],[28.2327658,36.4441372],[28.2319571,36.4440891]]},"properties":{"class":"secondary","name":"Ακτή Σαχτούρη"}},{"type":"Feature","geometry":{"type":"LineString","coordinates":[[28.2330032,36.4429704],[28.2327918,36.4429615]]},"properties":{"class":"secondary"}},{"type":"Feature","geometry":{"type":"LineString","coordinates":[[28.2324308,36.4418824],[28.2329905,36.4417062]]},"properties":{"class":"unclassified"}},{"type":"Feature","geometry":{"type":"LineString","coordinates":[[28.224852,36.4471248],[28.2248557,36.4473351],[28.2246513,36.4479264]]},"properties":{"class":"tertiary","name":"Αβέρωφ"}},{"type":"Feature","geometry":{"type":"LineString","coordinates":[[28.2274493,36.4466754],[28.2274145,36.4468756],[28.2262174,36.447624]]},"properties":{"class":"secondary","name":"7ης Μαρτίου"}},{"type":"Feature","geometry":{"type":"LineString","coordinates":[[28.2217448,36.4530916],[28.2215569,36.4534807],[28.2215302,36.4537561],[28.2218578,36.4546327]]},"properties":{"class":"secondary","name":"Κω"}},{"type":"Feature","geometry":{"type":"LineString","coordinates":[[28.2262174,36.447624],[28.2254693,36.4482784]]},"properties":{"class":"primary","name":"7ης Μαρτίου","ref":"ΕΟ95"}},{"type":"Feature","geometry":{"type":"LineString","coordinates":[[28.223617,36.4483447],[28.2227518,36.4479211],[28.222491,36.447626]]},"properties":{"class":"primary","name":"Εθνάρχου Μακαρίου","ref":"ΕΟ95"}},{"type":"Feature","geometry":{"type":"LineString","coordinates":[[28.2237399,36.4477257],[28.223617,36.4483447]]},"properties":{"class":"tertiary","name":"Τάρπον Σπρίνγκς"}},{"type":"Feature","geometry":{"type":"LineString","coordinates":[[28.2213573,36.4479869],[28.222491,36.447626]]},"properties":{"class":"tertiary","name":"Αλεξάνδρου Διάκου"}},{"type":"Feature","geometry":{"type":"LineString","coordinates":[[28.2211442,36.4480556],[28.2212915,36.4478442]]},"properties":{"class":"tertiary"}},{"type":"Feature","geometry":{"type":"LineString","coordinates":[[28.2212915,36.4478442],[28.2213573,36.4479869]]},"properties":{"class":"tertiary"}},{"type":"Feature","geometry":{"type":"LineString","coordinates":[[28.223617,36.4483447],[28.2217389,36.4490702]]},"properties":{"class":"tertiary","name":"Γρηγορίου Λαμπράκη"}},{"type":"Feature","geometry":{"type":"LineString","coordinates":[[28.2248697,36.4499622],[28.2246949,36.4499023],[28.2245666,36.4497128]]},"properties":{"class":"tertiary","name":"Εθνάρχου Μακαρίου"}},{"type":"Feature","geometry":{"type":"LineString","coordinates":[[28.2254693,36.4482784],[28.2245581,36.4481598]]},"properties":{"class":"primary","name":"Γαλλίας","ref":"ΕΟ95"}},{"type":"Feature","geometry":{"type":"LineString","coordinates":[[28.2244792,36.4521255],[28.2232219,36.4525533]]},"properties":{"class":"secondary","name":"Γεωργίου Παπανικολάου"}},{"type":"Feature","geometry":{"type":"LineString","coordinates":[[28.2245666,36.4497128],[28.221553,36.4499778]]},"properties":{"class":"tertiary","name":"25ης Μαρτίου"}},{"type":"Feature","geometry":{"type":"LineString","coordinates":[[28.2217448,36.4530916],[28.2232219,36.4525533]]},"properties":{"class":"secondary","name":"Γεωργίου Παπανικολάου"}},{"type":"Feature","geometry":{"type":"LineString","coordinates":[[28.221553,36.4499778],[28.2215148,36.4503281],[28.2217077,36.4510149],[28.2217448,36.4530916]]},"properties":{"class":"tertiary","name":"Ηρώων Πολυτεχνείου"}},{"type":"Feature","geometry":{"type":"LineString","coordinates":[[28.2254693,36.4482784],[28.2252338,36.4487714],[28.2248697,36.4499622],[28.2244792,36.4521255]]},"properties":{"class":"secondary","name":"7ης Μαρτίου"}},{"type":"Feature","geometry":{"type":"LineString","coordinates":[[28.2215351,36.4491479],[28.2215695,36.4493423]]},"properties":{"class":"tertiary","name":"Σοφοκλή Βενιζέλου"}},{"type":"Feature","geometry":{"type":"LineString","coordinates":[[28.2245581,36.4481598],[28.2239925,36.4483659],[28.223617,36.4483447]]},"properties":{"class":"primary","name":"Γαλλίας","ref":"ΕΟ95"}},{"type":"Feature","geometry":{"type":"LineString","coordinates":[[28.2217389,36.4490702],[28.2215351,36.4491479]]},"properties":{"class":"tertiary","name":"Γρ. Λαμπράκη"}},{"type":"Feature","geometry":{"type":"LineString","coordinates":[[28.2215695,36.4493423],[28.2216121,36.4498552],[28.221553,36.4499778]]},"properties":{"class":"tertiary","name":"Σοφοκλή Βενιζέλου"}},{"type":"Feature","geometry":{"type":"LineString","coordinates":[[28.2246513,36.4479264],[28.2245581,36.4481598]]},"properties":{"class":"tertiary","name":"Αβέρωφ"}},{"type":"Feature","geometry":{"type":"LineString","coordinates":[[28.2213573,36.4479869],[28.2215351,36.4491479]]},"properties":{"class":"tertiary","name":"Σοφοκλή Βενιζέλου"}},{"type":"Feature","geometry":{"type":"LineString","coordinates":[[28.2211442,36.4480556],[28.2213573,36.4479869]]},"properties":{"class":"tertiary","name":"Αλεξάνδρου Διάκου"}},{"type":"Feature","geometry":{"type":"LineString","coordinates":[[28.2203465,36.4483964],[28.2211442,36.4480556]]},"properties":{"class":"tertiary","name":"Αλεξάνδρου Διάκου"}},{"type":"Feature","geometry":{"type":"LineString","coordinates":[[28.2359006,36.4303694],[28.2361474,36.4314154],[28.2364776,36.4317954]]},"properties":{"class":"tertiary","name":"Γεωργίου Μαύρου"}},{"type":"Feature","geometry":{"type":"LineString","coordinates":[[28.2362716,36.4319223],[28.2361207,36.4318728],[28.2340689,36.4320188]]},"properties":{"class":"tertiary","name":"Λαζ. & Νικ. Τηλιακού"}},{"type":"Feature","geometry":{"type":"LineString","coordinates":[[28.2340689,36.4320188],[28.2330862,36.4320775]]},"properties":{"class":"tertiary","name":"Λαζ. & Νικ. Τηλιακού"}},{"type":"Feature","geometry":{"type":"LineString","coordinates":[[28.23629,36.4319565],[28.2363425,36.4317944],[28.2365393,36.4318506],[28.2364944,36.4319856],[28.23629,36.4319565]]},"properties":{"class":"tertiary"}},{"type":"Feature","geometry":{"type":"LineString","coordinates":[[28.2330862,36.4320775],[28.2333759,36.4338186]]},"properties":{"class":"tertiary","name":"Καναδά"}},{"type":"Feature","geometry":{"type":"LineString","coordinates":[[28.233024,36.4316705],[28.2330862,36.4320775]]},"properties":{"class":"tertiary","name":"Χρ. Τσιγάντε"}},{"type":"Feature","geometry":{"type":"LineString","coordinates":[[28.238368,36.4321794],[28.2383559,36.4310769]]},"properties":{"class":"unclassified"}},{"type":"Feature","geometry":{"type":"LineString","coordinates":[[28.237545,36.4321691],[28.2373889,36.4321263]]},"properties":{"class":"tertiary"}},{"type":"Feature","geometry":{"type":"LineString","coordinates":[[28.2365142,36.4318188],[28.2374126,36.43206]]},"properties":{"class":"tertiary","name":"Γεωργίου Μαύρου"}},{"type":"Feature","geometry":{"type":"LineString","coordinates":[[28.238368,36.4321794],[28.2382932,36.4323079],[28.237545,36.4321691]]},"properties":{"class":"unclassified"}},{"type":"Feature","geometry":{"type":"LineString","coordinates":[[28.2375713,36.4320976],[28.2382136,36.4322382],[28.238368,36.4321794]]},"properties":{"class":"unclassified"}},{"type":"Feature","geometry":{"type":"LineString","coordinates":[[28.2369556,36.4303177],[28.2376934,36.4304136],[28.2382465,36.4297034]]},"properties":{"class":"unclassified"}},{"type":"Feature","geometry":{"type":"LineString","coordinates":[[28.2334643,36.4288584],[28.2333209,36.4289221]]},"properties":{"class":"tertiary"}},{"type":"Feature","geometry":{"type":"LineString","coordinates":[[28.2376365,36.4314332],[28.2375713,36.4320976]]},"properties":{"class":"secondary","name":"Ρόδος - Καλλιθέα"}},{"type":"Feature","geometry":{"type":"LineString","coordinates":[[28.2375713,36.4320976],[28.237545,36.4321691]]},"properties":{"class":"secondary","name":"Ρόδος - Καλλιθέα"}},{"type":"Feature","geometry":{"type":"LineString","coordinates":[[28.2334643,36.4288584],[28.2337047,36.4291481],[28.2341336,36.4293944],[28.2361341,36.4299415],[28.2368276,36.4302367],[28.2372143,36.4305301],[28.2374114,36.4307944],[28.2376365,36.4314332]]},"properties":{"class":"secondary","name":"Ρόδος - Καλλιθέα"}},{"type":"Feature","geometry":{"type":"LineString","coordinates":[[28.2333209,36.4289221],[28.2332743,36.4288149]]},"properties":{"class":"secondary","name":"Ρόδος - Καλλιθέα"}},{"type":"Feature","geometry":{"type":"LineString","coordinates":[[28.2333209,36.4289221],[28.233142,36.4290015]]},"properties":{"class":"tertiary"}},{"type":"Feature","geometry":{"type":"LineString","coordinates":[[28.2334203,36.4287493],[28.2334643,36.4288584]]},"properties":{"class":"secondary","name":"Ρόδος - Καλλιθέα"}},{"type":"Feature","geometry":{"type":"LineString","coordinates":[[28.2332743,36.4288149],[28.2334203,36.4287493]]},"properties":{"class":"tertiary"}},{"type":"Feature","geometry":{"type":"LineString","coordinates":[[28.2374126,36.43206],[28.2375127,36.4315381],[28.2374645,36.4311602],[28.2372137,36.4306972],[28.2369578,36.4304402],[28.2363085,36.4300989],[28.234084,36.429478],[28.2336029,36.4292168],[28.2333209,36.4289221]]},"properties":{"class":"secondary","name":"Ρόδος - Καλλιθέα"}},{"type":"Feature","geometry":{"type":"LineString","coordinates":[[28.2374126,36.43206],[28.2375713,36.4320976]]},"properties":{"class":"tertiary"}},{"type":"Feature","geometry":{"type":"LineString","coordinates":[[28.2372293,36.4320925],[28.2364944,36.4319856]]},"properties":{"class":"tertiary","name":"Γεωργίου Μαύρου"}},{"type":"Feature","geometry":{"type":"LineString","coordinates":[[28.2373889,36.4321263],[28.2374126,36.43206]]},"properties":{"class":"secondary","name":"Ρόδος - Καλλιθέα"}},{"type":"Feature","geometry":{"type":"LineString","coordinates":[[28.2373889,36.4321263],[28.2372293,36.4320925]]},"properties":{"class":"tertiary"}},{"type":"Feature","geometry":{"type":"LineString","coordinates":[[28.2378784,36.4409085],[28.2378757,36.4425328],[28.2377186,36.4429036],[28.2377049,36.4436366],[28.2377795,36.4437498],[28.2387215,36.4442686],[28.2387739,36.4442501],[28.2388038,36.4396439]]},"properties":{"class":"unclassified"}},{"type":"Feature","geometry":{"type":"LineString","coordinates":[[28.2362534,36.4350239],[28.2364002,36.4344711],[28.2370428,36.4333851],[28.2373889,36.4321263]]},"properties":{"class":"secondary","name":"Ρόδος - Καλλιθέα"}},{"type":"Feature","geometry":{"type":"LineString","coordinates":[[28.2333759,36.4338186],[28.2335367,36.4367347]]},"properties":{"class":"tertiary","name":"Καναδά"}},{"type":"Feature","geometry":{"type":"LineString","coordinates":[[28.233484,36.4411297],[28.2333427,36.4413662]]},"properties":{"class":"secondary","name":"Ακτή Προμηθέως"}},{"type":"Feature","geometry":{"type":"LineString","coordinates":[[28.237545,36.4321691],[28.237089,36.4335424],[28.2365446,36.4344643],[28.2363743,36.4354627],[28.2364195,36.4355561]]},"properties":{"class":"secondary","name":"Ρόδος - Καλλιθέα"}},{"type":"Feature","geometry":{"type":"LineString","coordinates":[[28.2378965,36.437593],[28.2378633,36.4380133],[28.2376336,36.4388026]]},"properties":{"class":"secondary","name":"Αυστραλίας"}},{"type":"Feature","geometry":{"type":"LineString","coordinates":[[28.235916,36.4406354],[28.2358703,36.4390441]]},"properties":{"class":"tertiary","name":"Ι. Καποδιστρίου"}},{"type":"Feature","geometry":{"type":"LineString","coordinates":[[28.2374867,36.4400755],[28.2375391,36.4392388]]},"properties":{"class":"secondary","name":"Αυστραλίας"}},{"type":"Feature","geometry":{"type":"LineString","coordinates":[[28.2378341,36.4371929],[28.2377557,36.4361724],[28.2376811,36.4360232],[28.236773,36.4358202],[28.2364572,36.4356283]]},"properties":{"class":"secondary","name":"Αυστραλίας"}},{"type":"Feature","geometry":{"type":"LineString","coordinates":[[28.2335756,36.4373509],[28.2336534,36.4408107]]},"properties":{"class":"tertiary","name":"Καναδά"}},{"type":"Feature","geometry":{"type":"LineString","coordinates":[[28.2358703,36.4390441],[28.2358411,36.4373861],[28.2361889,36.4354836]]},"properties":{"class":"tertiary","name":"Ιωάννη Καποδιστρίου"}},{"type":"Feature","geometry":{"type":"LineString","coordinates":[[28.2374867,36.4400755],[28.2372701,36.4392798]]},"properties":{"class":"tertiary"}},{"type":"Feature","geometry":{"type":"LineString","coordinates":[[28.2335367,36.4367347],[28.2335756,36.4373509]]},"properties":{"class":"tertiary","name":"Καναδά"}},{"type":"Feature","geometry":{"type":"LineString","coordinates":[[28.2344837,36.4407479],[28.2338719,36.4408781]]},"properties":{"class":"secondary","name":"Αυστραλίας"}},{"type":"Feature","geometry":{"type":"LineString","coordinates":[[28.2364672,36.4406069],[28.2344837,36.4407479]]},"properties":{"class":"secondary","name":"Αυστραλίας"}},{"type":"Feature","geometry":{"type":"LineString","coordinates":[[28.2367265,36.4405702],[28.2364672,36.4406069]]},"properties":{"class":"secondary","name":"Αυστραλίας"}},{"type":"Feature","geometry":{"type":"LineString","coordinates":[[28.23785,36.4376],[28.2378465,36.4374496]]},"properties":{"class":"secondary","name":"Αυστραλίας"}},{"type":"Feature","geometry":{"type":"LineString","coordinates":[[28.2361988,36.4353983],[28.2362534,36.4350239]]},"properties":{"class":"secondary","name":"Ρόδος - Καλλιθέα"}},{"type":"Feature","geometry":{"type":"LineString","coordinates":[[28.2378465,36.4374496],[28.2378341,36.4371929]]},"properties":{"class":"secondary","name":"Αυστραλίας"}},{"type":"Feature","geometry":{"type":"LineString","coordinates":[[28.236414,36.4355954],[28.2361988,36.4353983]]},"properties":{"class":"secondary","name":"Αυστραλίας"}},{"type":"Feature","geometry":{"type":"LineString","coordinates":[[28.2364572,36.4356283],[28.236414,36.4355954]]},"properties":{"class":"secondary"}},{"type":"Feature","geometry":{"type":"LineString","coordinates":[[28.2364195,36.4355561],[28.2367291,36.4357692],[28.2376082,36.4359261],[28.2377914,36.4361732]]},"properties":{"class":"secondary","name":"Αυστραλίας"}},{"type":"Feature","geometry":{"type":"LineString","coordinates":[[28.2377914,36.4361732],[28.2378804,36.4372661]]},"properties":{"class":"secondary","name":"Αυστραλίας"}},{"type":"Feature","geometry":{"type":"LineString","coordinates":[[28.2373695,36.4404021],[28.2367265,36.4405702]]},"properties":{"class":"secondary","name":"Αυστραλίας"}},{"type":"Feature","geometry":{"type":"LineString","coordinates":[[28.2378804,36.4372661],[28.2378965,36.437593]]},"properties":{"class":"secondary","name":"Αυστραλίας"}},{"type":"Feature","geometry":{"type":"LineString","coordinates":[[28.2337453,36.4409709],[28.2335853,36.4410437],[28.2334583,36.4409121],[28.2336534,36.4408107],[28.2337453,36.4409709]]},"properties":{"class":"secondary"}},{"type":"Feature","geometry":{"type":"LineString","coordinates":[[28.2338719,36.4408781],[28.2337564,36.4409322]]},"properties":{"class":"secondary"}},{"type":"Feature","geometry":{"type":"LineString","coordinates":[[28.2337307,36.4408573],[28.2338719,36.4408781]]},"properties":{"class":"secondary"}},{"type":"Feature","geometry":{"type":"LineString","coordinates":[[28.2335853,36.4410437],[28.233484,36.4411297]]},"properties":{"class":"secondary"}},{"type":"Feature","geometry":{"type":"LineString","coordinates":[[28.233484,36.4411297],[28.2334991,36.4410076]]},"properties":{"class":"secondary"}},{"type":"Feature","geometry":{"type":"LineString","coordinates":[[28.2384409,36.4396107],[28.2381705,36.4395872]]},"properties":{"class":"unclassified"}},{"type":"Feature","geometry":{"type":"LineString","coordinates":[[28.2377352,36.4406685],[28.2378784,36.4409085]]},"properties":{"class":"unclassified"}},{"type":"Feature","geometry":{"type":"LineString","coordinates":[[28.2376421,36.4405628],[28.2377352,36.4406685]]},"properties":{"class":"unclassified"}},{"type":"Feature","geometry":{"type":"LineString","coordinates":[[28.2379505,36.4396725],[28.2379465,36.4403349]]},"properties":{"class":"secondary","name":"Αυστραλίας"}},{"type":"Feature","geometry":{"type":"LineString","coordinates":[[28.2379465,36.4403349],[28.237811,36.4404985]]},"properties":{"class":"secondary","name":"Αυστραλίας"}},{"type":"Feature","geometry":{"type":"LineString","coordinates":[[28.2375548,36.4404734],[28.2376421,36.4405628]]},"properties":{"class":"secondary"}},{"type":"Feature","geometry":{"type":"LineString","coordinates":[[28.237811,36.4404985],[28.2376421,36.4405628]]},"properties":{"class":"secondary","name":"Αυστραλίας"}},{"type":"Feature","geometry":{"type":"LineString","coordinates":[[28.2375409,36.439052],[28.2379505,36.4396725]]},"properties":{"class":"secondary","name":"Αυστραλίας"}},{"type":"Feature","geometry":{"type":"LineString","coordinates":[[28.2381705,36.4395872],[28.2379431,36.4396299]]},"properties":{"class":"unclassified"}},{"type":"Feature","geometry":{"type":"LineString","coordinates":[[28.2361889,36.4354836],[28.2361988,36.4353983]]},"properties":{"class":"tertiary","name":"Αυστραλίας"}},{"type":"Feature","geometry":{"type":"LineString","coordinates":[[28.2378528,36.4404712],[28.2377975,36.440754]]},"properties":{"class":"unclassified"}},{"type":"Feature","geometry":{"type":"LineString","coordinates":[[28.2373891,36.438577],[28.2377343,36.4379909],[28.23785,36.4376]]},"properties":{"class":"secondary","name":"Αυστραλίας"}},{"type":"Feature","geometry":{"type":"LineString","coordinates":[[28.23749,36.4404193],[28.2375548,36.4404734]]},"properties":{"class":"secondary"}},{"type":"Feature","geometry":{"type":"LineString","coordinates":[[28.23749,36.4404193],[28.2373695,36.4404021]]},"properties":{"class":"secondary"}},{"type":"Feature","geometry":{"type":"LineString","coordinates":[[28.23749,36.4404193],[28.2374548,36.440247]]},"properties":{"class":"secondary"}},{"type":"Feature","geometry":{"type":"LineString","coordinates":[[28.2374548,36.440247],[28.2374867,36.4400755]]},"properties":{"class":"secondary","name":"Αυστραλίας"}},{"type":"Feature","geometry":{"type":"LineString","coordinates":[[28.2373695,36.4404021],[28.2374548,36.440247]]},"properties":{"class":"secondary","name":"Αυστραλίας"}},{"type":"Feature","geometry":{"type":"LineString","coordinates":[[28.2375329,36.4390611],[28.2373785,36.439068],[28.2373519,36.4389454],[28.2375232,36.4389214],[28.2375329,36.4390611]]},"properties":{"class":"secondary","name":"Αυστραλίας"}},{"type":"Feature","geometry":{"type":"LineString","coordinates":[[28.2376336,36.4388026],[28.2375303,36.4389277]]},"properties":{"class":"secondary","name":"Αυστραλίας"}},{"type":"Feature","geometry":{"type":"LineString","coordinates":[[28.2372701,36.4392798],[28.2373332,36.4391025]]},"properties":{"class":"tertiary"}},{"type":"Feature","geometry":{"type":"LineString","coordinates":[[28.2375391,36.4392388],[28.2373719,36.4390624]]},"properties":{"class":"secondary","name":"Αυστραλίας"}},{"type":"Feature","geometry":{"type":"LineString","coordinates":[[28.2373332,36.4391025],[28.2373726,36.4390941]]},"properties":{"class":"tertiary"}},{"type":"Feature","geometry":{"type":"LineString","coordinates":[[28.2373869,36.4389177],[28.2373297,36.4387758],[28.2373891,36.438577]]},"properties":{"class":"secondary","name":"Αυστραλίας"}},{"type":"Feature","geometry":{"type":"LineString","coordinates":[[28.2388038,36.4396439],[28.2384409,36.4396107]]},"properties":{"class":"unclassified"}},{"type":"Feature","geometry":{"type":"LineString","coordinates":[[28.2212374,36.4555214],[28.2210206,36.4559059],[28.2206582,36.456073]]},"properties":{"class":"secondary","name":"Κω"}},{"type":"Feature","geometry":{"type":"LineString","coordinates":[[28.2218578,36.4546327],[28.2218319,36.4548159]]},"properties":{"class":"secondary","name":"Κω"}},{"type":"Feature","geometry":{"type":"LineString","coordinates":[[28.2218319,36.4548159],[28.2217574,36.4549357]]},"properties":{"class":"secondary","name":"Κω"}},{"type":"Feature","geometry":{"type":"LineString","coordinates":[[28.2217574,36.4549357],[28.2212374,36.4555214]]},"properties":{"class":"secondary","name":"Κω"}},{"type":"Feature","geometry":{"type":"LineString","coordinates":[[27.5760071,36.715938],[27.5758804,36.7164918],[27.5762373,36.7167237],[27.5765612,36.7167561],[27.5774544,36.7167191],[27.5782929,36.7168138],[27.5786753,36.7167411],[27.5789523,36.7166216],[27.579304,36.7160414],[27.5795025,36.7159014],[27.579778,36.7158784],[27.5801694,36.7159043],[27.5827736,36.716636],[27.5837317,36.7166586],[27.5840805,36.7164153],[27.5841718,36.7162124],[27.5841615,36.715906],[27.5838074,36.7155043],[27.5830092,36.715145],[27.58293,36.7150435],[27.5829573,36.7149399],[27.5830698,36.7148749],[27.5856947,36.7147308],[27.5866484,36.7147422],[27.5873956,36.7153769],[27.5874603,36.7155528],[27.5872362,36.7160759],[27.587387,36.7162923],[27.5878265,36.7163954],[27.5887645,36.7162108],[27.590011,36.7166288],[27.5909164,36.7164521],[27.5918369,36.7167444],[27.5938687,36.7182943],[27.5938636,36.7186904],[27.5936325,36.719024],[27.5936122,36.7192503],[27.5939952,36.7200319],[27.5946743,36.7208929],[27.594791,36.7217077],[27.5953324,36.7221516],[27.5955873,36.722217],[27.595789,36.722712],[27.5959584,36.7229077],[27.5962685,36.7229858],[27.596957,36.7227964],[27.5974553,36.7227919],[27.5986183,36.7233665],[27.6003829,36.7237873],[27.6010457,36.7238804],[27.6018574,36.7237675],[27.6030007,36.7239499],[27.6039473,36.7246249],[27.6049837,36.7254983],[27.6059549,36.7261056],[27.6062622,36.7264617],[27.6067622,36.7268084],[27.6077707,36.7277161],[27.6084988,36.7281419],[27.6089123,36.7285551],[27.6100511,36.7287698],[27.6111305,36.7293827],[27.6118415,36.7298863],[27.6135385,36.7304033],[27.6149735,36.7314012],[27.6166405,36.7320175],[27.6178179,36.7323477],[27.6190747,36.7329564],[27.6212932,36.7338171],[27.6234289,36.7344816],[27.6246049,36.7350011],[27.6271244,36.7359289],[27.6279195,36.736118],[27.6292283,36.7360661],[27.6296659,36.7361873],[27.6302392,36.7367231],[27.6307497,36.7370093],[27.632416,36.7372903],[27.6363101,36.7371664],[27.6377912,36.737832],[27.6388587,36.7378535],[27.6407631,36.7385242],[27.6410608,36.7385779],[27.641954,36.7385285],[27.6422249,36.7386209],[27.6444887,36.7401835],[27.6470312,36.742258],[27.6475879,36.7429184],[27.6478233,36.7437281],[27.6484524,36.7441647],[27.6491949,36.7451433],[27.6518673,36.7474465],[27.652834,36.7480622],[27.6561824,36.7498037],[27.6566339,36.7499018]]},"properties":{"class":"tertiary"}},{"type":"Feature","geometry":{"type":"LineString","coordinates":[[27.5158556,36.7044164],[27.5168682,36.7043459],[27.5174106,36.7042063],[27.5185787,36.7032838],[27.519014,36.7030503],[27.5193537,36.7029727],[27.5206696,36.7036647],[27.5209818,36.7037541],[27.5214942,36.7036709],[27.5218968,36.7034456],[27.52298,36.7030668],[27.5240877,36.7025701],[27.5255948,36.7021773],[27.5264462,36.7021789],[27.5291966,36.7024897],[27.5303129,36.7028347],[27.531612,36.7035226],[27.533232,36.7039663],[27.5344555,36.7044884],[27.5362196,36.7047592],[27.536902,36.704968],[27.5377717,36.7053648],[27.5383,36.705485],[27.540178,36.7056398],[27.5414955,36.7055317],[27.5425155,36.7056881],[27.5429228,36.7058787],[27.5433854,36.7059733],[27.5448103,36.70572],[27.5455414,36.7058466],[27.5462634,36.7060796],[27.5467177,36.7060792],[27.5468978,36.7062434],[27.5468926,36.7066294],[27.5470187,36.7068976],[27.5473906,36.7071259],[27.5479568,36.7071872],[27.5510058,36.7071151],[27.5514042,36.7071975],[27.5531882,36.7082299],[27.5535461,36.7090922],[27.5540394,36.7095047],[27.5566443,36.7099731],[27.5581845,36.7107346],[27.5590423,36.7108112],[27.559497,36.7109344],[27.5606915,36.7114908],[27.5632531,36.7131124],[27.565107,36.7149684],[27.5657097,36.7153348],[27.5660248,36.7154177],[27.5665021,36.7154073],[27.5672095,36.7151168],[27.5689051,36.7148836],[27.5693274,36.7149393],[27.5709618,36.7154831],[27.571532,36.7155264],[27.5723469,36.7149325],[27.5729458,36.7142342],[27.5732388,36.7140871],[27.5736837,36.7140299],[27.5750552,36.7140713],[27.5753998,36.7140964],[27.5756824,36.7142355],[27.5759407,36.7145253],[27.5760546,36.7148212],[27.5760071,36.715938]]},"properties":{"class":"tertiary"}},{"type":"Feature","geometry":{"type":"LineString","coordinates":[[27.563678,36.6895979],[27.5634246,36.690558],[27.5634625,36.6909008],[27.5640157,36.692157],[27.5643699,36.69276],[27.5644005,36.6931582],[27.5642623,36.6941732],[27.564377,36.6943291],[27.5652231,36.6938633],[27.5659307,36.6937402],[27.566352,36.6939078],[27.5667353,36.6942271],[27.5668652,36.6944466],[27.5667044,36.6951051],[27.566067,36.6965067],[27.5661384,36.6968273],[27.5664688,36.6971211],[27.5666197,36.6974231],[27.5672266,36.6988923],[27.5673387,36.7003024],[27.5681935,36.7016274],[27.5682656,36.7025809],[27.5684327,36.7025969],[27.5693626,36.7011332],[27.5697419,36.7010409],[27.5699195,36.7011288],[27.5701508,36.7015813],[27.5706016,36.7018591],[27.570934,36.7024987],[27.571287,36.7029133],[27.5720111,36.7031015],[27.5723689,36.7032768],[27.573134,36.7039115],[27.5742262,36.7045136],[27.5744698,36.7045914],[27.5752964,36.7045734],[27.5754334,36.7045121],[27.5754682,36.704313],[27.575226,36.703918],[27.5756365,36.7028365],[27.5758817,36.7026655],[27.5763635,36.7026628],[27.5769886,36.7024951],[27.5770696,36.7023847],[27.5770142,36.7020549],[27.5774583,36.7017293],[27.5774624,36.7016037],[27.5770464,36.7008007],[27.5764183,36.7003485],[27.5763213,36.6998639],[27.576083,36.6994258]]},"properties":{"class":"tertiary"}},{"type":"Feature","geometry":{"type":"LineString","coordinates":[[27.5778053,36.7092272],[27.5777207,36.7098622],[27.5776021,36.7101731],[27.5775182,36.7102172],[27.576624,36.71002],[27.5764359,36.7100362],[27.5760018,36.7102543],[27.5757298,36.7101081],[27.5744624,36.7099829],[27.5740485,36.7100919],[27.573655,36.7103842],[27.5734206,36.7103888],[27.5718319,36.7095746],[27.5713863,36.7091291],[27.5702345,36.7085979],[27.56965,36.7085492],[27.5690568,36.7083427],[27.5680497,36.7086164],[27.5680006,36.7089134],[27.5680932,36.709157],[27.568044,36.7094748],[27.5679427,36.7095699],[27.5672655,36.7095119],[27.5652862,36.7103795],[27.5649303,36.7102334],[27.564774,36.7097462],[27.5643689,36.7093147],[27.5641808,36.7092776],[27.5636425,36.7095073],[27.5625197,36.7097184],[27.5622825,36.7095699],[27.5616342,36.709382],[27.5598546,36.7092034],[27.5592498,36.7086814],[27.5588967,36.7081455],[27.5584203,36.7077285],[27.5575419,36.7078396],[27.5565701,36.7082197],[27.5559624,36.7080713],[27.5546371,36.7075539],[27.5540091,36.7078462],[27.5538471,36.7078393],[27.5532191,36.7072779],[27.5528487,36.7071874],[27.5522179,36.7071619],[27.5516708,36.7073255]]},"properties":{"class":"unclassified"}},{"type":"Feature","geometry":{"type":"LineString","coordinates":[[27.5551949,36.6902571],[27.5553777,36.6904079],[27.5559289,36.6903782],[27.5561615,36.6905112],[27.5566356,36.691211],[27.5567779,36.6916553],[27.5569571,36.6918407],[27.5584002,36.6922791],[27.5590936,36.6922814],[27.5595307,36.6923824],[27.5599144,36.6926129],[27.5603871,36.6931309],[27.5602952,36.6938639],[27.5601515,36.694029],[27.5574357,36.6946812],[27.5574757,36.6948155],[27.5579884,36.695204],[27.5582758,36.6959833],[27.5583099,36.6963005],[27.5581469,36.6972247],[27.5582447,36.6977771],[27.5580728,36.6979316],[27.5574209,36.6978828],[27.5561408,36.6980254],[27.5559482,36.6987405],[27.555963,36.6992478],[27.5558637,36.699862],[27.5559319,36.7000984],[27.5560874,36.700134],[27.5568223,36.6998821],[27.5574239,36.6998726],[27.5575735,36.6999546],[27.5575379,36.7001566],[27.5572431,36.7005011],[27.556403,36.7011687],[27.556206,36.7012233],[27.5555822,36.7011782],[27.5550236,36.7013207],[27.554957,36.7014478],[27.555597,36.7026678],[27.5561186,36.7027604],[27.5570238,36.7025466],[27.5575883,36.7025359],[27.5577602,36.702669],[27.5583217,36.7034898],[27.5585336,36.7034934],[27.5589766,36.7031156],[27.5591247,36.7029624],[27.5591944,36.7026678],[27.5593203,36.7025229],[27.5594729,36.7025371],[27.5596448,36.7026927],[27.5596878,36.703529],[27.5587825,36.7044056],[27.558378,36.7056671],[27.5577039,36.7059985],[27.5573009,36.7064998],[27.5573216,36.7065592],[27.557492,36.706552],[27.5588699,36.7057823],[27.5590507,36.7058037],[27.5593085,36.7060294],[27.5594626,36.706204],[27.5594907,36.7063941],[27.5590433,36.7073408],[27.5591618,36.7082625],[27.5592892,36.7085689],[27.5592498,36.7086814]]},"properties":{"class":"unclassified"}},{"type":"Feature","geometry":{"type":"LineString","coordinates":[[27.5384448,36.6744034],[27.5399363,36.6750462],[27.5407892,36.6751386],[27.5406338,36.6752702],[27.5395225,36.6753006],[27.5395437,36.6753985],[27.5396442,36.6754348],[27.5406183,36.6754291],[27.5416651,36.67504],[27.5424234,36.6752038],[27.54344,36.6761117],[27.543904,36.6768581],[27.545052,36.6771184],[27.5461919,36.6779445],[27.5466237,36.6784521],[27.5471682,36.6795879],[27.5474499,36.6798396],[27.5483944,36.6802596],[27.549917,36.6811285],[27.5509931,36.6818573],[27.5516985,36.68258],[27.5525029,36.6830391],[27.5530155,36.6832174],[27.5538952,36.6832197],[27.5545563,36.6833613],[27.5548033,36.6834877],[27.5549519,36.6836771],[27.5552897,36.6848607],[27.5554909,36.6852681],[27.5572328,36.6876117],[27.5576417,36.6886108]]},"properties":{"class":"tertiary"}},{"type":"Feature","geometry":{"type":"LineString","coordinates":[[27.5588408,36.6812307],[27.5588822,36.6812043]]},"properties":{"class":"unclassified"}},{"type":"Feature","geometry":{"type":"LineString","coordinates":[[27.5603057,36.689196],[27.5602269,36.6873329],[27.5603456,36.6857298],[27.5602491,36.6852855],[27.5599021,36.6845506],[27.5597396,36.6832692],[27.5595411,36.6827915],[27.559039,36.6820386],[27.5588408,36.6812307]]},"properties":{"class":"unclassified"}},{"type":"Feature","geometry":{"type":"LineString","coordinates":[[27.5588822,36.6812043],[27.5599588,36.6807027],[27.5607893,36.6802153],[27.5616372,36.6795957],[27.5618802,36.6798626],[27.5622854,36.6807328],[27.5624619,36.6808976],[27.5630464,36.6813381],[27.5643871,36.6821155],[27.565349,36.6824547],[27.5661287,36.6825733],[27.5670719,36.6828364],[27.5694646,36.6831092],[27.570765,36.6831533],[27.5712866,36.683321],[27.5720658,36.683405],[27.5722026,36.6835501],[27.5721597,36.6841352],[27.5722581,36.6843508],[27.5728213,36.6849245]]},"properties":{"class":"unclassified"}},{"type":"Feature","geometry":{"type":"LineString","coordinates":[[27.5603057,36.689196],[27.5598984,36.689039],[27.5582208,36.6886757],[27.5573825,36.6885824],[27.5569788,36.6886567],[27.5565862,36.6891482],[27.5563436,36.6892982],[27.5559194,36.6892091],[27.554573,36.6886819],[27.5542341,36.6887101],[27.5538481,36.6889518],[27.5530698,36.6886808],[27.5527336,36.6887172],[27.5526445,36.6888624]]},"properties":{"class":"unclassified"}},{"type":"Feature","geometry":{"type":"LineString","coordinates":[[27.5588408,36.6812307],[27.5571745,36.6817535],[27.5559004,36.6819234],[27.5552344,36.6821738],[27.5547838,36.6821867],[27.5547475,36.6834591]]},"properties":{"class":"unclassified"}},{"type":"Feature","geometry":{"type":"LineString","coordinates":[[27.5728213,36.6849245],[27.5724535,36.685442],[27.5719415,36.6855473],[27.5701562,36.6863636],[27.5685706,36.686547],[27.5674999,36.6865725],[27.5671015,36.6868116],[27.5665788,36.6869382],[27.5651286,36.6865945],[27.5648016,36.6866608],[27.5641245,36.6869714],[27.5638867,36.6873255],[27.5638238,36.6880667],[27.5638777,36.6885709]]},"properties":{"class":"unclassified"}},{"type":"Feature","geometry":{"type":"LineString","coordinates":[[27.5526445,36.6888624],[27.5523309,36.6888579],[27.5523551,36.6887008],[27.5521244,36.6883395],[27.5515772,36.6881535]]},"properties":{"class":"unclassified"}},{"type":"Feature","geometry":{"type":"LineString","coordinates":[[27.5534657,36.6888367],[27.5533086,36.6886987]]},"properties":{"class":"unclassified"}},{"type":"Feature","geometry":{"type":"LineString","coordinates":[[27.5603057,36.689196],[27.5615338,36.6892737],[27.5623456,36.6891501],[27.5631424,36.6892204],[27.5634377,36.689332],[27.563678,36.6895979]]},"properties":{"class":"tertiary"}},{"type":"Feature","geometry":{"type":"LineString","coordinates":[[27.5638631,36.6886858],[27.5637624,36.6894709],[27.563678,36.6895979]]},"properties":{"class":"unclassified"}},{"type":"Feature","geometry":{"type":"LineString","coordinates":[[27.5638777,36.6885709],[27.5638631,36.6886858]]},"properties":{"class":"unclassified"}},{"type":"Feature","geometry":{"type":"LineString","coordinates":[[27.576083,36.6994258],[27.5761788,36.6993645],[27.5763661,36.6994019],[27.5772343,36.7002233],[27.5776001,36.7003949],[27.5777221,36.7005152],[27.5780336,36.7012256],[27.5782813,36.7014736],[27.5783609,36.7025345],[27.5786051,36.7029871],[27.5781432,36.7036396],[27.5781613,36.7037925],[27.578549,36.7042536],[27.5784681,36.7047405],[27.5785244,36.7050296],[27.5788804,36.7054964],[27.5793224,36.7057747],[27.5794739,36.7060472],[27.5792945,36.7062773],[27.578046,36.7069039],[27.5778209,36.7071446],[27.5778031,36.7078139],[27.5779085,36.708631],[27.5776624,36.709152],[27.5777294,36.7092541],[27.5778714,36.7092038],[27.5781417,36.7088106],[27.5785475,36.7080697],[27.5787964,36.7073985],[27.5789471,36.7072616],[27.5797392,36.7070142],[27.5804684,36.7069148],[27.5806615,36.706964],[27.5807591,36.7070579],[27.5809632,36.7082622],[27.5808038,36.708462],[27.5802551,36.7088036],[27.5802889,36.7090016],[27.5805923,36.7093684],[27.5807267,36.7098276],[27.5818414,36.7107099],[27.5823205,36.7107333],[27.582682,36.7108754],[27.5828811,36.7111063],[27.5830461,36.7115403],[27.5827881,36.7119664],[27.5826738,36.7126958],[27.5821014,36.7134623],[27.5820862,36.7136744],[27.5822179,36.7139188],[27.5824854,36.7141816],[27.5832569,36.7142465],[27.5840976,36.7141898],[27.5848229,36.7144729],[27.5859392,36.7145754],[27.5864183,36.7147513]]},"properties":{"class":"tertiary"}},{"type":"Feature","geometry":{"type":"LineString","coordinates":[[27.5627892,36.7127984],[27.562912,36.712704],[27.5631397,36.712717],[27.5639284,36.7131798],[27.5648675,36.7131505],[27.5652456,36.7132515],[27.5654692,36.7134731],[27.5656359,36.7134764],[27.5659977,36.7133395],[27.5663107,36.7131016],[27.5665506,36.7130983],[27.5668799,36.7129224],[27.5672295,36.7122771],[27.5675995,36.711974],[27.5681199,36.7119805],[27.5683516,36.7124433],[27.5685101,36.712541],[27.5689086,36.7125834],[27.5691281,36.712427],[27.5691769,36.7122803],[27.5693436,36.7115144],[27.5692826,36.7110614],[27.5687541,36.7104976],[27.5684207,36.7105823]]},"properties":{"class":"unclassified"}},{"type":"Feature","geometry":{"type":"LineString","coordinates":[[27.57357,36.7173222],[27.5734466,36.7172104],[27.5736076,36.7166643],[27.5735003,36.7165009],[27.5736397,36.7159763],[27.57438,36.7158817],[27.5734305,36.7153269],[27.5731033,36.71497],[27.5731865,36.7147464],[27.5734869,36.714555],[27.5736827,36.7142454],[27.5737207,36.7138287],[27.5729322,36.7134761],[27.5728785,36.7131493],[27.572385,36.7128525],[27.5718378,36.7120097],[27.5729751,36.7117775],[27.5740426,36.7119065]]},"properties":{"class":"unclassified"}},{"type":"Feature","geometry":{"type":"LineString","coordinates":[[27.6154101,36.7172943],[27.6153683,36.7170762],[27.6155944,36.716946],[27.6156718,36.7167851],[27.6155674,36.7163557],[27.6154058,36.7163461],[27.6154205,36.7161708],[27.6164416,36.7149492],[27.6167983,36.7141043],[27.6171416,36.7136141],[27.6172489,36.71327],[27.6171416,36.7127884],[27.6171738,36.7125734],[27.6173884,36.7122122],[27.6170665,36.7118853],[27.6170129,36.7116961],[27.6169271,36.7110424],[27.6169324,36.7094986],[27.6169824,36.7092082],[27.6173776,36.7085911],[27.6176673,36.7077396],[27.6176781,36.7067634],[27.6178712,36.7061441],[27.6182252,36.7058602],[27.618472,36.7051893],[27.6186973,36.7048625],[27.6186115,36.7042087],[27.6186651,36.7038131],[27.6182252,36.7030776],[27.6185015,36.7024981],[27.6184612,36.702068],[27.6189763,36.7017443],[27.6190192,36.7010562],[27.6197595,36.7007637],[27.6201564,36.700497],[27.6219481,36.6999723],[27.6222593,36.7001358],[27.623139,36.700368],[27.6234287,36.7005487],[27.6236111,36.7007895],[27.6240403,36.7009615],[27.6248449,36.701082],[27.6253063,36.7002992],[27.6258034,36.7002853]]},"properties":{"class":"unclassified"}},{"type":"Feature","geometry":{"type":"LineString","coordinates":[[27.6055634,36.68876],[27.6055527,36.6889407],[27.6057887,36.6889923],[27.6060891,36.6892332],[27.6072478,36.689388],[27.6074624,36.6900591],[27.6083529,36.6899989],[27.608546,36.6903774],[27.6095867,36.6907043],[27.6100159,36.6909624],[27.6102304,36.6910054],[27.6101553,36.6914958],[27.6114106,36.6914356],[27.611357,36.6915819],[27.612741,36.6919518],[27.6130199,36.6921755],[27.6132667,36.6928637],[27.6139212,36.6937154],[27.6136315,36.6940767],[27.6124406,36.6942918],[27.6132989,36.6946359],[27.6133525,36.6950746],[27.6137817,36.6951434],[27.6138568,36.6952897],[27.614361,36.6952123],[27.615155,36.6953241],[27.6154876,36.6958317],[27.6153803,36.6962016],[27.6157987,36.6965285],[27.6161098,36.6973285],[27.6159918,36.6979048],[27.6150906,36.6979995],[27.6154125,36.6984812],[27.6152944,36.6989371],[27.6147795,36.6994188],[27.6150262,36.6997027],[27.6147365,36.6998317],[27.6142967,36.6998834],[27.6139533,36.7001414],[27.614007,36.7004941],[27.6138139,36.7005973],[27.6137173,36.7008038],[27.6133203,36.7009844],[27.6126659,36.7009156],[27.6139748,36.7018704],[27.6140821,36.7024382],[27.6139533,36.7026532],[27.6139855,36.7031177],[27.6142218,36.7028453],[27.6149406,36.7025657],[27.615933,36.7024969],[27.6167967,36.7026904],[27.6170274,36.7025657],[27.6172098,36.7025743],[27.6176818,36.7029657],[27.6180198,36.7028496],[27.6182587,36.7028916]]},"properties":{"class":"unclassified"}},{"type":"Feature","geometry":{"type":"LineString","coordinates":[[27.6295024,36.6998366],[27.630594,36.699832],[27.631234,36.700072],[27.631925,36.69987],[27.632086,36.699716],[27.632602,36.699497],[27.633252,36.699431],[27.6335348,36.6992597],[27.6335201,36.6991253],[27.6327808,36.6986895],[27.6323005,36.6987867],[27.6311798,36.6987589],[27.6306346,36.6983981],[27.6299985,36.6981032],[27.6292542,36.6980719],[27.6285921,36.697666],[27.6301715,36.6972878],[27.6303057,36.6971456],[27.6303966,36.6968715],[27.6308639,36.6967847],[27.6313182,36.6968229],[27.6314957,36.6967466],[27.6316687,36.6965731],[27.6317077,36.6961776],[27.6319327,36.6961255],[27.6322789,36.696129],[27.6324823,36.6962123],[27.6329756,36.6966321],[27.6332611,36.6966009],[27.6336333,36.6967119],[27.6336679,36.6963337],[27.6335597,36.69624],[27.6334688,36.6959659],[27.6333217,36.695841],[27.6327938,36.6957959],[27.6324433,36.6952096],[27.6318289,36.6948487],[27.6313572,36.6944324],[27.6306648,36.6941652],[27.630037,36.694212]]},"properties":{"class":"unclassified"}},{"type":"Feature","geometry":{"type":"LineString","coordinates":[[27.6258034,36.7002853],[27.6258989,36.7003954],[27.6268298,36.7006691],[27.6272053,36.700454],[27.627731,36.7003336],[27.6285571,36.700282],[27.6295024,36.6998366]]},"properties":{"class":"unclassified"}},{"type":"Feature","geometry":{"type":"LineString","coordinates":[[27.6169824,36.7092082],[27.6164963,36.7088792],[27.6159491,36.7074772],[27.615638,36.707245],[27.6150318,36.7070299],[27.6150211,36.7066558],[27.6147636,36.7063375],[27.6137765,36.7061741],[27.6135029,36.7058816],[27.6125695,36.705443],[27.6110997,36.7053871],[27.6108368,36.705529]]},"properties":{"class":"unclassified"}},{"type":"Feature","geometry":{"type":"LineString","coordinates":[[27.6331963,36.6989014],[27.6349531,36.6986201],[27.6352689,36.6984675],[27.6356887,36.698117],[27.6358272,36.6981656],[27.6359007,36.6983217],[27.6355502,36.6989879],[27.6352776,36.6990607],[27.6347237,36.6989671],[27.634503,36.6991544],[27.6340357,36.6991822],[27.6339319,36.6993522],[27.63343,36.699347]]},"properties":{"class":"unclassified"}},{"type":"Feature","geometry":{"type":"LineString","coordinates":[[27.6757504,36.701239],[27.6759992,36.701353],[27.6768879,36.7014914],[27.6770758,36.7016584],[27.6771266,36.7018253],[27.6770555,36.7023464],[27.6771317,36.7026966],[27.6787313,36.7038203],[27.6799007,36.7043202],[27.6806921,36.7050423],[27.6813854,36.7051873],[27.6825096,36.7050011],[27.6841531,36.7048591],[27.6857906,36.7059122],[27.6867987,36.7067155],[27.6872875,36.7073572],[27.6876174,36.7080038],[27.6879107,36.7086259],[27.6881163,36.7094701],[27.6872264,36.7110406],[27.6871469,36.7112953],[27.6870908,36.7125298]]},"properties":{"class":"unclassified","name":"Kargı Yolu"}},{"type":"Feature","geometry":{"type":"LineString","coordinates":[[27.6755919,36.6985898],[27.6752901,36.6984425],[27.6747855,36.6978432],[27.6744301,36.6978482]]},"properties":{"class":"unclassified","name":"Kargı Yolu"}},{"type":"Feature","geometry":{"type":"LineString","coordinates":[[27.6744301,36.6978482],[27.6728608,36.6985191]]},"properties":{"class":"unclassified","name":"Kargı Yolu"}},{"type":"Feature","geometry":{"type":"LineString","coordinates":[[27.6728608,36.6985191],[27.6726678,36.6990199],[27.672744,36.6997406],[27.6726353,36.7002157],[27.6727948,36.7003717],[27.673069,36.700612],[27.6737241,36.700897],[27.6748617,36.7012308],[27.6757504,36.701239]]},"properties":{"class":"unclassified","name":"Kargı Yolu"}},{"type":"Feature","geometry":{"type":"LineString","coordinates":[[27.7840862,36.7650892],[27.7804859,36.7648461],[27.7764818,36.7648098],[27.7735005,36.7644018],[27.7707537,36.7646294],[27.7701538,36.7645843],[27.7678906,36.7641469],[27.7674576,36.7641452],[27.7613802,36.764317],[27.7586551,36.7647668],[27.7542888,36.7652676],[27.750451,36.7658893],[27.7461868,36.7657021],[27.7426516,36.7660128],[27.7411777,36.765865],[27.7373794,36.7648497],[27.7351896,36.7645627],[27.7321841,36.7644702],[27.7297693,36.7649088],[27.7291829,36.7649346],[27.7253602,36.7640757],[27.7113558,36.7629312],[27.699699,36.7612995],[27.6966655,36.7603155],[27.6912148,36.7593277],[27.6846983,36.7570502],[27.6802698,36.7551474],[27.6795349,36.7549151],[27.6769869,36.7544629],[27.6754572,36.7542906],[27.6676345,36.7544165]]},"properties":{"class":"trunk","name":"Marmaris Datça Yolu","ref":"D400"}},{"type":"Feature","geometry":{"type":"LineString","coordinates":[[27.6566339,36.7499018],[27.6532641,36.75032],[27.6523644,36.7502256],[27.6487227,36.7493759],[27.6478872,36.7493245],[27.6465484,36.7490927],[27.6458629,36.7491356],[27.6453916,36.7493416],[27.6434957,36.7504573],[27.6427674,36.7509894],[27.6405074,36.7540789],[27.6397255,36.7548512],[27.6384402,36.756353],[27.6374012,36.7570996],[27.6367585,36.7583267],[27.6352585,36.7595737],[27.6345842,36.7604119],[27.6299999,36.7641789],[27.6277613,36.7659122],[27.6270223,36.7664356],[27.6218478,36.7695105]]},"properties":{"class":"tertiary"}},{"type":"Feature","geometry":{"type":"LineString","coordinates":[[27.6153683,36.7170762],[27.6150881,36.7171556]]},"properties":{"class":"unclassified"}},{"type":"Feature","geometry":{"type":"LineString","coordinates":[[27.6163919,36.7686141],[27.6152718,36.7694426]]},"properties":{"class":"tertiary"}},{"type":"Feature","geometry":{"type":"LineString","coordinates":[[27.62058,36.7702217],[27.6201643,36.7702295],[27.6189767,36.7700015],[27.6181134,36.7695027],[27.6171557,36.7691058],[27.61671,36.7687556],[27.6163919,36.7686141]]},"properties":{"class":"tertiary"}},{"type":"Feature","geometry":{"type":"LineString","coordinates":[[27.6217784,36.7694531],[27.6203574,36.7697956],[27.6195883,36.7695291],[27.6191425,36.769521],[27.6184538,36.7691928],[27.6177321,36.7690195],[27.6171096,36.7685918]]},"properties":{"class":"unclassified"}},{"type":"Feature","geometry":{"type":"LineString","coordinates":[[27.6601652,36.7556287],[27.6601456,36.7557969],[27.660479,36.7565477],[27.6604627,36.7567578],[27.6599748,36.7575085],[27.6598854,36.758186],[27.6600785,36.7589661],[27.660111,36.7592446],[27.6600399,36.7593993],[27.659361,36.7596322],[27.6589686,36.7596826],[27.6574299,36.7608503],[27.6571981,36.7612737],[27.6568343,36.7615538],[27.6558789,36.7620847],[27.655391,36.7620977],[27.654952,36.7622264],[27.6544478,36.7626514],[27.6539803,36.7628712],[27.6539356,36.7629543],[27.6540311,36.7630667],[27.6549438,36.7629234],[27.6550414,36.7629738],[27.6549011,36.7636985],[27.6549418,36.7640649],[27.6547487,36.7648905],[27.6544478,36.7650175],[27.6537587,36.7655191],[27.6534498,36.765879],[27.6532567,36.7662812],[27.6524151,36.7669732],[27.6517301,36.767154],[27.6510654,36.7676457],[27.6504332,36.7684469],[27.6503133,36.7688279],[27.649488,36.76959],[27.6491668,36.7700068],[27.6492379,36.7705425],[27.6493253,36.7706449],[27.6487579,36.7711009],[27.6485478,36.7711701],[27.6481508,36.7711364],[27.6477492,36.7712094],[27.6473056,36.7711009],[27.6468573,36.7708166]]},"properties":{"class":"unclassified"}},{"type":"Feature","geometry":{"type":"LineString","coordinates":[[27.6501306,36.739146],[27.6517618,36.7397178],[27.651853,36.7398103],[27.6519013,36.7403842],[27.6516872,36.7413059],[27.6517501,36.7420625],[27.6519809,36.7424912],[27.6527572,36.7431705],[27.653565,36.7435572],[27.6564185,36.744587],[27.6578873,36.7452763],[27.6595081,36.7463607],[27.6601218,36.7470122],[27.6610156,36.7476283],[27.6630916,36.7483846],[27.664277,36.7489891]]},"properties":{"class":"tertiary"}},{"type":"Feature","geometry":{"type":"LineString","coordinates":[[27.6475879,36.7429184],[27.6478182,36.7425345],[27.6475666,36.7418166],[27.6476506,36.7415072],[27.6484688,36.7407573],[27.6491906,36.739809]]},"properties":{"class":"tertiary"}},{"type":"Feature","geometry":{"type":"LineString","coordinates":[[27.6491906,36.739809],[27.6497235,36.7390558],[27.6498597,36.7390335],[27.6501306,36.739146]]},"properties":{"class":"tertiary"}},{"type":"Feature","geometry":{"type":"LineString","coordinates":[[27.6475666,36.7418166],[27.6473494,36.7420723],[27.6470312,36.742258]]},"properties":{"class":"tertiary"}},{"type":"Feature","geometry":{"type":"LineString","coordinates":[[27.6724781,36.7378575],[27.671917,36.7368615],[27.671917,36.7361217],[27.6718325,36.7358364],[27.6716515,36.7355463],[27.6710262,36.7349958],[27.6709511,36.7347142],[27.6712004,36.7338533],[27.6714071,36.731593],[27.6711952,36.7314125],[27.6704281,36.7310707],[27.66983,36.730918],[27.6690933,36.7303773],[27.6683995,36.7302177],[27.6680072,36.7298753],[27.667422,36.7295997],[27.6672229,36.7293821],[27.6666859,36.7279411],[27.6665471,36.7273463],[27.6664566,36.7272302],[27.6653404,36.7267998],[27.6650647,36.7265309],[27.664863,36.7261309],[27.6636933,36.7247929],[27.6635183,36.7243771],[27.6631865,36.7239612],[27.6634157,36.7236855],[27.6634037,36.7233663],[27.6630718,36.7217801],[27.6628184,36.7211031],[27.6627553,36.7207045],[27.6629216,36.7194962],[27.6630396,36.7192425],[27.6635063,36.7188383],[27.66356,36.7182535]]},"properties":{"class":"tertiary","name":"529.Sokak"}},{"type":"Feature","geometry":{"type":"LineString","coordinates":[[27.6853674,36.7249454],[27.6829185,36.7244974],[27.6823495,36.7245874],[27.6813118,36.724452],[27.6805697,36.7242343],[27.6801172,36.7239539],[27.6787316,36.7237273]]},"properties":{"class":"tertiary","name":"Ambarcı Caddesi"}},{"type":"Feature","geometry":{"type":"LineString","coordinates":[[27.6801404,36.7279443],[27.6819024,36.7275382],[27.6824688,36.7275394],[27.6832708,36.7272795],[27.6857803,36.7262017]]},"properties":{"class":"tertiary","name":"Vatan Caddesi"}},{"type":"Feature","geometry":{"type":"LineString","coordinates":[[27.6798912,36.7273122],[27.6800948,36.7277875],[27.6808286,36.7303293],[27.6812628,36.7312898],[27.6813162,36.7325983],[27.6817052,36.7328935]]},"properties":{"class":"tertiary","name":"Çevre Yolu"}},{"type":"Feature","geometry":{"type":"LineString","coordinates":[[27.6847161,36.7238128],[27.6822988,36.7239573],[27.6806255,36.7234729],[27.6795946,36.7233508]]},"properties":{"class":"tertiary","name":"Bademli Cd."}},{"type":"Feature","geometry":{"type":"LineString","coordinates":[[27.6823078,36.7331363],[27.6829933,36.7325887],[27.6841235,36.7321977],[27.6845036,36.7319827],[27.6846947,36.731665],[27.6847874,36.7308102],[27.6856315,36.7295992]]},"properties":{"class":"primary","name":"Ahmet Taner Kışlalı Caddesi"}},{"type":"Feature","geometry":{"type":"LineString","coordinates":[[27.6795946,36.7233508],[27.6790944,36.7233386],[27.6789497,36.7234058],[27.6787008,36.7237864],[27.6786983,36.7239288],[27.6796683,36.7252029],[27.6799857,36.7262611],[27.6798912,36.7273122]]},"properties":{"class":"tertiary","name":"Çevre Yolu"}},{"type":"Feature","geometry":{"type":"LineString","coordinates":[[27.6811246,36.72585],[27.682072,36.7256224]]},"properties":{"class":"tertiary","name":"Halil Aşkın Caddesi"}},{"type":"Feature","geometry":{"type":"LineString","coordinates":[[27.6676345,36.7544165],[27.6666937,36.75431],[27.664989,36.7539653],[27.6637612,36.7536091],[27.6631114,36.7530709],[27.6628919,36.7527332],[27.6627537,36.7522971],[27.6628175,36.7516243],[27.6652642,36.7472355],[27.6664986,36.7458994],[27.6678351,36.7437551],[27.6682842,36.7427675],[27.6689937,36.7417555],[27.6694028,36.7413028],[27.6714527,36.7396375],[27.671567,36.7394742]]},"properties":{"class":"trunk","name":"Kazım Yılmaz Cd.","ref":"D400"}},{"type":"Feature","geometry":{"type":"LineString","coordinates":[[27.6717209,36.7395667],[27.6695566,36.7413007],[27.6687473,36.7422601],[27.6683972,36.7427728],[27.6679357,36.7437733],[27.6665734,36.745944],[27.6653432,36.7473115],[27.6630393,36.7513877],[27.6629229,36.7517143],[27.6628773,36.752177],[27.6629733,36.7525774],[27.6632839,36.7530766],[27.6637419,36.7534576],[27.6641631,36.7536411],[27.6676345,36.7544165]]},"properties":{"class":"trunk","name":"Kazım Yılmaz Cd.","ref":"D400"}},{"type":"Feature","geometry":{"type":"LineString","coordinates":[[27.6749754,36.7335654],[27.6739024,36.733878],[27.6729918,36.7337477],[27.6727641,36.7335783],[27.6717884,36.7337347],[27.6714632,36.7342299],[27.6711095,36.73424]]},"properties":{"class":"tertiary"}},{"type":"Feature","geometry":{"type":"LineString","coordinates":[[27.6822081,36.7332879],[27.6823078,36.7331363]]},"properties":{"class":"trunk","ref":"D400"}},{"type":"Feature","geometry":{"type":"LineString","coordinates":[[27.6843491,36.7419308],[27.6841628,36.7417881],[27.6839516,36.7417542],[27.682163,36.7417338],[27.6817255,36.7416171],[27.6808142,36.7406857],[27.6801121,36.7402166],[27.6799386,36.7394133],[27.6798249,36.7392417]]},"properties":{"class":"unclassified","name":"Çomarlık Caddesi"}},{"type":"Feature","geometry":{"type":"LineString","coordinates":[[27.6784632,36.7383785],[27.6798884,36.737537],[27.6802707,36.7371261],[27.6815818,36.7349976],[27.6819989,36.7336598],[27.6822081,36.7332879]]},"properties":{"class":"trunk","name":"Kazım Yılmaz Cd.","ref":"D400"}},{"type":"Feature","geometry":{"type":"LineString","coordinates":[[27.6823078,36.7331363],[27.6825143,36.7332151]]},"properties":{"class":"trunk","ref":"D400"}},{"type":"Feature","geometry":{"type":"LineString","coordinates":[[27.6824204,36.7333811],[27.6820921,36.7338148],[27.6816815,36.735035],[27.6803153,36.7372351],[27.6798857,36.7376336],[27.6785314,36.7384551]]},"properties":{"class":"trunk","name":"Kazım Yılmaz Cd.","ref":"D400"}},{"type":"Feature","geometry":{"type":"LineString","coordinates":[[27.6785314,36.7384551],[27.6777398,36.7385917],[27.6748888,36.7386254],[27.6739898,36.7387395],[27.6724944,36.7391313],[27.6718603,36.7394741]]},"properties":{"class":"trunk","name":"Kazım Yılmaz Cd.","ref":"D400"}},{"type":"Feature","geometry":{"type":"LineString","coordinates":[[27.671749,36.7393285],[27.6732602,36.7388026],[27.6744467,36.7385723],[27.6778639,36.7384914],[27.6784632,36.7383785]]},"properties":{"class":"trunk","name":"Kazım Yılmaz Cd.","ref":"D400"}},{"type":"Feature","geometry":{"type":"LineString","coordinates":[[27.6716132,36.7393033],[27.6718275,36.7388267],[27.6724781,36.7378575]]},"properties":{"class":"tertiary","name":"529.Sokak"}},{"type":"Feature","geometry":{"type":"LineString","coordinates":[[27.671567,36.7394742],[27.6716088,36.7393591],[27.671749,36.7393285]]},"properties":{"class":"trunk","name":"Kazım Yılmaz Cd.","ref":"D400"}},{"type":"Feature","geometry":{"type":"LineString","coordinates":[[27.6718603,36.7394741],[27.6717209,36.7395667]]},"properties":{"class":"trunk","name":"Kazım Yılmaz Cd.","ref":"D400"}},{"type":"Feature","geometry":{"type":"LineString","coordinates":[[27.6715626,36.7394227],[27.6716132,36.7393033]]},"properties":{"class":"tertiary","name":"529.Sokak"}},{"type":"Feature","geometry":{"type":"LineString","coordinates":[[27.632399,36.7537349],[27.6324777,36.7543445],[27.6325879,36.754542],[27.6329079,36.754727],[27.633228,36.7552104],[27.6334168,36.7560764],[27.633931,36.7568667],[27.6339153,36.7570138],[27.633632,36.7574762],[27.6337317,36.7579974],[27.6336634,36.7584346],[27.6337421,36.7591912],[27.6337369,36.7607675],[27.6338086,36.7610686]]},"properties":{"class":"tertiary"}},{"type":"Feature","geometry":{"type":"LineString","coordinates":[[27.6433004,36.7506],[27.6429059,36.7511462],[27.6427785,36.7514751],[27.6428209,36.7517246],[27.6430899,36.7519742],[27.6435854,36.752167],[27.643727,36.7524506],[27.6436986,36.7527228],[27.6430616,36.7536189],[27.6427785,36.7546964],[27.6428492,36.7551842],[27.6422833,36.7559929],[27.642294,36.7561305],[27.6424335,36.7562766],[27.6428519,36.7564743],[27.644075,36.7565517],[27.6446436,36.7569728],[27.6450621,36.7571619],[27.6459204,36.7570588],[27.6462315,36.7571705],[27.6463817,36.7572909],[27.6465963,36.7582708],[27.6470362,36.7585888],[27.6473688,36.7591733],[27.6475297,36.7597492],[27.6484202,36.7601016],[27.6491283,36.760944],[27.6492892,36.7610213],[27.6503192,36.7611073],[27.6508771,36.7614339],[27.6513599,36.7615628],[27.6514564,36.7616488],[27.6514672,36.7619152],[27.6512848,36.7624481],[27.6513921,36.762749],[27.6515101,36.7628435],[27.6522289,36.7630498],[27.6524542,36.7634108],[27.6528512,36.7635139],[27.6535486,36.7634108],[27.6540311,36.7630667]]},"properties":{"class":"unclassified"}},{"type":"Feature","geometry":{"type":"LineString","coordinates":[[27.6468573,36.7708166],[27.6469667,36.7704876],[27.6472228,36.7701228],[27.6472431,36.7694552],[27.6471374,36.7693771],[27.6472065,36.7692924],[27.6469382,36.7691035],[27.6454706,36.7686215]]},"properties":{"class":"unclassified"}},{"type":"Feature","geometry":{"type":"LineString","coordinates":[[27.6549901,36.7633141],[27.6551733,36.7635721],[27.6553705,36.7636807],[27.6561592,36.7635523],[27.656418,36.7635918],[27.6565536,36.7637399],[27.6563934,36.7644508],[27.6564304,36.7651221],[27.6562578,36.7656158],[27.6563564,36.7658823],[27.6568371,36.7659712],[27.6571575,36.7661094],[27.6574656,36.7663858],[27.6581188,36.7665537],[27.658772,36.7672744],[27.6591047,36.767383],[27.6598442,36.7674323],[27.660103,36.7675804],[27.6604973,36.7679062],[27.6608671,36.7687355]]},"properties":{"class":"unclassified"}},{"type":"Feature","geometry":{"type":"LineString","coordinates":[[27.6574831,36.7499202],[27.6624432,36.7520701]]},"properties":{"class":"tertiary","name":"Knidos Yolu"}},{"type":"Feature","geometry":{"type":"LineString","coordinates":[[27.6566339,36.7499018],[27.6574831,36.7499202]]},"properties":{"class":"tertiary","name":"Knidos Yolu"}},{"type":"Feature","geometry":{"type":"LineString","coordinates":[[27.6218478,36.7695105],[27.6217784,36.7694531]]},"properties":{"class":"unclassified"}},{"type":"Feature","geometry":{"type":"LineString","coordinates":[[27.6218478,36.7695105],[27.62058,36.7702217]]},"properties":{"class":"tertiary"}},{"type":"Feature","geometry":{"type":"LineString","coordinates":[[27.6348841,36.7752055],[27.635433,36.775378],[27.635773,36.775374],[27.636786,36.775027],[27.637453,36.774966],[27.637713,36.774825],[27.638301,36.774709],[27.638852,36.774498],[27.639151,36.774509],[27.639477,36.774303],[27.6397,36.774299],[27.640253,36.773998],[27.640518,36.773992],[27.641039,36.773752],[27.641787,36.773693],[27.642383,36.773451],[27.642701,36.773494],[27.643841,36.773293],[27.644419,36.772813],[27.645586,36.772555],[27.645497,36.772124],[27.645828,36.771821],[27.645813,36.771261],[27.645991,36.771215],[27.646286,36.771305],[27.6468573,36.7708166]]},"properties":{"class":"unclassified"}},{"type":"Feature","geometry":{"type":"LineString","coordinates":[[27.7373511,37.0330176],[27.7368275,37.0339426],[27.7365013,37.0342098],[27.7357117,37.0344564],[27.734553,37.0341207],[27.7341753,37.0342166],[27.7332569,37.0348744],[27.7324673,37.0357925],[27.7318321,37.0374711],[27.7315575,37.0392935],[27.7312828,37.0401157],[27.7309738,37.0406706],[27.7304417,37.0409584],[27.7289397,37.040931],[27.7276779,37.0407939],[27.7262532,37.040835],[27.7251974,37.041205],[27.7243391,37.0418216],[27.7239872,37.0422738],[27.7237469,37.0428629],[27.7231976,37.0434795],[27.7209145,37.0450004],[27.7205197,37.0454183],[27.720039,37.0456854],[27.7187773,37.0456649],[27.7180134,37.0458293],[27.717404,37.0463088],[27.7170178,37.0463774],[27.7126147,37.0466925],[27.7119795,37.0465486],[27.7111555,37.0461992],[27.7101342,37.0460691],[27.709808,37.0458567],[27.7094733,37.0457677],[27.7087008,37.0459047],[27.7085463,37.0460417],[27.7076193,37.0461376],[27.7056023,37.0465829],[27.6994139,37.0460143],[27.6956373,37.0461307],[27.6942126,37.0463431],[27.69338,37.0465349],[27.6929594,37.0467404],[27.6900927,37.0489737],[27.6861874,37.0513096],[27.6835953,37.0534126],[27.6825053,37.0545428],[27.681295,37.0560155],[27.6797501,37.0598992],[27.6797329,37.0603444],[27.6798788,37.0606526],[27.6804196,37.0609471],[27.681192,37.0612211],[27.6819044,37.0614608],[27.682634,37.0614676],[27.6837841,37.0617622],[27.6840245,37.0620567],[27.6853071,37.0643574],[27.6862183,37.0653579],[27.6870815,37.0661615],[27.6871831,37.0665075],[27.6870562,37.0670494]]},"properties":{"class":"tertiary"}},{"type":"Feature","geometry":{"type":"LineString","coordinates":[[27.6835953,37.0534126],[27.683868,37.053],[27.684012,37.052517],[27.68397,37.050959],[27.683565,37.049449],[27.682784,37.047761],[27.68197,37.046578],[27.681261,37.044036],[27.6811115,37.0437562],[27.6808966,37.043612],[27.680049,37.0432688],[27.6799817,37.0430739],[27.6800931,37.0427001],[27.6799325,37.0424335],[27.6777648,37.0406806],[27.673666,37.03809],[27.673253,37.037582],[27.672888,37.036705],[27.672402,37.036349],[27.668833,37.035333],[27.66435,37.033718],[27.660685,37.032517],[27.6589105,37.0320828],[27.6580865,37.0323204],[27.657333,37.032314],[27.654847,37.032002],[27.653591,37.031948],[27.651481,37.032405],[27.650648,37.033067],[27.648631,37.034405],[27.6484064,37.034914],[27.6483282,37.0349502],[27.647735,37.034825],[27.646356,37.03483],[27.6454277,37.0339011],[27.6452675,37.0334144],[27.6444911,37.0331765],[27.6443944,37.0329776],[27.643661,37.032649],[27.6433381,37.0325931],[27.643045,37.032654],[27.639695,37.033614],[27.637596,37.033854],[27.637331,37.033613],[27.637295,37.033023],[27.637229,37.0329276],[27.6366837,37.0336709],[27.6356642,37.0336859],[27.635322,37.034755],[27.635018,37.034903],[27.633819,37.035093],[27.633115,37.035508],[27.632433,37.036058],[27.629942,37.036365],[27.627465,37.036794],[27.626138,37.036784]]},"properties":{"class":"tertiary"}},{"type":"Feature","geometry":{"type":"LineString","coordinates":[[27.6498108,37.1035178],[27.6482181,37.102639],[27.6479005,37.1025397],[27.646113,37.1024969],[27.640062,37.099834],[27.6380192,37.0995944],[27.6359152,37.0995534],[27.6352898,37.0994575],[27.6344143,37.0990056],[27.6315132,37.0967328],[27.6273247,37.0944531],[27.6241404,37.0925429],[27.6210333,37.0898865],[27.6200119,37.0886952],[27.6184284,37.0876608],[27.6169246,37.0870328],[27.6143471,37.0863672],[27.6135231,37.0859427],[27.611343,37.0839913],[27.6097552,37.0821152],[27.6078068,37.0809237],[27.6031719,37.0796295],[27.60276,37.0794515],[27.6026655,37.0792735],[27.6026741,37.0786092],[27.6003739,37.0765344],[27.595636,37.0758496],[27.5861002,37.0751579],[27.5857655,37.0752333],[27.5849158,37.0757537],[27.583654,37.0763084],[27.5829331,37.0776574],[27.5825039,37.0781162],[27.580959,37.0794789],[27.5804697,37.0797117],[27.5799204,37.0797254],[27.5759312,37.0785514],[27.5749909,37.078051],[27.5736632,37.0772023],[27.5717681,37.0769203],[27.5702979,37.0766085]]},"properties":{"class":"tertiary"}},{"type":"Feature","geometry":{"type":"LineString","coordinates":[[27.5736678,37.0312789],[27.572368,37.030153],[27.571513,37.029824],[27.57058,37.029637],[27.570025,37.029442],[27.568546,37.02835],[27.5676364,37.0277929],[27.566109,37.024789],[27.56395,37.021882],[27.563136,37.02143],[27.562689,37.020795],[27.562939,37.018879],[27.562835,37.017657],[27.560952,37.014283],[27.560542,37.01373],[27.559282,37.012668],[27.557471,37.010812]]},"properties":{"class":"tertiary","name":"Yalıçiftlik Caddesi"}},{"type":"Feature","geometry":{"type":"LineString","coordinates":[[27.5942935,37.0074874],[27.5936977,37.0070116],[27.592914,37.006903],[27.5928428,37.0070168],[27.5931472,37.0072443],[27.5931342,37.0075081],[27.5926679,37.007296],[27.590874,37.0074667],[27.5905113,37.0075443],[27.5898831,37.0079115],[27.5894687,37.0080252],[27.5881216,37.0078804],[27.586658,37.0079683],[27.5852656,37.0079063],[27.5827722,37.0084545],[27.5812762,37.0090027],[27.5795729,37.009194],[27.5790095,37.0093492],[27.5777661,37.009856],[27.5773581,37.0101611],[27.5762765,37.0104403],[27.5745474,37.0104403],[27.5745668,37.0105334],[27.575454,37.0110454],[27.5754929,37.0111385],[27.5754217,37.0111902],[27.5730254,37.0111023],[27.5693599,37.0103317],[27.5688936,37.0100628],[27.568777,37.010099],[27.5686928,37.0104403],[27.5687382,37.0106886],[27.5686281,37.010823],[27.5676566,37.0105334],[27.5666852,37.0108592],[27.5657073,37.0109109],[27.5648265,37.0110971],[27.5639846,37.0110402],[27.5636672,37.0110816],[27.563311,37.0112729],[27.5600405,37.011185],[27.559141,37.0108426]]},"properties":{"class":"tertiary"}},{"type":"Feature","geometry":{"type":"LineString","coordinates":[[27.5465881,37.0300103],[27.5468055,37.0300446],[27.547961,37.0298578],[27.5487436,37.0295153],[27.5489343,37.0295106],[27.5501161,37.0298205],[27.5508207,37.0302845],[27.5513936,37.0304811],[27.5534981,37.0304885],[27.5555395,37.0298126],[27.5567103,37.029531],[27.5573863,37.0301802],[27.5587187,37.0305458],[27.5595049,37.030624],[27.5596323,37.0306905],[27.5597106,37.0309154],[27.5598282,37.0309838],[27.5600707,37.0307316],[27.5600242,37.0304891],[27.5604405,37.0306123],[27.5607981,37.0309036],[27.5610871,37.0312693],[27.5615035,37.0311754],[27.5617019,37.0314042],[27.5620252,37.0315489],[27.5622212,37.0320142],[27.5624857,37.0323935],[27.5634385,37.032679],[27.5639332,37.032374],[27.5642026,37.0323642],[27.5644255,37.0325363],[27.564619,37.0329586],[27.5648517,37.0331502],[27.5649864,37.0330818],[27.5649986,37.0325832],[27.5650844,37.0323525],[27.5652558,37.0319986],[27.5654199,37.0318793],[27.5669973,37.0320221],[27.5685011,37.0324385],[27.5691306,37.0322508],[27.571041,37.032067],[27.5713962,37.0319184],[27.5717317,37.031588],[27.5719717,37.0314902],[27.5725473,37.0313709],[27.5732233,37.0314003],[27.5736678,37.0312789]]},"properties":{"class":"tertiary"}},{"type":"Feature","geometry":{"type":"LineString","coordinates":[[27.557409,37.010706],[27.5569629,37.0097352],[27.5552933,37.0081807],[27.5547391,37.0078598],[27.5538489,37.0075971],[27.5532393,37.0071407],[27.5524842,37.0062694],[27.5519127,37.005055],[27.5515732,37.0046733],[27.5512545,37.004488],[27.5505999,37.004452],[27.5496231,37.0047839],[27.548002,37.0050412],[27.5464295,37.0046705],[27.5461835,37.0043358],[27.5463463,37.0036277],[27.5463775,37.0031049],[27.5461073,37.0025267],[27.5453695,37.001636],[27.544133,37.0008034],[27.5438247,37.0005378],[27.5432739,36.9998407],[27.5414035,36.9988448],[27.5411333,36.9986567],[27.5403436,36.9978102],[27.538813,36.996891],[27.5330705,36.9941937]]},"properties":{"class":"tertiary","name":"Yalıçiftlik Caddesi"}},{"type":"Feature","geometry":{"type":"LineString","coordinates":[[27.5630108,36.9826757],[27.5628291,36.9826581]]},"properties":{"class":"unclassified"}},{"type":"Feature","geometry":{"type":"LineString","coordinates":[[27.562172,36.9817394],[27.5622833,36.9815985],[27.5623731,36.9815964],[27.56253,36.9816371],[27.5625542,36.9818128],[27.5626963,36.9818835],[27.5629096,36.9818942],[27.5630262,36.9818053],[27.5635278,36.9819006]]},"properties":{"class":"unclassified"}},{"type":"Feature","geometry":{"type":"LineString","coordinates":[[27.5623222,36.9817764],[27.5623249,36.981906],[27.5624764,36.9819842]]},"properties":{"class":"unclassified"}},{"type":"Feature","geometry":{"type":"LineString","coordinates":[[27.5619949,36.9816639],[27.562416,36.9817742]]},"properties":{"class":"unclassified"}},{"type":"Feature","geometry":{"type":"LineString","coordinates":[[27.5617871,36.9817732],[27.5615886,36.9817957]]},"properties":{"class":"unclassified"}},{"type":"Feature","geometry":{"type":"LineString","coordinates":[[27.5618555,36.9814186],[27.5615859,36.9815332],[27.5613794,36.9818589],[27.561492,36.9819371],[27.5617602,36.9819381],[27.5618447,36.9818803],[27.5617871,36.9817732],[27.561834,36.9817217]]},"properties":{"class":"unclassified"}},{"type":"Feature","geometry":{"type":"LineString","coordinates":[[27.5616516,36.9810479],[27.5616208,36.9813104],[27.5620513,36.9814818],[27.5619829,36.9816907],[27.561834,36.9817217],[27.5617897,36.9816275]]},"properties":{"class":"unclassified"}},{"type":"Feature","geometry":{"type":"LineString","coordinates":[[27.5611086,36.9830091],[27.5625019,36.9825038]]},"properties":{"class":"unclassified"}},{"type":"Feature","geometry":{"type":"LineString","coordinates":[[27.5613723,36.9820488],[27.5616543,36.982116],[27.5620808,36.9820442],[27.562526,36.982177],[27.5625917,36.9822895],[27.5625166,36.9826709],[27.5627527,36.9827384],[27.5628291,36.9826581],[27.5628264,36.9824545],[27.5629914,36.9824384],[27.5630705,36.9825156],[27.5630216,36.9827566]]},"properties":{"class":"unclassified"}},{"type":"Feature","geometry":{"type":"LineString","coordinates":[[27.5613358,36.9820866],[27.5613861,36.9820346]]},"properties":{"class":"unclassified"}},{"type":"Feature","geometry":{"type":"LineString","coordinates":[[27.5613244,36.9825349],[27.5611956,36.9821931],[27.5612891,36.9820746],[27.5613418,36.9821438]]},"properties":{"class":"unclassified"}},{"type":"Feature","geometry":{"type":"LineString","coordinates":[[27.5606406,36.9832905],[27.5611086,36.9830091],[27.5613244,36.9825349],[27.5614625,36.9825027]]},"properties":{"class":"unclassified"}},{"type":"Feature","geometry":{"type":"LineString","coordinates":[[27.5606406,36.9832905],[27.5607973,36.9830887],[27.5606002,36.9824952]]},"properties":{"class":"unclassified"}},{"type":"Feature","geometry":{"type":"LineString","coordinates":[[27.5606002,36.9824952],[27.5606471,36.9820956],[27.5605707,36.9815803],[27.5608456,36.9811689],[27.5610454,36.9810565],[27.5616972,36.9810254],[27.5620231,36.9811925],[27.5624228,36.9812471],[27.5627822,36.9814121],[27.5628962,36.9815857],[27.5633629,36.9817142],[27.5635278,36.9819006]]},"properties":{"class":"unclassified"}},{"type":"Feature","geometry":{"type":"LineString","coordinates":[[27.5635278,36.9819006],[27.5641407,36.9819746],[27.5643271,36.9821653],[27.5644948,36.9822135]]},"properties":{"class":"unclassified"}},{"type":"Feature","geometry":{"type":"LineString","coordinates":[[27.5723507,36.994202],[27.571487,36.9953919],[27.570538,36.995893],[27.570225,36.996181],[27.569862,36.996378],[27.569494,36.996357],[27.569276,36.996467],[27.568318,36.997172],[27.56806,36.997224],[27.567782,36.997123],[27.567531,36.997154],[27.566177,36.997694],[27.565833,36.998115],[27.563548,36.999273],[27.562773,37.000018],[27.562557,37.0004],[27.562701,37.001143],[27.561845,37.001606],[27.561514,37.001968],[27.561504,37.002282],[27.561184,37.002982],[27.561063,37.003471],[27.561102,37.003851],[27.560936,37.004682],[27.560828,37.005002],[27.560447,37.005463],[27.560244,37.006226],[27.559917,37.006962],[27.559933,37.00728]]},"properties":{"class":"unclassified"}},{"type":"Feature","geometry":{"type":"LineString","coordinates":[[27.5729583,36.9929608],[27.5729337,36.9931431],[27.5727386,36.9933107],[27.5723507,36.994202]]},"properties":{"class":"unclassified"}},{"type":"Feature","geometry":{"type":"LineString","coordinates":[[27.557471,37.010812],[27.557409,37.010706]]},"properties":{"class":"tertiary","name":"Yalıçiftlik Caddesi"}},{"type":"Feature","geometry":{"type":"LineString","coordinates":[[27.5584024,37.010584],[27.55805,37.010579]]},"properties":{"class":"tertiary"}},{"type":"Feature","geometry":{"type":"LineString","coordinates":[[27.559141,37.0108426],[27.5584024,37.010584]]},"properties":{"class":"tertiary"}},{"type":"Feature","geometry":{"type":"LineString","coordinates":[[27.55805,37.010579],[27.557409,37.010706]]},"properties":{"class":"tertiary"}},{"type":"Feature","geometry":{"type":"LineString","coordinates":[[27.6254824,37.0004281],[27.6264734,37.0008125],[27.6275874,37.0009296],[27.6280058,37.0008354],[27.628351,37.0004863],[27.6289294,37.0010397],[27.6295079,37.0013323],[27.6309832,37.001836],[27.6323617,37.0016408],[27.6336599,37.0022406],[27.6340569,37.0022234],[27.6343358,37.0017693],[27.6354987,37.0022597],[27.636274,37.0023432],[27.6370189,37.0022114],[27.6382016,37.0022412],[27.6386703,37.0017265],[27.6388347,37.001312],[27.6387239,37.0012038],[27.6386407,37.00091],[27.6395071,37.0011181],[27.6392389,37.0013923],[27.6390887,37.0018293],[27.6395393,37.0015894],[27.640226,37.001598],[27.6408804,37.0020178],[27.6410521,37.0023263],[27.6408053,37.0030031],[27.6414974,37.0035086],[27.6407243,37.0047797],[27.6406241,37.0052271],[27.6401187,37.005822],[27.6405196,37.0064304],[27.6406698,37.0068727],[27.6401468,37.0070858],[27.6400153,37.0072507],[27.6403238,37.0072068],[27.6413095,37.0073043],[27.641728,37.0070729],[27.641662,37.006421],[27.6418242,37.006027],[27.642239,37.0057935],[27.6426455,37.0057086],[27.6430557,37.0059324],[27.6431912,37.0061602],[27.6429289,37.0066336],[27.6429773,37.0068214],[27.6432042,37.0069448],[27.6436056,37.0069529],[27.6440133,37.0070986],[27.6444081,37.0074956],[27.6444712,37.0078987],[27.6443242,37.0083677],[27.6443277,37.0091421],[27.6434983,37.0107997],[27.6445282,37.0105256],[27.6452685,37.0110053],[27.645805,37.0122047],[27.6460732,37.0125217],[27.6462127,37.0132328],[27.6465882,37.0127444],[27.6466955,37.0118106],[27.6469959,37.0111767],[27.6475216,37.0105855],[27.6480258,37.0103628],[27.6486267,37.0104399],[27.6489163,37.0105941],[27.6490773,37.0113908],[27.6503862,37.0107483],[27.6508583,37.0108254],[27.6511587,37.0100115],[27.6528753,37.0098487],[27.6543237,37.0101143],[27.6547743,37.0100972],[27.6553429,37.0105427],[27.6561368,37.0108168],[27.6562978,37.0111424],[27.6556111,37.0120162],[27.6564694,37.0120591],[27.6577891,37.0127187],[27.6577247,37.0132927],[27.6583148,37.0130186],[27.66001,37.0133698],[27.6605357,37.0136268],[27.6607181,37.0129672],[27.6619519,37.0124617],[27.6623274,37.0121276],[27.6627397,37.0119357],[27.6628957,37.0119553]]},"properties":{"class":"unclassified"}},{"type":"Feature","geometry":{"type":"LineString","coordinates":[[27.6636072,37.0229203],[27.6633571,37.0228912],[27.6623464,37.0230502],[27.6615171,37.0228456],[27.6602756,37.0219754],[27.6588505,37.0217569],[27.6581599,37.0217953],[27.6570905,37.0225514],[27.655665,37.0226794],[27.6553604,37.0225407],[27.6547619,37.0224248],[27.6559262,37.0217764],[27.6562398,37.0214351],[27.656334,37.0211868],[27.6563535,37.0209794],[27.6562194,37.0208866],[27.6552,37.0207096],[27.6536111,37.0206566],[27.6522523,37.0202812],[27.6507044,37.0203275],[27.6506176,37.0202887],[27.6506192,37.0198733],[27.6503498,37.0197744],[27.6486884,37.0197582],[27.6479162,37.0196494],[27.647055,37.0196781],[27.6464162,37.0192211],[27.6459404,37.0185973],[27.6452545,37.0184874],[27.6444106,37.017789],[27.6439895,37.0175882],[27.6430395,37.0173583],[27.6434516,37.0168199],[27.6433771,37.0166327],[27.642753,37.016138],[27.6418636,37.0162821],[27.6416233,37.0163869],[27.6414871,37.0165262],[27.6414718,37.016857],[27.6411443,37.017097],[27.6410236,37.0175407],[27.6408695,37.0176058],[27.6405319,37.0174046],[27.6402303,37.0169765],[27.6400745,37.01695],[27.6396909,37.0170914],[27.6385941,37.0165269],[27.6383264,37.0166525],[27.638262,37.0167733],[27.6380273,37.0167616],[27.6376653,37.0164121],[27.6374365,37.0159572],[27.6362698,37.0153905],[27.6354071,37.0153012],[27.6342865,37.0153017],[27.6335458,37.0154292],[27.6314296,37.0155133],[27.6308674,37.0152672],[27.6301061,37.014444],[27.6297639,37.014341],[27.6289505,37.0144129],[27.6284941,37.0143027],[27.6284676,37.0142299],[27.6288453,37.0138269],[27.6288036,37.0133157],[27.6298306,37.0123921],[27.6306079,37.0120715],[27.6322244,37.0119949],[27.632391,37.0118945],[27.6324803,37.0116402],[27.6324461,37.0111685],[27.6315172,37.0105673],[27.6303348,37.0101226],[27.6296832,37.0096927],[27.629307,37.0095592],[27.6287369,37.0096972],[27.6271542,37.0089411],[27.6258827,37.0075215],[27.6257575,37.0072586],[27.6248834,37.0068793],[27.6239905,37.0066346],[27.6237529,37.0062892],[27.6227056,37.0054947],[27.6223249,37.00468],[27.621883,37.0039682],[27.6205984,37.0032235],[27.6206342,37.0029286],[27.6208459,37.0026212],[27.6209814,37.0022305],[27.6210281,37.0018896],[27.6209052,37.0015938]]},"properties":{"class":"unclassified"}},{"type":"Feature","geometry":{"type":"LineString","coordinates":[[27.6308674,37.0152672],[27.6298041,37.0149128],[27.6281621,37.0150711],[27.6273725,37.0152765],[27.6263789,37.014831],[27.6260882,37.0145851],[27.6263214,37.0142032],[27.6262608,37.0140064],[27.6254633,37.013557],[27.6245204,37.0132401],[27.6240754,37.0129265],[27.6231419,37.0125629],[27.6225614,37.0124417],[27.6218601,37.0128117],[27.6217623,37.012782],[27.6217571,37.0121862],[27.6219484,37.0116433],[27.6218901,37.0113601],[27.6216375,37.0110959],[27.6209414,37.0106721],[27.6202189,37.0104912],[27.6194455,37.010426],[27.6189312,37.0102329],[27.6184045,37.0103221],[27.6181345,37.0106378],[27.6178394,37.0107601],[27.6161697,37.0111245],[27.6154159,37.010916],[27.6151658,37.0108968],[27.6149701,37.0109905],[27.6147678,37.0116438],[27.6146603,37.0125951],[27.6143296,37.012961],[27.6142229,37.0132527],[27.6142885,37.0137636],[27.615296,37.0142381],[27.6159227,37.0142718]]},"properties":{"class":"unclassified"}},{"type":"Feature","geometry":{"type":"LineString","coordinates":[[27.6163688,37.019615],[27.6163652,37.0189789],[27.617381,37.0181291],[27.6176955,37.0181576],[27.6190996,37.0176086],[27.6197853,37.0170861],[27.6206625,37.0166751],[27.6209761,37.0166076],[27.6217436,37.0160783],[27.6237547,37.0159604],[27.6256749,37.0169527],[27.6277225,37.017482],[27.6283495,37.0181864],[27.6298083,37.0195126],[27.630664,37.0204733],[27.6316599,37.0210415],[27.6320056,37.0211612],[27.6326518,37.0218718],[27.6334149,37.0224122],[27.6340857,37.0232705],[27.6342613,37.0240305],[27.6353538,37.0242882],[27.6359827,37.0240986],[27.6363204,37.0238613],[27.6365723,37.0238428],[27.6378726,37.0242286],[27.6399415,37.0246407],[27.6402051,37.0247785],[27.6418047,37.0266285],[27.6429459,37.0269375]]},"properties":{"class":"unclassified"}},{"type":"Feature","geometry":{"type":"LineString","coordinates":[[27.6150883,37.0062632],[27.6136024,37.0049823],[27.6131464,37.0045325],[27.6132108,37.0044211],[27.6159681,37.0037785],[27.61894,37.0026047],[27.6198036,37.0024162],[27.6207585,37.0019321],[27.6209945,37.001388],[27.6213915,37.0010453],[27.6223678,37.0008397],[27.6227004,37.0003641],[27.6246853,37.0002613],[27.6254824,37.0004281]]},"properties":{"class":"unclassified"}},{"type":"Feature","geometry":{"type":"LineString","coordinates":[[27.5942935,37.0074874],[27.5943066,37.0070515],[27.5945265,37.0066616],[27.5955672,37.0063789],[27.5962968,37.0056249],[27.5972463,37.0055521],[27.5988878,37.0055907],[27.5991024,37.0058177],[27.5991614,37.0060405],[27.5984479,37.0065331],[27.5985123,37.0066231],[27.598877,37.0066231],[27.5990751,37.0074192]]},"properties":{"class":"unclassified"}},{"type":"Feature","geometry":{"type":"LineString","coordinates":[[27.5991614,37.0060405],[27.6000143,37.0057877],[27.60135,37.0056121],[27.6027126,37.0059291],[27.6041181,37.0057963],[27.6048691,37.0058991],[27.606575,37.0063575],[27.6085276,37.0071328],[27.6105125,37.0072699],[27.6122344,37.0070557],[27.6127548,37.0065588],[27.6129533,37.0065031],[27.6150239,37.0067944],[27.6154209,37.006683],[27.6154638,37.0065545],[27.6150883,37.0062632]]},"properties":{"class":"unclassified"}},{"type":"Feature","geometry":{"type":"LineString","coordinates":[[27.6273207,37.0173861],[27.6265253,37.0185471],[27.6263558,37.0190735],[27.6257122,37.0197145]]},"properties":{"class":"unclassified"}},{"type":"Feature","geometry":{"type":"LineString","coordinates":[[27.6709061,37.035949],[27.6707063,37.0344577],[27.6705574,37.034163],[27.6698644,37.0335995],[27.669696,37.03331],[27.6697338,37.032428],[27.6696709,37.0322583],[27.6695212,37.032112],[27.6683559,37.0315521],[27.668189,37.0313679],[27.6686176,37.0309191],[27.6685731,37.0306731],[27.6683549,37.0305178],[27.6674488,37.0302184],[27.6670019,37.0298564],[27.6667817,37.0294066],[27.6663219,37.0289362],[27.6663025,37.0285329],[27.6662053,37.0283209],[27.6657909,37.0280572],[27.6656613,37.0278763],[27.6652663,37.0269249],[27.6652404,37.0264079],[27.6651044,37.026289],[27.6644568,37.0260873],[27.6641977,37.025136],[27.6633632,37.024368],[27.6633954,37.0241605],[27.6637573,37.023802],[27.6637897,37.0235745],[27.6637444,37.0231556],[27.6633946,37.0225559],[27.6631745,37.0219509],[27.6626564,37.0198516],[27.6623455,37.0191845],[27.6623066,37.0189415],[27.6625786,37.0183985],[27.6626564,37.0178091],[27.6626175,37.0176901],[27.6624815,37.0176332],[27.6614194,37.018109],[27.6612251,37.0180883],[27.6612057,37.0180314],[27.6619181,37.0176177],[27.66208,37.0174212],[27.6620929,37.0170282],[27.6619181,37.0160147],[27.6617756,37.0157148],[27.661264,37.0152235],[27.6612186,37.0147995]]},"properties":{"class":"tertiary"}},{"type":"Feature","geometry":{"type":"LineString","coordinates":[[27.662872,37.000953],[27.662814,37.000599],[27.662415,37.000263],[27.661798,36.999549],[27.661532,36.999376],[27.660897,36.999301],[27.660749,36.999218],[27.660154,36.9984],[27.660005,36.998019],[27.660048,36.997732],[27.65991,36.99768],[27.659697,36.997727],[27.659404,36.997994],[27.658468,36.999168],[27.658488,36.999439],[27.65894,36.999922],[27.65895,37.00005],[27.657628,37.000338],[27.65717,37.000314],[27.6564506,37.0001434],[27.655982,36.999889],[27.655462,36.999833],[27.655052,36.999885],[27.6549317,36.9999576],[27.6549036,37.0000953],[27.6549836,37.0007547],[27.655246,37.001325],[27.6550363,37.0015986],[27.654832,37.001715],[27.654372,37.0025367],[27.6535899,37.0031753],[27.6525997,37.0027252]]},"properties":{"class":"unclassified"}},{"type":"Feature","geometry":{"type":"LineString","coordinates":[[27.6612186,37.0147995],[27.6620938,37.0131793],[27.6621829,37.0126064],[27.6625029,37.0121722],[27.6628957,37.0119553],[27.6635306,37.0117847],[27.6636472,37.0116502],[27.663576,37.0110865],[27.6636602,37.0107969],[27.6636278,37.0106159],[27.6631939,37.0100677],[27.6631615,37.0095868],[27.6632392,37.0091627],[27.6618986,37.0088162],[27.6617367,37.0086714],[27.661523,37.0080922],[27.6612575,37.0076733],[27.6610179,37.0074251],[27.6603055,37.0070889],[27.6600011,37.0068251],[27.6598068,37.0067941],[27.6594312,37.006882],[27.6589196,37.0067838],[27.6587706,37.00652],[27.6587123,37.0061839],[27.6591138,37.0054908],[27.6591138,37.0052995],[27.658926,37.0050202],[27.6586799,37.0048547],[27.6580776,37.004653],[27.6577668,37.0044668],[27.6576502,37.0043065],[27.6576761,37.0041462],[27.6584856,37.0030394],[27.6588095,37.0023929],[27.6590491,37.0021446],[27.6595737,37.0018188],[27.6604156,37.0014929],[27.6612575,37.0012912],[27.6624815,37.0011774],[27.6627146,37.001105],[27.662872,37.000953]]},"properties":{"class":"unclassified"}},{"type":"Feature","geometry":{"type":"LineString","coordinates":[[27.6408695,37.0176058],[27.6399594,37.017478],[27.6396204,37.0173117]]},"properties":{"class":"unclassified"}},{"type":"Feature","geometry":{"type":"LineString","coordinates":[[27.6342613,37.0240305],[27.6333284,37.0242465]]},"properties":{"class":"unclassified"}},{"type":"Feature","geometry":{"type":"LineString","coordinates":[[27.6411962,37.0332062],[27.6406408,37.0327793],[27.6392879,37.0322348],[27.6388149,37.0318886],[27.6385249,37.0314404],[27.6384138,37.0307982],[27.6381919,37.0303642],[27.6376321,37.0298313],[27.6375161,37.0293657],[27.6375364,37.0289109],[27.6373932,37.0288633],[27.6366915,37.0292403],[27.6365908,37.029341],[27.6365824,37.0297078],[27.6356043,37.030474],[27.6345361,37.0304484],[27.6341672,37.0303245],[27.6338415,37.0300003],[27.6334127,37.0300268],[27.6318128,37.0291809],[27.6315101,37.0288263],[27.6313921,37.0284349],[27.6311339,37.0264129]]},"properties":{"class":"unclassified"}},{"type":"Feature","geometry":{"type":"LineString","coordinates":[[27.626138,37.036784],[27.623685,37.036638],[27.6207,37.035605],[27.619561,37.035099],[27.618767,37.034474],[27.618243,37.034246],[27.617637,37.034119],[27.616158,37.034259],[27.615039,37.034951],[27.614572,37.035118],[27.613776,37.035257],[27.612559,37.034567],[27.612017,37.035146],[27.61138,37.035232],[27.610715,37.034519],[27.610563,37.033965],[27.610023,37.033604],[27.607782,37.033594],[27.606268,37.033313],[27.604932,37.033226],[27.604531,37.032983],[27.603934,37.0329],[27.602311,37.032987],[27.601783,37.03288],[27.601288,37.032896],[27.600563,37.033061],[27.598832,37.033064],[27.5952,37.033905],[27.594782,37.034197],[27.594299,37.034321],[27.593802,37.034251],[27.592718,37.034462],[27.591032,37.034141],[27.590071,37.033769],[27.587522,37.033581],[27.586269,37.033132],[27.585766,37.032796],[27.584318,37.032504],[27.58139,37.032655],[27.580775,37.032483],[27.578493,37.032232],[27.57737,37.032185],[27.576511,37.031968],[27.5756884,37.0320814]]},"properties":{"class":"tertiary","name":"Generler Caddesi"}},{"type":"Feature","geometry":{"type":"LineString","coordinates":[[27.5702979,37.0766085],[27.5701646,37.0766004],[27.5698171,37.0768632],[27.5697039,37.077117],[27.5696551,37.077945],[27.5695692,37.0781984],[27.5691143,37.0786572],[27.5689684,37.0795131],[27.5686165,37.0801157],[27.5682904,37.081047],[27.5680243,37.081403],[27.5674406,37.0817796],[27.5665308,37.0822179],[27.566445,37.0823206],[27.5664364,37.0826287],[27.5662819,37.0830532],[27.5660244,37.0834161],[27.5656897,37.0836969],[27.5653635,37.0843747],[27.5653721,37.0845117],[27.565621,37.0847513],[27.5668312,37.0852854],[27.5673205,37.0856894],[27.5682904,37.0874901],[27.5682045,37.088346],[27.5682474,37.0892224],[27.5681359,37.089818],[27.5677925,37.0906328],[27.5676552,37.0907628],[27.5674406,37.0907765],[27.5664107,37.0904479],[27.5658098,37.090044],[27.5649,37.089284],[27.5641276,37.0884076],[27.5639645,37.0880926],[27.5630547,37.0871272],[27.5621792,37.0868465],[27.5585657,37.0866411],[27.5572869,37.0862029],[27.5562912,37.0857579],[27.5553471,37.08508],[27.5545726,37.0842009],[27.5537506,37.0828204],[27.5529095,37.0818481],[27.5516993,37.0806909],[27.5515362,37.0804375],[27.5511414,37.0792118],[27.5508819,37.0789788],[27.5507466,37.0791639],[27.5506301,37.0796335],[27.5501972,37.0796432],[27.5498453,37.0800541],[27.5476145,37.0803494],[27.5459544,37.0800772],[27.5454648,37.0801132],[27.5446873,37.0803434],[27.5438019,37.0799014],[27.5434364,37.0798877],[27.5429274,37.0793762],[27.5414113,37.0788182]]},"properties":{"class":"tertiary"}},{"type":"Feature","geometry":{"type":"LineString","coordinates":[[27.574793,37.0320074],[27.5751478,37.0320603]]},"properties":{"class":"tertiary"}},{"type":"Feature","geometry":{"type":"LineString","coordinates":[[27.5751478,37.0320603],[27.5752953,37.0321314],[27.5752274,37.0322651],[27.5750384,37.0322028],[27.5751478,37.0320603]]},"properties":{"class":"tertiary"}},{"type":"Feature","geometry":{"type":"LineString","coordinates":[[27.5752283,37.0320708],[27.5756884,37.0320814]]},"properties":{"class":"tertiary"}},{"type":"Feature","geometry":{"type":"LineString","coordinates":[[27.5756884,37.0320814],[27.5752487,37.0322547]]},"properties":{"class":"tertiary"}},{"type":"Feature","geometry":{"type":"LineString","coordinates":[[27.5751432,37.0322747],[27.5748727,37.0324869]]},"properties":{"class":"tertiary"}},{"type":"Feature","geometry":{"type":"LineString","coordinates":[[27.5748727,37.0324869],[27.5750384,37.0322028]]},"properties":{"class":"tertiary"}},{"type":"Feature","geometry":{"type":"LineString","coordinates":[[27.574793,37.0320074],[27.574172,37.031729],[27.5736678,37.0312789]]},"properties":{"class":"tertiary","name":"Yalıçiftlik Caddesi"}},{"type":"Feature","geometry":{"type":"LineString","coordinates":[[27.5750312,37.0321716],[27.574793,37.0320074]]},"properties":{"class":"tertiary"}},{"type":"Feature","geometry":{"type":"LineString","coordinates":[[27.5839461,37.0514742],[27.5836247,37.0501495],[27.5838226,37.0493648],[27.5837935,37.049128],[27.5839215,37.0485012],[27.5838691,37.0476329],[27.5837411,37.04715],[27.5836946,37.0463977],[27.5833106,37.0456734],[27.5819492,37.0442757],[27.5811929,37.0436813],[27.5803668,37.0434445],[27.5785226,37.0432402],[27.5779583,37.0430126],[27.5772892,37.042864],[27.5771205,37.0427804],[27.5765562,37.0422046],[27.5760035,37.0418656],[27.5759221,37.0416753],[27.5758988,37.0409276],[27.5755032,37.0400314],[27.575509,37.039163],[27.5754392,37.0387729],[27.5752996,37.0385221],[27.5736939,37.0374819],[27.573147,37.0368782],[27.5730423,37.0365949],[27.573019,37.0357775],[27.5731179,37.0352156],[27.5734855,37.0342797],[27.5745101,37.0327881],[27.5748727,37.0324869]]},"properties":{"class":"tertiary","name":"Karaharup Caddesi"}},{"type":"Feature","geometry":{"type":"LineString","coordinates":[[27.5362623,37.0681075],[27.537213,37.0681615],[27.5380302,37.0681019],[27.5405961,37.0670757],[27.5413393,37.0670419],[27.5433788,37.0661293],[27.5441657,37.0660136],[27.5444881,37.0662206],[27.5447204,37.0665086],[27.5450383,37.0671386],[27.5456328,37.0675337],[27.5467918,37.06912],[27.5476878,37.0693219],[27.5480932,37.0692744],[27.5489826,37.0687472],[27.5492896,37.0687948],[27.549578,37.0691067],[27.5494502,37.0699572],[27.5494819,37.0704354],[27.5498178,37.0713575],[27.549658,37.0718567],[27.5495081,37.0732568],[27.5498195,37.0737683],[27.5494943,37.0748235],[27.5486907,37.0758752],[27.5486978,37.0761222],[27.5493663,37.077448],[27.550373,37.078376],[27.5508819,37.0789788]]},"properties":{"class":"unclassified"}},{"type":"Feature","geometry":{"type":"LineString","coordinates":[[27.5489565,37.0823788],[27.548643,37.0825663],[27.5485491,37.082732],[27.548204,37.0856433],[27.5482365,37.0858121],[27.548619,37.0860346],[27.5487697,37.086231],[27.5486687,37.0869303],[27.5492691,37.0873419],[27.5494056,37.0875752],[27.5493314,37.088034],[27.5518226,37.0885488],[27.552593,37.0885973],[27.5527618,37.0884224],[27.5527382,37.0881852],[27.5525865,37.0878314],[27.5521859,37.087653],[27.552047,37.0874843],[27.5520092,37.0872464],[27.5521805,37.087171]]},"properties":{"class":"unclassified"}},{"type":"Feature","geometry":{"type":"LineString","coordinates":[[27.5701646,37.0766004],[27.5696589,37.0764648],[27.5694583,37.0762696],[27.5691206,37.0761343],[27.5691146,37.0760073],[27.569498,37.0756021],[27.570228,37.0754097],[27.5707695,37.0750753],[27.5723494,37.0737697],[27.5723369,37.0735776],[27.5722194,37.0734693],[27.5711496,37.0732379],[27.5710721,37.0731264],[27.5713843,37.072813],[27.5715096,37.0724054],[27.5721184,37.0717931],[27.5723158,37.071364],[27.5726587,37.0709649],[27.5732416,37.0696061],[27.5731454,37.0686883],[27.5726924,37.0685592],[27.5731198,37.0679759],[27.5731891,37.0676351],[27.5731391,37.0674039],[27.5723491,37.0665062],[27.5718709,37.0662243],[27.5719137,37.0661016],[27.5729849,37.0656613],[27.5730838,37.0655529],[27.5730973,37.0653216],[27.5730109,37.0651001],[27.5727573,37.064852],[27.572522,37.0647801]]},"properties":{"class":"unclassified"}},{"type":"Feature","geometry":{"type":"LineString","coordinates":[[27.58795,37.0663653],[27.5871875,37.0660339],[27.5868867,37.0656773],[27.5867435,37.0652379],[27.5865333,37.06507],[27.5852241,37.0646367],[27.5845276,37.0642714],[27.5826887,37.0636834],[27.5807534,37.0632278],[27.5798467,37.0635935],[27.5795336,37.0636225],[27.578114,37.0633535],[27.5773945,37.0635077],[27.5773246,37.063617],[27.5774467,37.0640737],[27.5773687,37.0642265],[27.5759681,37.0643305],[27.5758832,37.0644212],[27.5757561,37.064986],[27.5754406,37.0653573],[27.5752002,37.0653621]]},"properties":{"class":"unclassified"}},{"type":"Feature","geometry":{"type":"LineString","coordinates":[[27.5697954,37.0769119],[27.5697042,37.0764769]]},"properties":{"class":"unclassified"}},{"type":"Feature","geometry":{"type":"LineString","coordinates":[[27.572306,37.0735492],[27.5733578,37.0729594],[27.573942,37.0727297],[27.5742627,37.0727988],[27.5750252,37.0732861],[27.5752908,37.0733168],[27.5755981,37.0732128]]},"properties":{"class":"unclassified"}},{"type":"Feature","geometry":{"type":"LineString","coordinates":[[27.5493314,37.088034],[27.5493747,37.0893178],[27.5490327,37.0900359],[27.5490667,37.0902958],[27.5504098,37.0906621],[27.5508842,37.0910104],[27.5513581,37.0911989],[27.5517596,37.0920081],[27.5520298,37.0929015],[27.5523145,37.092993],[27.5524581,37.0929367],[27.5527974,37.0924751],[27.5530023,37.09232],[27.5533776,37.0923602],[27.5540296,37.0922066],[27.554114,37.0921071],[27.5540283,37.0919162],[27.5535535,37.0916193],[27.5537608,37.0912043]]},"properties":{"class":"unclassified"}},{"type":"Feature","geometry":{"type":"LineString","coordinates":[[27.5558262,37.0854069],[27.5556763,37.0874262],[27.5552713,37.0894124]]},"properties":{"class":"unclassified"}},{"type":"Feature","geometry":{"type":"LineString","coordinates":[[27.5521092,37.0872023],[27.5522035,37.0875311],[27.5528264,37.087918],[27.5529603,37.088499],[27.5529177,37.088779],[27.5534436,37.0892036]]},"properties":{"class":"unclassified"}},{"type":"Feature","geometry":{"type":"LineString","coordinates":[[27.6003739,37.0765344],[27.6004216,37.0745614],[27.6002316,37.0738714],[27.6003216,37.0736314],[27.6014816,37.0723314],[27.6042816,37.0688114],[27.6053787,37.068209],[27.6054638,37.0680682],[27.6052605,37.0674423],[27.6039116,37.0659314],[27.6022989,37.0650221],[27.6021223,37.064809],[27.6019454,37.064134],[27.6007816,37.0633214],[27.6004116,37.0628914],[27.5995993,37.0626789],[27.598566,37.0630274],[27.5982097,37.0621295],[27.5979616,37.0619514],[27.5965116,37.0615614],[27.5944816,37.0607814],[27.5941216,37.0603314],[27.5932516,37.0597514],[27.5901716,37.0567214],[27.589929,37.0565598]]},"properties":{"class":"tertiary"}},{"type":"Feature","geometry":{"type":"LineString","coordinates":[[27.6445077,37.1017808],[27.64455,37.09884],[27.64452,37.09828],[27.64441,37.09801],[27.64288,37.09745],[27.64118,37.09746],[27.63967,37.09858],[27.63918,37.09847],[27.637805,37.0979579],[27.6380985,37.0968959],[27.6388388,37.0962027],[27.63948,37.09582],[27.63986,37.09537],[27.64013,37.09422],[27.64002,37.09385],[27.6396,37.09335],[27.63754,37.09308],[27.63528,37.09251],[27.6352,37.09238],[27.63524,37.09165],[27.63514,37.09036],[27.6345,37.08962],[27.63412,37.08929],[27.63335,37.08901],[27.63204,37.08838],[27.63132,37.08793],[27.63034,37.08706],[27.63006,37.08671],[27.62846,37.08564],[27.62626,37.08437],[27.6254862,37.0837979],[27.6251144,37.0837671],[27.6244922,37.0835266],[27.6232401,37.0827225],[27.6214672,37.0819021],[27.6213164,37.0823305],[27.6204919,37.0838009],[27.6196631,37.085523],[27.6184284,37.0876608]]},"properties":{"class":"unclassified"}},{"type":"Feature","geometry":{"type":"LineString","coordinates":[[27.6731031,37.0740773],[27.6725851,37.0742253],[27.6720688,37.0745243],[27.6709818,37.0753448],[27.6706755,37.0758088],[27.6704751,37.0759632],[27.6702031,37.0760242],[27.6700096,37.0759504],[27.6699264,37.0756652],[27.6702184,37.0750937],[27.6701451,37.0748411],[27.6697866,37.0743939],[27.6696301,37.0743471],[27.6691847,37.0744606],[27.6685443,37.0744772],[27.6668271,37.0743748],[27.6659385,37.0745271],[27.6654609,37.0748193],[27.6652861,37.0758726],[27.6647499,37.0765824],[27.6648058,37.077102],[27.6649482,37.0772517],[27.6652122,37.0772973],[27.665678,37.0771072],[27.6656953,37.0769826],[27.6660271,37.0767707],[27.6663696,37.0766619],[27.6664908,37.0767809],[27.6668507,37.0785803],[27.6666874,37.0792715],[27.6667875,37.0795796],[27.6679027,37.0802096],[27.6685865,37.0807215],[27.6687505,37.0809653],[27.6687203,37.0812889],[27.6685208,37.0817685],[27.6682847,37.0819494],[27.6675204,37.0820032],[27.6672194,37.0821899],[27.6666422,37.0830964],[27.6660323,37.0835358],[27.6655568,37.0843076],[27.6644276,37.0853339],[27.6641392,37.085408],[27.663829,37.0853446],[27.6619237,37.0842314],[27.6617423,37.0843364],[27.661709,37.0847318],[27.6615545,37.0850477],[27.6609504,37.0853538],[27.6590539,37.086041],[27.6581472,37.0861866],[27.6569729,37.0861394],[27.6548794,37.0870154],[27.6548568,37.0871654],[27.6550559,37.0873498],[27.6558832,37.0886997],[27.6557717,37.0899112],[27.6561378,37.090754],[27.6560256,37.0911446],[27.6555642,37.0914513],[27.6555678,37.0918243],[27.6553349,37.0919534],[27.6549021,37.0919205],[27.6534318,37.0915388],[27.653113,37.0911348],[27.6533959,37.0904205],[27.6532769,37.0899623],[27.6519724,37.0897016],[27.65081,37.0891825],[27.6495163,37.0890632],[27.6492565,37.0891943],[27.6488315,37.0897488],[27.6475658,37.0896658],[27.6461299,37.0889915],[27.6456578,37.088353],[27.6453395,37.088075],[27.6445249,37.0879904],[27.6442176,37.0878851],[27.6439824,37.0877015],[27.6436944,37.087632],[27.6417724,37.0885749],[27.6416026,37.0889843],[27.641455,37.0891162],[27.6414604,37.089285],[27.6424401,37.0897908],[27.6429841,37.0899527],[27.6434171,37.0898704],[27.6434986,37.0901899],[27.6430054,37.0905186],[27.6424488,37.0905038],[27.6414232,37.0903006],[27.6402596,37.0898455],[27.6397971,37.0898761],[27.6393628,37.0897547],[27.6379638,37.0892034],[27.6371951,37.0888102],[27.6370388,37.0884157],[27.6373045,37.0878028],[27.6372294,37.0875443],[27.6360692,37.0862129],[27.6350794,37.0861002],[27.6348696,37.0858166],[27.6347239,37.0857669],[27.6332149,37.0858371],[27.6330655,37.0857349],[27.6329751,37.0852939],[27.6330688,37.0849038],[27.6329924,37.0847932],[27.6319187,37.0843721],[27.631634,37.0843135],[27.6311258,37.0846627],[27.6308871,37.0846492],[27.6303157,37.0848097],[27.6300081,37.0851983],[27.6292388,37.0855275],[27.62897,37.08602]]},"properties":{"class":"unclassified"}},{"type":"Feature","geometry":{"type":"LineString","coordinates":[[27.5807534,37.0632278],[27.5803475,37.0628375],[27.5797613,37.062443],[27.5796822,37.0622666],[27.5796769,37.0614998],[27.5794236,37.0607996],[27.5796491,37.0604971],[27.5800433,37.060369],[27.5802356,37.0601828],[27.5805486,37.0593201],[27.5805749,37.0589916],[27.5811398,37.0585849],[27.5815828,37.0579331],[27.5817361,37.0573172],[27.5817909,37.0566745],[27.5825909,37.0558839],[27.582837,37.0558793],[27.5840357,37.0554616],[27.5854379,37.0551624],[27.5863856,37.0550892],[27.587019,37.0546289],[27.5881797,37.0540164]]},"properties":{"class":"unclassified"}},{"type":"Feature","geometry":{"type":"LineString","coordinates":[[27.5892692,37.0583047],[27.5896823,37.0568515],[27.5902349,37.056234],[27.5904269,37.055779],[27.5903746,37.0556444],[27.5899208,37.0553379],[27.5897812,37.0550269],[27.5898568,37.0547901],[27.589769,37.0545131],[27.5892285,37.0539079],[27.588827,37.0538243],[27.5882627,37.0540147],[27.5868607,37.053959],[27.5857262,37.0531975],[27.5852724,37.0526961],[27.5850987,37.0526294],[27.5844521,37.0526775],[27.5823228,37.053244],[27.5812041,37.0533435],[27.5812718,37.0531994],[27.5821541,37.0528818],[27.5838703,37.0517396],[27.5839925,37.0515678],[27.5839461,37.0514742]]},"properties":{"class":"tertiary"}},{"type":"Feature","geometry":{"type":"LineString","coordinates":[[27.5862134,37.0751599],[27.5869582,37.0711949],[27.5874702,37.0690364],[27.5888373,37.061762],[27.5892692,37.0583047]]},"properties":{"class":"tertiary"}},{"type":"Feature","geometry":{"type":"LineString","coordinates":[[27.5818925,37.0786699],[27.5817783,37.0810342],[27.5818191,37.0825217],[27.5823813,37.0825394],[27.5826772,37.0833892],[27.5824558,37.0837137],[27.5824107,37.0841838]]},"properties":{"class":"unclassified"}},{"type":"Feature","geometry":{"type":"LineString","coordinates":[[27.5968468,37.0797031],[27.5965169,37.0800446],[27.5957079,37.0805568],[27.5934091,37.0823489],[27.5927442,37.0826819],[27.5910598,37.0831304],[27.5905808,37.0831597],[27.589279,37.0827781],[27.5889957,37.0825447],[27.5884178,37.0825357],[27.5876481,37.0827242],[27.5873704,37.0826944],[27.5868187,37.0824741],[27.5864911,37.0824572],[27.5846005,37.0826788],[27.5840797,37.0829299],[27.5826772,37.0833892]]},"properties":{"class":"unclassified"}},{"type":"Feature","geometry":{"type":"LineString","coordinates":[[27.5986279,37.077519],[27.5985201,37.0777264],[27.5977582,37.0785192],[27.5977361,37.0787647],[27.5976134,37.0789431],[27.5968468,37.0797031]]},"properties":{"class":"unclassified"}},{"type":"Feature","geometry":{"type":"LineString","coordinates":[[27.6234357,37.0737583],[27.6230535,37.073691],[27.6224032,37.0740656],[27.6218363,37.0742479],[27.6205756,37.0744164],[27.620718,37.0748938],[27.6201193,37.0754597],[27.6197211,37.0756602],[27.6177361,37.0762531],[27.617392,37.0761581],[27.6165965,37.0755792],[27.6160092,37.0746958],[27.6158551,37.0737818],[27.6159245,37.0735792],[27.6162655,37.073304],[27.6166865,37.0727092],[27.6164915,37.0725684],[27.6159199,37.0724147],[27.6149781,37.0717819],[27.6148874,37.0713477],[27.6150534,37.0709686],[27.6148325,37.0703083],[27.614312,37.0701711],[27.613979,37.0699658],[27.613744,37.0691795],[27.613752,37.0689797],[27.6140532,37.0684637],[27.6139799,37.0680418],[27.6140592,37.0669366],[27.6139154,37.0665194],[27.6138483,37.0659247],[27.6139909,37.0657623],[27.6150088,37.0652425],[27.6150863,37.065101],[27.6150205,37.0650156],[27.6143002,37.0647687],[27.614018,37.0645611]]},"properties":{"class":"unclassified"}},{"type":"Feature","geometry":{"type":"LineString","coordinates":[[27.614018,37.0645611],[27.6127468,37.0650762],[27.611542,37.0658924],[27.6104019,37.0663048],[27.6101995,37.0663429],[27.6095119,37.0660625],[27.6083124,37.0661917],[27.6080858,37.0664354],[27.6081968,37.0673815],[27.6079224,37.0676341],[27.6076043,37.067694],[27.606669,37.0675068],[27.6061357,37.0677387],[27.6054306,37.0678727]]},"properties":{"class":"tertiary"}},{"type":"Feature","geometry":{"type":"LineString","coordinates":[[27.6073084,37.0676394],[27.6080289,37.0675688]]},"properties":{"class":"tertiary"}},{"type":"Feature","geometry":{"type":"LineString","coordinates":[[27.6373928,37.0854586],[27.6356358,37.084654],[27.634873,37.0844451],[27.63412,37.0840432],[27.6338571,37.0839809],[27.6336482,37.0836292],[27.6336328,37.0831587],[27.6334862,37.0828269],[27.6330108,37.0827041],[27.6328215,37.0825597],[27.6315405,37.0811699],[27.6313922,37.0811072],[27.6309243,37.0811804],[27.6305348,37.0805249],[27.6302922,37.0805348],[27.6300066,37.0813009],[27.6297047,37.0815721],[27.6283777,37.0813511],[27.6279679,37.0808279],[27.6278207,37.0807835],[27.6273492,37.0809093],[27.6270431,37.0809039],[27.6268555,37.0807525],[27.6266797,37.0804509],[27.6265216,37.0804028],[27.6261931,37.0805125],[27.6257762,37.0803558],[27.6246556,37.0793631],[27.6240879,37.0791276],[27.6229392,37.0784591],[27.6224055,37.077774],[27.62201,37.0764978],[27.6222898,37.0758113],[27.6222961,37.0756423],[27.6220672,37.0750149],[27.6221338,37.0748713],[27.6225303,37.074527],[27.6234498,37.073853],[27.6234357,37.0737583]]},"properties":{"class":"unclassified"}},{"type":"Feature","geometry":{"type":"LineString","coordinates":[[27.6744548,37.0764911],[27.6740518,37.0759674],[27.6731031,37.0740773],[27.6735268,37.0725846],[27.6733647,37.0724899],[27.6731135,37.0721135],[27.6728611,37.0724345],[27.6725871,37.0724833],[27.67203,37.07233],[27.6707596,37.0716644],[27.6705522,37.0712357],[27.6704231,37.071148],[27.6700779,37.0714557],[27.6697282,37.0715958],[27.6691394,37.0716751],[27.6683018,37.0715551],[27.66744,37.07127],[27.6672547,37.0710082],[27.6668847,37.0710024],[27.6666262,37.0712453],[27.6655925,37.0714198],[27.6641082,37.0712986],[27.6634333,37.0709803],[27.66212,37.07072],[27.66143,37.07031],[27.66091,37.07018],[27.65877,37.07048],[27.6570122,37.0705179],[27.6562348,37.0701952],[27.655613,37.070125],[27.6550811,37.0697423],[27.6545404,37.0695193],[27.6535539,37.0693639],[27.6511334,37.0685279],[27.6506016,37.0682278],[27.6499635,37.0677052],[27.64933,37.06744],[27.64885,37.06713],[27.648,37.06713],[27.6475641,37.0669756],[27.6472477,37.0666514],[27.6468942,37.0660822],[27.6466156,37.0653838],[27.6450168,37.065049],[27.6435229,37.0644071],[27.6423525,37.0636293],[27.6418607,37.0635483],[27.6417964,37.063658]]},"properties":{"class":"unclassified"}},{"type":"Feature","geometry":{"type":"LineString","coordinates":[[27.6870562,37.0670494],[27.6868391,37.0672481],[27.6856049,37.0679119],[27.6852001,37.0682455],[27.683755,37.0688862],[27.6829507,37.0690145],[27.6822324,37.0690247],[27.6817037,37.0691608],[27.6811373,37.0695443],[27.6803356,37.0698063],[27.6805062,37.0702934],[27.6796478,37.0715682],[27.6794325,37.0726036],[27.6792523,37.0730487],[27.6789948,37.0732884],[27.6746127,37.0761857],[27.6744548,37.0764911],[27.6751324,37.0776232],[27.6761538,37.0801294],[27.6778103,37.0835325],[27.6778618,37.0840529],[27.6775528,37.0845254],[27.6764799,37.0851964],[27.6761538,37.0861276],[27.6756645,37.0870177],[27.6751238,37.0876339],[27.6733814,37.0875723],[27.6730467,37.0876339],[27.6728407,37.0877914],[27.6722227,37.0884898],[27.6720339,37.0888526],[27.670652,37.090174],[27.6696392,37.0923992],[27.6693045,37.0927962],[27.6681908,37.0936204],[27.6638199,37.0954389],[27.6622664,37.0956374],[27.6615025,37.0962125],[27.6608158,37.0965411],[27.6550394,37.1006623],[27.6548935,37.1007445],[27.6535116,37.1007855],[27.6530482,37.1009978],[27.6519409,37.1018055],[27.651632,37.1021478],[27.6512457,37.1028255],[27.6507141,37.1032243],[27.6498108,37.1035178]]},"properties":{"class":"tertiary"}},{"type":"Feature","geometry":{"type":"LineString","coordinates":[[27.6732414,37.0620359],[27.6729296,37.0620673],[27.6714508,37.0619277],[27.6710103,37.0615899],[27.6700042,37.0611796],[27.6682959,37.0596637],[27.6678615,37.0594647],[27.6664783,37.0585872],[27.6662357,37.0580681],[27.6651602,37.0577295],[27.6646826,37.0574349],[27.6636835,37.0560444],[27.6634266,37.0549472],[27.6631676,37.0545235],[27.6626298,37.0542738],[27.6595673,37.0538933],[27.6581018,37.0532897],[27.6572693,37.0532727],[27.6570378,37.0531732],[27.6570011,37.0529105],[27.6575957,37.0522291],[27.657705,37.0519851],[27.6576069,37.0517899],[27.6558193,37.0513863],[27.6545586,37.0515343],[27.6544832,37.0513549]]},"properties":{"class":"unclassified"}},{"type":"Feature","geometry":{"type":"LineString","coordinates":[[27.6488431,37.0492165],[27.6485297,37.0491919],[27.6473559,37.0494255],[27.6449706,37.0493125],[27.6429646,37.0494771],[27.6418642,37.049343],[27.6409599,37.048761]]},"properties":{"class":"unclassified"}},{"type":"Feature","geometry":{"type":"LineString","coordinates":[[27.6558193,37.0513863],[27.6547634,37.050679],[27.654099,37.050519],[27.6534659,37.0505494],[27.6526644,37.0507264],[27.651533,37.0507151],[27.6506083,37.0509898],[27.6501727,37.0507996],[27.6497911,37.0504016],[27.6488449,37.0493283],[27.6488405,37.0490579],[27.6495168,37.0479979],[27.6501543,37.0472881],[27.6507294,37.0468478],[27.6530472,37.0462195],[27.6561518,37.0449031],[27.6573134,37.0447731],[27.6585244,37.0443984],[27.6595064,37.0448146],[27.6604192,37.0450375],[27.6607541,37.0450164],[27.6611493,37.0455071],[27.6609694,37.0458209],[27.660929,37.0461899],[27.6607602,37.0466125],[27.6608849,37.0466948],[27.6624475,37.0471584],[27.6633005,37.0472974],[27.6634178,37.0476604],[27.6633855,37.0479442],[27.663121,37.0483807],[27.6627308,37.0487453],[27.662717,37.048867]]},"properties":{"class":"unclassified"}},{"type":"Feature","geometry":{"type":"LineString","coordinates":[[27.6723491,37.0386215],[27.6717865,37.0384183],[27.6714288,37.0377258],[27.670284,37.0371518],[27.6694887,37.0370584],[27.6693286,37.0370691],[27.6690258,37.037305],[27.6688341,37.0373513],[27.6682885,37.0370194],[27.6661579,37.0369028],[27.6654999,37.0370085],[27.6638065,37.0370467],[27.6633682,37.0372805],[27.6628514,37.0373488],[27.6615772,37.0373085],[27.6597501,37.0374467]]},"properties":{"class":"unclassified"}},{"type":"Feature","geometry":{"type":"LineString","coordinates":[[27.6723491,37.0386215],[27.6723829,37.0387969],[27.6729113,37.0395383],[27.6729045,37.03977],[27.6727326,37.0400704],[27.6727213,37.0404239],[27.67301,37.0409328],[27.6731328,37.0413543],[27.6730243,37.0418296],[27.6731077,37.0424193],[27.673242,37.0426607],[27.6731921,37.04322],[27.6730616,37.043607],[27.6728523,37.0438574],[27.6726029,37.043995],[27.6723402,37.0443703],[27.6723202,37.0444391],[27.6725259,37.0445983],[27.6725982,37.044792],[27.6723872,37.0454027],[27.6721652,37.045561],[27.6717199,37.0456901],[27.6713768,37.0461247]]},"properties":{"class":"unclassified"}},{"type":"Feature","geometry":{"type":"LineString","coordinates":[[27.6747293,37.0387234],[27.6750344,37.038243],[27.6750561,37.0379226],[27.6741626,37.0375408],[27.6731813,37.0374097]]},"properties":{"class":"unclassified"}},{"type":"Feature","geometry":{"type":"LineString","coordinates":[[27.6750561,37.0379226],[27.6753235,37.0372376]]},"properties":{"class":"unclassified"}},{"type":"Feature","geometry":{"type":"LineString","coordinates":[[27.673666,37.03809],[27.6726446,37.0381395],[27.6725048,37.0382339],[27.6722909,37.0388815],[27.6722099,37.0388799],[27.6712586,37.0385241],[27.670447,37.038059],[27.6697815,37.037843],[27.6694493,37.0378877]]},"properties":{"class":"unclassified"}},{"type":"Feature","geometry":{"type":"LineString","coordinates":[[27.6722909,37.0388815],[27.6724959,37.0389585]]},"properties":{"class":"unclassified"}},{"type":"Feature","geometry":{"type":"LineString","coordinates":[[27.6417964,37.063658],[27.6423032,37.065549],[27.6426312,37.0664819],[27.6426815,37.06693],[27.6433822,37.0677761],[27.6437332,37.0683706],[27.6435334,37.0686292],[27.6435905,37.0689777],[27.6440062,37.0692123],[27.6447135,37.070088],[27.644654,37.0702068],[27.6442359,37.0704923],[27.6442066,37.0713815],[27.6440152,37.0722622],[27.6434415,37.0724622],[27.6432368,37.0724547],[27.6422897,37.0721081],[27.6416607,37.0720596],[27.6403998,37.0722913],[27.6401618,37.0724034],[27.6398863,37.0725744],[27.6397419,37.0728048],[27.6398716,37.0735083],[27.6397533,37.0739431],[27.639253,37.0745443],[27.6377408,37.0754162],[27.63877,37.07593],[27.6400076,37.0766783],[27.6401216,37.0770526],[27.640733,37.0773299],[27.6408396,37.0778581],[27.6411096,37.0780301],[27.6410659,37.0781432],[27.640848,37.0781985],[27.6405394,37.0785101],[27.6407333,37.0789157],[27.6407546,37.0791511]]},"properties":{"class":"unclassified"}},{"type":"Feature","geometry":{"type":"LineString","coordinates":[[27.6407546,37.0791511],[27.640373,37.0792824],[27.6398848,37.0798505],[27.6399813,37.0808035],[27.6398924,37.0817333],[27.6395596,37.0830463],[27.6390373,37.083425],[27.6384528,37.0836523],[27.6380008,37.0839714],[27.637809,37.0846257],[27.6374212,37.0851743],[27.6373928,37.0854586]]},"properties":{"class":"unclassified"}},{"type":"Feature","geometry":{"type":"LineString","coordinates":[[27.657461,37.0645271],[27.6616091,37.0640853],[27.6622775,37.0635517],[27.6638659,37.0628281],[27.6647047,37.0626326],[27.6654581,37.0625987],[27.6667553,37.0631349],[27.6671535,37.0631995],[27.668017,37.0630019],[27.6697641,37.0635323],[27.6740475,37.0638208],[27.6742477,37.0637595],[27.674364,37.063587],[27.6743137,37.063406],[27.673748,37.0631069],[27.6735045,37.0628711],[27.6732277,37.0624056],[27.6731631,37.0621475],[27.673277,37.0619851],[27.673657,37.061743],[27.675337,37.0614434],[27.6765029,37.061529],[27.6780142,37.0621747],[27.6783139,37.0621425],[27.681275,37.061249]]},"properties":{"class":"unclassified"}},{"type":"Feature","geometry":{"type":"LineString","coordinates":[[27.6735268,37.0725846],[27.6737735,37.071685],[27.6741588,37.0711685],[27.6743141,37.0710959],[27.6752164,37.0713359],[27.6752995,37.0714964],[27.6752766,37.0720311],[27.6754792,37.0723714],[27.6757707,37.0725091],[27.6758813,37.072701],[27.6760095,37.073501],[27.6758661,37.073914],[27.6759501,37.074265],[27.6756841,37.0748522],[27.6756658,37.0750909],[27.6758934,37.0753034]]},"properties":{"class":"unclassified"}},{"type":"Feature","geometry":{"type":"LineString","coordinates":[[27.6129242,37.0953591],[27.6145766,37.0971165],[27.6155886,37.0984486],[27.616469,37.100227],[27.6175961,37.1020906],[27.6178841,37.1027271],[27.6180733,37.1040198],[27.6180322,37.1050106],[27.6184765,37.1069988],[27.6184353,37.1075893],[27.6185011,37.1080421],[27.6190277,37.1102007],[27.6189701,37.1110471],[27.6188056,37.1116967],[27.6187727,37.1128186],[27.6186986,37.113127],[27.6188056,37.1133566],[27.6190688,37.11356],[27.6193568,37.1136584],[27.6224915,37.1131795],[27.6235364,37.112858],[27.6237832,37.1128777],[27.6240136,37.1130679],[27.624211,37.1131139],[27.6247541,37.1129302],[27.6254452,37.1132188],[27.6261527,37.1141177],[27.6274198,37.1146688],[27.6287535,37.1159692],[27.6280604,37.1180638],[27.6273673,37.119457],[27.6266742,37.1205948],[27.6266451,37.1207806],[27.6266801,37.1209617],[27.6269887,37.1213936],[27.6271285,37.1220437],[27.6274954,37.1224431],[27.627577,37.1226335],[27.6275537,37.122875],[27.6273382,37.1232976],[27.6269363,37.1237527],[27.6269014,37.1240267],[27.6272392,37.1256613],[27.6272254,37.1265681],[27.6274011,37.1267717],[27.6277065,37.1268961]]},"properties":{"class":"tertiary"}},{"type":"Feature","geometry":{"type":"LineString","coordinates":[[27.6169246,37.0870328],[27.6135976,37.0941437],[27.6129242,37.0953591]]},"properties":{"class":"tertiary"}},{"type":"Feature","geometry":{"type":"LineString","coordinates":[[27.6189845,37.0867225],[27.6198434,37.0868081],[27.6204334,37.0865513],[27.6221501,37.0854558],[27.622547,37.0853702],[27.6227793,37.085478],[27.6254079,37.0874294],[27.625712,37.0885198],[27.6264808,37.089201],[27.6280686,37.090151],[27.6296817,37.0908048],[27.6298925,37.0909811],[27.6299784,37.0912892],[27.6301286,37.0914775],[27.6306435,37.0918626],[27.6310405,37.0922905],[27.6313087,37.092727],[27.63157,37.0929016],[27.6327464,37.0932576],[27.6329433,37.0933979],[27.6338981,37.0948185],[27.6342162,37.0951488],[27.6344882,37.0952378],[27.6351856,37.0952293],[27.635368,37.0953234],[27.635214,37.0962357],[27.6355611,37.0969408],[27.6358401,37.0972831],[27.6368663,37.0978359],[27.637805,37.0979579]]},"properties":{"class":"unclassified"}},{"type":"Feature","geometry":{"type":"LineString","coordinates":[[27.6319563,37.0970799],[27.6338981,37.0948185],[27.6359997,37.0926448]]},"properties":{"class":"unclassified"}},{"type":"Feature","geometry":{"type":"LineString","coordinates":[[27.6374258,37.0995906],[27.637805,37.0979579]]},"properties":{"class":"unclassified"}},{"type":"Feature","geometry":{"type":"LineString","coordinates":[[27.6664496,37.1028938],[27.6669585,37.1025943],[27.6668012,37.1019122],[27.6669356,37.1016386],[27.6671465,37.1014569],[27.6679272,37.1011184],[27.6684783,37.101076],[27.6686199,37.1009313],[27.6686287,37.1006848],[27.6691996,37.1002509],[27.6694776,37.0993024],[27.6695008,37.0975381],[27.6702431,37.0966811],[27.670449,37.0960606],[27.6708407,37.0953265],[27.671473,37.0942863],[27.671923,37.0937996],[27.6721125,37.0934544],[27.6723828,37.0925821],[27.6724017,37.0922659],[27.6730277,37.0908827],[27.6730518,37.0906378],[27.6729231,37.0904687],[27.6710067,37.0898222]]},"properties":{"class":"unclassified"}},{"type":"Feature","geometry":{"type":"LineString","coordinates":[[27.6681908,37.0936204],[27.6705886,37.0933342]]},"properties":{"class":"unclassified"}},{"type":"Feature","geometry":{"type":"LineString","coordinates":[[27.6729841,37.0905024],[27.6733007,37.0901975],[27.6738091,37.0900015],[27.6751191,37.0901307],[27.675384,37.0900756],[27.6758292,37.089668],[27.6764743,37.0896199],[27.6766473,37.0892995]]},"properties":{"class":"unclassified"}},{"type":"Feature","geometry":{"type":"LineString","coordinates":[[27.6708407,37.0953265],[27.6706136,37.0943672],[27.6707544,37.0936683],[27.6705886,37.0933342],[27.6711655,37.0932824],[27.6724017,37.0922659]]},"properties":{"class":"unclassified"}},{"type":"Feature","geometry":{"type":"LineString","coordinates":[[27.861426,36.5248162],[27.8605951,36.5247212],[27.8605464,36.5247917],[27.8607721,36.525031],[27.860956,36.5256086],[27.8614302,36.5262648],[27.8620558,36.5265708],[27.8624937,36.5265591],[27.8630147,36.5262965],[27.8636533,36.5256678],[27.8638297,36.5256074],[27.8637787,36.5246201],[27.8638292,36.5244898],[27.8640341,36.5243485],[27.8646081,36.5242175],[27.8658279,36.5244546],[27.8666758,36.5244103],[27.8674005,36.5241984],[27.8676496,36.5236298],[27.8677543,36.5235777]]},"properties":{"class":"unclassified"}},{"type":"Feature","geometry":{"type":"LineString","coordinates":[[27.8679083,36.5217769],[27.8679662,36.5232197],[27.8676964,36.5236747]]},"properties":{"class":"unclassified"}},{"type":"Feature","geometry":{"type":"LineString","coordinates":[[27.8680817,36.5214561],[27.8679528,36.52156],[27.8679083,36.5217769]]},"properties":{"class":"unclassified"}},{"type":"Feature","geometry":{"type":"LineString","coordinates":[[27.8505664,36.5641631],[27.8511543,36.562756],[27.8519367,36.5613476],[27.8518807,36.5604919],[27.8522942,36.5600952],[27.8524396,36.5598289],[27.8525136,36.5592067],[27.8527258,36.5584405],[27.8527027,36.5581208],[27.8524889,36.5574484],[27.8525662,36.5571062],[27.8528894,36.5566702],[27.853287,36.5564625],[27.8551154,36.5565011],[27.8552478,36.5564681],[27.8552725,36.5563459],[27.8547503,36.5559569],[27.8544099,36.5555711],[27.8540481,36.5553875],[27.8528902,36.5551549],[27.851579,36.5550664],[27.8515869,36.554067],[27.8506091,36.5533054],[27.8492918,36.5521229],[27.8480797,36.5507859],[27.8475303,36.5497342],[27.8462125,36.5485987]]},"properties":{"class":"tertiary"}},{"type":"Feature","geometry":{"type":"LineString","coordinates":[[27.835422,36.5741272],[27.8349701,36.5752721],[27.8355347,36.5772591],[27.8354354,36.5774982],[27.835036,36.5779448],[27.8349929,36.5781632],[27.8357589,36.5799608],[27.8358019,36.5804281],[27.8347005,36.5835495],[27.8335351,36.5852477],[27.8334828,36.5854642],[27.8335713,36.5856968],[27.8337336,36.5858422],[27.8351661,36.5864664],[27.8353283,36.5866235],[27.8353323,36.5868293],[27.8347826,36.5878006],[27.834458,36.5881742],[27.8335421,36.5886501],[27.8323605,36.5888537],[27.831632,36.5894226],[27.8306653,36.5899886],[27.830358,36.5903562],[27.8304009,36.5906491],[27.8307416,36.5913749],[27.8312565,36.5921125],[27.8328028,36.5932248],[27.833116,36.5935817],[27.8331508,36.5939634],[27.8328809,36.5950247],[27.832803,36.5957956],[27.8325744,36.5960432],[27.8320347,36.5961865],[27.8308437,36.5963707],[27.8300951,36.5963559],[27.8295533,36.5962009],[27.8283946,36.5955764],[27.8264178,36.5948937],[27.825935,36.5949185],[27.8256509,36.5951775],[27.8254952,36.5954127],[27.8252405,36.5966102],[27.8251465,36.5977147],[27.8252028,36.5980991],[27.8253812,36.5984899],[27.8258049,36.5989712],[27.8263575,36.600316],[27.8265801,36.6005528],[27.8272144,36.6009383],[27.8274921,36.6016402],[27.8276812,36.6027136],[27.8275714,36.6029834],[27.8271326,36.6033994],[27.8271165,36.6036126],[27.8272842,36.6041057],[27.8278917,36.6049002],[27.8282176,36.6051209],[27.8287795,36.6053142],[27.8288506,36.6054191],[27.8287078,36.6054913],[27.8276114,36.6051877],[27.8263427,36.604363],[27.8259324,36.603772],[27.8257473,36.603772],[27.8257567,36.6038979],[27.8266203,36.6054181],[27.8268979,36.6057174],[27.8284925,36.6065011],[27.8301917,36.6076046],[27.8321832,36.6083517],[27.8328525,36.6088394],[27.8332964,36.6090149],[27.8336182,36.6090429],[27.8339443,36.6088471],[27.8340876,36.608511],[27.8340997,36.6078414],[27.8344517,36.6073629],[27.83519,36.6074205],[27.8357231,36.6070265],[27.8358431,36.607013],[27.8364533,36.6074851],[27.836794,36.6076067],[27.8397243,36.6076606],[27.8400099,36.6075787],[27.8407314,36.6071535],[27.8408347,36.6070146],[27.8408428,36.6067476],[27.8409782,36.6066917],[27.8410948,36.6069737],[27.8410855,36.6073554],[27.840769,36.6076487],[27.8404136,36.6078253],[27.8404994,36.6079093],[27.8409313,36.6077349],[27.8412934,36.60747],[27.8414436,36.607006],[27.8414637,36.6063073],[27.8416353,36.6063945],[27.841752,36.6071621],[27.8418311,36.6072235],[27.8419223,36.6070781],[27.841925,36.6065183],[27.8420538,36.6064532],[27.8421982,36.6070577],[27.8422067,36.6079448],[27.8419572,36.6082548],[27.8409688,36.6089696],[27.8411029,36.6089933],[27.8421168,36.6085724],[27.8423025,36.6086004],[27.8413591,36.6094239],[27.8406163,36.609838],[27.8405477,36.609959],[27.8407113,36.6109569],[27.8403997,36.6116329],[27.8401916,36.6125254],[27.8409137,36.6130423],[27.841229,36.6131153],[27.8416332,36.6130931],[27.8419679,36.6124902],[27.8421979,36.6124742],[27.842495,36.6126201],[27.8427163,36.6132003],[27.8446569,36.6137892],[27.8466254,36.6146756],[27.8476886,36.6148741],[27.8481365,36.614873],[27.8499676,36.6144189],[27.8507951,36.6143435],[27.8531964,36.6145638],[27.8540488,36.6141063],[27.8550407,36.6141978],[27.8556308,36.6143358]]},"properties":{"class":"tertiary"}},{"type":"Feature","geometry":{"type":"LineString","coordinates":[[27.835422,36.5741272],[27.835567,36.5738069],[27.8357853,36.5736026],[27.836635,36.5734734],[27.8371869,36.5731816],[27.8373116,36.5730125],[27.8373975,36.5726005],[27.8375443,36.5724319],[27.8381672,36.572223],[27.8392625,36.5720006],[27.8397189,36.5717744],[27.8397873,36.5716021],[27.8395573,36.5714443],[27.8383818,36.57172],[27.837203,36.5717049],[27.8369723,36.5716155],[27.8369616,36.5714928],[27.8370608,36.5714077],[27.8378347,36.571371],[27.8392549,36.5708368],[27.8397202,36.5708422],[27.8414315,36.5711362],[27.8418995,36.5711352],[27.8436027,36.570457],[27.8444464,36.5702821],[27.8468014,36.5705807],[27.8485805,36.5719139],[27.8487459,36.5719712],[27.8488814,36.5719218],[27.8488545,36.5717556],[27.8482242,36.5713204],[27.8479855,36.5710555]]},"properties":{"class":"tertiary"}},{"type":"Feature","geometry":{"type":"LineString","coordinates":[[27.8257382,36.5826365],[27.8263156,36.5830205],[27.8266315,36.5830769],[27.8278214,36.5826872],[27.8283145,36.5826943],[27.8290674,36.5829057],[27.8295615,36.5828786],[27.8303697,36.5834595],[27.8327617,36.5844291],[27.8335226,36.5843748],[27.8342552,36.5842215]]},"properties":{"class":"unclassified"}},{"type":"Feature","geometry":{"type":"LineString","coordinates":[[27.8355147,36.5739049],[27.8358787,36.5738012],[27.8360928,36.5742974],[27.8363824,36.5744792],[27.8371296,36.5745747],[27.8380356,36.5742692],[27.8399924,36.5742509],[27.841593,36.5745863],[27.842983,36.5750317],[27.8431322,36.574964],[27.843241,36.5744334],[27.8440378,36.5741747],[27.8443098,36.574]]},"properties":{"class":"unclassified"}},{"type":"Feature","geometry":{"type":"LineString","coordinates":[[27.8233166,36.6065399],[27.8230626,36.6066799],[27.8230331,36.6069092],[27.8239425,36.6085477],[27.824033,36.6088214],[27.823984,36.6089256],[27.8225112,36.6095402],[27.8221531,36.6098319],[27.8218618,36.610336],[27.8197971,36.6113844],[27.8190514,36.6119894],[27.818571,36.6122552],[27.8180775,36.6122745],[27.8172945,36.6118387],[27.8159019,36.6112275],[27.8137031,36.6104909],[27.8132848,36.6104683]]},"properties":{"class":"unclassified"}},{"type":"Feature","geometry":{"type":"LineString","coordinates":[[27.8125611,36.6105429],[27.8123861,36.6106788],[27.8121351,36.6111049],[27.8117008,36.6105361],[27.8115841,36.6105168],[27.8113293,36.6109818],[27.8098344,36.6117815],[27.8097307,36.6122655],[27.8095885,36.6123942],[27.8092054,36.6125743],[27.8089602,36.6124308],[27.8086565,36.6124082],[27.8083735,36.6126025],[27.8079193,36.6127138],[27.8075367,36.6131394]]},"properties":{"class":"unclassified"}},{"type":"Feature","geometry":{"type":"LineString","coordinates":[[27.8132848,36.6104683],[27.812963,36.6104487],[27.8125611,36.6105429]]},"properties":{"class":"unclassified"}},{"type":"Feature","geometry":{"type":"LineString","coordinates":[[27.8330952,36.5942326],[27.8336893,36.5944232],[27.8343558,36.5951791],[27.8350894,36.59581],[27.8357278,36.5960157],[27.8362146,36.5960792],[27.8379969,36.5954504],[27.8382263,36.5953083],[27.8385039,36.5950046],[27.8385441,36.5943941],[27.8391168,36.593649],[27.8390993,36.593186],[27.8394319,36.5929949],[27.8401306,36.5928091],[27.8404686,36.5928339],[27.8407609,36.5931074],[27.8416193,36.5933411],[27.8423931,36.5936673],[27.8429362,36.5937814],[27.843468,36.5941201]]},"properties":{"class":"unclassified"}},{"type":"Feature","geometry":{"type":"LineString","coordinates":[[27.8303275,36.6076731],[27.8301032,36.6076692],[27.8298309,36.6075368],[27.8286186,36.6067864],[27.8277723,36.6063773],[27.8269503,36.6064645],[27.8259163,36.6062277],[27.8252175,36.6062115],[27.8244518,36.6062869],[27.8240468,36.6064774]]},"properties":{"class":"unclassified"}},{"type":"Feature","geometry":{"type":"LineString","coordinates":[[27.8240468,36.6064774],[27.8233166,36.6065399]]},"properties":{"class":"unclassified"}},{"type":"Feature","geometry":{"type":"LineString","coordinates":[[27.8479855,36.5710555],[27.847532,36.5704149],[27.8471652,36.5701442],[27.8468511,36.5699883],[27.8462462,36.5699131],[27.8461433,36.5698029],[27.8462821,36.569707],[27.8466069,36.5696878],[27.8480801,36.5697183],[27.8482191,36.5696342],[27.8482101,36.5695037],[27.8479193,36.5693186],[27.8463021,36.5688444],[27.8461324,36.5686326],[27.8462821,36.5684349],[27.8469292,36.5682428],[27.8477104,36.5682738],[27.8491365,36.5687617],[27.8497527,36.56923],[27.8499233,36.569172],[27.8498953,36.5689963],[27.8495968,36.5687097],[27.8478382,36.5679503],[27.8478201,36.5677849],[27.8480139,36.5677507],[27.8499759,36.5684257],[27.850994,36.5684204],[27.8513064,36.5684858],[27.8517012,36.5688088],[27.8520161,36.5694197],[27.8522274,36.5694012],[27.8521902,36.5692043],[27.8518092,36.5685517],[27.8514577,36.5682183],[27.8502522,36.5679713],[27.8486586,36.5673934],[27.8484949,36.5672736],[27.8485615,36.5671431],[27.8500771,36.567542],[27.8514002,36.5675288],[27.8517735,36.5675909],[27.8530827,36.568215],[27.8536174,36.5688004],[27.8538334,36.5688431],[27.8539695,36.5687678],[27.853975,36.5686134],[27.8534576,36.5680664],[27.8527883,36.5675856],[27.8523097,36.5673664],[27.8503525,36.5667977],[27.8488773,36.5661841],[27.8483625,36.5660745],[27.8468881,36.5659939],[27.8468832,36.5659015],[27.8470049,36.5658473],[27.848976,36.5658262],[27.8501667,36.565986],[27.8509635,36.5663242],[27.8511812,36.5663305],[27.8512191,36.5661434],[27.8507678,36.5658724],[27.8497144,36.5654048],[27.8489628,36.5652608],[27.8488791,36.5651475],[27.8489908,36.5650072],[27.8503262,36.5644801],[27.8505664,36.5641631]]},"properties":{"class":"tertiary"}},{"type":"Feature","geometry":{"type":"LineString","coordinates":[[27.843468,36.5941201],[27.8440802,36.5945707],[27.844453,36.594722],[27.8449854,36.5946805],[27.8469099,36.5950951],[27.8481504,36.5951747],[27.8500763,36.5956388],[27.8509574,36.5959812],[27.8516869,36.5961481],[27.8519779,36.5963634],[27.8523092,36.5967931],[27.8521235,36.5975914]]},"properties":{"class":"unclassified"}},{"type":"Feature","geometry":{"type":"LineString","coordinates":[[27.6862985,36.7151268],[27.6854819,36.7162784],[27.6851722,36.7169704],[27.6851932,36.7175399],[27.6856423,36.7179797],[27.6858223,36.7187355],[27.6858133,36.7188967],[27.6852399,36.7196354],[27.6852026,36.7203328],[27.6855124,36.7209068],[27.6858171,36.7212446],[27.6863656,36.7217005],[27.6869699,36.7220424],[27.6873184,36.7225497]]},"properties":{"class":"unclassified","name":"Kargı Yolu"}},{"type":"Feature","geometry":{"type":"LineString","coordinates":[[27.6870908,36.7125298],[27.6864626,36.7142243],[27.6862985,36.7151268]]},"properties":{"class":"unclassified","name":"Kargı Yolu"}},{"type":"Feature","geometry":{"type":"LineString","coordinates":[[27.8075367,36.6131394],[27.8071274,36.6134318],[27.8067253,36.6138894],[27.8062731,36.6141767],[27.805682,36.614798],[27.8058039,36.6150423],[27.8061687,36.6153093],[27.8063987,36.6153819],[27.8073603,36.6153954],[27.8080831,36.6158626],[27.8081918,36.6161085],[27.8080346,36.6163145],[27.8079886,36.6165235],[27.8079075,36.6166202],[27.8073033,36.6167032],[27.8064759,36.6166032],[27.805338,36.6170434],[27.8052615,36.6171129],[27.8052166,36.6174847],[27.8051493,36.6186342],[27.8053413,36.61963],[27.805171,36.6199744],[27.8043663,36.6204201],[27.8035047,36.6206561],[27.8030037,36.6210099],[27.8029903,36.6216514],[27.8020274,36.6223834],[27.8015527,36.6233865],[27.8003752,36.623619],[27.799777,36.6238924],[27.7995409,36.6241055],[27.7994257,36.6240732],[27.7993693,36.6237534],[27.7987804,36.6240188]]},"properties":{"class":"unclassified"}},{"type":"Feature","geometry":{"type":"LineString","coordinates":[[27.8390504,36.6213913],[27.8388083,36.621859],[27.8385582,36.6219892],[27.8372529,36.6223558],[27.8363045,36.6223961],[27.8360611,36.6224737],[27.8357155,36.6228596],[27.8354002,36.6234917],[27.8350532,36.623691],[27.8346066,36.6236135],[27.8333916,36.6230624],[27.8328444,36.6233401],[27.8323911,36.6234143],[27.8319284,36.6237028],[27.8316401,36.6237459],[27.8308167,36.6236156],[27.8295547,36.6229612],[27.8282136,36.6226835],[27.8279735,36.6226614],[27.8275484,36.6228471],[27.8270294,36.6229278],[27.8258479,36.6228256],[27.8253396,36.6226168],[27.8249882,36.6223649],[27.8245705,36.6216104],[27.8237839,36.6213472],[27.823226,36.6213731],[27.8225696,36.6212299],[27.82122,36.6211754],[27.8207175,36.6214172],[27.8204633,36.6220958],[27.8189196,36.622071],[27.8175531,36.6217696],[27.8170549,36.6215415],[27.8167793,36.6215843]]},"properties":{"class":"unclassified"}},{"type":"Feature","geometry":{"type":"LineString","coordinates":[[27.8364142,36.6154624],[27.8358505,36.6158145],[27.8355884,36.615773]]},"properties":{"class":"tertiary","name":"Ακτή Παύλου"}},{"type":"Feature","geometry":{"type":"LineString","coordinates":[[27.8430333,36.6180224],[27.8418575,36.6173087],[27.8408877,36.6164291],[27.8404136,36.6162754],[27.8397182,36.6158796],[27.8385215,36.6157584],[27.8378937,36.6158323],[27.8371527,36.6155389],[27.8364142,36.6154624]]},"properties":{"class":"tertiary","name":"Ακτή Παύλου"}},{"type":"Feature","geometry":{"type":"LineString","coordinates":[[27.8437013,36.6134797],[27.8436504,36.6136374],[27.8437302,36.6138096],[27.8447306,36.6144878],[27.844805,36.6146304],[27.8440668,36.6144135],[27.8424222,36.6144359],[27.8423622,36.6145884],[27.8427605,36.6156108],[27.8436165,36.6165875],[27.8445455,36.6178161],[27.8457136,36.6190249],[27.8480083,36.6202563],[27.8480619,36.6206847],[27.8479053,36.6215454],[27.8477064,36.6215769],[27.8476328,36.6214629],[27.8477792,36.6206991],[27.8476598,36.6204518],[27.8455688,36.6197393],[27.8443497,36.6188183],[27.8430333,36.6180224]]},"properties":{"class":"tertiary"}},{"type":"Feature","geometry":{"type":"LineString","coordinates":[[28.0522225,36.5906266],[28.0519478,36.5899735],[28.0512324,36.5891724],[28.0506388,36.5876226],[28.049133,36.58643],[28.048614,36.585921],[28.0481547,36.5852822],[28.047894,36.5843716]]},"properties":{"class":"tertiary"}},{"type":"Feature","geometry":{"type":"LineString","coordinates":[[28.098109,36.621721],[28.097226,36.621091],[28.09625,36.621016],[28.094248,36.619734],[28.093415,36.619028],[28.092111,36.618769],[28.091003,36.617711],[28.090795,36.617618],[28.089807,36.617346],[28.088186,36.617296],[28.085994,36.616634],[28.084161,36.616222],[28.082992,36.615721],[28.08073,36.61564],[28.079544,36.61522],[28.078128,36.614978],[28.077649,36.614746],[28.076786,36.613753],[28.07646,36.613545],[28.075872,36.613385],[28.074547,36.613208],[28.071744,36.612486],[28.071363,36.612317],[28.071003,36.611777],[28.070386,36.611196],[28.069881,36.610097],[28.068878,36.609359],[28.068568,36.609005],[28.068471,36.608685],[28.068541,36.608229],[28.068713,36.607847],[28.06922,36.607394],[28.06957,36.606809],[28.070208,36.606241],[28.071098,36.605975],[28.071436,36.605758],[28.071466,36.605618],[28.07107,36.605351],[28.070215,36.605085],[28.069418,36.604536],[28.068473,36.603288],[28.06692,36.601991],[28.066036,36.601539],[28.0645188,36.6009618]]},"properties":{"class":"tertiary"}},{"type":"Feature","geometry":{"type":"LineString","coordinates":[[28.0585783,36.599413],[28.057461,36.598258],[28.05638,36.596847],[28.05532,36.595835],[28.055038,36.595162],[28.054288,36.594012],[28.05375,36.593473],[28.0533206,36.5921408],[28.052974,36.591418],[28.0524844,36.5910484],[28.0522225,36.5906266]]},"properties":{"class":"tertiary"}},{"type":"Feature","geometry":{"type":"LineString","coordinates":[[28.0614322,36.6009047],[28.060584,36.601489],[28.059541,36.60176],[28.059363,36.601646],[28.059824,36.601183],[28.059896,36.60092],[28.059839,36.600752],[28.0594817,36.6004452]]},"properties":{"class":"tertiary"}},{"type":"Feature","geometry":{"type":"LineString","coordinates":[[28.0594817,36.6004452],[28.0592,36.6002427],[28.0585783,36.599413]]},"properties":{"class":"tertiary"}},{"type":"Feature","geometry":{"type":"LineString","coordinates":[[28.0645188,36.6009618],[28.064027,36.600759],[28.063127,36.600613],[28.0614322,36.6009047]]},"properties":{"class":"tertiary"}},{"type":"Feature","geometry":{"type":"LineString","coordinates":[[28.0749951,36.6758286],[28.0762321,36.6756509],[28.0773389,36.6757638],[28.0784271,36.6753472],[28.0787208,36.6753857],[28.0794746,36.6757408],[28.0798311,36.6757343],[28.0802381,36.6756607],[28.0803864,36.6755481],[28.0805772,36.6751446],[28.0808037,36.6750085],[28.0812103,36.6749372],[28.0822165,36.6751699],[28.0829527,36.6751247],[28.0838525,36.6753799],[28.0844928,36.6753243],[28.0851925,36.6749276],[28.0854034,36.6748886],[28.0867784,36.6751856],[28.0873905,36.6750676],[28.0880855,36.6748039],[28.0892308,36.6740394],[28.0896853,36.6735048],[28.0900861,36.6728059],[28.090617,36.672185],[28.0922632,36.6706729],[28.0936029,36.6695664],[28.0944111,36.669338],[28.0968191,36.66821],[28.0974496,36.6680914],[28.0981382,36.6677726],[28.0999381,36.6671375],[28.1019235,36.6661621],[28.1026087,36.6656012],[28.1031076,36.6653072],[28.103199,36.6651917],[28.1031346,36.6649895],[28.1029681,36.6648915],[28.10211,36.6647141],[28.1016794,36.6644726],[28.1007743,36.6645893],[28.0992186,36.6640816],[28.0985858,36.6640925],[28.0984083,36.6638696],[28.0982316,36.6633221],[28.0982616,36.6632571],[28.0987519,36.663378],[28.0995163,36.6634296],[28.102397,36.6629434],[28.1025258,36.662881],[28.1027189,36.6625389],[28.1031317,36.6623009],[28.1041212,36.6608936],[28.1039929,36.6601076],[28.1041378,36.6592534],[28.1040975,36.6590877],[28.1037194,36.6586315],[28.103552,36.6572559],[28.1036234,36.6571063],[28.1037757,36.6571103],[28.1039098,36.6572178],[28.1041834,36.6578031],[28.1045911,36.6582829],[28.1054494,36.658752],[28.1066671,36.6591178],[28.1075388,36.6602367],[28.1082121,36.6604884],[28.108624,36.6609887],[28.1106882,36.6611061],[28.1112831,36.6616277],[28.1114011,36.6618526],[28.1118228,36.6619913],[28.1121516,36.6619888],[28.1140585,36.6626693],[28.1150533,36.6625336],[28.1159335,36.6627761],[28.116554,36.6628594],[28.1179708,36.6632854],[28.1181283,36.6633687],[28.1181098,36.6635169]]},"properties":{"class":"tertiary"}},{"type":"Feature","geometry":{"type":"LineString","coordinates":[[28.103552,36.6572559],[28.102997,36.65679],[28.103274,36.656265],[28.103325,36.655969],[28.1032921,36.6557469],[28.103023,36.655343],[28.102953,36.655071],[28.103084,36.654185],[28.102843,36.65359],[28.1028,36.652458],[28.1029314,36.6516424],[28.1032278,36.6513574],[28.1033899,36.651065],[28.103247,36.649958],[28.1031763,36.6496125],[28.1030381,36.6493637],[28.1026262,36.6490049],[28.101944,36.647575],[28.1019939,36.647151],[28.1019328,36.6467731],[28.1019628,36.6466371],[28.1025125,36.6460316],[28.1031138,36.6457527],[28.1032976,36.6456308],[28.1033331,36.645503],[28.1028289,36.643919],[28.1026283,36.6436048],[28.1027108,36.6429678],[28.1026774,36.6423542],[28.1039769,36.6415223],[28.1040697,36.6413925],[28.1031293,36.6408845],[28.1020242,36.6399548],[28.1007602,36.6393609],[28.1004256,36.6391541],[28.1001518,36.6388543],[28.0996585,36.6385816],[28.0989444,36.6376105],[28.097947,36.6366089],[28.0979365,36.6362873],[28.0981776,36.6359332],[28.0984483,36.6351194]]},"properties":{"class":"tertiary"}},{"type":"Feature","geometry":{"type":"LineString","coordinates":[[28.1052809,36.6295086],[28.104757,36.628757],[28.104391,36.628474],[28.103282,36.627857],[28.102773,36.627186],[28.102276,36.626877],[28.102061,36.626636],[28.1019456,36.6263157],[28.101968,36.626074],[28.102058,36.625703],[28.102365,36.625184],[28.102382,36.625031],[28.102234,36.624768],[28.101365,36.624075],[28.100129,36.623313],[28.099027,36.622137],[28.098109,36.621721]]},"properties":{"class":"tertiary"}},{"type":"Feature","geometry":{"type":"LineString","coordinates":[[28.0994725,36.6348984],[28.100262,36.6350433],[28.1018686,36.6349378],[28.1029377,36.6341515],[28.1037864,36.6339219],[28.1043148,36.6340381],[28.1057659,36.6350543],[28.1063097,36.6353041],[28.1065364,36.6351992],[28.1069761,36.6347259],[28.106997,36.633882]]},"properties":{"class":"tertiary"}},{"type":"Feature","geometry":{"type":"LineString","coordinates":[[28.0984483,36.6351194],[28.098489,36.634856],[28.0986044,36.6347656],[28.0994725,36.6348984]]},"properties":{"class":"tertiary"}},{"type":"Feature","geometry":{"type":"LineString","coordinates":[[28.0957362,36.6448005],[28.0964853,36.6447245],[28.0969487,36.6450382],[28.0971506,36.6455439],[28.097106,36.6462453],[28.0968401,36.6469237],[28.0969499,36.6473873],[28.0971427,36.6476235],[28.0972325,36.6478885],[28.0970723,36.6482618],[28.0970767,36.648631],[28.0967488,36.6490434],[28.0967671,36.6493292],[28.0974369,36.6497457],[28.0976235,36.650249],[28.0977662,36.650332],[28.0978395,36.6502284],[28.0977093,36.6495753],[28.0977808,36.6492621],[28.0980718,36.6491349],[28.0983052,36.6492373],[28.0983925,36.6494067],[28.0984113,36.6499081],[28.099108,36.6512169],[28.0987315,36.6518922],[28.0988404,36.6530541],[28.0987152,36.6541083],[28.0988316,36.6543038],[28.0993353,36.6546155],[28.0994935,36.6548029],[28.0995371,36.6555911],[28.0997014,36.6560495],[28.0996491,36.6562123],[28.0983737,36.6572437],[28.098591,36.6586896],[28.0990416,36.6591802],[28.0999213,36.660398],[28.1007475,36.6609402],[28.1025594,36.6615027],[28.1033733,36.6612953],[28.1041037,36.66097]]},"properties":{"class":"unclassified"}},{"type":"Feature","geometry":{"type":"LineString","coordinates":[[28.0984032,36.6495404],[28.0986124,36.6494002],[28.0987009,36.6491915],[28.0985936,36.6484684],[28.0989209,36.6479498],[28.0988967,36.6473709],[28.0990201,36.647089]]},"properties":{"class":"unclassified"}},{"type":"Feature","geometry":{"type":"LineString","coordinates":[[28.0815525,36.6612427],[28.0818878,36.6611622],[28.0822146,36.66092],[28.082595,36.6608585]]},"properties":{"class":"unclassified"}},{"type":"Feature","geometry":{"type":"LineString","coordinates":[[28.0862066,36.659241],[28.0886279,36.6596923],[28.0910338,36.6605508],[28.0920028,36.6606026],[28.0932641,36.6610317],[28.0941045,36.6616752]]},"properties":{"class":"unclassified"}},{"type":"Feature","geometry":{"type":"LineString","coordinates":[[28.0830445,36.6608294],[28.0830434,36.6607518]]},"properties":{"class":"unclassified"}},{"type":"Feature","geometry":{"type":"LineString","coordinates":[[28.0830434,36.6607518],[28.0832768,36.6602957],[28.0837847,36.6599071],[28.0839671,36.6592788],[28.0840082,36.6587416]]},"properties":{"class":"unclassified"}},{"type":"Feature","geometry":{"type":"LineString","coordinates":[[28.0840082,36.6587416],[28.0862066,36.659241]]},"properties":{"class":"unclassified"}},{"type":"Feature","geometry":{"type":"LineString","coordinates":[[28.082595,36.6608585],[28.0830039,36.6608561]]},"properties":{"class":"unclassified"}},{"type":"Feature","geometry":{"type":"LineString","coordinates":[[28.0830039,36.6608561],[28.0830445,36.6608294]]},"properties":{"class":"unclassified"}},{"type":"Feature","geometry":{"type":"LineString","coordinates":[[28.0936029,36.6695664],[28.094117,36.6686771],[28.0944296,36.6677743],[28.0949106,36.6673693],[28.0953079,36.6673905],[28.095561,36.667286],[28.0956926,36.6670087],[28.0957756,36.6665127],[28.0951444,36.6660715],[28.094748,36.6654164],[28.0936772,36.6647098],[28.0929553,36.6635834],[28.093016,36.6634393],[28.0934599,36.663208]]},"properties":{"class":"tertiary"}},{"type":"Feature","geometry":{"type":"LineString","coordinates":[[28.0988776,36.6568266],[28.0991155,36.6568074],[28.0996892,36.65651],[28.1005339,36.656396],[28.100815,36.6562517],[28.1012232,36.6562111],[28.1015588,36.6562958],[28.1019557,36.6560482],[28.1032921,36.6557469]]},"properties":{"class":"unclassified"}},{"type":"Feature","geometry":{"type":"LineString","coordinates":[[28.0935203,36.6631381],[28.0940514,36.6621826],[28.0941045,36.6616752],[28.0947393,36.6619235],[28.0950853,36.6622075],[28.096215,36.6627665],[28.0969448,36.6632645],[28.0982616,36.6632571]]},"properties":{"class":"tertiary"}},{"type":"Feature","geometry":{"type":"LineString","coordinates":[[28.0934599,36.663208],[28.0935203,36.6631381]]},"properties":{"class":"tertiary"}},{"type":"Feature","geometry":{"type":"LineString","coordinates":[[28.045807,36.6936697],[28.0458891,36.6932991],[28.0461891,36.6926352],[28.0462386,36.692211],[28.0461802,36.6919547],[28.0454323,36.6910592],[28.0453974,36.6906118],[28.0455154,36.6903365],[28.0465318,36.6894912],[28.0479832,36.687815],[28.0492181,36.6872259],[28.0504079,36.6861074],[28.0512246,36.6856625],[28.0515705,36.685645]]},"properties":{"class":"tertiary"}},{"type":"Feature","geometry":{"type":"LineString","coordinates":[[28.0397324,36.6928613],[28.0399244,36.6928802],[28.0404487,36.6932839],[28.0414006,36.6934375]]},"properties":{"class":"unclassified"}},{"type":"Feature","geometry":{"type":"LineString","coordinates":[[28.0428257,36.6949188],[28.0425816,36.6945679],[28.0416802,36.6936524],[28.0417035,36.6930729],[28.0418169,36.6930403]]},"properties":{"class":"unclassified"}},{"type":"Feature","geometry":{"type":"LineString","coordinates":[[28.045807,36.6936697],[28.0459381,36.6945385],[28.0459084,36.6958404],[28.0458307,36.6960371]]},"properties":{"class":"tertiary"}},{"type":"Feature","geometry":{"type":"LineString","coordinates":[[28.043429,36.6925932],[28.0442896,36.6936562],[28.045807,36.6936697]]},"properties":{"class":"tertiary"}},{"type":"Feature","geometry":{"type":"LineString","coordinates":[[28.0415725,36.6937867],[28.0414788,36.6928066],[28.0413536,36.6928249],[28.0414006,36.6934375],[28.0415725,36.6937867],[28.04265,36.6948675],[28.0431641,36.6949573]]},"properties":{"class":"unclassified"}},{"type":"Feature","geometry":{"type":"LineString","coordinates":[[28.0458307,36.6960371],[28.0454639,36.6967155],[28.0453428,36.69711],[28.0449838,36.6976809],[28.0448554,36.6982832],[28.0441795,36.6993929],[28.0440829,36.6997541],[28.0442331,36.7004251],[28.0441826,36.7006809]]},"properties":{"class":"unclassified"}},{"type":"Feature","geometry":{"type":"LineString","coordinates":[[28.0458307,36.6960371],[28.0464566,36.6962624],[28.0478114,36.6973677],[28.0482226,36.6974925],[28.0497768,36.6983115],[28.0521031,36.6993378],[28.0530342,36.6996513],[28.0537224,36.6997419]]},"properties":{"class":"unclassified"}},{"type":"Feature","geometry":{"type":"LineString","coordinates":[[28.0441826,36.7006809],[28.0439649,36.7017842],[28.0439336,36.7024474],[28.0437349,36.7023657],[28.0434457,36.7024709],[28.0433162,36.7027221]]},"properties":{"class":"unclassified"}},{"type":"Feature","geometry":{"type":"LineString","coordinates":[[28.0973925,36.6988555],[28.0982443,36.6975951],[28.0990974,36.6969289],[28.1011162,36.6956779],[28.1015308,36.6952946],[28.1020607,36.694528],[28.1025157,36.6941087],[28.1042066,36.6941863],[28.1054229,36.6944191],[28.105985,36.6942898],[28.106842,36.694275],[28.1086066,36.6940275],[28.110574,36.6940348],[28.1115047,36.6938317],[28.1125229,36.6937282],[28.1128777,36.6937725],[28.1149125,36.6933015],[28.1151866,36.6935549],[28.116795,36.6938875]]},"properties":{"class":"tertiary","name":"Bozburun Yolu"}},{"type":"Feature","geometry":{"type":"LineString","coordinates":[[28.0795126,36.6943962],[28.0789601,36.6942442],[28.0780876,36.6934272],[28.0774056,36.693259],[28.0770319,36.6932639],[28.0746051,36.693882],[28.0742315,36.6938328],[28.0739193,36.6936361],[28.0733951,36.6929207],[28.0733449,36.6927463],[28.0733951,36.6926167],[28.0742037,36.691861],[28.074284,36.6916509],[28.0742394,36.6909462],[28.0722721,36.6875515],[28.071661,36.6867932],[28.0714781,36.68616],[28.0713264,36.6859382],[28.0708179,36.6855125],[28.0703673,36.6852943],[28.0699525,36.6851512],[28.0688194,36.6849902],[28.0678915,36.6847577],[28.0659555,36.6850761],[28.0639117,36.6847571],[28.0629707,36.6846868],[28.0590859,36.6852103]]},"properties":{"class":"secondary","ref":"48-53"}},{"type":"Feature","geometry":{"type":"LineString","coordinates":[[28.0656296,36.6780888],[28.0653352,36.6764446],[28.0653886,36.6762526],[28.0652307,36.6757709],[28.0652618,36.6744964],[28.0653319,36.6742529],[28.0655006,36.6741049],[28.0662284,36.6742563],[28.0670993,36.6743263],[28.0673705,36.6746974],[28.0680399,36.6749621],[28.0684557,36.6752626],[28.0715218,36.6758428],[28.0722236,36.675885],[28.0729816,36.6756654],[28.0734839,36.6756071],[28.0749951,36.6758286]]},"properties":{"class":"tertiary"}},{"type":"Feature","geometry":{"type":"LineString","coordinates":[[28.0590859,36.6852103],[28.057661,36.6854618],[28.0568969,36.685693],[28.0530551,36.6861875],[28.0525411,36.6861215],[28.0515705,36.685645]]},"properties":{"class":"tertiary"}},{"type":"Feature","geometry":{"type":"LineString","coordinates":[[28.0666876,36.6803851],[28.0679804,36.6807372],[28.0683417,36.6811922],[28.0698073,36.6825258],[28.0693091,36.6839401],[28.0671018,36.6837441],[28.0662764,36.6832678],[28.0650168,36.6833255],[28.0631444,36.683667],[28.062347,36.6837143]]},"properties":{"class":"unclassified"}},{"type":"Feature","geometry":{"type":"LineString","coordinates":[[28.0590859,36.6852103],[28.0589801,36.6851497],[28.058982,36.6849882],[28.059402,36.6846999],[28.0605357,36.6842516],[28.062347,36.6837143],[28.0631634,36.6832464],[28.0632991,36.6828203],[28.0633482,36.6810595],[28.0642398,36.6800889],[28.065313,36.6791966],[28.0656296,36.6780888]]},"properties":{"class":"tertiary"}},{"type":"Feature","geometry":{"type":"LineString","coordinates":[[28.0584685,36.6853198],[28.0586962,36.6852361],[28.058982,36.6849882]]},"properties":{"class":"tertiary"}},{"type":"Feature","geometry":{"type":"LineString","coordinates":[[28.0653913,36.6789227],[28.0656237,36.6793164],[28.0657107,36.6799951],[28.0658081,36.6801126],[28.0663451,36.6803389],[28.0666876,36.6803851],[28.0666755,36.6809655],[28.0665036,36.6812228],[28.0645725,36.6825029],[28.064535,36.6826535],[28.064881,36.6830342],[28.0650168,36.6833255]]},"properties":{"class":"unclassified"}},{"type":"Feature","geometry":{"type":"LineString","coordinates":[[28.0629934,36.6833974],[28.0631444,36.683667],[28.0632121,36.6844078],[28.0632906,36.6845426],[28.0639117,36.6847571]]},"properties":{"class":"unclassified"}},{"type":"Feature","geometry":{"type":"LineString","coordinates":[[28.073713,36.6933768],[28.0728412,36.6931],[28.0724944,36.6931613],[28.0718617,36.6934885],[28.0716164,36.693721],[28.071332,36.6942263],[28.0711145,36.6947092],[28.0709751,36.6954782],[28.0708054,36.6957493],[28.0696658,36.6956742],[28.0689231,36.695742],[28.067925,36.6961086],[28.0675235,36.6964707],[28.0650647,36.6976577],[28.0632243,36.6979327],[28.0621227,36.6977968]]},"properties":{"class":"unclassified"}},{"type":"Feature","geometry":{"type":"LineString","coordinates":[[28.0537224,36.6997419],[28.0546095,36.6995996],[28.0563973,36.6982954],[28.0567977,36.698123],[28.0572347,36.6976866],[28.0576033,36.6974709],[28.0581819,36.6974531],[28.059096,36.6977694],[28.0602018,36.6975507],[28.0621227,36.6977968]]},"properties":{"class":"unclassified"}},{"type":"Feature","geometry":{"type":"LineString","coordinates":[[28.0995711,36.700926],[28.0987767,36.7012074],[28.0985258,36.7012253],[28.0980909,36.7010598],[28.0975057,36.7003326],[28.0974611,36.7001269],[28.0977232,36.6995502],[28.0977176,36.6993803],[28.0973925,36.6988555],[28.0968979,36.698893],[28.0958998,36.6994608],[28.0950259,36.69967],[28.0941933,36.7002877],[28.0937946,36.7004587],[28.093037,36.7006196],[28.0927016,36.7004822],[28.0926195,36.7001532],[28.0927051,36.6999615],[28.093244,36.6994694],[28.0934225,36.698882],[28.0934783,36.6982002],[28.0936958,36.697733],[28.0944485,36.6969417],[28.0953797,36.6963828],[28.0955582,36.6962129],[28.0955526,36.6959759],[28.0952626,36.6959804],[28.0932218,36.6970847],[28.0922919,36.6974787],[28.0909887,36.6976303],[28.0902793,36.6974438],[28.0897375,36.6970628],[28.0893371,36.6963184],[28.0882947,36.6960058],[28.088117,36.6957545],[28.0880315,36.6949398],[28.0875301,36.6934676],[28.0873628,36.6927119],[28.0871788,36.6924079],[28.0869446,36.6922201],[28.0860413,36.6917775],[28.0856286,36.691232],[28.0853889,36.6910844],[28.0841342,36.6909369],[28.0834261,36.6910442],[28.0830469,36.6912185],[28.0826956,36.6914913],[28.0814243,36.6929221],[28.0804819,36.693168],[28.0802867,36.693396],[28.0801418,36.6937001],[28.0800804,36.6941025],[28.0799633,36.6942545],[28.0795126,36.6943962]]},"properties":{"class":"secondary","ref":"48-53"}},{"type":"Feature","geometry":{"type":"LineString","coordinates":[[28.1006871,36.7040686],[28.1004935,36.7039701],[28.1004143,36.7038082],[28.1003696,36.7028119],[28.1000453,36.7021206],[28.1000139,36.7011971],[28.0997771,36.7009146]]},"properties":{"class":"secondary","ref":"48-53"}},{"type":"Feature","geometry":{"type":"LineString","coordinates":[[28.09757,36.6985928],[28.0981741,36.6986407],[28.0984569,36.6988396],[28.0987697,36.6991713],[28.0985932,36.6993747]]},"properties":{"class":"unclassified"}},{"type":"Feature","geometry":{"type":"LineString","coordinates":[[28.0997771,36.7009146],[28.0995711,36.700926]]},"properties":{"class":"secondary","ref":"48-53"}},{"type":"Feature","geometry":{"type":"LineString","coordinates":[[28.1018871,36.7038166],[28.1012107,36.7040525],[28.1006871,36.7040686]]},"properties":{"class":"secondary","ref":"48-53"}},{"type":"Feature","geometry":{"type":"LineString","coordinates":[[27.6879987,36.7175023],[27.6875632,36.7182981],[27.6875311,36.7185776]]},"properties":{"class":"unclassified"}},{"type":"Feature","geometry":{"type":"LineString","coordinates":[[27.6874719,36.7192373],[27.6872616,36.7191199]]},"properties":{"class":"unclassified"}},{"type":"Feature","geometry":{"type":"LineString","coordinates":[[27.6875311,36.7185776],[27.6874719,36.7192373]]},"properties":{"class":"unclassified"}},{"type":"Feature","geometry":{"type":"LineString","coordinates":[[27.6873184,36.7225497],[27.6873872,36.7228096]]},"properties":{"class":"unclassified","name":"Kargı Yolu"}},{"type":"Feature","geometry":{"type":"LineString","coordinates":[[27.6875294,36.7227598],[27.6878742,36.7226841],[27.6887698,36.7230201]]},"properties":{"class":"secondary","name":"Atatürk Caddesi"}},{"type":"Feature","geometry":{"type":"LineString","coordinates":[[27.6898008,36.7230763],[27.6902756,36.7223886],[27.6900838,36.722265]]},"properties":{"class":"secondary","name":"Atatürk Caddesi"}},{"type":"Feature","geometry":{"type":"LineString","coordinates":[[27.6875294,36.7227598],[27.6866573,36.7231176],[27.6861818,36.7238037],[27.6855362,36.7245378],[27.6853674,36.7249454]]},"properties":{"class":"secondary","name":"Atatürk Caddesi"}},{"type":"Feature","geometry":{"type":"LineString","coordinates":[[27.689194,36.7231407],[27.6898008,36.7230763]]},"properties":{"class":"secondary","name":"Atatürk Caddesi"}},{"type":"Feature","geometry":{"type":"LineString","coordinates":[[27.6856961,36.7296514],[27.6854504,36.730043]]},"properties":{"class":"primary","name":"Ahmet Taner Kışlalı Caddesi"}},{"type":"Feature","geometry":{"type":"LineString","coordinates":[[27.6887698,36.7230201],[27.689194,36.7231407]]},"properties":{"class":"secondary","name":"Atatürk Caddesi"}},{"type":"Feature","geometry":{"type":"LineString","coordinates":[[27.6878758,36.7295621],[27.6871064,36.7288059]]},"properties":{"class":"unclassified","name":"Hat Çavuşu Sokak"}},{"type":"Feature","geometry":{"type":"LineString","coordinates":[[27.6868125,36.7284241],[27.686822,36.7287058],[27.6856961,36.7296514]]},"properties":{"class":"primary","name":"Ahmet Taner Kışlalı Caddesi"}},{"type":"Feature","geometry":{"type":"LineString","coordinates":[[27.6850429,36.7237627],[27.6847161,36.7238128]]},"properties":{"class":"unclassified","name":"Bademli Cd."}},{"type":"Feature","geometry":{"type":"LineString","coordinates":[[27.6868125,36.7284241],[27.6866956,36.7284634],[27.6866495,36.7283713],[27.6867497,36.7283214],[27.6868125,36.7284241]]},"properties":{"class":"primary"}},{"type":"Feature","geometry":{"type":"LineString","coordinates":[[27.6862527,36.7273522],[27.6857803,36.7262017]]},"properties":{"class":"secondary","name":"Atatürk Caddesi"}},{"type":"Feature","geometry":{"type":"LineString","coordinates":[[27.6853793,36.7250487],[27.6853674,36.7249454]]},"properties":{"class":"secondary","name":"Atatürk Caddesi"}},{"type":"Feature","geometry":{"type":"LineString","coordinates":[[27.6856315,36.7295992],[27.686718,36.7286854],[27.6867592,36.7285362],[27.6866956,36.7284634]]},"properties":{"class":"primary","name":"Ahmet Taner Kışlalı Caddesi"}},{"type":"Feature","geometry":{"type":"LineString","coordinates":[[27.6857803,36.7262017],[27.6853793,36.7250487]]},"properties":{"class":"secondary","name":"Atatürk Caddesi"}},{"type":"Feature","geometry":{"type":"LineString","coordinates":[[27.6865251,36.7280782],[27.6862527,36.7273522]]},"properties":{"class":"secondary","name":"Atatürk Caddesi"}},{"type":"Feature","geometry":{"type":"LineString","coordinates":[[27.7132637,36.7631097],[27.7132743,36.7632326],[27.7129549,36.7633499],[27.7124551,36.7638108],[27.7118122,36.7639672],[27.7112218,36.7642233],[27.710449,36.7643722],[27.7096094,36.7648191],[27.7079679,36.7649932],[27.7075146,36.76564],[27.7071311,36.7658462],[27.7066955,36.7659175],[27.7059241,36.7666176],[27.7056183,36.7667358],[27.7048619,36.766667],[27.7028181,36.7668174],[27.7015548,36.7671505],[27.6999884,36.7681324],[27.6979257,36.7700425],[27.6965712,36.7707923],[27.6961904,36.7709685],[27.6948707,36.7712693],[27.693653,36.7712586]]},"properties":{"class":"unclassified"}},{"type":"Feature","geometry":{"type":"LineString","coordinates":[[27.8723166,36.765056],[27.8721219,36.7655778],[27.8718718,36.7658218],[27.8716059,36.7659076],[27.8709938,36.7658899],[27.870381,36.765535],[27.8698475,36.7654494],[27.8682695,36.7662884],[27.8676035,36.7663634],[27.8670317,36.7661329],[27.8668119,36.7658559],[27.8665463,36.7651122],[27.8663933,36.7648987],[27.8658061,36.764631],[27.865176,36.764682],[27.8636704,36.7658704],[27.8629059,36.7661086],[27.8613658,36.7662945],[27.8599958,36.7667474],[27.8562377,36.7688402],[27.8544147,36.7697523],[27.8476765,36.7728013],[27.846639,36.773195],[27.8429883,36.7743078],[27.841518,36.7749057],[27.8408299,36.7753656],[27.8402135,36.7759263],[27.8388433,36.7776035],[27.8382919,36.7781615],[27.8377883,36.7785697],[27.8366415,36.779216],[27.8351854,36.7796338],[27.8290754,36.7802171],[27.8278133,36.7799973],[27.8272127,36.7797603],[27.8266977,36.7794639],[27.8253063,36.7783113],[27.8249556,36.7781274],[27.8231169,36.7778805],[27.8223647,36.7776658],[27.821849,36.7774033],[27.8214222,36.7770706],[27.8200501,36.7756922],[27.8195572,36.7753297],[27.8191733,36.7752552],[27.8188153,36.7752844],[27.8178215,36.7757219],[27.817166,36.7758856],[27.8166096,36.7758026],[27.8154429,36.7751476],[27.8149056,36.774914],[27.8145136,36.774836],[27.8137675,36.7748429],[27.8116299,36.7754408],[27.8110564,36.7754674],[27.8102114,36.7753277],[27.8094417,36.7748421],[27.8080758,36.7732626],[27.8069604,36.772193],[27.8031593,36.769165],[27.8021325,36.7682167],[27.8017071,36.7679719],[27.7976239,36.7671831],[27.7961961,36.7667311],[27.7953577,36.7663545],[27.7925135,36.7654973],[27.7915755,36.7653211],[27.790578,36.7652255],[27.7869532,36.7652616],[27.7852757,36.7651566]]},"properties":{"class":"trunk","name":"Marmaris Datça Yolu","ref":"D400"}},{"type":"Feature","geometry":{"type":"LineString","coordinates":[[27.6849453,36.7318617],[27.6860582,36.7318627]]},"properties":{"class":"tertiary","name":"Barış Caddesi"}},{"type":"Feature","geometry":{"type":"LineString","coordinates":[[27.6854504,36.730043],[27.6848597,36.7308415],[27.6847809,36.7316884],[27.6846787,36.7319245],[27.6842212,36.7322309],[27.6830118,36.7326633],[27.6827209,36.732895],[27.6825143,36.7332151]]},"properties":{"class":"primary","name":"Ahmet Taner Kışlalı Caddesi"}},{"type":"Feature","geometry":{"type":"LineString","coordinates":[[27.6825143,36.7332151],[27.6824204,36.7333811]]},"properties":{"class":"trunk","ref":"D400"}},{"type":"Feature","geometry":{"type":"LineString","coordinates":[[27.6831581,36.7336248],[27.6839433,36.7338355],[27.6843631,36.7338497],[27.6887007,36.7336927],[27.6897496,36.7343188],[27.6903941,36.7343899],[27.6925079,36.7335047],[27.6932086,36.7334469]]},"properties":{"class":"tertiary","name":"Burgaz Yolu"}},{"type":"Feature","geometry":{"type":"LineString","coordinates":[[27.6929948,36.7432422],[27.69305,36.7436789],[27.6918795,36.7445854],[27.6906125,36.7453372],[27.69016,36.7454266],[27.6893123,36.7450979],[27.689074,36.7448223],[27.6887301,36.7446047],[27.6878854,36.7445346],[27.6862503,36.743807],[27.686021,36.7436281],[27.6859064,36.7434009],[27.6856015,36.7431933],[27.6854887,36.7428727],[27.6843491,36.7419308]]},"properties":{"class":"unclassified"}},{"type":"Feature","geometry":{"type":"LineString","coordinates":[[27.6925852,36.7395192],[27.6926876,36.7407876],[27.6930801,36.741844],[27.6930843,36.742685],[27.6931697,36.7429482],[27.6929948,36.7432422]]},"properties":{"class":"unclassified","name":"173.Sokak"}},{"type":"Feature","geometry":{"type":"LineString","coordinates":[[27.6885965,36.7584144],[27.6887338,36.7593833],[27.6891938,36.7605024],[27.6893928,36.7612059],[27.6894348,36.762487],[27.6900686,36.7675342],[27.6903456,36.7690304],[27.6907905,36.7709839],[27.6916762,36.7723092]]},"properties":{"class":"tertiary"}},{"type":"Feature","geometry":{"type":"LineString","coordinates":[[27.7305296,36.7647515],[27.7306455,36.7644926],[27.7306026,36.7642863],[27.7304256,36.7641746],[27.7308366,36.76363]]},"properties":{"class":"primary","name":"Flow Datça Surf&Beach Hotel"}},{"type":"Feature","geometry":{"type":"LineString","coordinates":[[27.779806,36.7592386],[27.7791372,36.7591388],[27.7782554,36.7592701],[27.7776794,36.7591002],[27.7766868,36.7589993],[27.7758303,36.758664],[27.775641,36.7586944],[27.7745648,36.7595356]]},"properties":{"class":"unclassified"}},{"type":"Feature","geometry":{"type":"LineString","coordinates":[[27.7745648,36.7595356],[27.7746038,36.7597539]]},"properties":{"class":"unclassified"}},{"type":"Feature","geometry":{"type":"LineString","coordinates":[[27.7770522,36.7648238],[27.7767149,36.7639506],[27.7754806,36.7616598],[27.7746038,36.7597539]]},"properties":{"class":"unclassified"}},{"type":"Feature","geometry":{"type":"LineString","coordinates":[[27.7852757,36.7651566],[27.7852442,36.7648513],[27.7845665,36.7635139],[27.784595,36.7629977],[27.7844819,36.7628704],[27.7837654,36.7623666],[27.7830877,36.7620465],[27.7814942,36.7609055],[27.7802453,36.7601308],[27.779806,36.7592386]]},"properties":{"class":"unclassified"}},{"type":"Feature","geometry":{"type":"LineString","coordinates":[[27.779806,36.7592386],[27.7799718,36.7590562],[27.7802775,36.7589525],[27.7809389,36.7589382],[27.7812622,36.7588662],[27.7814294,36.7587316],[27.7814493,36.7586054],[27.7812625,36.7585042],[27.7813339,36.7578871],[27.781291,36.7575261],[27.7811462,36.7573198],[27.7802664,36.757178]]},"properties":{"class":"unclassified"}},{"type":"Feature","geometry":{"type":"LineString","coordinates":[[27.7852757,36.7651566],[27.7840862,36.7650892]]},"properties":{"class":"trunk","name":"Marmaris Datça Yolu","ref":"D400"}},{"type":"Feature","geometry":{"type":"LineString","coordinates":[[27.6923346,36.7740708],[27.6920592,36.7730726],[27.6916762,36.7723092]]},"properties":{"class":"tertiary"}},{"type":"Feature","geometry":{"type":"LineString","coordinates":[[27.7980455,36.7644224],[27.7978424,36.7643759],[27.7973766,36.7645821],[27.797159,36.7645571],[27.7967996,36.7641789],[27.7956939,36.7624537],[27.7955629,36.7624132],[27.7950472,36.7626363],[27.794403,36.7643792],[27.7944395,36.7646446],[27.7950321,36.7654601],[27.7958221,36.7659104],[27.7964725,36.7664583],[27.7972838,36.7667943],[27.7975603,36.7669944]]},"properties":{"class":"unclassified"}},{"type":"Feature","geometry":{"type":"LineString","coordinates":[[27.790026,36.7650135],[27.7894208,36.7650061],[27.7888655,36.7642345],[27.788448,36.7632571],[27.7884155,36.7629183],[27.7885836,36.7624535],[27.7895596,36.7614587],[27.788974,36.7609548],[27.7889902,36.7606507]]},"properties":{"class":"unclassified"}},{"type":"Feature","geometry":{"type":"LineString","coordinates":[[27.7900517,36.7652202],[27.7899934,36.7647514],[27.7904977,36.7623536],[27.7909748,36.7610026]]},"properties":{"class":"unclassified"}},{"type":"Feature","geometry":{"type":"LineString","coordinates":[[27.7976239,36.7671831],[27.7975603,36.7669944],[27.7981489,36.7661409],[27.7982908,36.765077],[27.7982184,36.7646924],[27.7980455,36.7644224]]},"properties":{"class":"unclassified"}},{"type":"Feature","geometry":{"type":"LineString","coordinates":[[27.7975603,36.7669944],[27.7975114,36.7666472],[27.7970493,36.7657949],[27.7966804,36.7655025],[27.7956475,36.7650016],[27.7949447,36.7640466]]},"properties":{"class":"unclassified"}},{"type":"Feature","geometry":{"type":"LineString","coordinates":[[27.7964725,36.7664583],[27.7961961,36.7667311]]},"properties":{"class":"unclassified"}},{"type":"Feature","geometry":{"type":"LineString","coordinates":[[27.9284521,36.7787229],[27.9271373,36.7790529],[27.9266757,36.7790976],[27.9252183,36.7788075],[27.9244052,36.7788092],[27.9221634,36.7794036],[27.9209815,36.7794395],[27.9196545,36.7792548],[27.9191231,36.7790504],[27.9177691,36.7782223],[27.9173809,36.7778047],[27.9170485,36.7772668],[27.9164239,36.775826],[27.9151103,36.7733647],[27.9143245,36.7722561],[27.9129199,36.7712967],[27.9103711,36.7699842],[27.9100947,36.7697075],[27.9094939,36.7683967],[27.908888,36.7675545],[27.9085201,36.7672353],[27.9072037,36.7664452],[27.9064763,36.7657609],[27.9061804,36.7652882],[27.9059905,36.7647423],[27.9059509,36.7643461],[27.9062372,36.7622901],[27.9059487,36.761711],[27.9062904,36.7616692],[27.9062403,36.7611504],[27.9060839,36.7606508],[27.9054484,36.7596038],[27.9039466,36.7563555],[27.9037738,36.7561452],[27.9032077,36.7559469],[27.9016992,36.755971],[27.9001895,36.7563585],[27.8989382,36.7562708],[27.8986004,36.7563133],[27.8979793,36.7564801],[27.8970526,36.7569448],[27.891237,36.7578614],[27.8891261,36.7584001],[27.8874212,36.7590451],[27.8792869,36.7625684],[27.8770354,36.7638706],[27.8766252,36.7640142],[27.8762051,36.7640491],[27.873909,36.7639738],[27.8732423,36.764054],[27.8730011,36.7641487],[27.8727331,36.7643814],[27.8723166,36.765056]]},"properties":{"class":"trunk","name":"Marmaris Datça Yolu","ref":"D400"}},{"type":"Feature","geometry":{"type":"LineString","coordinates":[[27.8785103,36.7584866],[27.8784241,36.7582505]]},"properties":{"class":"unclassified"}},{"type":"Feature","geometry":{"type":"LineString","coordinates":[[27.8787515,36.7591345],[27.8787255,36.7588581],[27.8785103,36.7584866],[27.878612,36.7582762]]},"properties":{"class":"unclassified"}},{"type":"Feature","geometry":{"type":"LineString","coordinates":[[27.8842123,36.7584182],[27.8840528,36.7582993],[27.8840273,36.7580569]]},"properties":{"class":"unclassified"}},{"type":"Feature","geometry":{"type":"LineString","coordinates":[[27.8794637,36.7602758],[27.8794192,36.760044]]},"properties":{"class":"unclassified"}},{"type":"Feature","geometry":{"type":"LineString","coordinates":[[27.8846686,36.7594466],[27.8851323,36.7593782],[27.8861992,36.7596]]},"properties":{"class":"unclassified"}},{"type":"Feature","geometry":{"type":"LineString","coordinates":[[27.8068399,36.7740943],[27.8062981,36.7732348],[27.8059709,36.7724655],[27.8050482,36.7710301],[27.8033531,36.769728],[27.8032243,36.7695647],[27.8031593,36.769165]]},"properties":{"class":"unclassified"}},{"type":"Feature","geometry":{"type":"LineString","coordinates":[[27.8131574,36.774997],[27.813852,36.7749176],[27.8139448,36.775062],[27.8139875,36.7755276],[27.8138399,36.7765347],[27.8137181,36.7770255],[27.8135418,36.7773483],[27.8135293,36.7779265],[27.8136846,36.7779769],[27.8141547,36.7777786],[27.8144485,36.7778189],[27.8144989,36.7778929],[27.8139406,36.7783031],[27.8139028,36.7783535],[27.8139868,36.7783938]]},"properties":{"class":"tertiary"}},{"type":"Feature","geometry":{"type":"LineString","coordinates":[[27.8068399,36.7740943],[27.8071886,36.7752976],[27.8072423,36.7757317],[27.8073817,36.7758692],[27.8079986,36.7757789],[27.8082079,36.7759594],[27.808216,36.7762467],[27.8080577,36.7765181]]},"properties":{"class":"unclassified"}},{"type":"Feature","geometry":{"type":"LineString","coordinates":[[27.8113478,36.7812766],[27.8116751,36.7808298],[27.8117341,36.7805376],[27.811557,36.7795107],[27.8109938,36.7793303],[27.8110957,36.7787244]]},"properties":{"class":"unclassified"}},{"type":"Feature","geometry":{"type":"LineString","coordinates":[[27.8080577,36.7765181],[27.8081013,36.7765678]]},"properties":{"class":"unclassified"}},{"type":"Feature","geometry":{"type":"LineString","coordinates":[[27.8081013,36.7765678],[27.8081784,36.7766858],[27.8090233,36.7771413],[27.8092194,36.7773749],[27.8101105,36.7779659]]},"properties":{"class":"unclassified"}},{"type":"Feature","geometry":{"type":"LineString","coordinates":[[27.8157728,36.7781399],[27.8170236,36.7780291],[27.8183877,36.7784619],[27.8191747,36.7785291],[27.8194161,36.7783695],[27.8193269,36.7778988],[27.8194895,36.7776803],[27.8197256,36.777655],[27.8208275,36.7781005],[27.8215672,36.7780963],[27.8218348,36.7779492],[27.8219135,36.7778231],[27.8219101,36.7774344]]},"properties":{"class":"tertiary"}},{"type":"Feature","geometry":{"type":"LineString","coordinates":[[27.8139868,36.7783938],[27.8157728,36.7781399]]},"properties":{"class":"tertiary"}},{"type":"Feature","geometry":{"type":"LineString","coordinates":[[27.988086,36.7754806],[27.9865313,36.7746935],[27.9861758,36.7746761],[27.9836835,36.775379],[27.9830148,36.7752899],[27.9819231,36.7749471],[27.9800574,36.7747409],[27.9785514,36.7748488],[27.9771323,36.7752484],[27.9764291,36.7756319],[27.9747393,36.7768571],[27.9745801,36.7770239],[27.9742684,36.7776413],[27.9738564,36.777913],[27.9735517,36.7780155],[27.9727975,36.7779957],[27.9724397,36.777904],[27.9717978,36.7775852],[27.9704984,36.7776412],[27.9700237,36.7777867],[27.969542,36.7786032],[27.9689332,36.7791509],[27.9684726,36.7792727],[27.9661411,36.7795036],[27.9655282,36.7791182],[27.9649302,36.7788811],[27.9645868,36.7789122],[27.9641651,36.7791127],[27.9636233,36.7798375],[27.9632072,36.7801647],[27.962939,36.7801699],[27.962198,36.7799672],[27.961942,36.7799958],[27.9613998,36.7803963],[27.9610142,36.7805603],[27.9605314,36.7804747],[27.9595969,36.7800342],[27.9591651,36.7799484],[27.9578006,36.7802656],[27.9571992,36.7802987],[27.9568074,36.7799598],[27.9564741,36.7792503],[27.9562057,36.7789541],[27.9557994,36.7786834],[27.9557432,36.7777561],[27.9556353,36.7776377],[27.9553575,36.7775443],[27.9550224,36.7775909],[27.954408,36.7779401],[27.9533427,36.7790611],[27.9521092,36.7806834],[27.9519278,36.7808403],[27.9515368,36.7809772],[27.9509611,36.7809884],[27.9499368,36.7808459],[27.9490503,36.7806099],[27.9464671,36.7791144],[27.9453641,36.7789215],[27.9438273,36.7789941],[27.9432513,36.7788725],[27.9429037,36.7786164],[27.9425261,36.7780193],[27.9420034,36.7775346],[27.9415777,36.777418],[27.9411434,36.7774464],[27.9388342,36.7779542],[27.9382609,36.7779839],[27.9365269,36.7775224],[27.935837,36.7774687],[27.9333389,36.7780173],[27.9299881,36.7783554],[27.9284521,36.7787229]]},"properties":{"class":"trunk","name":"Marmaris Datça Yolu","ref":"D400"}},{"type":"Feature","geometry":{"type":"LineString","coordinates":[[27.9259597,36.7940673],[27.9258969,36.7928613],[27.9256609,36.7923543],[27.9256797,36.7917679],[27.92539,36.7909668],[27.9255912,36.7906531],[27.9256287,36.7904491],[27.9256207,36.7894975],[27.9257655,36.7892355],[27.9262161,36.7890228],[27.9265299,36.7886555],[27.9266882,36.787966],[27.9266533,36.7876824],[27.9267392,36.787502],[27.9277477,36.7862711],[27.9278818,36.7860133],[27.9283297,36.7856739],[27.928547,36.7853861],[27.928665,36.7851648],[27.9286167,36.7846879],[27.9283914,36.7844774],[27.9276377,36.7841015],[27.9275036,36.7839017],[27.9275143,36.7831799],[27.9273963,36.7829178],[27.9269081,36.7826515],[27.926318,36.7827159],[27.925685,36.7824968],[27.9249394,36.7824281],[27.9241213,36.7827395],[27.9239121,36.7823357],[27.9236707,36.7823271],[27.9232657,36.7824495],[27.9230136,36.7823572],[27.9228768,36.7819211],[27.9222974,36.7817019],[27.9216474,36.7805422]]},"properties":{"class":"unclassified"}},{"type":"Feature","geometry":{"type":"LineString","coordinates":[[27.9287937,36.7956664],[27.9282646,36.7950542],[27.9281036,36.7947148],[27.9277187,36.7948286],[27.9275739,36.794789],[27.9265373,36.7944099],[27.9259597,36.7940673]]},"properties":{"class":"unclassified"}},{"type":"Feature","geometry":{"type":"LineString","coordinates":[[28.0369781,36.7870544],[28.0363515,36.7864081],[28.0358388,36.7860187],[28.0335504,36.784788],[28.032702,36.7840056],[28.0314703,36.7837036],[28.030505,36.7829103],[28.0301625,36.7827468],[28.0297548,36.7826643],[28.0291059,36.7827124],[28.0287042,36.7826518],[28.0269604,36.7820686],[28.0266445,36.7818884],[28.0258208,36.7811756],[28.0254238,36.781022],[28.0250233,36.7809386],[28.0244915,36.7809671],[28.0219678,36.7813537],[28.0215697,36.7813502],[28.0211685,36.781248],[28.0195538,36.7805588],[28.0191319,36.7805622],[28.018101,36.7807962],[28.0163823,36.7807107],[28.0155752,36.7807582],[28.0151669,36.7808341],[28.0140435,36.7812941],[28.0125079,36.78244],[28.0121107,36.7826873],[28.0116998,36.7828215],[28.0106357,36.7827674],[28.0101004,36.7829448],[28.0095591,36.7829788],[28.0092251,36.7829062],[28.0088901,36.7827214],[28.0082177,36.7821238],[28.0064877,36.7817958],[28.0061382,36.7818598],[28.0055406,36.7822834],[28.0052759,36.7823786],[28.0046026,36.7823983],[28.0040343,36.7822381],[28.0037532,36.7820364],[28.0027575,36.7810628],[28.0020693,36.7809405],[28.0013883,36.7810965],[28.000608,36.7810529],[28.000291,36.7809113],[27.9997745,36.7805208],[27.9996607,36.7803251],[27.9994941,36.7794144],[27.998837,36.7786846],[27.9988697,36.7781933],[27.9990601,36.7775793],[27.9992066,36.7767034],[27.9990616,36.7764742],[27.9985497,36.7760739],[27.9981116,36.7753281],[27.9980674,36.7751026],[27.9978907,36.7749381],[27.9971397,36.7747563],[27.9965083,36.7744736],[27.9961462,36.7744491],[27.9958592,36.7745019],[27.9956252,36.7746423],[27.9951996,36.7747],[27.9939132,36.7744951],[27.9935259,36.7746799],[27.9933473,36.7749297],[27.9930802,36.7750744],[27.9923825,36.775207],[27.9921084,36.775206],[27.9914214,36.774957],[27.9907238,36.7748816],[27.9896938,36.7749903],[27.988086,36.7754806]]},"properties":{"class":"trunk","name":"Marmaris Datça Yolu","ref":"D400"}},{"type":"Feature","geometry":{"type":"LineString","coordinates":[[28.0476584,36.7678691],[28.0459785,36.7683337],[28.0459035,36.7684592],[28.0459296,36.7687259],[28.0464681,36.7691469],[28.0463637,36.7693979],[28.0455575,36.7695835],[28.0452768,36.7697273],[28.0447383,36.7701979],[28.0446567,36.7703914],[28.0443597,36.7705796],[28.0439517,36.770577],[28.0436579,36.7702058],[28.0434458,36.7702737],[28.0433087,36.7705169],[28.0433152,36.7707705],[28.0432173,36.7709796],[28.042496,36.771615],[28.0421631,36.77173],[28.0418465,36.7722947],[28.0414026,36.7725457],[28.0413765,36.772632],[28.0415038,36.7727261],[28.0426037,36.7727993],[28.0431549,36.7726595],[28.0437032,36.7727327],[28.0440949,36.772649],[28.0442059,36.7726595],[28.0443071,36.7727981],[28.0441406,36.7729602],[28.0436184,36.7730752],[28.0430668,36.7730543],[28.042773,36.7731484],[28.0420811,36.7738909],[28.0421268,36.7741157],[28.0428285,36.7743667],[28.0432496,36.7744268],[28.0433932,36.7745392],[28.0433181,36.7746936],[28.0424825,36.7752034],[28.0423096,36.7755119],[28.0420811,36.7757106],[28.0420582,36.7761837],[28.0419114,36.7764556],[28.0420615,36.7766256],[28.0429362,36.7768818],[28.0436543,36.777998],[28.0441014,36.7782098],[28.044294,36.7785523],[28.0445486,36.7786882],[28.0452079,36.778581],[28.045766,36.7779745],[28.0469704,36.7773889],[28.0472641,36.7773576],[28.0474338,36.7774255],[28.0481813,36.7778203],[28.0486708,36.778717],[28.0492681,36.779062],[28.0496011,36.7797417],[28.0495325,36.7804998],[28.049712,36.7807952],[28.0502799,36.7811403],[28.0510828,36.7812004],[28.0518564,36.7810802],[28.0523068,36.7814592],[28.0523212,36.7816674],[28.052235,36.7818043],[28.0514256,36.781969],[28.0509523,36.7823192],[28.0508609,36.7826748],[28.0509686,36.7830643],[28.0506542,36.7836121],[28.0507075,36.7840001],[28.0508315,36.7841412],[28.0514419,36.7844183],[28.0516997,36.7847059],[28.0516834,36.7851581],[28.0514615,36.785477],[28.0513178,36.7859083],[28.0516442,36.786716],[28.0518694,36.7879628],[28.0521371,36.7883262],[28.0529367,36.7886085],[28.0539485,36.7894397],[28.0555576,36.7901716],[28.056354,36.7904016],[28.0572352,36.7903754],[28.0575551,36.79048],[28.0579957,36.7914628],[28.0580643,36.7916797],[28.0579975,36.7918219]]},"properties":{"class":"unclassified"}},{"type":"Feature","geometry":{"type":"LineString","coordinates":[[28.0522384,36.7912275],[28.0510396,36.7908482],[28.0469418,36.7890021],[28.0458333,36.7886483],[28.0442717,36.788495],[28.0402732,36.7885731],[28.0393692,36.7884724],[28.0383979,36.7881309],[28.0377523,36.7877852],[28.0369781,36.7870544]]},"properties":{"class":"trunk","name":"Marmaris Datça Yolu","ref":"D400"}},{"type":"Feature","geometry":{"type":"LineString","coordinates":[[28.1202201,36.8052344],[28.1163542,36.8054036],[28.1156343,36.8053323],[28.1148677,36.8051283],[28.1135645,36.8044235],[28.1127515,36.8042538],[28.1103672,36.804431],[28.1078806,36.8038091],[28.1058016,36.8035304],[28.1043465,36.8036335],[28.095256,36.80297],[28.0945615,36.803084],[28.0931834,36.8037225],[28.0927985,36.803762],[28.0911617,36.8035101],[28.0907566,36.8032281],[28.0907668,36.8028213],[28.0909424,36.8026152],[28.091956,36.8021264],[28.0921578,36.8018178],[28.092271,36.8011749],[28.092286,36.8007553],[28.0921875,36.800358],[28.0918539,36.799814],[28.0917785,36.7994497],[28.0918702,36.7987029],[28.0918289,36.7984703],[28.091726,36.7983157],[28.0915129,36.7982298],[28.0910668,36.7983183],[28.0902974,36.7992252],[28.089876,36.7995261],[28.0887905,36.8000319],[28.0884781,36.8000558],[28.0877933,36.7998205],[28.0873646,36.799555],[28.0864519,36.7993971],[28.0859836,36.7995062],[28.0851848,36.7999529],[28.0847709,36.800021],[28.0839805,36.799856],[28.0834301,36.7998932],[28.0821945,36.8003371],[28.0814731,36.8003572],[28.0810316,36.8001606],[28.080492,36.7997446],[28.0798019,36.7994087],[28.0790943,36.7991969],[28.0788376,36.7989864],[28.0784753,36.7982497],[28.0781574,36.7980345],[28.0778052,36.7979175],[28.0754194,36.7976642],[28.0742865,36.797359],[28.0733193,36.7968799],[28.0712312,36.7956107],[28.0683545,36.7944947],[28.0665056,36.7941637],[28.0633176,36.7941789],[28.0619574,36.7940153],[28.0611399,36.7937859],[28.0603079,36.7934278],[28.0585207,36.7921413],[28.0579975,36.7918219],[28.0575175,36.7916374],[28.0570388,36.79153],[28.0538955,36.7913543]]},"properties":{"class":"trunk","name":"Marmaris Datça Yolu","ref":"D400"}},{"type":"Feature","geometry":{"type":"LineString","coordinates":[[28.0589294,36.8074219],[28.0589236,36.8078722],[28.0590164,36.8079789],[28.0602514,36.8083364],[28.0606159,36.8088442],[28.0605273,36.8089288],[28.0597389,36.8089288],[28.0588388,36.8094328],[28.0580858,36.8095647],[28.057927,36.8098049],[28.0580564,36.809998],[28.0584917,36.8101582],[28.059033,36.8101723],[28.0595566,36.8104266],[28.0599684,36.8106621],[28.0603155,36.8110295],[28.0602213,36.8111331],[28.0594919,36.8111473],[28.0592507,36.8112886],[28.0592095,36.8115052],[28.0588918,36.8115476],[28.0585329,36.8118915],[28.0580505,36.8121505],[28.057374,36.812127],[28.0566504,36.8122306],[28.056015,36.812499],[28.0560386,36.8127675],[28.0566563,36.813328],[28.0571445,36.8134175],[28.0576152,36.8139026],[28.0582623,36.8140156],[28.0592154,36.8146043],[28.0620686,36.8147833],[28.0626628,36.8149246],[28.0643159,36.8156876],[28.0646924,36.8160785],[28.0660361,36.8179257],[28.0666556,36.8186374],[28.0669684,36.8192089],[28.067037,36.8197212],[28.0669864,36.8200658],[28.0667507,36.8203149],[28.066186,36.8205865],[28.066132,36.8207099],[28.0665156,36.8218471],[28.0673633,36.8221255],[28.0680457,36.8226247],[28.0681163,36.8228083],[28.0677055,36.8232829],[28.0675608,36.8235731],[28.0676574,36.8237784],[28.0680222,36.823915],[28.0684869,36.8239621],[28.0690223,36.8238067],[28.0692988,36.8238208],[28.0702577,36.8241316],[28.0711446,36.8245493]]},"properties":{"class":"tertiary"}},{"type":"Feature","geometry":{"type":"LineString","coordinates":[[28.0538955,36.7913543],[28.0533051,36.7919565],[28.0539313,36.7928201],[28.0556998,36.7938602],[28.0566275,36.7945428],[28.0573639,36.7948678],[28.0584192,36.7957779],[28.0587497,36.7959543],[28.059086,36.7969665],[28.0600137,36.7975886],[28.0601992,36.7978022],[28.0603732,36.7982433],[28.060808,36.7985683],[28.0607617,36.798754],[28.0600949,36.7987679],[28.059776,36.7989072],[28.0596948,36.7992369],[28.0598397,36.7994644],[28.0598339,36.7997058],[28.0601123,36.8001237],[28.0606631,36.8001701],[28.0608486,36.8003047],[28.0604891,36.8011729],[28.0607269,36.8012379],[28.0613125,36.8010383],[28.061469,36.8010662],[28.0619039,36.8015304],[28.0620199,36.8017765],[28.0620663,36.8020179],[28.0620141,36.8021154],[28.0614401,36.8023661],[28.0612139,36.802654],[28.0614459,36.8033736],[28.0622692,36.8042],[28.0622634,36.8042882],[28.0618691,36.8045714],[28.0618749,36.8046967],[28.0620663,36.804966],[28.0620199,36.8053095],[28.0617242,36.8054442],[28.0607965,36.805212],[28.0604196,36.805277],[28.0603152,36.8055788],[28.0609472,36.8065676],[28.0611675,36.8067673],[28.0611559,36.8068508],[28.0604428,36.8068323],[28.0590338,36.8072965],[28.0589294,36.8074219]]},"properties":{"class":"tertiary"}},{"type":"Feature","geometry":{"type":"LineString","coordinates":[[28.0540332,36.7896898],[28.053925,36.7900709],[28.0539537,36.7906562],[28.0534938,36.7908455],[28.0534033,36.7909788]]},"properties":{"class":"unclassified"}},{"type":"Feature","geometry":{"type":"LineString","coordinates":[[28.0553446,36.7908464],[28.0552793,36.7906946],[28.053925,36.7900709]]},"properties":{"class":"unclassified"}},{"type":"Feature","geometry":{"type":"LineString","coordinates":[[28.0538955,36.7913543],[28.0522384,36.7912275]]},"properties":{"class":"trunk","name":"Marmaris Datça Yolu","ref":"D400"}},{"type":"Feature","geometry":{"type":"LineString","coordinates":[[28.0539537,36.7906562],[28.0542058,36.790694],[28.054356,36.7906274],[28.0551995,36.7909088]]},"properties":{"class":"unclassified"}},{"type":"Feature","geometry":{"type":"LineString","coordinates":[[28.0711446,36.8245493],[28.0707791,36.8255652],[28.0706307,36.8257624],[28.0700929,36.8257121],[28.069529,36.8250579],[28.068388,36.8246574],[28.067937,36.8246546],[28.0677846,36.8247573],[28.0668832,36.8260957],[28.0666394,36.8262419],[28.0661991,36.8262819],[28.0638548,36.8258215],[28.0629523,36.8254999],[28.0626618,36.8251016],[28.0622816,36.8248641],[28.0621302,36.8248913],[28.061988,36.825297],[28.0618922,36.8253737],[28.0615399,36.8252377],[28.0612432,36.8252525],[28.0599513,36.8257127],[28.0598153,36.8259081],[28.059772,36.8263262],[28.0595186,36.8265959],[28.0595619,36.8268185],[28.059463,36.8269002],[28.0590705,36.8267938],[28.0588788,36.8263658],[28.0581927,36.8266354],[28.0582453,36.8275063],[28.0580444,36.8280035],[28.0579424,36.8280802],[28.05776,36.8280456],[28.0567247,36.8272069],[28.0559149,36.8272391],[28.0557295,36.8274073],[28.0558686,36.8278897],[28.0553153,36.8281198],[28.0549352,36.8286071],[28.0549105,36.8288372],[28.0553153,36.8291291],[28.0552041,36.8292454],[28.0545334,36.8293344],[28.0543634,36.8294235],[28.0541749,36.8296758],[28.0529016,36.829609],[28.0521567,36.8298292],[28.052166,36.8299578],[28.053291,36.8302052],[28.0543016,36.8305664],[28.0546138,36.8309201],[28.0557233,36.8317043],[28.0575962,36.8338268],[28.0577333,36.8340217],[28.0579373,36.8347329],[28.0580152,36.8353821],[28.0584214,36.8361233],[28.0584348,36.8367763],[28.0586264,36.837161],[28.058526,36.8375147],[28.058071,36.8377847]]},"properties":{"class":"unclassified"}},{"type":"Feature","geometry":{"type":"LineString","coordinates":[[28.058071,36.8377847],[28.0573752,36.837949],[28.0568745,36.839166],[28.0567717,36.8396059],[28.0569487,36.8408518],[28.0568665,36.8409363],[28.0562327,36.841048],[28.0561995,36.8411531],[28.0561971,36.8413021],[28.0565365,36.841546],[28.057299,36.8416985],[28.0578666,36.8419373],[28.0579067,36.8422118],[28.0578326,36.8425383],[28.0575606,36.842845],[28.0572608,36.8434905],[28.0568806,36.8439234],[28.0563212,36.8440421],[28.0558855,36.8438764],[28.0557433,36.8438912],[28.0556938,36.8439902],[28.0556924,36.8442082],[28.0559071,36.8443785],[28.0570012,36.8446876],[28.0574122,36.8451081],[28.0574091,36.845353],[28.0572175,36.8454643],[28.0569239,36.8454717],[28.0561636,36.8451502],[28.0554373,36.8452441],[28.0552797,36.8453678],[28.0553322,36.8460232],[28.0550294,36.8465575],[28.0550757,36.8470076],[28.0553199,36.8471016],[28.0558762,36.8477421],[28.0560365,36.8482188],[28.0558879,36.8487505],[28.0565086,36.8503244],[28.0564343,36.8506252],[28.0562201,36.8507791],[28.0558836,36.8508595],[28.0554508,36.850828],[28.0552673,36.8510379],[28.0551143,36.8519892],[28.0551973,36.8526223],[28.0550356,36.8533847],[28.0553809,36.8544479],[28.0572604,36.856896],[28.0581957,36.8578473],[28.0583225,36.8584663],[28.0585366,36.8589104],[28.0585803,36.8592706],[28.0589868,36.8602079],[28.0595594,36.860659],[28.0596556,36.8609632],[28.0598566,36.8611905],[28.060792,36.8616277],[28.0615787,36.861771],[28.0617273,36.8619389],[28.0621907,36.8629076],[28.0625359,36.8634181],[28.0625884,36.8638517],[28.06289,36.8642189],[28.0630473,36.8647085],[28.0632528,36.8649778],[28.0634844,36.8650792],[28.0639128,36.865831],[28.0639958,36.8661142],[28.0637947,36.8667227],[28.0639914,36.8673451],[28.0640133,36.8676563],[28.0639215,36.868013],[28.0637379,36.8682857],[28.0630298,36.8687263],[28.06289,36.8688872],[28.0629031,36.8691704],[28.0633664,36.8695445],[28.0636287,36.8699397],[28.0634975,36.8701215],[28.0630867,36.8700376],[28.0626365,36.870111],[28.0623567,36.8700131],[28.0620204,36.8700074],[28.0618401,36.8701801],[28.0619015,36.8710568],[28.061993,36.8712723],[28.0619065,36.8717055],[28.0617447,36.8716378],[28.0617055,36.8715097],[28.061063,36.8711775],[28.0608095,36.871174],[28.0605123,36.8715866],[28.0604991,36.871695],[28.060674,36.8718383],[28.0607526,36.8720796],[28.0607832,36.8725796],[28.0611766,36.8727474],[28.0613908,36.8731111],[28.061452,36.8733978],[28.0613558,36.8734607],[28.0610848,36.8734118],[28.0608663,36.8734712],[28.060792,36.873639],[28.0615394,36.8743838],[28.0614782,36.8745796],[28.0613646,36.874716],[28.0611766,36.8747474],[28.0608226,36.8744782],[28.059896,36.8744852],[28.0598829,36.8746985],[28.0595806,36.875041],[28.0595605,36.8751906],[28.0595884,36.8753166],[28.0598588,36.8755552],[28.0599191,36.8757777],[28.0598727,36.8760077],[28.0599793,36.8761276],[28.060497,36.8759644],[28.0613469,36.8761362],[28.0607566,36.8765676],[28.060718,36.8767395],[28.0609482,36.8772117],[28.0611399,36.8773452],[28.0615107,36.8773748],[28.0617966,36.87758],[28.0620609,36.8776011],[28.0620918,36.8779286],[28.0622309,36.8780003],[28.0627887,36.8780683],[28.062832,36.8782661],[28.0625554,36.8787432],[28.0629062,36.8789299],[28.0628026,36.8792327],[28.0626172,36.879339],[28.0622386,36.879391],[28.0618785,36.8792871],[28.0615973,36.8793539],[28.0614567,36.8797395],[28.0612094,36.8799311],[28.0611924,36.8800461],[28.0619002,36.8802401],[28.0621273,36.8801808],[28.0623962,36.8803984],[28.0629525,36.8803502],[28.0629216,36.8805244],[28.0625136,36.8809076],[28.0622896,36.8810189],[28.0622633,36.8811437],[28.0623931,36.8813267],[28.0620423,36.8815071],[28.061996,36.8816233],[28.0621165,36.8819051],[28.0608416,36.8815714],[28.0598564,36.8814328],[28.0597327,36.8814773],[28.0595844,36.8819767],[28.0593371,36.882214],[28.0596091,36.8825304],[28.0596462,36.8827331],[28.0604003,36.8833066],[28.060901,36.8840038],[28.0620505,36.8843005],[28.0624919,36.8845942],[28.0627061,36.8846047],[28.0639693,36.883888],[28.0643102,36.8837831],[28.0645593,36.8839055],[28.0647866,36.8845767],[28.0641222,36.8847935],[28.063895,36.8849158],[28.0637158,36.8852584],[28.0634185,36.8853179],[28.062811,36.8856255],[28.0624919,36.8858877],[28.0625225,36.886094],[28.0628722,36.886496],[28.0629378,36.8866883],[28.0632699,36.8868735],[28.0633923,36.8870798],[28.0632918,36.887307],[28.0633661,36.8878594],[28.0635759,36.8880132],[28.0640392,36.8880936],[28.0648828,36.8884432],[28.0657744,36.8889396],[28.0664082,36.8894255],[28.0665481,36.8899219],[28.0657919,36.8901107],[28.0657526,36.8903379],[28.065993,36.8906245],[28.0665874,36.8910091],[28.0669895,36.8913796],[28.0670376,36.8916977],[28.066819,36.8919809],[28.0667579,36.8922815],[28.0668147,36.8927953]]},"properties":{"class":"unclassified"}},{"type":"Feature","geometry":{"type":"LineString","coordinates":[[28.0711446,36.8245493],[28.0733521,36.8256527],[28.0746699,36.8264626],[28.0749876,36.8267358],[28.0753288,36.8272679],[28.0762642,36.8281202],[28.076523,36.8287983],[28.0768113,36.8292456],[28.0768878,36.8298766],[28.077076,36.8301921],[28.0778467,36.8310632],[28.0782526,36.831746],[28.0787468,36.8322734],[28.0789939,36.8327254],[28.0795469,36.8333234],[28.0798528,36.83354],[28.0811941,36.8338225],[28.0812941,36.8341757],[28.0814118,36.8343028],[28.0816118,36.8343546],[28.0818354,36.8347313],[28.0820766,36.8349337],[28.0821825,36.8352775],[28.0825001,36.8357012],[28.0831296,36.836205],[28.0837767,36.8364546],[28.084218,36.8368878],[28.0842297,36.8370808],[28.0840944,36.8372032],[28.0836179,36.837288],[28.0833708,36.8374622],[28.0831826,36.8378859],[28.0829825,36.8381072],[28.0808235,36.8396704],[28.0810059,36.8405791],[28.0815883,36.841064],[28.0821648,36.8413277],[28.0827237,36.8418597],[28.083112,36.8424011],[28.0832237,36.8428672],[28.0826649,36.8436064],[28.0825531,36.8441854],[28.082706,36.8447881],[28.0828884,36.8451082],[28.0835355,36.8452636],[28.0859711,36.8463134],[28.0870594,36.8463652],[28.0873771,36.8465394],[28.0876889,36.8468736],[28.0880301,36.8474292],[28.0885243,36.8478528],[28.0900362,36.8484554],[28.0906716,36.8490109],[28.0917835,36.8493075],[28.0934248,36.8494393],[28.095425,36.8500749],[28.0961192,36.8501455],[28.0964545,36.8501219],[28.0966722,36.8500137],[28.0963663,36.8492746],[28.0964781,36.8490156],[28.0966722,36.848865],[28.0971664,36.8487708],[28.0972899,36.848592],[28.0973664,36.8481306],[28.0975311,36.8480976],[28.0980135,36.8486861],[28.0987077,36.8486626],[28.0996549,36.848446],[28.0997078,36.8485496],[28.0996137,36.8487144],[28.0992725,36.8490392],[28.0993078,36.8493264],[28.0994901,36.849703],[28.0997666,36.8498771],[28.0999255,36.8498771],[28.1002373,36.8494911],[28.1005491,36.849251],[28.1014904,36.8490816],[28.1016492,36.8489356],[28.1015021,36.848559],[28.1017845,36.8481777],[28.1020786,36.8481588],[28.1026493,36.8478434],[28.1029081,36.8477822],[28.1031493,36.847867],[28.1036435,36.8476928],[28.1039377,36.847754],[28.1038965,36.8479093],[28.1035553,36.8482577],[28.1035141,36.8485543],[28.1037729,36.848785],[28.1044789,36.8490015],[28.1049613,36.8490533],[28.1050554,36.8493452],[28.1053378,36.8494582],[28.1054849,36.8499995],[28.1060732,36.8504185],[28.106738,36.849863],[28.107138,36.8496323],[28.1072557,36.8492181],[28.1076086,36.849058],[28.1076733,36.8488273],[28.1072674,36.848479],[28.1073616,36.848333],[28.1077381,36.8482059],[28.1079322,36.8480412],[28.1079616,36.8477775],[28.1077557,36.8474998],[28.1077322,36.8472691],[28.1080734,36.846949],[28.108091,36.8464641],[28.1082028,36.8463934],[28.1088382,36.8464311],[28.1099324,36.8467136],[28.1125091,36.8469442],[28.1133504,36.8471326],[28.1138505,36.8470572],[28.1147211,36.8466524],[28.1148976,36.8466618],[28.1147506,36.8472738],[28.1162448,36.8480694],[28.1167331,36.8485967],[28.116839,36.8491333],[28.117039,36.8491475],[28.1172567,36.8493216],[28.1174685,36.8493452],[28.1181686,36.8484931],[28.1183686,36.8484978],[28.1185333,36.8486955],[28.1186745,36.8486484],[28.1188216,36.8481447],[28.1190334,36.84798],[28.119404,36.8478764],[28.1201747,36.8479282],[28.1210747,36.8471891],[28.1219807,36.8473538],[28.1224867,36.8472832],[28.1228985,36.8474762],[28.1239221,36.8475563],[28.1241104,36.8475092],[28.1242515,36.8472879],[28.1244457,36.8472079],[28.1247398,36.8473727],[28.1250222,36.8473962],[28.1267577,36.8472644],[28.1269518,36.847109],[28.1269871,36.8462804],[28.127646,36.846111],[28.1276696,36.8456166],[28.1279931,36.8449152],[28.1281873,36.8447833],[28.1283049,36.8445809],[28.1278755,36.8443126],[28.1278813,36.8439547],[28.127546,36.843644],[28.1275107,36.8434698],[28.1275872,36.843305],[28.127446,36.8430602],[28.1270342,36.8430367],[28.1267989,36.8431167],[28.1263694,36.8428813],[28.1258399,36.8427825],[28.1255987,36.8425423],[28.1255576,36.8423823],[28.1257164,36.8421469],[28.1256635,36.8419209],[28.1254164,36.8416996],[28.1253693,36.841097],[28.1254693,36.8408992],[28.1259753,36.8406214],[28.1259811,36.8404614],[28.1257105,36.8399905],[28.1257046,36.839821],[28.1259282,36.8393738],[28.1259517,36.8388653],[28.1258399,36.8382108],[28.1259047,36.8381072],[28.1272754,36.8369866],[28.1276872,36.8368501],[28.1283696,36.8367889],[28.129258,36.8368878],[28.1296345,36.8368313],[28.1298698,36.8366994],[28.1301757,36.8360308],[28.1309758,36.8355788],[28.1321053,36.8353999],[28.1325759,36.835447],[28.1338643,36.8357766],[28.1345585,36.8357624],[28.1358175,36.8346654],[28.1372941,36.8337425],[28.1386603,36.8330152]]},"properties":{"class":"tertiary"}},{"type":"Feature","geometry":{"type":"LineString","coordinates":[[28.1371824,36.691333],[28.1364321,36.691338],[28.1356548,36.6917519],[28.134531,36.6918389],[28.1334347,36.6921014],[28.1328765,36.6920444],[28.1319961,36.6917398],[28.1319326,36.691618],[28.1321107,36.6907143],[28.1329205,36.6901849],[28.1330364,36.6898849],[28.1328265,36.6897627],[28.1319688,36.6896755],[28.1315045,36.6895396],[28.1308757,36.6890747],[28.130561,36.6889573],[28.1295712,36.6887581],[28.1292271,36.6887874],[28.1263677,36.6870084],[28.1260245,36.6865093],[28.1252401,36.6862893],[28.1250342,36.6860038],[28.1246875,36.6849992],[28.1245008,36.6847059],[28.123425,36.6838346],[28.1219404,36.6831678],[28.1211847,36.6829811],[28.1194244,36.6820299],[28.1162239,36.6795495],[28.1159394,36.6794606],[28.1131034,36.6779403],[28.1127745,36.6776647],[28.1125255,36.6773269],[28.1122385,36.6763153],[28.1123125,36.6758244],[28.1122292,36.6756577],[28.1113587,36.6748243],[28.1113865,36.6744075],[28.111192,36.6741019],[28.1111457,36.6738704],[28.1106284,36.6730626],[28.1098647,36.6721274],[28.1093213,36.6716293],[28.1091181,36.6713118],[28.1086823,36.6710644],[28.1076173,36.6707588],[28.1070061,36.6704995],[28.106645,36.6701569],[28.1065894,36.6699717],[28.1061356,36.6696383],[28.1057282,36.6694901],[28.1056355,36.6689622],[28.1057652,36.6687215],[28.1067283,36.6676565],[28.107571,36.6672212],[28.1085342,36.6665452],[28.1100437,36.6658506],[28.1106086,36.6651468],[28.111405,36.6651283],[28.1116458,36.6650449],[28.1123959,36.6642207],[28.1126737,36.6641096],[28.1129793,36.6641281],[28.1137202,36.6643596],[28.1139424,36.6643504],[28.1147574,36.6638781],[28.1158224,36.6634521],[28.116202,36.663415],[28.1167021,36.6635354],[28.1177208,36.6635817],[28.1181098,36.6635169]]},"properties":{"class":"tertiary","name":"Bozburun Yolu"}},{"type":"Feature","geometry":{"type":"LineString","coordinates":[[28.106997,36.633882],[28.106794,36.633561],[28.106605,36.632968],[28.1068164,36.6322677],[28.1067123,36.6316216],[28.106199,36.6309747],[28.10589,36.630324],[28.105544,36.629961],[28.1052809,36.6295086]]},"properties":{"class":"tertiary"}},{"type":"Feature","geometry":{"type":"LineString","coordinates":[[28.103233,36.655628],[28.1036485,36.6553723],[28.105114,36.6551952],[28.1057685,36.6554793],[28.105511,36.6548768],[28.1051569,36.654554],[28.1051827,36.6543093],[28.1053501,36.6542743],[28.1055636,36.654503],[28.1060582,36.6546831],[28.1060743,36.6545841],[28.1058704,36.6543302],[28.1058275,36.6540978],[28.1063414,36.6536595],[28.1064659,36.6536631],[28.1065892,36.6540548],[28.1070935,36.6544851],[28.1072598,36.6547218],[28.107999,36.6547053],[28.1078552,36.654597],[28.1077855,36.6544034],[28.1078381,36.6542017],[28.1075656,36.6539644],[28.1079454,36.653397],[28.1079196,36.6529487],[28.1073081,36.6525829],[28.1071257,36.6523806],[28.1069969,36.6521655],[28.1069862,36.6518642]]},"properties":{"class":"unclassified"}},{"type":"Feature","geometry":{"type":"LineString","coordinates":[[28.1073028,36.6599419],[28.1073028,36.6593782],[28.1068478,36.6585512],[28.1067777,36.6581349],[28.1064692,36.6574116],[28.1067146,36.6573023],[28.106826,36.6571455],[28.1068834,36.6567472],[28.1064376,36.6563516],[28.1059257,36.6561772],[28.1058304,36.6558404],[28.1058686,36.6556255],[28.1057685,36.6554793]]},"properties":{"class":"unclassified"}},{"type":"Feature","geometry":{"type":"LineString","coordinates":[[28.1289803,36.6626078],[28.1286627,36.6625998],[28.1276794,36.6628337],[28.1266377,36.6629699],[28.1262058,36.6629892],[28.1258947,36.662858],[28.12542,36.6629527],[28.1247923,36.6632087],[28.1240788,36.6632302],[28.1237795,36.6633221],[28.1231653,36.6638836],[28.1226841,36.6639962],[28.1220012,36.6639589],[28.1207781,36.6641397],[28.120475,36.6641203],[28.1180171,36.6635817]]},"properties":{"class":"unclassified"}},{"type":"Feature","geometry":{"type":"LineString","coordinates":[[28.1150533,36.6625336],[28.1161969,36.6622312],[28.1168503,36.6623954],[28.1171786,36.6625626],[28.1175745,36.6625675],[28.1178438,36.6623775],[28.1181335,36.6623388],[28.1206762,36.6624959],[28.121115,36.6623825],[28.1219046,36.661915],[28.122425,36.6618052],[28.1236105,36.6606218],[28.124603,36.6602733],[28.1253717,36.6602072],[28.1251179,36.659929],[28.1260299,36.659602],[28.1264064,36.6593034],[28.1266683,36.6592276],[28.127504,36.6584923],[28.1280094,36.6581775],[28.1295435,36.6579882],[28.1297904,36.6580527]]},"properties":{"class":"unclassified"}},{"type":"Feature","geometry":{"type":"LineString","coordinates":[[28.1774531,36.712593],[28.1770439,36.7127676],[28.1764147,36.7131921],[28.1732899,36.7145502],[28.1728125,36.7144237],[28.1727181,36.7142784],[28.1726928,36.713694],[28.1726252,36.7135852],[28.1722733,36.7134794],[28.1715202,36.7136096],[28.1710589,36.7142293],[28.1686771,36.7162027],[28.1681775,36.7165196],[28.1670344,36.7169148],[28.1642814,36.7182035],[28.1632493,36.719469],[28.1626899,36.7198723],[28.1615392,36.7200508],[28.1608574,36.7204034],[28.1606862,36.7204091],[28.1596004,36.7200267],[28.1590769,36.7199304],[28.1578238,36.7199029],[28.1566994,36.7200543],[28.1559097,36.7198272],[28.1554462,36.7198135],[28.1549141,36.7199992],[28.1542789,36.7203845],[28.153661,36.7204533],[28.1525682,36.7203721],[28.1511612,36.7207272],[28.1493018,36.720928],[28.1482488,36.7211676],[28.1464265,36.7218774],[28.1457307,36.7223057],[28.1442446,36.7228382]]},"properties":{"class":"tertiary"}},{"type":"Feature","geometry":{"type":"LineString","coordinates":[[28.1427814,36.7231575],[28.1417974,36.7231302],[28.1398152,36.7228207],[28.1392638,36.7230189],[28.1386182,36.7234242],[28.137739,36.7236724],[28.1361663,36.7238368],[28.1351366,36.7242495],[28.1343,36.724724],[28.1319832,36.7252811],[28.1310243,36.7255855],[28.1299882,36.7256474],[28.1297402,36.7255474],[28.1289852,36.7247973],[28.1287016,36.7246991],[28.1282185,36.7247086],[28.1250324,36.7251246],[28.1238322,36.7255145],[28.1216414,36.7256061],[28.1178876,36.7268028],[28.1163966,36.7271236],[28.1155798,36.7271255],[28.1151187,36.7272723],[28.1146896,36.7275278],[28.1139474,36.7275529],[28.1137054,36.7274481],[28.113552,36.7271999],[28.1135391,36.7269214],[28.1142148,36.7258846],[28.1142937,36.7255732],[28.114254,36.7253917],[28.1141148,36.7252099],[28.1130722,36.7244856],[28.1128673,36.7240107],[28.1129172,36.7237527],[28.1130819,36.7235463],[28.1135218,36.7233152],[28.1152239,36.7230258],[28.1159052,36.7226285],[28.1164145,36.7221725],[28.1166342,36.7214719],[28.1167997,36.7212745],[28.1177352,36.720877],[28.1188606,36.7202598],[28.1193596,36.7198624],[28.1198861,36.7192944],[28.1201447,36.71889],[28.1202144,36.7186683],[28.1200763,36.7181669],[28.1193333,36.7173091],[28.1189235,36.7169799],[28.1176317,36.7163],[28.1167509,36.7161231],[28.1154098,36.7163547],[28.1136972,36.7159954],[28.1131825,36.7157716],[28.1125669,36.7153073],[28.1113883,36.7149313],[28.1109206,36.7144695],[28.1103543,36.7144103],[28.1097873,36.7144671],[28.1093879,36.714385],[28.1089617,36.7139642],[28.1088507,36.7136915],[28.1090237,36.7128652],[28.1089377,36.7126891],[28.1086095,36.7125189],[28.1069844,36.7121995],[28.1065019,36.7117874]]},"properties":{"class":"secondary","name":"Marmaris Bozburun Yolu","ref":"48-53"}},{"type":"Feature","geometry":{"type":"LineString","coordinates":[[28.1547569,36.6972556],[28.1529876,36.6971795],[28.1519645,36.6972283],[28.1507138,36.6969179],[28.1501578,36.6968757],[28.1485346,36.6971655],[28.1484504,36.6971049],[28.1484903,36.6970353],[28.1490518,36.6968593],[28.1491396,36.696787],[28.1490972,36.6966742],[28.1486588,36.6968192],[28.1479571,36.6966985],[28.1476665,36.6968551],[28.1470644,36.6976412],[28.1469132,36.6982013],[28.146771,36.698308],[28.14654,36.698308],[28.1462833,36.6981291],[28.1458472,36.6980235],[28.1450463,36.6979702],[28.1448418,36.6977657],[28.1447529,36.6975435],[28.1447796,36.6973123],[28.1451618,36.6968589],[28.1453386,36.6962341],[28.1448317,36.695539],[28.1446567,36.695032],[28.1446337,36.694705],[28.1444534,36.6944246],[28.143802,36.6943318],[28.1428591,36.6944807],[28.1415083,36.6945291],[28.1405567,36.6943607],[28.1399969,36.6940807],[28.1398284,36.6938784],[28.139561,36.6937295],[28.1389217,36.6936084],[28.1380149,36.6926405],[28.1374806,36.691667],[28.1371824,36.691333]]},"properties":{"class":"tertiary","name":"Bozburun Yolu"}},{"type":"Feature","geometry":{"type":"LineString","coordinates":[[28.116795,36.6938875],[28.1168997,36.693904],[28.1169454,36.6940139],[28.1169492,36.6943191],[28.1166066,36.6946458],[28.1163249,36.6950609],[28.1159632,36.6953387],[28.1160394,36.6956562]]},"properties":{"class":"tertiary"}},{"type":"Feature","geometry":{"type":"LineString","coordinates":[[28.1160394,36.6956562],[28.1165647,36.69594],[28.119024,36.6967184],[28.1195836,36.6965597],[28.1198806,36.696285],[28.1200861,36.6962117],[28.1212663,36.6961445],[28.1225188,36.6962697],[28.1240052,36.6961656],[28.1246278,36.696288],[28.1252407,36.6966329],[28.1258651,36.6968039],[28.1265656,36.6968527],[28.1273384,36.6971854],[28.1278371,36.6971702]]},"properties":{"class":"tertiary"}},{"type":"Feature","geometry":{"type":"LineString","coordinates":[[28.1278371,36.6971702],[28.1280427,36.6970145],[28.1280617,36.6966696],[28.1281797,36.6964895],[28.1286708,36.6963826],[28.129002,36.6961812],[28.1295121,36.6960102],[28.1300032,36.6956134],[28.1306809,36.6954516],[28.1318763,36.6948533],[28.1320933,36.6945237],[28.1327633,36.6938338],[28.133026,36.6932538],[28.1333305,36.6928387],[28.1337264,36.6926402],[28.1341795,36.6926433],[28.1346477,36.6925456],[28.134701,36.6924632],[28.1333443,36.6922075],[28.1332382,36.6920975]]},"properties":{"class":"tertiary"}},{"type":"Feature","geometry":{"type":"LineString","coordinates":[[28.1018871,36.7038166],[28.1025966,36.7037783],[28.1030078,36.7038989],[28.1032012,36.7040611],[28.1034334,36.7045946],[28.1038162,36.7068697],[28.1042681,36.7075571],[28.1041971,36.708231],[28.1043027,36.7085618],[28.104907,36.709626],[28.1056444,36.7098347],[28.1058203,36.7100051],[28.1057734,36.7108161],[28.1058332,36.7110846],[28.1059704,36.7113292],[28.1065019,36.7117874]]},"properties":{"class":"secondary","ref":"48-53"}},{"type":"Feature","geometry":{"type":"LineString","coordinates":[[28.194438,36.714981],[28.1945204,36.7148374],[28.1943674,36.7144168],[28.1944305,36.7141736],[28.194628,36.7140118],[28.1948712,36.7139988],[28.1956737,36.7141432],[28.1958077,36.7139286],[28.1957501,36.7135804],[28.195897,36.7132699],[28.1965732,36.7128174],[28.198123,36.7112176],[28.1983012,36.711204],[28.1990414,36.7114594],[28.1994633,36.7114851],[28.2001387,36.7113503],[28.2007044,36.7113997],[28.2018295,36.7113482],[28.2029039,36.7117466],[28.2045239,36.7120775],[28.2049853,36.7125878],[28.2052479,36.7126337],[28.2060118,36.7124921],[28.2064749,36.7124921],[28.2069093,36.7125457],[28.2075777,36.7128059],[28.2086137,36.7127715],[28.2086949,36.7128251],[28.2085612,36.7129628],[28.2075156,36.7131542],[28.2067375,36.7131006],[28.2066563,36.7132192],[28.2067231,36.7132958],[28.2073867,36.7134144],[28.208628,36.7135101],[28.2101224,36.7139541],[28.2106857,36.714199],[28.2107239,36.7143329],[28.2100173,36.7141837],[28.2095208,36.7141913],[28.2091627,36.7142334],[28.2091389,36.7143636],[28.2101701,36.7146506],[28.2109578,36.7151787],[28.213259,36.7156074],[28.2141184,36.7155232],[28.2155076,36.7158523],[28.2161808,36.715703],[28.2193747,36.7153012],[28.2227835,36.7160092],[28.2240343,36.7160092],[28.2245309,36.7158523],[28.2250847,36.7153777],[28.225648,36.7150448],[28.2265694,36.7148955],[28.2274192,36.7145932],[28.2279348,36.714597],[28.2282643,36.7146659],[28.2291971,36.7151492],[28.2297819,36.7153597],[28.2330523,36.7161156],[28.234663,36.716341],[28.2358344,36.7162564]]},"properties":{"class":"tertiary","name":"Turunc Yolu"}},{"type":"Feature","geometry":{"type":"LineString","coordinates":[[28.1577817,36.7040912],[28.1576697,36.7028332],[28.1579888,36.7018252],[28.1581586,36.7000567],[28.1581145,36.6997193],[28.1579461,36.6994371],[28.1572438,36.6987081],[28.1567281,36.6984147],[28.1554057,36.6974155],[28.1550199,36.6972223],[28.1547569,36.6972556]]},"properties":{"class":"tertiary","name":"Bozburun Yolu"}},{"type":"Feature","geometry":{"type":"LineString","coordinates":[[28.1605028,36.706682],[28.1601651,36.706826],[28.159883,36.706802],[28.1589299,36.7065416],[28.1585858,36.7063734],[28.1583704,36.7060892],[28.1582719,36.705195],[28.1577817,36.7040912]]},"properties":{"class":"tertiary","name":"Bozburun Yolu"}},{"type":"Feature","geometry":{"type":"LineString","coordinates":[[28.1641658,36.7085393],[28.1641017,36.7084707],[28.1641658,36.7083748],[28.1648197,36.708039],[28.1652044,36.7077272],[28.1652856,36.7075593],[28.16523,36.7074667],[28.1642213,36.7072097],[28.1632169,36.7071001],[28.1629647,36.706939],[28.1626997,36.7066306],[28.1626461,36.7064586]]},"properties":{"class":"tertiary","name":"Bozburun Yolu"}},{"type":"Feature","geometry":{"type":"LineString","coordinates":[[28.1721685,36.7058618],[28.1710515,36.7064422],[28.170265,36.7063531],[28.1668713,36.7075695],[28.1665379,36.7080595],[28.166555,36.7088134],[28.166508,36.7089436],[28.1663584,36.7090018],[28.1657216,36.7088579],[28.1650804,36.7083576],[28.1645718,36.7083679],[28.1641658,36.7085393]]},"properties":{"class":"tertiary","name":"Bozburun Yolu"}},{"type":"Feature","geometry":{"type":"LineString","coordinates":[[28.1626461,36.7064586],[28.1625929,36.7061989],[28.1626826,36.7056952],[28.1625672,36.7052668],[28.1623535,36.7051058],[28.1619517,36.7050989],[28.1614517,36.7054622],[28.1611226,36.7060721],[28.1605028,36.706682]]},"properties":{"class":"tertiary","name":"Bozburun Yolu"}},{"type":"Feature","geometry":{"type":"LineString","coordinates":[[28.1767399,36.7086019],[28.1781531,36.7089583],[28.1799373,36.7096174],[28.1808748,36.7098004],[28.182782,36.7103892],[28.1837999,36.7108398],[28.1840695,36.7112709],[28.1847864,36.7116416],[28.185576,36.7121839],[28.1868468,36.712322],[28.1873009,36.7125133],[28.1884258,36.7132677],[28.1904002,36.7138473],[28.1908198,36.7139064],[28.1909283,36.7144874],[28.1910024,36.7146216],[28.1912171,36.7147094],[28.1921944,36.7147905],[28.1933077,36.7151398]]},"properties":{"class":"tertiary","name":"Turunc Yolu"}},{"type":"Feature","geometry":{"type":"LineString","coordinates":[[28.1759168,36.7293695],[28.1760022,36.7290053],[28.1763852,36.7283656],[28.1765235,36.7278325],[28.1765086,36.727544],[28.1752334,36.7265564],[28.1747463,36.7259724],[28.174687,36.7255178],[28.174838,36.7248645],[28.1747377,36.7240941],[28.1751669,36.7219123],[28.1750768,36.7217605],[28.1747163,36.7215059],[28.1744846,36.7210794],[28.1738891,36.7207083],[28.173932,36.7206284],[28.1745103,36.7207285],[28.1749352,36.7211976],[28.1752029,36.7212587],[28.1762178,36.7208798],[28.1765445,36.7206115],[28.1770396,36.7203893],[28.1769549,36.7203131],[28.1764243,36.72024],[28.176037,36.7204714],[28.1758032,36.7204968],[28.1756797,36.7204176],[28.1755462,36.7199722],[28.1751969,36.7194901],[28.1762344,36.7194867],[28.1771195,36.7189342],[28.177214,36.7188288],[28.1771995,36.7181755],[28.1773341,36.7178664],[28.1782901,36.7175652],[28.1786388,36.7172885],[28.1785235,36.7171588],[28.178038,36.7169502],[28.1774731,36.7168129],[28.1773094,36.7166581],[28.1772564,36.7163734],[28.1773513,36.7162358],[28.1776099,36.7161803],[28.1778969,36.7163915],[28.1786731,36.7165248],[28.1789992,36.7164422],[28.1796258,36.7161051],[28.1801489,36.7156236],[28.1801113,36.7154923],[28.1798028,36.7153022],[28.1795307,36.714907]]},"properties":{"class":"tertiary","name":"Bozburun Yolu"}},{"type":"Feature","geometry":{"type":"LineString","coordinates":[[28.1796759,36.7142236],[28.1800928,36.7137199],[28.1801152,36.7134882],[28.1800765,36.7128532],[28.1797157,36.7124801],[28.1797694,36.7123146],[28.1806545,36.712592],[28.1810108,36.7137812],[28.1810812,36.7139061],[28.181296,36.7138512],[28.181237,36.7134431],[28.1814181,36.712885],[28.1815491,36.7119188],[28.1815438,36.7117004],[28.181453,36.7115505],[28.1806035,36.7109637],[28.1796738,36.7105525],[28.1787976,36.70997],[28.1780924,36.7093618],[28.1768538,36.7087467],[28.1761283,36.7080549],[28.1754199,36.7076077]]},"properties":{"class":"tertiary","name":"Bozburun Yolu"}},{"type":"Feature","geometry":{"type":"LineString","coordinates":[[28.1754199,36.7076077],[28.1744346,36.7069945],[28.1735018,36.7061867],[28.1730402,36.7059608],[28.1721685,36.7058618]]},"properties":{"class":"tertiary","name":"Bozburun Yolu"}},{"type":"Feature","geometry":{"type":"LineString","coordinates":[[28.1767869,36.7123525],[28.1764977,36.7119979],[28.175559,36.7112192],[28.175601,36.7109384],[28.1750547,36.7099239],[28.1746063,36.7097591],[28.1744569,36.7102046],[28.174158,36.7101111],[28.1729812,36.7101972]]},"properties":{"class":"unclassified"}},{"type":"Feature","geometry":{"type":"LineString","coordinates":[[28.1750547,36.7099239],[28.1749379,36.7096169],[28.1745269,36.7092649],[28.174186,36.7089991],[28.1735789,36.7087558],[28.1725982,36.7086734],[28.1717576,36.709089],[28.1716175,36.709381],[28.1706882,36.7096318],[28.170394,36.7093997],[28.1702819,36.7091976],[28.1699453,36.7090168]]},"properties":{"class":"unclassified"}},{"type":"Feature","geometry":{"type":"LineString","coordinates":[[28.1774531,36.712593],[28.1767869,36.7123525],[28.1768446,36.7121592],[28.177337,36.7115576],[28.1768548,36.7114487],[28.1769601,36.710994],[28.1775611,36.7107218],[28.1777298,36.7105613]]},"properties":{"class":"unclassified"}},{"type":"Feature","geometry":{"type":"LineString","coordinates":[[28.1795307,36.714907],[28.1795314,36.7144194],[28.1796759,36.7142236]]},"properties":{"class":"tertiary","name":"Bozburun Yolu"}},{"type":"Feature","geometry":{"type":"LineString","coordinates":[[28.1796759,36.7142236],[28.1795718,36.7135169],[28.1794329,36.7132543],[28.178885,36.7127386],[28.1781884,36.7125922],[28.1774531,36.712593]]},"properties":{"class":"tertiary"}},{"type":"Feature","geometry":{"type":"LineString","coordinates":[[28.1777298,36.7105613],[28.1785595,36.7101147],[28.1790235,36.7101193]]},"properties":{"class":"unclassified"}},{"type":"Feature","geometry":{"type":"LineString","coordinates":[[28.1933077,36.7151398],[28.1937766,36.7151935],[28.194438,36.714981]]},"properties":{"class":"tertiary","name":"Turunc Yolu"}},{"type":"Feature","geometry":{"type":"LineString","coordinates":[[28.2358344,36.7162564],[28.2362027,36.7163315],[28.2363841,36.7164731],[28.2369284,36.7170471],[28.2369809,36.7172308],[28.2371194,36.7181186],[28.2371003,36.718907],[28.2367518,36.7194007],[28.2367422,36.7197986],[28.2368998,36.7201239],[28.2376541,36.7201507],[28.2380933,36.720013],[28.2384991,36.7200168],[28.2390338,36.7198943],[28.2397547,36.7200512],[28.2399457,36.7201622],[28.2407993,36.7212274],[28.2409521,36.7212503],[28.2413197,36.7210628],[28.2413961,36.7206495],[28.2411956,36.7199837],[28.2412385,36.7195933]]},"properties":{"class":"tertiary"}},{"type":"Feature","geometry":{"type":"LineString","coordinates":[[28.1217017,36.7515015],[28.1228489,36.7499637],[28.1234832,36.7484968],[28.1236184,36.7479944],[28.1235289,36.74755],[28.1229382,36.7465295],[28.1227392,36.746104],[28.1227477,36.7458967],[28.1241658,36.7450377],[28.1247237,36.7444101],[28.1252013,36.7436125],[28.1254438,36.74345],[28.1296195,36.7418156],[28.1320404,36.7412087],[28.1328596,36.7406339],[28.1331257,36.7405294],[28.1360879,36.7407125],[28.1376501,36.7402758],[28.1413944,36.7403524],[28.1432495,36.7407019],[28.1437763,36.7406425],[28.1451811,36.7401528],[28.1464386,36.7389966],[28.1465138,36.7386415],[28.1463727,36.738154],[28.1460083,36.7373865],[28.1459962,36.7370096],[28.1471172,36.7349455],[28.1471874,36.7344541],[28.1470984,36.7335724],[28.1465775,36.7318828],[28.1466481,36.7307223],[28.1465748,36.7305113],[28.1462535,36.7301454],[28.1450771,36.7295487],[28.1449376,36.7293827],[28.1446069,36.7272451],[28.1437891,36.7237448]]},"properties":{"class":"secondary","name":"Marmaris Bozburun Yolu","ref":"48-53"}},{"type":"Feature","geometry":{"type":"LineString","coordinates":[[28.1270133,36.7411086],[28.1275638,36.7404749],[28.1283926,36.739935],[28.1300441,36.7396497],[28.130572,36.7397793],[28.1309779,36.7397257],[28.1314428,36.7394203],[28.1324754,36.7392178],[28.1334597,36.7392316],[28.1342745,36.7393916],[28.1356441,36.739389],[28.1374923,36.7390639],[28.1388227,36.7390988],[28.1415891,36.7396185],[28.142449,36.7395501],[28.1430209,36.7397999],[28.1442949,36.7398859],[28.1447622,36.7396284],[28.1448534,36.7392058],[28.1457825,36.7379308],[28.1457599,36.7371389],[28.1460946,36.736971]]},"properties":{"class":"unclassified"}},{"type":"Feature","geometry":{"type":"LineString","coordinates":[[28.285832,36.9535037],[28.2856548,36.9530943],[28.2856348,36.9527764],[28.2859548,36.9516585],[28.285845,36.9510249],[28.285648,36.9506871],[28.285429,36.9503662],[28.2849184,36.9499031],[28.2830319,36.9489383],[28.282613,36.948365],[28.2824632,36.9476951],[28.2826858,36.946485],[28.2826229,36.9458484],[28.282127,36.9435596],[28.2819714,36.9430002],[28.2814745,36.9418843],[28.2804224,36.9398741],[28.279918,36.938656],[28.2795694,36.9369492],[28.2793858,36.9350034],[28.2794321,36.9321839],[28.2793621,36.9281475],[28.2794615,36.9259604],[28.2797588,36.9227537],[28.2798521,36.9220563],[28.2803788,36.9199599],[28.2803429,36.9189089],[28.2800535,36.9166914],[28.2799461,36.9163606],[28.2794971,36.9157936],[28.2780019,36.9145278],[28.2774003,36.9137571],[28.2772278,36.9129737],[28.2777577,36.9104757],[28.2776715,36.909781],[28.276666,36.907807],[28.2760256,36.9070833],[28.275615,36.9064267],[28.275565,36.9052651],[28.2751959,36.9040567],[28.2749783,36.9037629],[28.2740932,36.9030873],[28.2738667,36.902742],[28.2725642,36.8990967],[28.2725227,36.8988299],[28.2726492,36.8985872],[28.2730817,36.8982414],[28.2737524,36.89796],[28.2740877,36.8976611],[28.2742472,36.8969972],[28.2744341,36.8966191],[28.275583,36.8949661],[28.275583,36.8948342],[28.2754346,36.8944737],[28.274665,36.8937527],[28.2743241,36.8928162],[28.2743846,36.8916555],[28.2739118,36.8892329],[28.2739393,36.8882744],[28.2735764,36.8868293],[28.2736189,36.8864726],[28.2740328,36.8859572],[28.2741042,36.8856099],[28.2739668,36.8852669],[28.2728453,36.8834641],[28.2726089,36.8823384],[28.2722131,36.8817008],[28.2720647,36.8812743],[28.2719493,36.8802014],[28.2711461,36.8784877],[28.2710129,36.878046],[28.2710681,36.8776851],[28.2712299,36.8773698],[28.2721818,36.8763875],[28.2724846,36.8755088],[28.2726083,36.8753062],[28.2728311,36.8751585],[28.273267,36.8750245],[28.2735736,36.8750549],[28.274971,36.8757601],[28.2751842,36.875786],[28.2756335,36.8756961],[28.2758963,36.8753595],[28.275862,36.8749224],[28.2755288,36.8744138],[28.2735393,36.8734619],[28.2726845,36.8728938],[28.2724065,36.87258],[28.2718734,36.8691775],[28.2718828,36.8688637],[28.2723094,36.8673854]]},"properties":{"class":"trunk","name":"Marmaris Muğla Yolu","ref":"D400"}},{"type":"Feature","geometry":{"type":"LineString","coordinates":[[28.2959197,36.839214],[28.3001772,36.8373824],[28.3024733,36.8360318],[28.3051134,36.8347117],[28.3057572,36.8343094],[28.3068156,36.8341941],[28.3070302,36.834227],[28.3074683,36.8344694],[28.3080651,36.8352459],[28.3086883,36.8356529],[28.3091176,36.8357259],[28.3104435,36.8354741],[28.3112696,36.8354647],[28.3119811,36.8356929],[28.3130718,36.8363847],[28.3133188,36.8364577],[28.3140538,36.8364483],[28.3143477,36.8363471],[28.3158354,36.8352506],[28.3166615,36.8349117],[28.3175935,36.8346835],[28.3183961,36.8346929],[28.3219423,36.8354037],[28.3231398,36.8359707],[28.324648,36.8371052],[28.3254587,36.8380531],[28.3268614,36.8393187],[28.3275667,36.8403518],[28.3281576,36.8408765],[28.3289661,36.8412883],[28.3292366,36.8412953],[28.3298744,36.8411213],[28.3301479,36.8409424],[28.3304531,36.8405367],[28.3305461,36.8400359],[28.3304684,36.8382272],[28.3305185,36.8380238],[28.33088,36.8377119],[28.3328564,36.8375215],[28.3383616,36.837467],[28.3401614,36.8372555],[28.3410627,36.8370552],[28.3418907,36.8367687],[28.3445367,36.8353054],[28.3454279,36.8350811],[28.345966,36.8350814],[28.3465901,36.8352135],[28.3506025,36.8366115],[28.3513785,36.8372575],[28.351649,36.8373634],[28.3538557,36.8374189],[28.3549917,36.8375733],[28.3574003,36.8383199],[28.3593259,36.8388081],[28.3599317,36.838812],[28.3608106,36.8386611],[28.3633353,36.8384228],[28.3640225,36.8385464],[28.365114,36.8388964],[28.3656762,36.8389375],[28.3659972,36.838867],[28.3676016,36.8380146]]},"properties":{"class":"tertiary"}},{"type":"Feature","geometry":{"type":"LineString","coordinates":[[28.273978,36.8649851],[28.274352,36.8657556],[28.2743,36.8663117],[28.273795,36.8667367],[28.272635,36.8670847],[28.272376,36.8673741],[28.2720314,36.8686825],[28.2719648,36.8691211],[28.2723018,36.8711118],[28.2724179,36.8722983],[28.2725531,36.8726288],[28.2727359,36.8728176],[28.273328,36.8731999],[28.2740324,36.8736187],[28.2752433,36.8741198],[28.275584,36.8743361],[28.2758335,36.8746422],[28.2760124,36.8750915],[28.2759858,36.8754494],[28.2757478,36.8757372],[28.2751747,36.8758743],[28.2746911,36.8757586],[28.2735774,36.8751494],[28.2729643,36.8751798],[28.2726292,36.8754296],[28.2723303,36.8763464],[28.2713479,36.8773561],[28.27111,36.8779592],[28.2712071,36.8784039],[28.2720962,36.8803365],[28.2722085,36.8814269],[28.2726826,36.8822309],[28.2729301,36.8834416],[28.2741809,36.885409],[28.2742114,36.8858354],[28.2737582,36.8864186],[28.2736516,36.8867308],[28.2740648,36.8882825],[28.2740457,36.8893408],[28.2745103,36.8916415],[28.2744132,36.8927485],[28.2747559,36.8936925],[28.275664,36.8946305],[28.2757059,36.8949624],[28.2745046,36.8967575],[28.2741771,36.89777],[28.2730951,36.8984344],[28.272902,36.8986997],[28.2727695,36.8991929],[28.2733075,36.9008345],[28.2740932,36.9028326],[28.2753274,36.9040147],[28.2757141,36.9052664],[28.2757162,36.9062059],[28.2758085,36.9065196],[28.2767719,36.9077111],[28.2776982,36.9094782],[28.2778872,36.9099889],[28.2778995,36.9107319],[28.2773828,36.9127126],[28.2773859,36.9133668],[28.2774935,36.9136536],[28.2777954,36.9141505],[28.278083,36.9144539],[28.2795618,36.9156933],[28.2798614,36.9160296],[28.2800256,36.9162413],[28.2802695,36.9168696],[28.2806338,36.9204357],[28.2805865,36.92082],[28.2801635,36.9219919],[28.2800004,36.9226917],[28.2794983,36.9268979],[28.2795298,36.9354827],[28.2796402,36.9369183],[28.2798253,36.9378866],[28.2804214,36.9396132],[28.2820437,36.942867],[28.282825,36.9451046],[28.2829401,36.9459965],[28.2829339,36.9466121],[28.2826812,36.9477891],[28.2828415,36.9484539],[28.2834207,36.9490301],[28.2848671,36.949768],[28.2853482,36.9501055],[28.2857234,36.9505386],[28.2859335,36.9509498],[28.2860847,36.9515227],[28.2857862,36.9529101],[28.2859019,36.9534026]]},"properties":{"class":"trunk","name":"Marmaris Muğla Yolu","ref":"D400"}},{"type":"Feature","geometry":{"type":"LineString","coordinates":[[28.1187037,36.746855],[28.1192646,36.746129],[28.1219362,36.7447977],[28.1238623,36.7433629],[28.1243403,36.7427223],[28.1252903,36.741746],[28.1255033,36.741626]]},"properties":{"class":"unclassified"}},{"type":"Feature","geometry":{"type":"LineString","coordinates":[[28.1255033,36.741626],[28.1255931,36.7415143],[28.1270133,36.7411086]]},"properties":{"class":"unclassified"}},{"type":"Feature","geometry":{"type":"LineString","coordinates":[[28.1435747,36.723025],[28.1442446,36.7228382]]},"properties":{"class":"secondary","ref":"48-53"}},{"type":"Feature","geometry":{"type":"LineString","coordinates":[[28.1436331,36.7230243],[28.1437835,36.7231963],[28.1435554,36.7233061],[28.1434265,36.7231587],[28.1436331,36.7230243]]},"properties":{"class":"secondary"}},{"type":"Feature","geometry":{"type":"LineString","coordinates":[[28.1427814,36.7231575],[28.1435747,36.723025]]},"properties":{"class":"secondary","ref":"48-53"}},{"type":"Feature","geometry":{"type":"LineString","coordinates":[[28.1442446,36.7228382],[28.1437835,36.7231963]]},"properties":{"class":"secondary","ref":"48-53"}},{"type":"Feature","geometry":{"type":"LineString","coordinates":[[28.1435012,36.7232848],[28.1427814,36.7231575]]},"properties":{"class":"secondary","name":"Marmaris Bozburun Yolu","ref":"48-53"}},{"type":"Feature","geometry":{"type":"LineString","coordinates":[[28.1437891,36.7237448],[28.1435012,36.7232848]]},"properties":{"class":"secondary","name":"Marmaris Bozburun Yolu","ref":"48-53"}},{"type":"Feature","geometry":{"type":"LineString","coordinates":[[28.1437835,36.7231963],[28.1437891,36.7237448]]},"properties":{"class":"secondary","ref":"48-53"}},{"type":"Feature","geometry":{"type":"LineString","coordinates":[[28.1465277,36.7368012],[28.1472346,36.7357825],[28.1475978,36.7350809],[28.1480511,36.7345892],[28.1482494,36.7335116],[28.1485645,36.7333427],[28.1483676,36.7327516],[28.1484164,36.7324511],[28.1486547,36.7322021]]},"properties":{"class":"unclassified"}},{"type":"Feature","geometry":{"type":"LineString","coordinates":[[28.114009,36.7617398],[28.1153733,36.7579756],[28.116418,36.7546786],[28.1169332,36.7537325],[28.1179873,36.7524684],[28.1186616,36.7519543],[28.120278,36.7489594]]},"properties":{"class":"unclassified"}},{"type":"Feature","geometry":{"type":"LineString","coordinates":[[28.1183623,36.747491],[28.1187037,36.746855]]},"properties":{"class":"unclassified"}},{"type":"Feature","geometry":{"type":"LineString","coordinates":[[28.1332971,36.7561287],[28.1318646,36.7528934],[28.1313499,36.7524039],[28.1310395,36.7522833],[28.1294281,36.7523261],[28.1291197,36.7525861],[28.1288434,36.7531578],[28.1285539,36.7532855],[28.128138,36.7532695],[28.1273575,36.7530675],[28.126467,36.7525388],[28.1261689,36.7524639]]},"properties":{"class":"secondary","name":"Marmaris Bozburun Yolu","ref":"48-53"}},{"type":"Feature","geometry":{"type":"LineString","coordinates":[[28.1261689,36.7524639],[28.1257416,36.7526449],[28.124987,36.7534131],[28.1242357,36.7544699],[28.1224365,36.7560424],[28.1218811,36.7566555],[28.120689,36.7592045],[28.1194789,36.7606294],[28.1182896,36.7613486],[28.1178062,36.7613572],[28.1175929,36.7611482],[28.1175951,36.7608241],[28.1217017,36.7515015]]},"properties":{"class":"secondary","name":"Marmaris Bozburun Yolu","ref":"48-53"}},{"type":"Feature","geometry":{"type":"LineString","coordinates":[[28.1139364,36.7615953],[28.1140654,36.761595]]},"properties":{"class":"unclassified"}},{"type":"Feature","geometry":{"type":"LineString","coordinates":[[28.1246068,36.7792234],[28.125521,36.7779263],[28.1258686,36.777236],[28.1256379,36.7760045],[28.1254638,36.7757321],[28.1254185,36.7754189],[28.1257181,36.7748534],[28.1257363,36.7746491],[28.1249625,36.7735712],[28.1249397,36.7732708],[28.1253975,36.7730827],[28.1265223,36.7729363],[28.1273678,36.7727357],[28.1280352,36.7723679],[28.1292314,36.771447],[28.1297033,36.7709109],[28.1304332,36.7703985],[28.130899,36.76988],[28.131807,36.7695644],[28.1319679,36.7694044],[28.1320891,36.7689433],[28.1322489,36.7687056],[28.1337218,36.7675156],[28.1342538,36.7667051],[28.1348885,36.7662656],[28.1360989,36.7657208],[28.1364619,36.7654453],[28.1367784,36.7649912]]},"properties":{"class":"secondary","name":"Marmaris Bozburun Yolu","ref":"48-53"}},{"type":"Feature","geometry":{"type":"LineString","coordinates":[[28.1333525,36.7562581],[28.1332971,36.7561287]]},"properties":{"class":"secondary","name":"Marmaris Bozburun Yolu","ref":"48-53"}},{"type":"Feature","geometry":{"type":"LineString","coordinates":[[28.1367784,36.7649912],[28.1361725,36.7645748],[28.1346933,36.7639966],[28.1316962,36.7626424],[28.1310128,36.7621246],[28.1307314,36.7615958],[28.130486,36.7607066],[28.1304286,36.7601928],[28.1305788,36.7599064],[28.1313428,36.7590412],[28.1334249,36.7578534],[28.1335848,36.7576463],[28.1336804,36.7573568],[28.133624,36.7569955],[28.1333525,36.7562581]]},"properties":{"class":"secondary","name":"Marmaris Bozburun Yolu","ref":"48-53"}},{"type":"Feature","geometry":{"type":"LineString","coordinates":[[28.1329149,36.7682036],[28.1324218,36.7684223],[28.1317712,36.7683921],[28.1312291,36.767365],[28.1313742,36.7671921],[28.1317918,36.7669936]]},"properties":{"class":"unclassified"}},{"type":"Feature","geometry":{"type":"LineString","coordinates":[[28.1317712,36.7683921],[28.1303969,36.7687295]]},"properties":{"class":"unclassified"}},{"type":"Feature","geometry":{"type":"LineString","coordinates":[[28.1965956,36.7495332],[28.1958792,36.7495686],[28.1952771,36.7495005],[28.1944622,36.7489182],[28.1940588,36.7484213],[28.1936811,36.7482374],[28.1923416,36.7477821],[28.1909603,36.7476872],[28.1904526,36.7474877],[28.1883916,36.7462002],[28.1868431,36.7458775],[28.1865658,36.7457133],[28.18587,36.7448162],[28.1843761,36.7440168],[28.182455,36.743564],[28.1811236,36.7435734],[28.1808419,36.7434943],[28.1804396,36.7431793],[28.1799295,36.7431677],[28.1796473,36.7428629],[28.1792138,36.7426587],[28.1790111,36.7426695],[28.1788512,36.742813],[28.1786774,36.7432343],[28.178583,36.7432343],[28.1783598,36.7429386],[28.1783496,36.7427309],[28.1786559,36.741937],[28.1791654,36.7409978],[28.1791575,36.7408687],[28.1787981,36.7405407],[28.1780894,36.7404926],[28.177626,36.7405927],[28.1772472,36.7405128],[28.1767923,36.7402329],[28.1761239,36.7396397],[28.1760773,36.7393091],[28.1764929,36.7386286],[28.1764929,36.7383947],[28.1764265,36.7381781],[28.1756079,36.7375948],[28.1753321,36.7372091],[28.1753546,36.7350509],[28.1751168,36.7329547]]},"properties":{"class":"tertiary","name":"Bozburun Yolu"}},{"type":"Feature","geometry":{"type":"LineString","coordinates":[[28.204463,36.739061],[28.2063621,36.7394817],[28.2071029,36.7399661],[28.2085331,36.7403173],[28.2093515,36.7409112],[28.2099709,36.7418801],[28.210329,36.742291],[28.2120857,36.7425514],[28.213024,36.7432721],[28.2135679,36.7435703],[28.214404,36.7438112],[28.2144788,36.7439509],[28.2155604,36.7442383],[28.2157216,36.7444075],[28.2154673,36.7450611],[28.2154643,36.7456538],[28.2151038,36.7460403],[28.2152351,36.7461749],[28.2157479,36.7461189],[28.216791,36.7456138],[28.2180275,36.7454126],[28.2186247,36.7454259],[28.2196875,36.7460143],[28.2208408,36.7462548],[28.2213811,36.7462095],[28.2218786,36.7459155],[28.2225811,36.746002],[28.2230317,36.7462812],[28.2237839,36.7464717],[28.2260737,36.7473468],[28.2267269,36.7474385],[28.2282684,36.7473218],[28.2290459,36.7477175],[28.230149,36.748033],[28.230873,36.748479],[28.2320606,36.749005]]},"properties":{"class":"unclassified"}},{"type":"Feature","geometry":{"type":"LineString","coordinates":[[28.2258126,36.7737972],[28.2228665,36.7713189],[28.2225318,36.7705522],[28.222168,36.7700826],[28.2221434,36.7699503],[28.2223634,36.7695684],[28.2230825,36.7692095],[28.2232301,36.76895],[28.2232163,36.7687682],[28.2230204,36.76865],[28.2225008,36.7685702],[28.2220458,36.7681943],[28.2215176,36.7680624],[28.2212712,36.7678539],[28.2211022,36.7673262],[28.2213118,36.7666046],[28.2212192,36.7663258],[28.2198804,36.7655638],[28.2190462,36.7655857],[28.2183929,36.7654641],[28.2174879,36.7651328],[28.2168791,36.7647569],[28.215024,36.7630511],[28.2151154,36.7625673],[28.2149473,36.7622173],[28.2148255,36.7621811],[28.2142472,36.7623471],[28.2140325,36.762263],[28.2131781,36.7616406],[28.2111579,36.760599],[28.2091943,36.7589702],[28.2087187,36.7587172],[28.2077381,36.758408],[28.206143,36.758156],[28.205437,36.7583017],[28.2046822,36.7587229],[28.2043215,36.7587297],[28.2042046,36.7586305],[28.2043338,36.7576686],[28.2045162,36.7572707],[28.2044821,36.7568234]]},"properties":{"class":"tertiary","name":"Bozburun Yolu"}},{"type":"Feature","geometry":{"type":"LineString","coordinates":[[28.17441,36.7303867],[28.1755409,36.7298025],[28.1757843,36.7296012],[28.1759168,36.7293695]]},"properties":{"class":"tertiary","name":"Bozburun Yolu"}},{"type":"Feature","geometry":{"type":"LineString","coordinates":[[28.1751168,36.7329547],[28.174831,36.7321837],[28.1742008,36.7310508]]},"properties":{"class":"tertiary","name":"Bozburun Yolu"}},{"type":"Feature","geometry":{"type":"LineString","coordinates":[[28.1742008,36.7310508],[28.1739594,36.7306467],[28.1738172,36.7305586],[28.1731413,36.7304147],[28.1732218,36.7302926],[28.1738494,36.7302319],[28.17441,36.7303867]]},"properties":{"class":"tertiary","name":"Bozburun Yolu"}},{"type":"Feature","geometry":{"type":"LineString","coordinates":[[28.1965956,36.7495332],[28.1963661,36.7492059],[28.1968751,36.7485802],[28.1963988,36.7480361],[28.1962888,36.747539],[28.1957743,36.7470352],[28.1961966,36.7465194],[28.1975508,36.7453227],[28.1979223,36.7451443],[28.1981714,36.7447362],[28.1979843,36.7446592],[28.1970922,36.7448589],[28.1967435,36.7448019],[28.1960169,36.744516],[28.1955896,36.7441565],[28.1953138,36.7437898],[28.1951508,36.7433817],[28.1939821,36.7431861],[28.1939111,36.7430309],[28.1941841,36.7424063],[28.1937922,36.741368],[28.1940655,36.7407477],[28.1939167,36.7402658],[28.1942327,36.7396166],[28.1950829,36.7391936],[28.1953782,36.7389196],[28.1958994,36.7389084],[28.1963049,36.7392031],[28.1964072,36.7399281],[28.1989254,36.7403339],[28.1991003,36.7395556],[28.199686,36.7392515],[28.2005029,36.7393754],[28.2010501,36.739826],[28.2019211,36.7398835],[28.204463,36.739061]]},"properties":{"class":"unclassified"}},{"type":"Feature","geometry":{"type":"LineString","coordinates":[[28.1731068,36.7595484],[28.1741153,36.758702],[28.1755838,36.7586103],[28.1765915,36.7589779],[28.1770976,36.7589438],[28.1774879,36.7586213],[28.1775176,36.7581357],[28.1777626,36.7579469],[28.178444,36.7580384],[28.1796557,36.7577279],[28.1799698,36.7577998],[28.1802432,36.7580253],[28.18059,36.7577835],[28.1811244,36.7578586],[28.181716,36.757607],[28.182177,36.7576004],[28.182279,36.7575547],[28.1822137,36.7572899],[28.182279,36.7571951],[28.182634,36.7569663],[28.1823933,36.7564596],[28.1824014,36.756306],[28.1827156,36.7561753],[28.1845882,36.7562995],[28.1856694,36.7559367],[28.1871177,36.7559138],[28.1882682,36.7564989],[28.1883865,36.7567048],[28.1883195,36.7568999]]},"properties":{"class":"unclassified"}},{"type":"Feature","geometry":{"type":"LineString","coordinates":[[28.2044821,36.7568234],[28.204037,36.7564265],[28.2038736,36.7561199],[28.2038972,36.7549753],[28.2036433,36.7547982],[28.2031429,36.7546524],[28.2028323,36.7544233],[28.2025687,36.7540664],[28.2028889,36.7531393],[28.2027862,36.7527425],[28.2025158,36.7523266],[28.1999092,36.7506216],[28.1996891,36.7505064],[28.1986038,36.7503425],[28.1972985,36.7495882]]},"properties":{"class":"tertiary","name":"Bozburun Yolu"}},{"type":"Feature","geometry":{"type":"LineString","coordinates":[[28.1965956,36.7495332],[28.1972985,36.7495882]]},"properties":{"class":"tertiary","name":"Bozburun Yolu"}},{"type":"Feature","geometry":{"type":"LineString","coordinates":[[28.1883195,36.7568999],[28.1881016,36.7572636],[28.1881539,36.7574885],[28.1883628,36.7575016],[28.1893517,36.7572584],[28.1895802,36.7572819],[28.1900404,36.7579383],[28.1903472,36.7581762],[28.1910881,36.7584534],[28.191372,36.7586731],[28.1916201,36.7591437],[28.1914863,36.7596876],[28.1914602,36.7603387],[28.1916429,36.7605793],[28.19225,36.760493],[28.1928114,36.7605558],[28.1938395,36.7604355],[28.1941757,36.7602943],[28.1950798,36.7596667],[28.195899,36.7596379],[28.1960818,36.7597425],[28.1962222,36.7600014],[28.1963495,36.7600433],[28.1973221,36.7600668],[28.1975277,36.7603204],[28.1975995,36.7606734],[28.1976909,36.7607466],[28.1983665,36.7608042],[28.1989508,36.760731],[28.1995383,36.7605139],[28.1998581,36.7601322],[28.2003542,36.7597818],[28.2008503,36.7595752],[28.2010168,36.7590365],[28.2015073,36.7582604],[28.2023713,36.7574362],[28.2025513,36.7570484],[28.2038307,36.7568973],[28.2045013,36.7569612]]},"properties":{"class":"unclassified"}},{"type":"Feature","geometry":{"type":"LineString","coordinates":[[28.1283652,36.7721306],[28.1277198,36.7722835],[28.127524,36.7724038],[28.1270465,36.7724274],[28.1267649,36.7725413],[28.1254023,36.7725434]]},"properties":{"class":"unclassified"}},{"type":"Feature","geometry":{"type":"LineString","coordinates":[[28.1355605,36.7913183],[28.1352549,36.7908022],[28.1350607,36.7906508],[28.1344794,36.7904051],[28.1333548,36.7896792],[28.1318269,36.7892203],[28.1311348,36.7884073],[28.1302848,36.7879753],[28.1292726,36.7877156],[28.1288623,36.7872151],[28.1278507,36.7868062],[28.1270315,36.7861215],[28.1249605,36.7851275],[28.1249391,36.7850036],[28.1252934,36.7845045],[28.1254084,36.7841914],[28.1247161,36.7834924],[28.1246406,36.7833088],[28.1247138,36.7831061],[28.1255238,36.7826077],[28.1257426,36.7823329],[28.1256689,36.7820894],[28.1251999,36.7815236],[28.1249644,36.7811093],[28.1248644,36.7807069],[28.1248338,36.7799624],[28.1245216,36.7795339],[28.1246068,36.7792234]]},"properties":{"class":"secondary","name":"Marmaris Bozburun Yolu","ref":"48-53"}},{"type":"Feature","geometry":{"type":"LineString","coordinates":[[28.1414618,36.7934423],[28.1371216,36.7917627],[28.1355605,36.7913183]]},"properties":{"class":"secondary","name":"Marmaris Bozburun Yolu","ref":"48-53"}},{"type":"Feature","geometry":{"type":"LineString","coordinates":[[28.1285988,36.798463],[28.131519,36.7945242]]},"properties":{"class":"unclassified"}},{"type":"Feature","geometry":{"type":"LineString","coordinates":[[28.1398182,36.7979067],[28.1402283,36.7972939],[28.1418501,36.7940197],[28.1417871,36.7937329],[28.1414618,36.7934423]]},"properties":{"class":"secondary","name":"Marmaris Bozburun Yolu","ref":"48-53"}},{"type":"Feature","geometry":{"type":"LineString","coordinates":[[28.1295089,36.8110674],[28.1226882,36.8056155],[28.1218959,36.8052759],[28.1202201,36.8052344]]},"properties":{"class":"trunk","name":"Marmaris Datça Yolu","ref":"D400"}},{"type":"Feature","geometry":{"type":"LineString","coordinates":[[28.1279278,36.7998604],[28.1283735,36.7995718]]},"properties":{"class":"unclassified"}},{"type":"Feature","geometry":{"type":"LineString","coordinates":[[28.1323238,36.799895],[28.131504,36.7997008],[28.1305491,36.7996378],[28.1285988,36.798463]]},"properties":{"class":"unclassified"}},{"type":"Feature","geometry":{"type":"LineString","coordinates":[[28.1294515,36.7989482],[28.1304748,36.79769]]},"properties":{"class":"unclassified"}},{"type":"Feature","geometry":{"type":"LineString","coordinates":[[28.1297292,36.7997691],[28.1299116,36.7998163],[28.1302978,36.7994125],[28.1308074,36.7985577]]},"properties":{"class":"unclassified"}},{"type":"Feature","geometry":{"type":"LineString","coordinates":[[28.1293047,36.8013547],[28.1302173,36.8005042]]},"properties":{"class":"unclassified"}},{"type":"Feature","geometry":{"type":"LineString","coordinates":[[28.1397764,36.7979612],[28.1398182,36.7979067]]},"properties":{"class":"secondary","name":"Marmaris Bozburun Yolu","ref":"48-53"}},{"type":"Feature","geometry":{"type":"LineString","coordinates":[[28.131668,36.8097935],[28.1319729,36.8084598],[28.1319162,36.8070146],[28.1316716,36.8061844],[28.1305067,36.8043175],[28.1303715,36.803948],[28.1305196,36.8029951]]},"properties":{"class":"secondary","name":"Marmaris Bozburun Yolu","ref":"48-53"}},{"type":"Feature","geometry":{"type":"LineString","coordinates":[[28.1305196,36.8029951],[28.1323238,36.799895],[28.1325802,36.7995915],[28.1329154,36.7993581],[28.1334596,36.7992336],[28.1384486,36.7986639],[28.1393673,36.7982851],[28.1397764,36.7979612]]},"properties":{"class":"secondary","name":"Marmaris Bozburun Yolu","ref":"48-53"}},{"type":"Feature","geometry":{"type":"LineString","coordinates":[[28.1308888,36.8121941],[28.1310766,36.8118754]]},"properties":{"class":"secondary","ref":"48-53"}},{"type":"Feature","geometry":{"type":"LineString","coordinates":[[28.1315303,36.810275],[28.131668,36.8097935]]},"properties":{"class":"secondary","ref":"48-53"}},{"type":"Feature","geometry":{"type":"LineString","coordinates":[[28.1310766,36.8118754],[28.1310424,36.8122057]]},"properties":{"class":"secondary","ref":"48-53"}},{"type":"Feature","geometry":{"type":"LineString","coordinates":[[28.1295089,36.8110674],[28.1310424,36.8122057]]},"properties":{"class":"trunk","name":"Marmaris Datça Yolu","ref":"D400"}},{"type":"Feature","geometry":{"type":"LineString","coordinates":[[28.1326217,36.8135454],[28.1309893,36.8122747]]},"properties":{"class":"trunk","name":"Marmaris Datça Yolu","ref":"D400"}},{"type":"Feature","geometry":{"type":"LineString","coordinates":[[28.1310766,36.8118754],[28.1315303,36.810275]]},"properties":{"class":"secondary","ref":"48-53"}},{"type":"Feature","geometry":{"type":"LineString","coordinates":[[28.1310424,36.8122057],[28.1326217,36.8135454]]},"properties":{"class":"trunk","name":"Marmaris Datça Yolu","ref":"D400"}},{"type":"Feature","geometry":{"type":"LineString","coordinates":[[28.1310424,36.8122057],[28.1309893,36.8122747]]},"properties":{"class":"secondary","ref":"48-53"}},{"type":"Feature","geometry":{"type":"LineString","coordinates":[[28.1309893,36.8122747],[28.1295089,36.8110674]]},"properties":{"class":"trunk","name":"Marmaris Datça Yolu","ref":"D400"}},{"type":"Feature","geometry":{"type":"LineString","coordinates":[[28.1485578,36.834191],[28.1474569,36.8344228],[28.1468617,36.8344207],[28.1464024,36.8343088],[28.1430435,36.8330745],[28.1426616,36.8329079],[28.1422058,36.8325125],[28.1398324,36.8290472],[28.1396431,36.8285916],[28.1388051,36.8251904],[28.1384693,36.8244647],[28.1378744,36.8235127],[28.1377394,36.8220314],[28.1367812,36.8177746],[28.1361272,36.8167688],[28.1351879,36.8156041],[28.1326217,36.8135454]]},"properties":{"class":"trunk","name":"Marmaris Datça Yolu","ref":"D400"}},{"type":"Feature","geometry":{"type":"LineString","coordinates":[[28.2185791,36.793719],[28.2182253,36.7934192],[28.2167079,36.7926741],[28.2155771,36.7925385],[28.2153194,36.7924314],[28.2148543,36.7920557],[28.2138555,36.7914878],[28.2131636,36.7907952],[28.2128633,36.7906593],[28.2099389,36.7900006],[28.2095094,36.7900036],[28.20898,36.7901279],[28.2085085,36.7906631],[28.2083371,36.7906802],[28.2074387,36.7904031],[28.2065967,36.7904266],[28.2058735,36.7905872],[28.2054615,36.79082],[28.2052132,36.7911859],[28.2050757,36.7918224],[28.2049079,36.7919406],[28.2040737,36.791663],[28.2034506,36.7913366],[28.2028954,36.7912813],[28.201678,36.7908344],[28.2007086,36.7905835],[28.1992562,36.7903247],[28.1990786,36.7902128],[28.1990114,36.7900685],[28.1989625,36.789619],[28.1986665,36.7893455],[28.1985283,36.7893485],[28.1982183,36.7895667],[28.1977587,36.7903438],[28.197076,36.7905913],[28.1957606,36.7913362],[28.1950752,36.7913754],[28.194234,36.7915839],[28.1940634,36.7916734],[28.1937092,36.792098],[28.1930334,36.7923679],[28.1923218,36.7924341],[28.1921038,36.7922967],[28.192214,36.792089],[28.1930496,36.7918326],[28.1933258,36.7916185],[28.1937138,36.7910701],[28.1943561,36.79076],[28.1944673,36.7905553],[28.1942462,36.7904894],[28.1926151,36.7910288],[28.1917597,36.7910389],[28.1907253,36.7911803]]},"properties":{"class":"tertiary"}},{"type":"Feature","geometry":{"type":"LineString","coordinates":[[28.1907253,36.7911803],[28.1906429,36.7916883],[28.1908469,36.7921212],[28.1908964,36.7924813],[28.1908079,36.7932012],[28.1908946,36.7940711],[28.1912544,36.7948015],[28.1913076,36.7950757],[28.1910323,36.7958434],[28.1911393,36.7967705],[28.1911087,36.797187],[28.1913943,36.798457],[28.1914096,36.7995392],[28.1909558,36.8012706],[28.1912158,36.8018015],[28.1911697,36.8021643],[28.1910476,36.8024712],[28.1903044,36.802951],[28.1901602,36.8031245],[28.1901245,36.8033981],[28.1902838,36.8037288],[28.1916436,36.805288],[28.1917564,36.8056153],[28.1918072,36.8059344],[28.1917258,36.8066974],[28.1917411,36.8079223],[28.1908538,36.8100782],[28.1909343,36.8107637],[28.1921267,36.8131522],[28.1923531,36.8143939],[28.1920012,36.8152921],[28.1917462,36.8156391],[28.1912362,36.8160555],[28.1907365,36.8161331],[28.1901694,36.8164008],[28.189742,36.8168557],[28.1889978,36.8180136],[28.188851,36.8184473],[28.1884802,36.8189298],[28.1876432,36.8192528],[28.1870988,36.8193082],[28.1868045,36.8194402],[28.1868106,36.8195275],[28.187471,36.819888],[28.188205,36.8206071],[28.1886878,36.8217342],[28.1892785,36.8220687],[28.1905595,36.8220718]]},"properties":{"class":"tertiary"}},{"type":"Feature","geometry":{"type":"LineString","coordinates":[[28.2663081,36.7491037],[28.2654915,36.74895],[28.2651202,36.7490231],[28.2640944,36.7486525],[28.2628145,36.748556],[28.2610884,36.7477288],[28.2603296,36.7476505],[28.2597597,36.747901],[28.2589093,36.7481036],[28.2581313,36.7477914],[28.2580201,36.7481586],[28.2576037,36.7482167],[28.2575353,36.7483159],[28.2575867,36.7488512],[28.257533,36.748975],[28.2570333,36.7494352],[28.2562949,36.7496406],[28.2557157,36.7496552],[28.2543341,36.7491259],[28.254203,36.7488578],[28.2539325,36.7485905],[28.2539358,36.7479923],[28.2541448,36.7478249],[28.2543779,36.7478385],[28.2553289,36.7482148],[28.2555291,36.7481779],[28.2555743,36.7481048],[28.2553009,36.7474933],[28.2554284,36.7467469],[28.255675,36.7464509],[28.2557932,36.746166],[28.256142,36.745875],[28.256261,36.7454074],[28.2562049,36.7453781],[28.255895,36.74562],[28.254403,36.746423],[28.2539297,36.7463883],[28.2532299,36.7465515],[28.2522673,36.7462732],[28.2521314,36.7463212],[28.2517681,36.7467547],[28.2515538,36.7468633],[28.2509632,36.7469614],[28.250242,36.7467502],[28.251181,36.746608],[28.251433,36.746405],[28.2517542,36.7456948],[28.2520647,36.7455286],[28.2522878,36.7455187],[28.2522885,36.7454591],[28.2519655,36.7453689],[28.2517571,36.7454059],[28.2513828,36.7456475],[28.2510823,36.7456866],[28.250546,36.7459212],[28.2501663,36.7458677],[28.2498634,36.7454884],[28.2493796,36.7451501],[28.2492045,36.7451312],[28.2490431,36.7452011],[28.2488853,36.7454568],[28.2487111,36.7455755],[28.2486286,36.7458982],[28.2482249,36.7461025],[28.2478439,36.7466909],[28.247344,36.746875],[28.2467787,36.7468619],[28.2465321,36.7471996],[28.2457038,36.7471642],[28.2455877,36.7472958],[28.2455164,36.7475718],[28.245079,36.7477738],[28.2448165,36.7480223],[28.2444025,36.7480016],[28.2441775,36.7482334],[28.2433779,36.748368],[28.243103,36.7485723],[28.2422946,36.7488768],[28.2420166,36.7491235],[28.2412763,36.7493671],[28.2409886,36.74958],[28.2403466,36.7498569],[28.2396054,36.7498984],[28.2391579,36.7500429],[28.2390779,36.7501347],[28.2390437,36.7504906],[28.2387782,36.7507592],[28.2379876,36.7508403],[28.236799,36.7502415],[28.2363004,36.7501984],[28.2361364,36.7502135],[28.235794,36.7504778],[28.2355397,36.7505676],[28.235779,36.7510146],[28.2357673,36.7511298],[28.2354909,36.7513608],[28.2352126,36.7520837],[28.2354325,36.7521961],[28.2361698,36.7523308],[28.236586,36.7527144],[28.2372387,36.7529761],[28.2377033,36.7536568],[28.2380465,36.7538559],[28.2381052,36.7539679],[28.2375573,36.7537694],[28.2369583,36.753222],[28.2365091,36.7530695],[28.2357016,36.7529805],[28.2351807,36.7531084],[28.233259,36.7528669],[28.2330387,36.7526773],[28.2329361,36.7523321],[28.2332068,36.7513891],[28.2335378,36.751242],[28.233614,36.751135],[28.2333208,36.750551],[28.2328595,36.7500936],[28.2325698,36.7492149],[28.2324046,36.7490774],[28.2320606,36.749005]]},"properties":{"class":"unclassified"}},{"type":"Feature","geometry":{"type":"LineString","coordinates":[[28.2146073,36.7410213],[28.2148647,36.7402705]]},"properties":{"class":"unclassified"}},{"type":"Feature","geometry":{"type":"LineString","coordinates":[[28.2320606,36.749005],[28.232286,36.7491687],[28.2324927,36.7494598],[28.2324389,36.7502282],[28.232528,36.7505073],[28.2323861,36.7507647],[28.2317504,36.751103],[28.2315817,36.7512962],[28.2314889,36.7515387],[28.2314752,36.7520222],[28.2318734,36.7530943],[28.2323938,36.7535258],[28.2323766,36.7536964],[28.231484,36.754189],[28.230856,36.7542295],[28.2303064,36.7543752],[28.2301801,36.7543155],[28.2296394,36.7536207],[28.2296054,36.7535155],[28.2297848,36.753185],[28.2297409,36.7530932],[28.2294754,36.7530752],[28.2290053,36.7536101],[28.2286179,36.7536965],[28.2280696,36.7539923],[28.2269533,36.7538024],[28.226707,36.754155],[28.2261839,36.7543722],[28.225994,36.75484],[28.2257535,36.7550637],[28.2258292,36.7554147],[28.2253415,36.7562947],[28.2249125,36.7567705],[28.2247886,36.7571059],[28.2245125,36.7574911],[28.2246333,36.7578],[28.2246047,36.7581881],[28.2244123,36.7586296],[28.2240745,36.7591155],[28.2238074,36.7598988],[28.224056,36.7614526],[28.2244199,36.7619671],[28.224447,36.762121],[28.2246092,36.7622991],[28.2247595,36.7623295],[28.22519,36.7620699],[28.225206,36.7622521],[28.22485,36.762664],[28.22448,36.7628599],[28.2238958,36.7629907],[28.2236788,36.7635504],[28.2229571,36.7645574],[28.2229003,36.7649011],[28.2230115,36.7650257],[28.2239028,36.7653167],[28.2240468,36.7654371],[28.2240169,36.7655227],[28.2231684,36.7660985],[28.2222747,36.7663434],[28.2212883,36.7671888],[28.2212634,36.7675826],[28.2214043,36.7678652],[28.2215119,36.7679919],[28.2220458,36.7681943]]},"properties":{"class":"unclassified"}},{"type":"Feature","geometry":{"type":"LineString","coordinates":[[28.2479902,36.7690067],[28.2489476,36.7689671],[28.2493775,36.7695384],[28.249778,36.7698854],[28.2501558,36.7699584],[28.250957,36.7698671],[28.2513054,36.7699376],[28.2514194,36.769888],[28.2515595,36.7696297],[28.251934,36.7694002],[28.2524637,36.7692927],[28.2528875,36.7690607],[28.2530377,36.7688845],[28.2530608,36.7677749],[28.2532204,36.7676418],[28.2538066,36.7675844],[28.2540462,36.7677586],[28.2543961,36.7684062],[28.2550442,36.7692149],[28.2551907,36.7692801],[28.2556629,36.7691575],[28.2557639,36.7690532],[28.2557639,36.7686723],[28.2561254,36.7680879],[28.256399,36.7679079],[28.2579785,36.7676601],[28.2583009,36.7675009],[28.2588187,36.7669426],[28.2591867,36.7666948],[28.2594635,36.76628],[28.2602354,36.7659069],[28.2604243,36.7657269],[28.2611082,36.7650616],[28.2612222,36.7646755],[28.2631143,36.7638954],[28.2632152,36.7637044],[28.2628343,36.7632144],[28.2629417,36.7620873],[28.2626063,36.7613829],[28.2618963,36.7603262],[28.2620426,36.7600657],[28.2617853,36.7597526],[28.2619254,36.7593299],[28.2621924,36.7591394],[28.2622608,36.7587689],[28.2621696,36.7584089],[28.2629122,36.7583175],[28.2632574,36.7580384],[28.2635472,36.7575739],[28.2635635,36.7573808],[28.2645926,36.7567024],[28.2647614,36.7563378],[28.2647203,36.7562463]]},"properties":{"class":"tertiary","name":"Amos Kumlubük Caddesi"}},{"type":"Feature","geometry":{"type":"LineString","coordinates":[[28.2702365,36.7462361],[28.2703896,36.746043],[28.2687189,36.7450644],[28.2681392,36.7451896],[28.2677126,36.745448],[28.2675107,36.7454689],[28.266843,36.7452888]]},"properties":{"class":"unclassified","name":"Kumlubük Yolu"}},{"type":"Feature","geometry":{"type":"LineString","coordinates":[[28.2647001,36.7561467],[28.2643679,36.7558701],[28.2641568,36.7554637],[28.2637557,36.7552204],[28.262453,36.7549308],[28.2620328,36.7547194],[28.2615443,36.7543358],[28.2610721,36.7532321],[28.2605315,36.7524623],[28.2601863,36.7522301],[28.2601407,36.7520918],[28.2603849,36.7518048],[28.2606487,36.7517186],[28.2612643,36.7517291],[28.2617723,36.7518361],[28.2626679,36.751309],[28.2632671,36.7511942],[28.2635961,36.7508862],[28.2635993,36.7506357],[28.2639478,36.7497303],[28.2645796,36.7497459],[28.2650486,36.7492449],[28.265612,36.7490935]]},"properties":{"class":"tertiary","name":"Amos Kumlubük Caddesi"}},{"type":"Feature","geometry":{"type":"LineString","coordinates":[[28.266843,36.7452888],[28.2667942,36.7457664],[28.2663736,36.7466542],[28.2658758,36.7472042],[28.26598,36.7475226],[28.266488,36.748282],[28.2663903,36.7489865],[28.2662764,36.7491509],[28.265612,36.7490935]]},"properties":{"class":"unclassified","name":"Kumlubük Yolu"}},{"type":"Feature","geometry":{"type":"LineString","coordinates":[[28.2647203,36.7562463],[28.2647001,36.7561467]]},"properties":{"class":"tertiary","name":"Amos Kumlubük Caddesi"}},{"type":"Feature","geometry":{"type":"LineString","coordinates":[[28.2258535,36.7738742],[28.2242777,36.7739327],[28.222314,36.7734037],[28.2217566,36.773401],[28.2213696,36.7734891],[28.2190526,36.7750632],[28.2151145,36.7761049],[28.2145623,36.7764197],[28.2121923,36.7772384],[28.2120249,36.7775217],[28.2121261,36.7776836],[28.2126375,36.7779964],[28.2127062,36.7784513],[28.212616,36.778964],[28.2130371,36.7794701],[28.2131121,36.7796647],[28.2127199,36.7802293],[28.2120556,36.7804311],[28.2119523,36.7805107],[28.21196,36.7806818],[28.2121937,36.7807526],[28.2127676,36.7807181],[28.2137584,36.7816194],[28.2145105,36.782161],[28.2147705,36.7822784],[28.2153617,36.7823404],[28.2156317,36.7827533],[28.2162258,36.7832205],[28.2164475,36.7835469],[28.2164141,36.7836666],[28.2163539,36.7837097],[28.2154279,36.783312],[28.2150078,36.7829355],[28.2140906,36.7828561],[28.2134878,36.7829005],[28.2127058,36.7823828],[28.2125803,36.7823767],[28.2119449,36.7826388],[28.2114838,36.7827181],[28.2112975,36.7828437],[28.2108575,36.7832174],[28.2104953,36.7838607],[28.2103033,36.7839998],[28.2100319,36.7839982],[28.2095271,36.7836731]]},"properties":{"class":"tertiary","name":"Turunç Yolu"}},{"type":"Feature","geometry":{"type":"LineString","coordinates":[[28.216137,36.7758185],[28.2169856,36.7749026],[28.217268,36.7740667],[28.2173523,36.7735272],[28.217724,36.7731257],[28.2178164,36.7728249],[28.2186672,36.7715788],[28.2189201,36.7709297],[28.2188719,36.7706162],[28.2191017,36.7702627],[28.2193337,36.7700695],[28.2193423,36.7698463],[28.2191103,36.7697652],[28.2180013,36.7702459],[28.2174142,36.7702825],[28.216602,36.7700918],[28.2157964,36.7697573],[28.2152093,36.7694098],[28.2144697,36.7693974],[28.2133702,36.7697297],[28.2127266,36.7693525]]},"properties":{"class":"tertiary"}},{"type":"Feature","geometry":{"type":"LineString","coordinates":[[28.2409747,36.8259954],[28.2417311,36.8248523],[28.2419121,36.8232173],[28.2422622,36.8217487],[28.2423118,36.8206504],[28.2424177,36.8201587],[28.2423882,36.8193052],[28.2422742,36.8188683],[28.2416265,36.8173835],[28.241137,36.8156098],[28.2392661,36.8128054],[28.2384279,36.8119486],[28.2377306,36.8110231],[28.2365584,36.8100471],[28.2356478,36.8091151],[28.2345347,36.8087994],[28.2323071,36.8080091],[28.2303572,36.8076848],[28.229527,36.8073101],[28.2288122,36.8068076],[28.2277286,36.8057746],[28.2268462,36.8052699],[28.2260965,36.8044485],[28.2256298,36.8037097],[28.2249627,36.8034278]]},"properties":{"class":"tertiary","name":"Atatürk Caddesi"}},{"type":"Feature","geometry":{"type":"LineString","coordinates":[[28.2258126,36.7737972],[28.2258535,36.7738742]]},"properties":{"class":"tertiary"}},{"type":"Feature","geometry":{"type":"LineString","coordinates":[[28.2408776,36.7769136],[28.2394175,36.7762839],[28.2388328,36.775691],[28.2381354,36.7754074],[28.2380174,36.774939],[28.2374702,36.7744964],[28.2367031,36.7741742],[28.2359413,36.7740281],[28.2357643,36.7738476],[28.2356463,36.7734609],[28.2350723,36.7730226],[28.2338709,36.7728808],[28.2332648,36.7726917],[28.2330502,36.7725284],[28.2329429,36.7724038],[28.2329375,36.7722362],[28.2334954,36.7718538],[28.2337422,36.7713038],[28.2336671,36.7711405],[28.2335115,36.7712049],[28.2333881,36.7715788],[28.2331843,36.7716518],[28.2323206,36.7717335],[28.2316286,36.7715573],[28.2314462,36.7715702],[28.2312424,36.7717593],[28.2313658,36.7720686],[28.2320739,36.7727433],[28.2323474,36.7732546],[28.2329751,36.773796],[28.2331199,36.7744492],[28.2338656,36.7754203],[28.2337744,36.7755234],[28.2327176,36.7745222],[28.2323099,36.7739464],[28.2310653,36.77313],[28.2301802,36.7726874],[28.2292468,36.7724468],[28.2289571,36.7721503],[28.2288338,36.771669],[28.2289196,36.7706721],[28.2298154,36.7693958],[28.2305289,36.7692197],[28.2305074,36.7691294],[28.2303787,36.7690779],[28.2298637,36.7690907],[28.2288123,36.7698471],[28.2278842,36.7700748],[28.227777,36.7701779],[28.2280023,36.7707537],[28.2279754,36.7709213],[28.2274712,36.7712952],[28.2273317,36.7717206],[28.2268221,36.7721546],[28.2266504,36.7724855],[28.2266504,36.7727605],[28.2268275,36.773332],[28.2267684,36.7735081],[28.2265539,36.7736585],[28.2258535,36.7738742]]},"properties":{"class":"tertiary","name":"Yağmursini Caddesi"}},{"type":"Feature","geometry":{"type":"LineString","coordinates":[[28.2095271,36.7836731],[28.2093856,36.7837782],[28.209422,36.7838465],[28.2103503,36.7845007],[28.2105249,36.7844525],[28.2111058,36.7839047],[28.2116818,36.783748],[28.2123646,36.7839979],[28.2128001,36.7840416],[28.2135349,36.7842585],[28.2136892,36.7846204],[28.2138232,36.7847301],[28.2146233,36.7850138],[28.2151389,36.7854934],[28.2155733,36.7865797],[28.2163608,36.7869098],[28.2167931,36.7868876],[28.2169846,36.7870552],[28.2169543,36.7872078],[28.2167699,36.787285],[28.2147239,36.7868683],[28.2144872,36.7870142],[28.2144355,36.7872252],[28.2145211,36.787406],[28.2147833,36.7874811],[28.2151285,36.787269],[28.2155297,36.7873647],[28.216691,36.7879859],[28.2168448,36.788485],[28.2170118,36.7886036],[28.2177127,36.7882091],[28.2182964,36.7881798],[28.2184805,36.7883643],[28.2184963,36.7885081],[28.2183365,36.7892387],[28.2183864,36.7895439]]},"properties":{"class":"tertiary","name":"Turunç Yolu"}},{"type":"Feature","geometry":{"type":"LineString","coordinates":[[28.2185191,36.8012177],[28.2194478,36.8008441],[28.2200964,36.8004496],[28.2209676,36.7995894],[28.2208132,36.7980653],[28.2202131,36.796909],[28.2199868,36.7962535],[28.2191078,36.7951974],[28.2188987,36.7944314],[28.2185791,36.793719],[28.2187117,36.7935009]]},"properties":{"class":"tertiary"}},{"type":"Feature","geometry":{"type":"LineString","coordinates":[[28.2219085,36.795922],[28.2217876,36.7955333],[28.2204045,36.7951397],[28.2200187,36.7947854],[28.2195234,36.7939785]]},"properties":{"class":"tertiary","name":"Fevzi Çakmak Caddesi"}},{"type":"Feature","geometry":{"type":"LineString","coordinates":[[28.2183864,36.7895439],[28.2183963,36.7900325],[28.2182032,36.7905488],[28.2182596,36.7908952],[28.2188718,36.7917475],[28.219173,36.792346]]},"properties":{"class":"tertiary","name":"İsmet İnönü Caddesi"}},{"type":"Feature","geometry":{"type":"LineString","coordinates":[[28.2189065,36.7933862],[28.2191427,36.7932371]]},"properties":{"class":"tertiary","name":"Barbaros Caddesi"}},{"type":"Feature","geometry":{"type":"LineString","coordinates":[[28.2187117,36.7935009],[28.2189065,36.7933862]]},"properties":{"class":"tertiary","name":"Barbaros Caddesi"}},{"type":"Feature","geometry":{"type":"LineString","coordinates":[[28.2191427,36.7932371],[28.2192767,36.7929716]]},"properties":{"class":"tertiary","name":"Barbaros Caddesi"}},{"type":"Feature","geometry":{"type":"LineString","coordinates":[[28.2193879,36.7927083],[28.2192767,36.7929716]]},"properties":{"class":"tertiary","name":"Barbaros Caddesi"}},{"type":"Feature","geometry":{"type":"LineString","coordinates":[[28.2194063,36.7926288],[28.2197872,36.7926943]]},"properties":{"class":"tertiary","name":"İsmet İnönü Caddesi"}},{"type":"Feature","geometry":{"type":"LineString","coordinates":[[28.2192367,36.7926233],[28.219173,36.792346]]},"properties":{"class":"tertiary","name":"İsmet İnönü Caddesi"}},{"type":"Feature","geometry":{"type":"LineString","coordinates":[[28.2192728,36.7925926],[28.2193736,36.7925959],[28.2194031,36.7926909],[28.2192663,36.7927182],[28.2192728,36.7925926]]},"properties":{"class":"tertiary"}},{"type":"Feature","geometry":{"type":"LineString","coordinates":[[28.2192767,36.7929716],[28.219247,36.7927036]]},"properties":{"class":"tertiary","name":"Barbaros Caddesi"}},{"type":"Feature","geometry":{"type":"LineString","coordinates":[[28.219173,36.792346],[28.2193499,36.7925863]]},"properties":{"class":"tertiary","name":"İsmet İnönü Caddesi"}},{"type":"Feature","geometry":{"type":"LineString","coordinates":[[28.2248581,36.8023151],[28.2232481,36.7996298],[28.2244493,36.7978612],[28.2255158,36.7953788],[28.2258491,36.7950814]]},"properties":{"class":"tertiary","name":"İsmet İnönü Caddesi"}},{"type":"Feature","geometry":{"type":"LineString","coordinates":[[28.2219085,36.795922],[28.2234105,36.7950403]]},"properties":{"class":"tertiary","name":"Manolya Caddesi"}},{"type":"Feature","geometry":{"type":"LineString","coordinates":[[28.2258491,36.7950814],[28.2259353,36.7949934]]},"properties":{"class":"tertiary","name":"İsmet İnönü Caddesi"}},{"type":"Feature","geometry":{"type":"LineString","coordinates":[[28.2259353,36.7949934],[28.2259878,36.7949397]]},"properties":{"class":"tertiary","name":"İsmet İnönü Caddesi"}},{"type":"Feature","geometry":{"type":"LineString","coordinates":[[28.2460117,36.7722983],[28.246004,36.7724521]]},"properties":{"class":"tertiary","name":"Atatürk Caddesi"}},{"type":"Feature","geometry":{"type":"LineString","coordinates":[[28.2478113,36.7690616],[28.247473,36.769331],[28.2471122,36.7700542],[28.246818,36.7710417],[28.2460117,36.7722983]]},"properties":{"class":"tertiary","name":"Atatürk Caddesi"}},{"type":"Feature","geometry":{"type":"LineString","coordinates":[[28.246004,36.7724521],[28.2461766,36.775287],[28.2461713,36.775416],[28.2460551,36.7755415]]},"properties":{"class":"tertiary","name":"Atatürk Caddesi"}},{"type":"Feature","geometry":{"type":"LineString","coordinates":[[28.2468063,36.776934],[28.2470081,36.7775772],[28.2472969,36.7780398],[28.2473316,36.7782477],[28.2470725,36.7784881],[28.2459138,36.7784967],[28.2451628,36.7780413],[28.2448248,36.7774827],[28.2440899,36.7770444],[28.2436929,36.7765374],[28.2429044,36.7759316],[28.2427971,36.7760218],[28.2428346,36.7762882],[28.2427541,36.7767523],[28.2432584,36.7773151],[28.2432739,36.7774937]]},"properties":{"class":"tertiary","name":"Kaygiseki Caddesi"}},{"type":"Feature","geometry":{"type":"LineString","coordinates":[[28.2420568,36.7771905],[28.2419334,36.7772421],[28.2408776,36.7769136]]},"properties":{"class":"tertiary","name":"Kaygiseki Caddesi"}},{"type":"Feature","geometry":{"type":"LineString","coordinates":[[28.2431691,36.7774976],[28.2426522,36.7770917],[28.241751,36.776778],[28.2413755,36.776387],[28.2412038,36.7763999],[28.2412038,36.7765417],[28.2420568,36.7771905]]},"properties":{"class":"tertiary","name":"Kaygiseki Caddesi"}},{"type":"Feature","geometry":{"type":"LineString","coordinates":[[28.2432739,36.7774937],[28.2431691,36.7774976]]},"properties":{"class":"tertiary","name":"Kaygiseki Caddesi"}},{"type":"Feature","geometry":{"type":"LineString","coordinates":[[28.2465935,36.7764574],[28.2468063,36.776934]]},"properties":{"class":"tertiary","name":"Kaygiseki Caddesi"}},{"type":"Feature","geometry":{"type":"LineString","coordinates":[[28.249771,36.7931577],[28.2492533,36.7931104],[28.2487799,36.793264],[28.248277,36.7930202],[28.2478666,36.7935722],[28.2478988,36.7939094],[28.2475018,36.7941608],[28.2471987,36.7944851],[28.2469198,36.7950307],[28.2466596,36.7951445],[28.2465255,36.7952992],[28.2464343,36.7955591],[28.2465362,36.7959414],[28.2464477,36.7964418],[28.2459837,36.7969551],[28.2459542,36.7977799],[28.2456886,36.798377],[28.2453775,36.7986691],[28.2451254,36.7993177],[28.245245,36.7999669]]},"properties":{"class":"tertiary"}},{"type":"Feature","geometry":{"type":"LineString","coordinates":[[28.2256108,36.8035847],[28.224184,36.8032711],[28.2230848,36.8031511],[28.2212245,36.80266],[28.220347,36.802534],[28.2184832,36.8014783],[28.2184374,36.8013117],[28.2185191,36.8012177]]},"properties":{"class":"tertiary","name":"Barbaros Caddesi"}},{"type":"Feature","geometry":{"type":"LineString","coordinates":[[28.2189748,36.8017572],[28.2191268,36.8019797],[28.2187714,36.8020871],[28.2184294,36.8023932],[28.2187821,36.8026369]]},"properties":{"class":"unclassified"}},{"type":"Feature","geometry":{"type":"LineString","coordinates":[[28.220948,36.8017103],[28.2213598,36.8014793],[28.2238636,36.8011003]]},"properties":{"class":"unclassified","name":"Fatih Caddesi"}},{"type":"Feature","geometry":{"type":"LineString","coordinates":[[28.2238636,36.8011003],[28.2240166,36.8009485]]},"properties":{"class":"unclassified","name":"Fatih Caddesi"}},{"type":"Feature","geometry":{"type":"LineString","coordinates":[[28.2232481,36.7996298],[28.2224686,36.7983776],[28.2219085,36.795922]]},"properties":{"class":"tertiary","name":"Fevzi Çakmak Caddesi"}},{"type":"Feature","geometry":{"type":"LineString","coordinates":[[28.2238636,36.8011003],[28.2241327,36.8011212]]},"properties":{"class":"unclassified","name":"Fatih Caddesi"}},{"type":"Feature","geometry":{"type":"LineString","coordinates":[[28.2309515,36.7987264],[28.2314185,36.7989918]]},"properties":{"class":"tertiary","name":"Gazi Mustafa Kemal Caddesi"}},{"type":"Feature","geometry":{"type":"LineString","coordinates":[[28.2312052,36.7990986],[28.2313797,36.799015]]},"properties":{"class":"tertiary","name":"Kayabal Caddesi"}},{"type":"Feature","geometry":{"type":"LineString","coordinates":[[28.2305468,36.7984261],[28.2307743,36.7986389]]},"properties":{"class":"tertiary","name":"Gazi Mustafa Kemal Caddesi"}},{"type":"Feature","geometry":{"type":"LineString","coordinates":[[28.2307743,36.7986389],[28.2309515,36.7987264]]},"properties":{"class":"tertiary","name":"Gazi Mustafa Kemal Caddesi"}},{"type":"Feature","geometry":{"type":"LineString","coordinates":[[28.2251247,36.8022388],[28.2312052,36.7990986]]},"properties":{"class":"tertiary","name":"Kayabal Caddesi"}},{"type":"Feature","geometry":{"type":"LineString","coordinates":[[28.2256108,36.8035847],[28.2256298,36.8037097],[28.2257965,36.8037979],[28.2266773,36.8050164],[28.2278829,36.8058017],[28.229037,36.8069265],[28.229554,36.8072633],[28.2303092,36.8075829],[28.2323195,36.8079491],[28.234271,36.8086328]]},"properties":{"class":"tertiary","name":"Atatürk Caddesi"}},{"type":"Feature","geometry":{"type":"LineString","coordinates":[[28.2313797,36.799015],[28.2316686,36.798979],[28.2324566,36.7991004],[28.2361785,36.8001295]]},"properties":{"class":"tertiary","name":"Kayabal Caddesi"}},{"type":"Feature","geometry":{"type":"LineString","coordinates":[[28.2251247,36.8022388],[28.2249018,36.802407]]},"properties":{"class":"tertiary"}},{"type":"Feature","geometry":{"type":"LineString","coordinates":[[28.2248581,36.8023151],[28.2256108,36.8035847]]},"properties":{"class":"tertiary","name":"Atatürk Caddesi"}},{"type":"Feature","geometry":{"type":"LineString","coordinates":[[28.2361785,36.8001295],[28.2364495,36.8002025],[28.2366437,36.8001551],[28.2371973,36.7992118],[28.2377521,36.7989853],[28.2381074,36.7990216],[28.2383655,36.7991461],[28.2387893,36.7996638]]},"properties":{"class":"tertiary","name":"Kayabal Caddesi"}},{"type":"Feature","geometry":{"type":"LineString","coordinates":[[28.2387893,36.7996638],[28.2391944,36.8001685],[28.2397758,36.8005204],[28.2400096,36.8004434],[28.2405999,36.7996927],[28.2412596,36.7990996],[28.241418,36.7990593],[28.2418001,36.7991623],[28.2423478,36.7996342],[28.2426942,36.7998107],[28.2431634,36.7997835],[28.2438808,36.800079],[28.2450085,36.8000759],[28.2451967,36.8000586],[28.245245,36.7999669]]},"properties":{"class":"tertiary","name":"Kayabal Caddesi"}},{"type":"Feature","geometry":{"type":"LineString","coordinates":[[28.2347812,36.8087885],[28.2353006,36.8088102],[28.2356946,36.8089647],[28.2357802,36.8091116]]},"properties":{"class":"tertiary"}},{"type":"Feature","geometry":{"type":"LineString","coordinates":[[28.2367429,36.8101077],[28.2369073,36.8101223],[28.2371487,36.8102855],[28.237108,36.8104048]]},"properties":{"class":"tertiary"}},{"type":"Feature","geometry":{"type":"LineString","coordinates":[[28.234271,36.8086328],[28.2357802,36.8091116],[28.2366231,36.8100078],[28.237763,36.8109585],[28.2385996,36.8120251],[28.2393602,36.8128008],[28.2411663,36.815469],[28.2413502,36.8158567],[28.2417258,36.8173728],[28.2424266,36.819015],[28.242537,36.8200834],[28.2423708,36.8209145],[28.242374,36.8216746],[28.2420413,36.8229533],[28.2418306,36.8248921],[28.2415446,36.8254047],[28.2409747,36.8259954]]},"properties":{"class":"tertiary","name":"Atatürk Caddesi"}},{"type":"Feature","geometry":{"type":"LineString","coordinates":[[28.29425,36.8155424],[28.2942635,36.8157592],[28.2938955,36.816028],[28.2938794,36.816183],[28.2939721,36.8168674],[28.2941213,36.8169675],[28.2943714,36.8169901],[28.2947384,36.8168624],[28.2947424,36.8165995],[28.2948997,36.8165284],[28.2964403,36.8166059],[28.2966944,36.8165413],[28.2970694,36.8162895],[28.2978317,36.8160409],[28.2981704,36.8158214],[28.2984649,36.8153274],[28.2992916,36.8147656],[28.2994973,36.8153112],[28.2999974,36.8155921],[28.3002394,36.8159989],[28.3006427,36.8161959],[28.3010581,36.8161733],[28.3013928,36.8158375],[28.3016832,36.8159214],[28.3017679,36.8161313],[28.3021147,36.8164316],[28.3020461,36.8165833],[28.3017396,36.8167803],[28.3017759,36.8171322],[28.3016953,36.8173162],[28.3018889,36.8174744],[28.3020623,36.8174906],[28.3026269,36.8173776],[28.3029052,36.817129],[28.3034496,36.8171386],[28.3035908,36.8170515],[28.3042764,36.8158601],[28.3043328,36.8152079],[28.3044821,36.8152596],[28.3048128,36.8156276],[28.305097,36.8157704]]},"properties":{"class":"unclassified"}},{"type":"Feature","geometry":{"type":"LineString","coordinates":[[28.2896984,36.816319],[28.2899721,36.8165],[28.2904126,36.8171088],[28.2909408,36.8172938],[28.2910785,36.8175444],[28.2910852,36.8178126],[28.2917687,36.8184083],[28.2920885,36.818409]]},"properties":{"class":"unclassified"}},{"type":"Feature","geometry":{"type":"LineString","coordinates":[[28.2920885,36.818409],[28.2923486,36.8183696],[28.2924822,36.8180745]]},"properties":{"class":"unclassified"}},{"type":"Feature","geometry":{"type":"LineString","coordinates":[[28.2924822,36.8180745],[28.2926465,36.8180545]]},"properties":{"class":"unclassified"}},{"type":"Feature","geometry":{"type":"LineString","coordinates":[[28.2926465,36.8180545],[28.2934896,36.817991],[28.2940692,36.8181963],[28.294158,36.818139],[28.2941518,36.8179236],[28.2934652,36.8172603],[28.2935401,36.8169049],[28.2936511,36.8168739],[28.2940563,36.8171508],[28.2944719,36.817064],[28.2947384,36.8168624]]},"properties":{"class":"unclassified"}},{"type":"Feature","geometry":{"type":"LineString","coordinates":[[28.29425,36.8155424],[28.2946681,36.8155062],[28.2949925,36.8152883]]},"properties":{"class":"unclassified"}},{"type":"Feature","geometry":{"type":"LineString","coordinates":[[28.2936531,36.8156226],[28.29425,36.8155424]]},"properties":{"class":"unclassified"}},{"type":"Feature","geometry":{"type":"LineString","coordinates":[[28.312548,36.8173003],[28.3112764,36.8175693]]},"properties":{"class":"tertiary"}},{"type":"Feature","geometry":{"type":"LineString","coordinates":[[28.3112764,36.8175693],[28.3101565,36.8177183],[28.3092341,36.8175375],[28.3058275,36.8161394],[28.305097,36.8157704]]},"properties":{"class":"tertiary"}},{"type":"Feature","geometry":{"type":"LineString","coordinates":[[28.1924044,36.8310118],[28.1910374,36.8294265],[28.1903716,36.8288695],[28.1894546,36.8284364],[28.1882792,36.8281916],[28.1875161,36.828159],[28.1862403,36.828439],[28.1827233,36.8299482],[28.1817424,36.8302514],[28.1804378,36.830468],[28.1763431,36.8309135],[28.1757458,36.8308795],[28.1751721,36.8307279],[28.1715882,36.8288456],[28.170133,36.8286081],[28.1695547,36.8286721],[28.1661027,36.8298553],[28.1652621,36.8302428],[28.1649238,36.8305983],[28.1645698,36.831503],[28.1638306,36.8319907],[28.1570798,36.8329635],[28.1509809,36.8337422],[28.1485578,36.834191]]},"properties":{"class":"trunk","name":"Marmaris Datça Yolu","ref":"D400"}},{"type":"Feature","geometry":{"type":"LineString","coordinates":[[28.1423813,36.8327145],[28.1424671,36.8332572],[28.1433546,36.8336384],[28.1443005,36.8353012],[28.1441718,36.8359881],[28.1438628,36.8363316],[28.1437598,36.8367438],[28.1429701,36.83831],[28.1429701,36.8388733],[28.1427298,36.8397869],[28.1429186,36.8412774],[28.1425753,36.841827],[28.1423607,36.8425963],[28.1419058,36.8436953],[28.1418458,36.8440525],[28.1419316,36.8445745],[28.1423607,36.8457697],[28.1425067,36.845907],[28.1425067,36.8461818],[28.1426697,36.8464084],[28.1427298,36.8466832],[28.1426268,36.847322],[28.1433821,36.8494786],[28.143528,36.8504333],[28.143468,36.8512575],[28.1437598,36.8516971],[28.144558,36.8525212],[28.1453906,36.8528371],[28.145588,36.8530226],[28.146103,36.8537781],[28.1461888,36.8547602],[28.1467639,36.8553783],[28.1476908,36.8559758],[28.1477938,36.855859],[28.1476479,36.855495],[28.1476737,36.8550005],[28.1473303,36.853627],[28.1476908,36.8530775],[28.1479054,36.8521847],[28.1481114,36.8516971],[28.1484805,36.8510514],[28.1518279,36.8468549],[28.1519137,36.8466694],[28.151948,36.8461406],[28.1521454,36.8455361],[28.1523428,36.8451377],[28.152772,36.8445745],[28.1533471,36.8432557],[28.1540423,36.8423765],[28.1541625,36.8419643],[28.1546431,36.8417583],[28.1546774,36.8412362],[28.1544886,36.8401097],[28.1546603,36.8399517],[28.1553898,36.8396289],[28.155819,36.8390244],[28.1564112,36.8376368],[28.1567202,36.836785],[28.1567803,36.8362835],[28.157012,36.8358232],[28.1574669,36.8355279],[28.1579417,36.8354127],[28.1575372,36.8348439],[28.1551161,36.8339997],[28.1550134,36.8339188],[28.1548675,36.8332503]]},"properties":{"class":"tertiary"}},{"type":"Feature","geometry":{"type":"LineString","coordinates":[[28.1646533,36.8313643],[28.164834,36.8318761],[28.1651783,36.8323865],[28.1653447,36.8336059],[28.1651936,36.8341896],[28.1648295,36.8347752],[28.1646635,36.835203],[28.1641339,36.8357644],[28.1639086,36.8366336],[28.1641344,36.8368056],[28.1645103,36.8368105],[28.1649848,36.8365047],[28.1652621,36.8364801],[28.1663774,36.8374122],[28.1666547,36.83793],[28.1666794,36.8383295],[28.1666732,36.8386501],[28.166248,36.8395772],[28.165638,36.8402578],[28.1655147,36.8404945],[28.1652066,36.8407312],[28.1643254,36.8407805],[28.1641159,36.8406622],[28.1633457,36.8399865],[28.1626802,36.8396216],[28.1620701,36.8391383],[28.1616757,36.8387536],[28.1615278,36.8385613],[28.1614477,36.8382555],[28.1612382,36.838078],[28.1586492,36.8375044],[28.1585562,36.8369884],[28.1586086,36.8364016],[28.1585384,36.835873],[28.1581818,36.8354493],[28.1579417,36.8354127]]},"properties":{"class":"tertiary"}},{"type":"Feature","geometry":{"type":"LineString","coordinates":[[28.2075244,36.8471642],[28.2072945,36.8470542],[28.2071843,36.8463612],[28.2070547,36.8446081],[28.207304,36.8430729],[28.2071398,36.8426051],[28.2044823,36.8409275],[28.2038506,36.8404164],[28.2030769,36.8396119],[28.2014278,36.8374665],[28.1992768,36.8356227],[28.1983297,36.8348819],[28.1976549,36.8344716],[28.1947937,36.8335233],[28.1945205,36.8333733],[28.1942367,36.8331442],[28.1924044,36.8310118]]},"properties":{"class":"trunk","name":"Marmaris Datça Yolu","ref":"D400"}},{"type":"Feature","geometry":{"type":"LineString","coordinates":[[28.1818979,36.8302112],[28.1802535,36.8310934],[28.1800845,36.8310097],[28.1796495,36.8305472]]},"properties":{"class":"unclassified"}},{"type":"Feature","geometry":{"type":"LineString","coordinates":[[28.1905595,36.8220718],[28.1907637,36.8222451]]},"properties":{"class":"unclassified"}},{"type":"Feature","geometry":{"type":"LineString","coordinates":[[28.1907637,36.8222451],[28.1907741,36.8224697],[28.1904297,36.8236289],[28.1902684,36.8252373],[28.191054,36.8286672],[28.1908534,36.8292514]]},"properties":{"class":"tertiary"}},{"type":"Feature","geometry":{"type":"LineString","coordinates":[[28.1955114,36.8580446],[28.1956364,36.8576546],[28.1991363,36.8561111],[28.1993071,36.8559544],[28.1996613,36.8553576],[28.1996654,36.8552143],[28.1992571,36.8545775],[28.1993113,36.8544308],[28.1995363,36.8543608],[28.2000196,36.8543875],[28.2002321,36.8544841],[28.2004029,36.8546908],[28.2005612,36.8551509],[28.2004321,36.8555476],[28.2004529,36.8557277],[28.2005404,36.8558577],[28.2007446,36.8559444],[28.2011654,36.8558977],[28.2029945,36.8540507],[28.2044069,36.8528339],[28.2049736,36.852037],[28.2052985,36.8510268],[28.205761,36.8503234],[28.207111,36.8495665],[28.2076633,36.849139]]},"properties":{"class":"unclassified"}},{"type":"Feature","geometry":{"type":"LineString","coordinates":[[28.164244,36.9018881],[28.163637,36.9019363],[28.1632976,36.901832],[28.1629843,36.9015501],[28.1623056,36.9011848],[28.1603085,36.9014249],[28.1592773,36.9018528],[28.1590684,36.9018006],[28.158716,36.9015293],[28.1581155,36.9013309],[28.1578414,36.9013414],[28.1576065,36.901404],[28.1571888,36.9018424],[28.156993,36.9018528],[28.1566667,36.9018006],[28.1561576,36.9014353],[28.1552178,36.9013518],[28.1548131,36.9010595],[28.1546957,36.9008612],[28.1539386,36.9005481],[28.1538081,36.9004019],[28.1541866,36.8998905],[28.1541474,36.8994625],[28.154043,36.8992746],[28.1537428,36.8990241],[28.1533904,36.898523],[28.153299,36.8982308],[28.1531032,36.8980429],[28.1525028,36.8977088],[28.152307,36.8974792],[28.1518632,36.8972078],[28.1519937,36.8968946],[28.1519415,36.8967276],[28.1513541,36.8961848],[28.1511192,36.8953079],[28.150597,36.8948799],[28.1507145,36.8942953],[28.1505709,36.8940344],[28.1503939,36.8933066],[28.1502957,36.8932561],[28.149924,36.8934524],[28.1492719,36.8930598],[28.1492088,36.8922242],[28.1486407,36.8913661],[28.148774,36.8913549],[28.1490685,36.8915904],[28.1491456,36.8917475],[28.1495173,36.8919157],[28.1497487,36.8922746],[28.1499591,36.8924261],[28.150492,36.8924261],[28.1508637,36.8923251],[28.1510811,36.8925887],[28.1515719,36.8927065],[28.151586,36.8933739],[28.1519156,36.8936767],[28.1523293,36.8938618],[28.1525747,36.8943497],[28.1531568,36.894703],[28.1534934,36.8950283],[28.153851,36.89509],[28.1542507,36.8949722],[28.1548257,36.8953648],[28.1550641,36.8954377],[28.1559687,36.8954152],[28.1570136,36.8957125],[28.1567401,36.8960097],[28.156705,36.8962004],[28.1568733,36.8964303],[28.1567682,36.8965761],[28.1563053,36.8968284],[28.1565297,36.8964415],[28.1563965,36.8962396],[28.1561651,36.8960938],[28.1558425,36.8962284],[28.1558075,36.8963518],[28.1559056,36.8964247]]},"properties":{"class":"unclassified"}},{"type":"Feature","geometry":{"type":"LineString","coordinates":[[28.1937694,36.9286348],[28.1934005,36.9282786],[28.1931241,36.9277909],[28.1926339,36.9274886],[28.1923975,36.927175],[28.1923314,36.9263109],[28.191916,36.9252546],[28.1921052,36.9247842],[28.1918277,36.924212],[28.1920436,36.9226347],[28.192041,36.9220614],[28.1916655,36.9209942],[28.191071,36.9199039],[28.1906147,36.9193786],[28.1904557,36.918722],[28.1898951,36.9177964],[28.1898638,36.9175004],[28.1899446,36.9171335],[28.1908259,36.9157034],[28.1910475,36.9146506],[28.1910105,36.9142787],[28.1900955,36.9117068]]},"properties":{"class":"tertiary"}},{"type":"Feature","geometry":{"type":"LineString","coordinates":[[28.2493526,36.9231888],[28.2480443,36.9231001],[28.2468856,36.9232037],[28.2465437,36.9234354],[28.2453377,36.9251549],[28.2447409,36.9255922],[28.2435473,36.926288],[28.2430127,36.9264868],[28.2426148,36.926457],[28.2422791,36.9262482],[28.2385491,36.9229483],[28.2381513,36.9227396],[28.2376788,36.9227794],[28.2368458,36.9231173],[28.2351673,36.9235547],[28.2346327,36.9238727],[28.2326185,36.9253935],[28.2322704,36.9257711],[28.2319844,36.9262482],[28.231599,36.926616],[28.2307287,36.9271925],[28.2301286,36.9274717],[28.2285026,36.9280565],[28.2280727,36.9280485],[28.2267735,36.9276472],[28.2261777,36.927697],[28.2254618,36.9283138],[28.2240147,36.928733],[28.2229714,36.9283513],[28.2219384,36.9282957],[28.2203966,36.9279776],[28.2199988,36.927759],[28.219775,36.927431],[28.2197377,36.9270334],[28.2199242,36.9266955],[28.2203345,36.9264371],[28.2208442,36.9263675],[28.2211551,36.9260296],[28.2212545,36.9256519],[28.2211053,36.9253338],[28.2207572,36.9252543],[28.2194393,36.9257413],[28.2188425,36.9257115],[28.216704,36.925145],[28.2153736,36.9249959],[28.2147768,36.9251152],[28.214093,36.9255227],[28.2122156,36.9268048],[28.2105247,36.9281864],[28.2081997,36.9292896],[28.2078887,36.9293076],[28.2068817,36.9289897],[28.2055656,36.9288875],[28.2045168,36.928607],[28.2035548,36.9285183],[28.2032695,36.9285695],[28.2027166,36.9289318],[28.1999983,36.9294681]]},"properties":{"class":"tertiary"}},{"type":"Feature","geometry":{"type":"LineString","coordinates":[[28.1658818,36.9007544],[28.165876,36.9005839],[28.1656826,36.9003153],[28.165479,36.8993302],[28.1655197,36.8986626],[28.1656317,36.8983939],[28.1653263,36.896961],[28.1655401,36.8963748],[28.1661407,36.8954874],[28.1665378,36.8951128],[28.1671893,36.8946406],[28.1681259,36.8942417],[28.1683296,36.8939648],[28.1688589,36.8935903],[28.1689506,36.8934682],[28.1687979,36.892312],[28.1702639,36.8921492],[28.1715568,36.8916199],[28.1725952,36.8921736],[28.1731755,36.8923039],[28.1734097,36.8926703],[28.1744481,36.8931099],[28.1746721,36.8934763],[28.1752015,36.8938101],[28.1754254,36.8942254],[28.1762093,36.8949826],[28.1766675,36.8949988],[28.1769423,36.8951291],[28.1770645,36.8957479],[28.1775226,36.896212],[28.1784796,36.8965132],[28.1794468,36.896619],[28.1795791,36.8966923],[28.1795893,36.8968063],[28.1793551,36.897132],[28.1789988,36.8973274],[28.1776855,36.8984346],[28.1776041,36.8985242],[28.1777059,36.8987521],[28.1775226,36.8992569],[28.1773088,36.8991592],[28.1772579,36.8992243],[28.1773292,36.8994848],[28.177431,36.8995663],[28.177879,36.8994034],[28.1781131,36.899436],[28.1772274,36.9001443],[28.1769729,36.9001036],[28.1767795,36.8999245],[28.176698,36.8999977],[28.1768711,36.9003478],[28.1773801,36.9005025],[28.1775735,36.901105],[28.1775125,36.9012434],[28.1780317,36.9016423],[28.1781437,36.9022447],[28.1777873,36.9022203],[28.1775939,36.9020249]]},"properties":{"class":"unclassified"}},{"type":"Feature","geometry":{"type":"LineString","coordinates":[[28.202949,36.8898534],[28.2033442,36.8894526],[28.2041102,36.8890192],[28.2060657,36.8880645],[28.2068806,36.8878657],[28.2071983,36.8877028],[28.2085795,36.8866568],[28.2087873,36.8856075],[28.2091376,36.8846951],[28.2092191,36.8829126],[28.2093413,36.88259],[28.2095369,36.8823488],[28.2111054,36.8819578],[28.2117125,36.8812832],[28.2133054,36.8802176],[28.2138025,36.8800416],[28.2144421,36.8795854],[28.2145481,36.87909],[28.2150614,36.8784676],[28.2160555,36.8777115],[28.217237,36.8775518],[28.2180803,36.8771901],[28.2189888,36.8758213],[28.2191844,36.8744133],[28.2193555,36.8743286]]},"properties":{"class":"tertiary"}},{"type":"Feature","geometry":{"type":"LineString","coordinates":[[28.1918756,36.90325],[28.1920589,36.9029121],[28.1922137,36.9021367],[28.1925763,36.9015634],[28.1938312,36.9002211],[28.1952449,36.8989472],[28.1959456,36.8977645],[28.1969886,36.8964124],[28.197836,36.8958031],[28.1989238,36.8947181],[28.1997998,36.8935321],[28.201845,36.8918247],[28.2026231,36.8910069],[28.202949,36.8898534]]},"properties":{"class":"tertiary"}},{"type":"Feature","geometry":{"type":"LineString","coordinates":[[28.155505,36.9075567],[28.156768,36.907573],[28.1569269,36.9074492],[28.1574688,36.9073026],[28.1584221,36.9074297],[28.1586217,36.9073906],[28.1593469,36.9068726],[28.1619258,36.9062634],[28.163254,36.9054425],[28.1634292,36.9050971],[28.1633477,36.9049342],[28.1628996,36.9046932],[28.1628222,36.904514],[28.1629036,36.9043055],[28.1630625,36.9041133],[28.1636818,36.9037777],[28.1640688,36.9033542],[28.1643499,36.903263],[28.1645496,36.9030903],[28.1647003,36.9027971],[28.164684,36.90253],[28.164244,36.9018881],[28.1641748,36.9016047],[28.1642318,36.9013147],[28.1649122,36.9009596],[28.1658818,36.9007544],[28.1661385,36.9008228],[28.1675685,36.9020152],[28.1683304,36.9024746],[28.1686115,36.9028036],[28.1689415,36.9042566],[28.1689333,36.9045954],[28.1688559,36.9048789],[28.1685368,36.9051257],[28.1683699,36.9057377],[28.1683926,36.9060421],[28.1685587,36.9063214],[28.1688705,36.9065582],[28.1695984,36.9066788],[28.1705175,36.9065286],[28.1718059,36.9067629],[28.1733675,36.9067939],[28.1750147,36.9074725],[28.1755924,36.9075704],[28.1770435,36.9072146],[28.1778184,36.9071901],[28.1787555,36.9072765]]},"properties":{"class":"unclassified"}},{"type":"Feature","geometry":{"type":"LineString","coordinates":[[28.1873575,36.9096606],[28.187082,36.9099401],[28.1870177,36.9103466],[28.1862874,36.9104981],[28.1860243,36.9106916],[28.1860349,36.910801],[28.1865715,36.9111796],[28.1865926,36.9114068],[28.1864663,36.9114236],[28.1862243,36.9112301],[28.185856,36.9111712],[28.1855087,36.9112722],[28.1850878,36.9118443],[28.1844775,36.912122],[28.1841076,36.9125435],[28.1843292,36.9127928],[28.1842963,36.9128519],[28.1834346,36.912701],[28.1829914,36.9127141],[28.1811939,36.9134819],[28.1809559,36.9136722],[28.1804142,36.914499],[28.1788548,36.9148402],[28.178346,36.9151355],[28.1778535,36.9155883],[28.1775745,36.9156605],[28.1773364,36.9156277]]},"properties":{"class":"unclassified"}},{"type":"Feature","geometry":{"type":"LineString","coordinates":[[28.1800734,36.9073577],[28.1803699,36.907314],[28.1810586,36.9074997],[28.1821344,36.9076229],[28.1828718,36.9074274],[28.1861014,36.9075472],[28.1864285,36.9074828],[28.1874295,36.9067534],[28.1884182,36.9058213],[28.1888866,36.9050155],[28.1892682,36.9046388],[28.1897129,36.9043077],[28.1913663,36.9036191],[28.1918756,36.90325]]},"properties":{"class":"unclassified"}},{"type":"Feature","geometry":{"type":"LineString","coordinates":[[28.1900955,36.9117068],[28.1897729,36.911126],[28.1895978,36.9109934],[28.1890408,36.9107443],[28.1883995,36.9102173],[28.1873575,36.9096606],[28.185658,36.9085734],[28.1849751,36.9082518],[28.1845194,36.9080825],[28.1840514,36.9080244],[28.1800085,36.9080795],[28.1800103,36.9079086]]},"properties":{"class":"unclassified"}},{"type":"Feature","geometry":{"type":"LineString","coordinates":[[28.1800435,36.9076369],[28.1800734,36.9073577]]},"properties":{"class":"unclassified"}},{"type":"Feature","geometry":{"type":"LineString","coordinates":[[28.1800103,36.9079086],[28.1800435,36.9076369]]},"properties":{"class":"unclassified"}},{"type":"Feature","geometry":{"type":"LineString","coordinates":[[28.1787555,36.9072765],[28.1800734,36.9073577]]},"properties":{"class":"unclassified"}},{"type":"Feature","geometry":{"type":"LineString","coordinates":[[28.1782041,36.9273386],[28.1796895,36.9270431],[28.1805639,36.9270345],[28.1816319,36.926408],[28.1822864,36.9263608],[28.1828818,36.9261807],[28.1845073,36.9262107],[28.1852148,36.9261468],[28.1853275,36.9260825],[28.1854728,36.9253573],[28.1859301,36.9250063],[28.1871978,36.9248919],[28.187969,36.9250958],[28.1882077,36.9250832],[28.1888036,36.9247788],[28.1900648,36.92507],[28.190708,36.9250533],[28.1913893,36.9244658],[28.191517,36.924489],[28.1917957,36.9247784],[28.1917425,36.9254083],[28.1919903,36.9254665]]},"properties":{"class":"unclassified"}},{"type":"Feature","geometry":{"type":"LineString","coordinates":[[28.1750822,36.9243625],[28.1753612,36.9247142],[28.1756237,36.9256061],[28.1763421,36.9263227],[28.176562,36.9266786],[28.1768576,36.9267725],[28.1770019,36.9272875],[28.1775015,36.9273879],[28.1782041,36.9273386]]},"properties":{"class":"unclassified"}},{"type":"Feature","geometry":{"type":"LineString","coordinates":[[28.1859301,36.9250063],[28.1858852,36.924854],[28.1854464,36.9243628],[28.1849311,36.9239509]]},"properties":{"class":"unclassified"}},{"type":"Feature","geometry":{"type":"LineString","coordinates":[[28.2604096,36.8579628],[28.2597907,36.8577523],[28.2594125,36.8577284],[28.2526465,36.8581308],[28.2454177,36.8587303],[28.2448666,36.8587046],[28.2438019,36.8583947]]},"properties":{"class":"trunk","name":"Mustafa Kemal Paşa Bulvarı","ref":"D400"}},{"type":"Feature","geometry":{"type":"LineString","coordinates":[[28.2438148,36.8581605],[28.2447274,36.8585597],[28.2454427,36.8585957],[28.2577661,36.8576978],[28.2595073,36.8576133],[28.2602556,36.8576991]]},"properties":{"class":"trunk","name":"Mustafa Kemal Paşa Bulvarı","ref":"D400"}},{"type":"Feature","geometry":{"type":"LineString","coordinates":[[28.2493526,36.9231888],[28.2454946,36.9214918],[28.2449955,36.9211498],[28.2433781,36.9195549],[28.2432838,36.9192597],[28.2430796,36.9158089],[28.2428085,36.9154536],[28.2427677,36.9151676],[28.2423961,36.914455],[28.2414054,36.9131521],[28.2413238,36.9129098],[28.241041,36.9126398],[28.2397252,36.9121844],[28.239081,36.9114997],[28.2380637,36.911192],[28.2374459,36.9109075],[28.2371149,36.9106428],[28.236943,36.9103985],[28.2367584,36.9096248],[28.2359563,36.908449],[28.2349823,36.9074921],[28.2347022,36.9072732],[28.2337855,36.90681],[28.2326142,36.9058072],[28.2319967,36.9045092],[28.2313474,36.903486],[28.2313156,36.9026258],[28.2311946,36.9024425],[28.2306026,36.9021982],[28.2303544,36.9020149],[28.2302461,36.9018011],[28.2302716,36.9014753],[28.2306345,36.9005285],[28.230609,36.900335],[28.2280308,36.8967613],[28.2278399,36.8963642],[28.2275534,36.894898],[28.227407,36.8946791],[28.2255291,36.8935387],[28.2251089,36.8932536],[28.2249243,36.8930195],[28.2244214,36.8914819],[28.2239772,36.889487],[28.223021,36.8865127],[28.2231101,36.8856777],[28.2232565,36.8851126],[28.2235111,36.8846187],[28.2234666,36.8843386],[28.2227409,36.8823478],[28.2222571,36.8813548],[28.2214995,36.8803721],[28.2209839,36.8789514],[28.2196025,36.8767618],[28.2198126,36.8751985],[28.2200227,36.8745772],[28.2202455,36.8741699],[28.2208629,36.8737159]]},"properties":{"class":"tertiary"}},{"type":"Feature","geometry":{"type":"LineString","coordinates":[[28.208908,36.8505439],[28.2085879,36.8504362],[28.2073483,36.8487024],[28.2072546,36.8483649],[28.2072945,36.8470542]]},"properties":{"class":"tertiary"}},{"type":"Feature","geometry":{"type":"LineString","coordinates":[[28.2242401,36.8484243],[28.2238823,36.848299],[28.2231844,36.8482475],[28.2211811,36.8486817],[28.2207224,36.8486963],[28.2203228,36.8485544],[28.2192408,36.847806],[28.2186979,36.8476738],[28.2179473,36.8476293],[28.2164688,36.847679],[28.2161519,36.8477757],[28.2153169,36.8482355],[28.2145262,36.8482479],[28.2141011,36.8480644],[28.2138787,36.8477485],[28.2132483,36.8461252],[28.2130276,36.8458985],[28.2124534,36.8458126],[28.2118067,36.8459545],[28.2113293,36.8459669],[28.2109315,36.8458379],[28.209878,36.8452243],[28.2093932,36.8453171],[28.209227,36.8454936],[28.2089121,36.8467794],[28.2086794,36.8470695],[28.2081705,36.847287],[28.2076171,36.8472019]]},"properties":{"class":"trunk","name":"Marmaris Datça Yolu","ref":"D400"}},{"type":"Feature","geometry":{"type":"LineString","coordinates":[[28.2076171,36.8472019],[28.2075244,36.8471642]]},"properties":{"class":"trunk","name":"Marmaris Datça Yolu","ref":"D400"}},{"type":"Feature","geometry":{"type":"LineString","coordinates":[[28.2402284,36.8272688],[28.2409747,36.8259954]]},"properties":{"class":"tertiary","name":"Atatürk Caddesi"}},{"type":"Feature","geometry":{"type":"LineString","coordinates":[[28.2427675,36.8310669],[28.2405669,36.829229],[28.2401053,36.8287221],[28.2399565,36.8284408],[28.2399299,36.8281611],[28.2399711,36.8277752],[28.2402284,36.8272688]]},"properties":{"class":"tertiary","name":"Atatürk Caddesi"}},{"type":"Feature","geometry":{"type":"LineString","coordinates":[[28.2442444,36.8338547],[28.2432171,36.8353733],[28.2423241,36.8362589]]},"properties":{"class":"tertiary","name":"Durmazlar Caddesi"}},{"type":"Feature","geometry":{"type":"LineString","coordinates":[[28.240109,36.829401],[28.2409135,36.8311072],[28.2414321,36.8329548],[28.2417443,36.8333207],[28.2426069,36.8339853],[28.2426927,36.8341399],[28.2426938,36.8345787],[28.2418558,36.8354537],[28.2416048,36.8359311],[28.2404826,36.8366859],[28.2400545,36.8366524],[28.2395609,36.836837],[28.2392434,36.8370551],[28.2389108,36.8375832],[28.2389829,36.8377528]]},"properties":{"class":"tertiary","name":"136 Sokak"}},{"type":"Feature","geometry":{"type":"LineString","coordinates":[[28.2510751,36.8427543],[28.2507357,36.8423425],[28.2498699,36.8416035],[28.248042,36.8392858],[28.2440482,36.833591],[28.2436386,36.8329137],[28.2427675,36.8310669]]},"properties":{"class":"secondary","name":"Cumhuriyet Bulvarı"}},{"type":"Feature","geometry":{"type":"LineString","coordinates":[[28.2427675,36.8310669],[28.2437229,36.8328835],[28.244302,36.8337746],[28.2477586,36.8387291],[28.2499503,36.8415525],[28.2512834,36.8426184]]},"properties":{"class":"secondary","name":"Cumhuriyet Bulvarı"}},{"type":"Feature","geometry":{"type":"LineString","coordinates":[[28.2424646,36.8307878],[28.2426839,36.8307021]]},"properties":{"class":"unclassified"}},{"type":"Feature","geometry":{"type":"LineString","coordinates":[[28.2419679,36.8303592],[28.2425836,36.8301571]]},"properties":{"class":"unclassified"}},{"type":"Feature","geometry":{"type":"LineString","coordinates":[[28.2393517,36.8376914],[28.2393362,36.8376241]]},"properties":{"class":"tertiary"}},{"type":"Feature","geometry":{"type":"LineString","coordinates":[[28.2448509,36.8347485],[28.2449404,36.8347184]]},"properties":{"class":"secondary"}},{"type":"Feature","geometry":{"type":"LineString","coordinates":[[28.2423241,36.8362589],[28.2464277,36.8403327]]},"properties":{"class":"tertiary","name":"Fatih Sultan Mehmet Caddesi"}},{"type":"Feature","geometry":{"type":"LineString","coordinates":[[28.2423241,36.8362589],[28.2413117,36.8370854],[28.2407006,36.837315],[28.2397451,36.837373],[28.2391773,36.8377366],[28.2389829,36.8377528]]},"properties":{"class":"tertiary"}},{"type":"Feature","geometry":{"type":"LineString","coordinates":[[28.2393517,36.8376914],[28.239458,36.8376777],[28.2396886,36.8378193],[28.2400051,36.8385406],[28.2401178,36.8386222],[28.2413677,36.838575],[28.2426122,36.8388884],[28.2432613,36.83897],[28.2438203,36.8393916],[28.2442173,36.8394774],[28.2448932,36.8400227],[28.2456463,36.8395447]]},"properties":{"class":"tertiary","name":"136 Sokak"}},{"type":"Feature","geometry":{"type":"LineString","coordinates":[[28.2561771,36.846178],[28.253114,36.8438444],[28.2519606,36.8431247],[28.251309,36.842868]]},"properties":{"class":"secondary","name":"Kemal Seyfettin Elgin Bulvarı"}},{"type":"Feature","geometry":{"type":"LineString","coordinates":[[28.2515347,36.8495378],[28.2533915,36.8487196],[28.2561771,36.846178]]},"properties":{"class":"tertiary","name":"İsmet Kamil Öner Caddesi"}},{"type":"Feature","geometry":{"type":"LineString","coordinates":[[28.2497173,36.8461486],[28.2504305,36.8472607],[28.2524195,36.8513673],[28.2548989,36.856824]]},"properties":{"class":"tertiary","name":"Yunus Nadi Caddesi"}},{"type":"Feature","geometry":{"type":"LineString","coordinates":[[28.2483389,36.8479785],[28.2487706,36.8473268],[28.2493875,36.8461119]]},"properties":{"class":"tertiary","name":"Ayhanlar Caddesi"}},{"type":"Feature","geometry":{"type":"LineString","coordinates":[[28.2614355,36.8493274],[28.2587095,36.8478659],[28.2561771,36.846178]]},"properties":{"class":"secondary","name":"Atatürk Caddesi"}},{"type":"Feature","geometry":{"type":"LineString","coordinates":[[28.2513861,36.8426855],[28.2532162,36.8437992],[28.2572444,36.8468582],[28.2591184,36.8479916],[28.2614961,36.8492614]]},"properties":{"class":"secondary","name":"Kemal Seyfettin Elgin Bulvarı"}},{"type":"Feature","geometry":{"type":"LineString","coordinates":[[28.2474179,36.8446881],[28.2470324,36.8448187],[28.2468717,36.8449756],[28.2469755,36.8451733],[28.2477687,36.8456897]]},"properties":{"class":"unclassified"}},{"type":"Feature","geometry":{"type":"LineString","coordinates":[[28.2496369,36.8455539],[28.251021,36.8430626]]},"properties":{"class":"tertiary","name":"Yunus Nadi Caddesi"}},{"type":"Feature","geometry":{"type":"LineString","coordinates":[[28.2513855,36.8428131],[28.2511573,36.8428613],[28.2510807,36.8427111],[28.2512834,36.8426184],[28.2513861,36.8426855],[28.2513855,36.8428131]]},"properties":{"class":"secondary"}},{"type":"Feature","geometry":{"type":"LineString","coordinates":[[28.2512584,36.8428788],[28.2510556,36.8430114]]},"properties":{"class":"tertiary"}},{"type":"Feature","geometry":{"type":"LineString","coordinates":[[28.2510556,36.8430114],[28.2510871,36.8427966]]},"properties":{"class":"tertiary"}},{"type":"Feature","geometry":{"type":"LineString","coordinates":[[28.257181,36.8452943],[28.2562373,36.8461235]]},"properties":{"class":"tertiary"}},{"type":"Feature","geometry":{"type":"LineString","coordinates":[[28.2572838,36.8451914],[28.2575107,36.8450028]]},"properties":{"class":"tertiary"}},{"type":"Feature","geometry":{"type":"LineString","coordinates":[[28.257163,36.8452792],[28.2572098,36.8451782],[28.257312,36.8452303],[28.2572594,36.8453038],[28.257163,36.8452792]]},"properties":{"class":"tertiary"}},{"type":"Feature","geometry":{"type":"LineString","coordinates":[[28.2561771,36.846178],[28.2562373,36.8461235]]},"properties":{"class":"tertiary"}},{"type":"Feature","geometry":{"type":"LineString","coordinates":[[28.209121,36.8505821],[28.208908,36.8505439]]},"properties":{"class":"tertiary"}},{"type":"Feature","geometry":{"type":"LineString","coordinates":[[28.2179473,36.8476293],[28.2181022,36.8480775],[28.2179533,36.8487085],[28.2181075,36.8490949]]},"properties":{"class":"unclassified"}},{"type":"Feature","geometry":{"type":"LineString","coordinates":[[28.2210496,36.8628905],[28.2203791,36.8625889],[28.2203028,36.8623903],[28.2203473,36.8619523],[28.2209676,36.8607252],[28.2210405,36.8603668],[28.2208947,36.8598668],[28.2199103,36.8587875],[28.2191708,36.858425],[28.2184156,36.8573582],[28.2180936,36.8565935],[28.2167334,36.8558871],[28.2158896,36.8557246],[28.2149157,36.8557746],[28.2142074,36.8555579],[28.2140095,36.8554287],[28.2132648,36.8545953],[28.2127023,36.8541535],[28.2111867,36.8534618],[28.2101972,36.8526991],[28.2099263,36.8522324],[28.2097024,36.8511363],[28.209121,36.8505821]]},"properties":{"class":"tertiary"}},{"type":"Feature","geometry":{"type":"LineString","coordinates":[[28.2424023,36.8584773],[28.2410342,36.8583758],[28.2404592,36.8584213],[28.2401324,36.8585367],[28.2394433,36.8590907],[28.2392813,36.8593412],[28.2390474,36.8602494],[28.2386309,36.8604387],[28.2383445,36.8604922],[28.2379831,36.86042],[28.236851,36.8597641],[28.2365283,36.8596773],[28.2361208,36.8597038],[28.2359119,36.8599181],[28.2355347,36.860826],[28.2352076,36.8613478],[28.2348776,36.8616347],[28.234345,36.8617405],[28.2336226,36.8615306],[28.23326,36.861229],[28.2331681,36.8607036],[28.2334676,36.8600605],[28.2335052,36.8598608],[28.2334183,36.8596841],[28.2330023,36.8594785],[28.2320573,36.8596713],[28.2316247,36.8596534],[28.2313103,36.8592888],[28.2310053,36.8582925],[28.2308025,36.8581505]]},"properties":{"class":"trunk","name":"Marmaris Datça Yolu","ref":"D400"}},{"type":"Feature","geometry":{"type":"LineString","coordinates":[[28.2306087,36.8509696],[28.2319239,36.8517931],[28.2323785,36.8518479],[28.2324238,36.8520106],[28.2323598,36.8522128],[28.2325735,36.8525042],[28.2328471,36.8525589],[28.2334546,36.8523601],[28.2334504,36.8528168],[28.2335788,36.8529978],[28.2347522,36.8534792],[28.2361691,36.8538467],[28.2363763,36.8536389],[28.2363307,36.8529413],[28.2364475,36.8528097],[28.236902,36.8527117],[28.2374355,36.8527568],[28.2377939,36.8528857]]},"properties":{"class":"tertiary","name":"Sinan Caddesi"}},{"type":"Feature","geometry":{"type":"LineString","coordinates":[[28.2308025,36.8581505],[28.2304579,36.8581404],[28.2290741,36.8585647],[28.228471,36.8583938],[28.2280047,36.8578768],[28.2279141,36.8576067],[28.2278891,36.8569994],[28.2277419,36.8567176],[28.226436,36.8555345],[28.2262142,36.8550675],[28.2262706,36.8547962],[28.2265071,36.8545533],[28.2274775,36.854077],[28.2275805,36.8538908],[28.2274456,36.853516],[28.2269317,36.8530643],[28.2268325,36.8528764],[28.2268488,36.8526635],[28.2272364,36.8521946],[28.2272965,36.8520379],[28.2272527,36.8519018],[28.2265385,36.851232],[28.2256429,36.8510049],[28.2252138,36.8507486],[28.2250544,36.8505658],[28.2249128,36.8501633],[28.2246867,36.8488378],[28.2244922,36.8485773],[28.2242401,36.8484243]]},"properties":{"class":"trunk","name":"Marmaris Datça Yolu","ref":"D400"}},{"type":"Feature","geometry":{"type":"LineString","coordinates":[[28.2195714,36.8742993],[28.2201337,36.8739473],[28.2206755,36.8737094],[28.2208629,36.8737159]]},"properties":{"class":"tertiary"}},{"type":"Feature","geometry":{"type":"LineString","coordinates":[[28.2208629,36.8737159],[28.2211621,36.8734671],[28.2214995,36.8729935],[28.2223143,36.8721482],[28.2238421,36.8717],[28.2244101,36.8710971],[28.2244731,36.8708058],[28.2244226,36.8703637],[28.2244915,36.8696834],[28.2242687,36.8687208],[28.2237403,36.8682625],[28.2226963,36.8665258],[28.2225753,36.8661897],[28.2223716,36.8641831],[28.2221998,36.8638673],[28.2215695,36.8631237],[28.2210496,36.8628905]]},"properties":{"class":"tertiary"}},{"type":"Feature","geometry":{"type":"LineString","coordinates":[[28.2424057,36.8498441],[28.2424913,36.8503423],[28.2428167,36.8507305],[28.2432877,36.8510455],[28.2451869,36.8529776],[28.2454625,36.8535512]]},"properties":{"class":"tertiary","name":"Yunus Emre Caddesi"}},{"type":"Feature","geometry":{"type":"LineString","coordinates":[[28.2401727,36.8534959],[28.2408042,36.8531552],[28.2426925,36.8518401],[28.2435615,36.8513815]]},"properties":{"class":"tertiary","name":"Alparslan Caddesi"}},{"type":"Feature","geometry":{"type":"LineString","coordinates":[[28.2590591,36.8544145],[28.2559187,36.8550957],[28.2514927,36.8553478],[28.2505915,36.8557083],[28.248212,36.8556892],[28.242386,36.8553859],[28.2395802,36.8551554],[28.2389423,36.8552551],[28.23874,36.855359]]},"properties":{"class":"tertiary","name":"Adnan Menderes Caddesi"}},{"type":"Feature","geometry":{"type":"LineString","coordinates":[[28.2526814,36.851945],[28.2497375,36.8526903],[28.248379,36.8529244],[28.2479015,36.8532592],[28.2453021,36.8538017]]},"properties":{"class":"tertiary","name":"Turgut Özal Caddesi"}},{"type":"Feature","geometry":{"type":"LineString","coordinates":[[28.2431265,36.8543615],[28.2453021,36.8538017]]},"properties":{"class":"tertiary","name":"Turgut Özal Caddesi"}},{"type":"Feature","geometry":{"type":"LineString","coordinates":[[28.2390668,36.8583223],[28.240169,36.8579525],[28.2421711,36.8581469],[28.2425736,36.8580944]]},"properties":{"class":"tertiary","name":"401 Sokak"}},{"type":"Feature","geometry":{"type":"LineString","coordinates":[[28.2411713,36.8552721],[28.2411475,36.8548255],[28.2389778,36.8520461]]},"properties":{"class":"tertiary","name":"Namık Kemal Caddesi"}},{"type":"Feature","geometry":{"type":"LineString","coordinates":[[28.2403047,36.8548087],[28.2423129,36.8535832],[28.243178,36.8522666],[28.2433389,36.8521422],[28.2440858,36.851886]]},"properties":{"class":"tertiary","name":"Göktürkler Caddesi"}},{"type":"Feature","geometry":{"type":"LineString","coordinates":[[28.2396432,36.8491615],[28.239552,36.849462],[28.2396754,36.8500802],[28.2402172,36.8508958],[28.2406942,36.851383],[28.2408693,36.8516802],[28.2409973,36.8521793],[28.2423129,36.8535832],[28.243076,36.8542584],[28.2431518,36.854439],[28.2431052,36.855224],[28.2432346,36.8554177]]},"properties":{"class":"tertiary","name":"Mehmet Akif Ersoy Caddesi"}},{"type":"Feature","geometry":{"type":"LineString","coordinates":[[28.2387461,36.8478772],[28.2396432,36.8491615]]},"properties":{"class":"tertiary","name":"Orgeneral Doğan Güneş Caddesi"}},{"type":"Feature","geometry":{"type":"LineString","coordinates":[[28.2368497,36.8543],[28.2370089,36.8531686],[28.2383289,36.8527413],[28.2387313,36.8522091],[28.2389778,36.8520461],[28.2400402,36.851823],[28.2403111,36.8516899],[28.2406942,36.851383],[28.2411077,36.8506167],[28.2415744,36.8502733],[28.2419657,36.8498398],[28.2424057,36.8498441],[28.2428558,36.8496805],[28.2433815,36.8496204],[28.2475968,36.849424],[28.2497029,36.8489941],[28.2510463,36.8485522]]},"properties":{"class":"tertiary","name":"Şehit Ahmet Benler Caddesi"}},{"type":"Feature","geometry":{"type":"LineString","coordinates":[[28.2369987,36.8562207],[28.237079,36.8560625],[28.2372439,36.8561412],[28.237151,36.8562659],[28.2369987,36.8562207]]},"properties":{"class":"tertiary"}},{"type":"Feature","geometry":{"type":"LineString","coordinates":[[28.2335517,36.8561196],[28.235996,36.8565695],[28.2367621,36.8562611]]},"properties":{"class":"tertiary","name":"Cumhuriyet Caddesi"}},{"type":"Feature","geometry":{"type":"LineString","coordinates":[[28.23874,36.855359],[28.2383769,36.8556239],[28.2381193,36.8561346],[28.237449,36.8566063]]},"properties":{"class":"tertiary"}},{"type":"Feature","geometry":{"type":"LineString","coordinates":[[28.2369987,36.8562207],[28.2367621,36.8562611]]},"properties":{"class":"tertiary"}},{"type":"Feature","geometry":{"type":"LineString","coordinates":[[28.2374139,36.8559348],[28.2372439,36.8561412]]},"properties":{"class":"tertiary"}},{"type":"Feature","geometry":{"type":"LineString","coordinates":[[28.2367621,36.8562611],[28.2370005,36.8561114]]},"properties":{"class":"tertiary"}},{"type":"Feature","geometry":{"type":"LineString","coordinates":[[28.2381098,36.8548914],[28.2381007,36.8553599],[28.2380122,36.8555466],[28.2374139,36.8559348]]},"properties":{"class":"tertiary"}},{"type":"Feature","geometry":{"type":"LineString","coordinates":[[28.2373072,36.8564793],[28.2371053,36.8562696]]},"properties":{"class":"tertiary"}},{"type":"Feature","geometry":{"type":"LineString","coordinates":[[28.2373072,36.8564793],[28.2390668,36.8583223]]},"properties":{"class":"tertiary","name":"İsmet İnönü Caddesi"}},{"type":"Feature","geometry":{"type":"LineString","coordinates":[[28.2372352,36.8562079],[28.2373072,36.8564793]]},"properties":{"class":"tertiary"}},{"type":"Feature","geometry":{"type":"LineString","coordinates":[[28.2371246,36.8560588],[28.2374139,36.8559348]]},"properties":{"class":"tertiary"}},{"type":"Feature","geometry":{"type":"LineString","coordinates":[[28.2334035,36.856734],[28.2335517,36.8561196],[28.2330724,36.8547738],[28.2331802,36.8546238]]},"properties":{"class":"tertiary"}},{"type":"Feature","geometry":{"type":"LineString","coordinates":[[28.2331802,36.8546238],[28.2368497,36.8543],[28.2377486,36.8546908],[28.2387986,36.8553289]]},"properties":{"class":"tertiary","name":"Ziya Gökalp Caddesi"}},{"type":"Feature","geometry":{"type":"LineString","coordinates":[[28.237449,36.8566063],[28.236695,36.8567892],[28.235996,36.8565695]]},"properties":{"class":"tertiary"}},{"type":"Feature","geometry":{"type":"LineString","coordinates":[[28.2381053,36.8551227],[28.2382645,36.8549897]]},"properties":{"class":"tertiary"}},{"type":"Feature","geometry":{"type":"LineString","coordinates":[[28.2435384,36.858373],[28.2424023,36.8584773]]},"properties":{"class":"trunk","ref":"D400"}},{"type":"Feature","geometry":{"type":"LineString","coordinates":[[28.2424023,36.8584773],[28.2435625,36.8581524]]},"properties":{"class":"trunk","ref":"D400"}},{"type":"Feature","geometry":{"type":"LineString","coordinates":[[28.2425736,36.8580944],[28.2435547,36.8579874],[28.2439275,36.8581241],[28.2441804,36.8583206]]},"properties":{"class":"tertiary"}},{"type":"Feature","geometry":{"type":"LineString","coordinates":[[28.2438019,36.8583947],[28.2435384,36.858373]]},"properties":{"class":"trunk","ref":"D400"}},{"type":"Feature","geometry":{"type":"LineString","coordinates":[[28.2437472,36.858038],[28.2438148,36.8581605]]},"properties":{"class":"tertiary"}},{"type":"Feature","geometry":{"type":"LineString","coordinates":[[28.2438148,36.8581605],[28.2438019,36.8583947]]},"properties":{"class":"trunk"}},{"type":"Feature","geometry":{"type":"LineString","coordinates":[[28.2436274,36.8581282],[28.2433089,36.8580154],[28.2425736,36.8580944]]},"properties":{"class":"tertiary"}},{"type":"Feature","geometry":{"type":"LineString","coordinates":[[28.2435384,36.858373],[28.2435238,36.8581827],[28.2436274,36.8581282]]},"properties":{"class":"trunk"}},{"type":"Feature","geometry":{"type":"LineString","coordinates":[[28.2436274,36.8581282],[28.2438148,36.8581605]]},"properties":{"class":"trunk","ref":"D400"}},{"type":"Feature","geometry":{"type":"LineString","coordinates":[[28.246654,36.8495029],[28.2472685,36.8508167],[28.2473383,36.8512374],[28.2472685,36.8523578],[28.2474563,36.8533708]]},"properties":{"class":"tertiary","name":"Yıldırım Beyazıt Caddesi"}},{"type":"Feature","geometry":{"type":"LineString","coordinates":[[28.2582242,36.8518075],[28.2584409,36.8513243]]},"properties":{"class":"unclassified"}},{"type":"Feature","geometry":{"type":"LineString","coordinates":[[28.2533915,36.8487196],[28.2545241,36.8494318],[28.2550232,36.8499715],[28.2582083,36.852528],[28.2589848,36.8532325],[28.258949,36.8535016],[28.2590591,36.8544145],[28.2594979,36.8547373],[28.2602045,36.8549529],[28.2613877,36.8548902]]},"properties":{"class":"tertiary","name":"İnönü Caddesi"}},{"type":"Feature","geometry":{"type":"LineString","coordinates":[[28.2521247,36.8578499],[28.2519275,36.857034],[28.2516394,36.8567462],[28.2515858,36.8565745],[28.2515742,36.8560553],[28.2499977,36.8535509],[28.2483389,36.8479785]]},"properties":{"class":"tertiary","name":"Mareşal Fevzi Çakmak Caddesi"}},{"type":"Feature","geometry":{"type":"LineString","coordinates":[[28.2474563,36.8533708],[28.2481108,36.8542765],[28.2484916,36.8551006],[28.2486579,36.8556801]]},"properties":{"class":"tertiary","name":"Kanuni Sultan Süleyman Caddesi"}},{"type":"Feature","geometry":{"type":"LineString","coordinates":[[28.252264,36.860694],[28.2522675,36.860535],[28.2523518,36.8604556]]},"properties":{"class":"unclassified"}},{"type":"Feature","geometry":{"type":"LineString","coordinates":[[28.2546239,36.8580295],[28.2544193,36.8583451],[28.253696,36.8589686]]},"properties":{"class":"unclassified"}},{"type":"Feature","geometry":{"type":"LineString","coordinates":[[28.2549423,36.8569222],[28.2553645,36.8579925]]},"properties":{"class":"tertiary","name":"Yunus Nadi Caddesi"}},{"type":"Feature","geometry":{"type":"LineString","coordinates":[[28.2548989,36.856824],[28.2549423,36.8569222]]},"properties":{"class":"tertiary","name":"Yunus Nadi Caddesi"}},{"type":"Feature","geometry":{"type":"LineString","coordinates":[[28.2580617,36.857972],[28.2581253,36.8579718]]},"properties":{"class":"unclassified"}},{"type":"Feature","geometry":{"type":"LineString","coordinates":[[28.253423,36.8602109],[28.2538673,36.8605585]]},"properties":{"class":"unclassified"}},{"type":"Feature","geometry":{"type":"LineString","coordinates":[[28.2462663,36.868464],[28.2462047,36.8687449]]},"properties":{"class":"unclassified"}},{"type":"Feature","geometry":{"type":"LineString","coordinates":[[28.2465698,36.8676027],[28.246319,36.8677443],[28.2461647,36.8680352],[28.2462663,36.868464]]},"properties":{"class":"unclassified"}},{"type":"Feature","geometry":{"type":"LineString","coordinates":[[28.2880582,36.8504065],[28.2891101,36.849207],[28.2893058,36.8487753],[28.2897209,36.8472346],[28.2899486,36.8459331],[28.2897011,36.8454805],[28.2893385,36.8452133],[28.2877855,36.8450284],[28.2873994,36.8447956],[28.2871208,36.8445299],[28.2870211,36.8441976],[28.2870608,36.8436441],[28.2875238,36.843095],[28.2889528,36.8421291],[28.2927631,36.8403361],[28.2930361,36.8400373],[28.2938971,36.8394787],[28.2950634,36.8383352],[28.2952864,36.8379261],[28.2956392,36.8369193],[28.2956727,36.8364253],[28.2956019,36.8358475],[28.2953896,36.8356888],[28.2953329,36.8354339],[28.2954687,36.8351847],[28.2966182,36.8338354],[28.2968012,36.8332106],[28.2969246,36.8330511],[28.2977541,36.832517],[28.2982498,36.8318876],[28.3003312,36.8306729],[28.3014371,36.8297363],[28.302162,36.8293861],[28.3025546,36.8293001],[28.3036227,36.8291769],[28.3070433,36.8290645],[28.3078402,36.8289704],[28.308124,36.8290778],[28.3086473,36.8294891],[28.3089174,36.8299624],[28.3090415,36.8305435],[28.3089067,36.8312459],[28.3089542,36.831396],[28.3092167,36.8315525],[28.3100858,36.8318232],[28.3103433,36.8317974],[28.3107617,36.8315183],[28.3121385,36.830952],[28.3127997,36.8308593],[28.3138016,36.8317805],[28.3140753,36.8319172],[28.3150661,36.8321585],[28.3162908,36.8321834]]},"properties":{"class":"tertiary","name":"Mustafa Münir Elgin Bulvarı"}},{"type":"Feature","geometry":{"type":"LineString","coordinates":[[28.3178023,36.8638968],[28.3178135,36.8640708],[28.3185802,36.8646522],[28.3195511,36.8647595],[28.3200554,36.864738],[28.3203343,36.8649569],[28.3216701,36.8653689],[28.3221207,36.8658153],[28.3221314,36.8660041],[28.321772,36.8666822],[28.3211873,36.8672744],[28.3210746,36.8679397],[28.320624,36.8686134],[28.3204631,36.8692529],[28.3207742,36.8696048],[28.3207527,36.8700425],[28.3203665,36.8706691],[28.3195994,36.8715832],[28.3195243,36.8718879],[28.3195779,36.8720424],[28.3194653,36.8721539],[28.3190361,36.8722784],[28.3189297,36.8728079],[28.3186499,36.8729607],[28.3185802,36.8731839],[28.3186606,36.8733426],[28.3189297,36.8734431],[28.319627,36.874164],[28.3200715,36.8744798],[28.321011,36.8749536],[28.3213857,36.8753078],[28.321654,36.8753679],[28.3221046,36.8752606],[28.3223843,36.8754213],[28.3226464,36.876578],[28.323156,36.8774363],[28.3230648,36.8780413],[28.3231936,36.8787021],[28.3231614,36.8788309],[28.3227859,36.879157],[28.3214295,36.8796009],[28.3211497,36.8797277],[28.3208547,36.8800109],[28.3208761,36.8801353],[28.3214126,36.880676],[28.3215038,36.8809034],[28.3208493,36.8814655],[28.320657,36.8817549],[28.3204049,36.8818665],[28.3198569,36.8819289],[28.3191764,36.8823642],[28.3188867,36.8830036],[28.3185756,36.883394],[28.3190469,36.8840185],[28.3190576,36.8841644],[28.3184576,36.8842178],[28.3171744,36.8840357],[28.3156726,36.8842417],[28.315163,36.8845506],[28.3150619,36.8859599],[28.3152228,36.8861916],[28.3155823,36.8860671],[28.31577,36.8861272],[28.3158819,36.8869619],[28.3161447,36.8872966],[28.3158121,36.8881633],[28.3162582,36.888959],[28.316311,36.8894333],[28.3161286,36.8895448],[28.3150557,36.889592],[28.3149216,36.8896821],[28.3150343,36.8900725],[28.3149055,36.8902356],[28.314622,36.8902461],[28.3142296,36.8901154],[28.3140963,36.8898342],[28.3138273,36.8896864],[28.3133069,36.8900168],[28.3125621,36.890083],[28.3122992,36.8901903],[28.3116708,36.8908663],[28.3116547,36.8910379],[28.3121053,36.8916814],[28.3120954,36.8918249],[28.311398,36.8920094],[28.3112899,36.8921834],[28.3112524,36.8925223],[28.3107803,36.8933804],[28.3106676,36.8934619],[28.3102983,36.893481],[28.3093426,36.8930886],[28.3083127,36.8931315],[28.307744,36.8930543],[28.307111,36.8928484],[28.3054328,36.8928417],[28.3046756,36.8926725],[28.3044342,36.8928098],[28.3042848,36.8933995],[28.3037851,36.8937922],[28.3036349,36.8940196],[28.302841,36.8943843],[28.3027176,36.8944915],[28.3026218,36.8948152],[28.3012585,36.895268],[28.3008945,36.8953086],[28.2993863,36.8947446],[28.2988506,36.8944248],[28.298249,36.8943414],[28.2979486,36.8942212],[28.2974237,36.8938156],[28.2963723,36.8936697],[28.2962481,36.8938137],[28.2966171,36.8950003]]},"properties":{"class":"unclassified"}},{"type":"Feature","geometry":{"type":"LineString","coordinates":[[28.2927631,36.8403361],[28.2959197,36.839214]]},"properties":{"class":"unclassified"}},{"type":"Feature","geometry":{"type":"LineString","coordinates":[[28.2653753,36.8512288],[28.2641899,36.8523282],[28.2636335,36.8526997]]},"properties":{"class":"tertiary","name":"Hasan Işık Caddesi"}},{"type":"Feature","geometry":{"type":"LineString","coordinates":[[28.2634809,36.8527098],[28.2624005,36.8519058],[28.2617512,36.8515382]]},"properties":{"class":"tertiary"}},{"type":"Feature","geometry":{"type":"LineString","coordinates":[[28.2616039,36.849422],[28.2614355,36.8493274]]},"properties":{"class":"secondary","name":"Atatürk Caddesi"}},{"type":"Feature","geometry":{"type":"LineString","coordinates":[[28.2614961,36.8492614],[28.2616606,36.849352]]},"properties":{"class":"secondary","name":"Atatürk Caddesi"}},{"type":"Feature","geometry":{"type":"LineString","coordinates":[[28.2616606,36.849352],[28.2630383,36.8497016],[28.2638183,36.8500825]]},"properties":{"class":"secondary","name":"Atatürk Caddesi"}},{"type":"Feature","geometry":{"type":"LineString","coordinates":[[28.2638183,36.8500825],[28.2629065,36.8497119],[28.2616039,36.849422]]},"properties":{"class":"secondary","name":"Atatürk Caddesi"}},{"type":"Feature","geometry":{"type":"LineString","coordinates":[[28.2636547,36.8527216],[28.2636023,36.8528376],[28.2634645,36.852787],[28.2635366,36.8526803],[28.2636547,36.8527216]]},"properties":{"class":"tertiary"}},{"type":"Feature","geometry":{"type":"LineString","coordinates":[[28.2705587,36.8532257],[28.2704857,36.8532168]]},"properties":{"class":"secondary","name":"Atatürk Caddesi"}},{"type":"Feature","geometry":{"type":"LineString","coordinates":[[28.270709,36.8533577],[28.2707049,36.8532186],[28.2708863,36.8532407],[28.2708531,36.8533624],[28.270709,36.8533577]]},"properties":{"class":"secondary","name":"Ulusal Egemenlik Caddesi"}},{"type":"Feature","geometry":{"type":"LineString","coordinates":[[28.2706681,36.853286],[28.2705587,36.8532257]]},"properties":{"class":"secondary","name":"Atatürk Caddesi"}},{"type":"Feature","geometry":{"type":"LineString","coordinates":[[28.2705587,36.8532257],[28.2707049,36.8532186]]},"properties":{"class":"secondary","name":"Atatürk Caddesi"}},{"type":"Feature","geometry":{"type":"LineString","coordinates":[[28.2704857,36.8532168],[28.2703572,36.8532058]]},"properties":{"class":"secondary","name":"Atatürk Caddesi"}},{"type":"Feature","geometry":{"type":"LineString","coordinates":[[28.2708293,36.8535917],[28.270709,36.8533577]]},"properties":{"class":"secondary","name":"Ulusal Egemenlik Caddesi"}},{"type":"Feature","geometry":{"type":"LineString","coordinates":[[28.2680675,36.8554935],[28.2672741,36.8554632],[28.2670462,36.855374],[28.2636317,36.852823]]},"properties":{"class":"tertiary","name":"Orgeneral Mustafa Muğlalı Caddesi"}},{"type":"Feature","geometry":{"type":"LineString","coordinates":[[28.2703485,36.8601516],[28.2617658,36.8583687],[28.2604096,36.8579628]]},"properties":{"class":"trunk","ref":"D400"}},{"type":"Feature","geometry":{"type":"LineString","coordinates":[[28.2707781,36.8567426],[28.2730292,36.8566215]]},"properties":{"class":"tertiary","name":"Eski Datça Yolu"}},{"type":"Feature","geometry":{"type":"LineString","coordinates":[[28.2602556,36.8576991],[28.2608448,36.857982],[28.2617143,36.8582543],[28.2696837,36.8598677],[28.2703896,36.8599184]]},"properties":{"class":"trunk","ref":"D400"}},{"type":"Feature","geometry":{"type":"LineString","coordinates":[[28.2723094,36.8673854],[28.2726492,36.866989],[28.273745,36.8666585],[28.273962,36.8665182],[28.2741488,36.866309],[28.2741815,36.8659541],[28.2740087,36.865304],[28.2728645,36.8627745],[28.2712634,36.8608529],[28.2705806,36.8602371]]},"properties":{"class":"trunk","ref":"D400"}},{"type":"Feature","geometry":{"type":"LineString","coordinates":[[28.2605212,36.8575403],[28.2606927,36.8567891],[28.2612192,36.8555421],[28.2613877,36.8548902],[28.2631496,36.8530163],[28.2634803,36.852811]]},"properties":{"class":"tertiary","name":"Hasan Işık Caddesi"}},{"type":"Feature","geometry":{"type":"LineString","coordinates":[[28.2683374,36.856939],[28.2607089,36.8575103]]},"properties":{"class":"tertiary","name":"Eski Datça Yolu"}},{"type":"Feature","geometry":{"type":"LineString","coordinates":[[28.2708814,36.8533391],[28.2708667,36.8549005]]},"properties":{"class":"secondary","name":"Ulusal Egemenlik Caddesi"}},{"type":"Feature","geometry":{"type":"LineString","coordinates":[[28.2703572,36.8532058],[28.2686111,36.8529721],[28.2676241,36.8526377],[28.2648539,36.8508841],[28.2638183,36.8500825]]},"properties":{"class":"secondary","name":"Atatürk Caddesi"}},{"type":"Feature","geometry":{"type":"LineString","coordinates":[[28.2702625,36.8604763],[28.2694094,36.8612293]]},"properties":{"class":"tertiary","name":"255 Sokak"}},{"type":"Feature","geometry":{"type":"LineString","coordinates":[[28.2707645,36.8600128],[28.271051,36.8604731],[28.2727133,36.8621233],[28.273978,36.8649851]]},"properties":{"class":"trunk","name":"Marmaris Muğla Yolu","ref":"D400"}},{"type":"Feature","geometry":{"type":"LineString","coordinates":[[28.2707781,36.8567426],[28.2685482,36.8569218]]},"properties":{"class":"tertiary","name":"Eski Datça Yolu"}},{"type":"Feature","geometry":{"type":"LineString","coordinates":[[28.2703896,36.8599184],[28.2706844,36.8595748],[28.2707108,36.8554862],[28.2708667,36.8549005]]},"properties":{"class":"secondary","name":"Ulusal Egemenlik Caddesi"}},{"type":"Feature","geometry":{"type":"LineString","coordinates":[[28.268514,36.8569246],[28.2683869,36.856935]]},"properties":{"class":"tertiary","name":"Eski Datça Yolu"}},{"type":"Feature","geometry":{"type":"LineString","coordinates":[[28.2708667,36.8549005],[28.2709428,36.8551449],[28.2707781,36.8567426],[28.2707645,36.8600128]]},"properties":{"class":"secondary","name":"Ulusal Egemenlik Caddesi"}},{"type":"Feature","geometry":{"type":"LineString","coordinates":[[28.2705528,36.8555175],[28.2682205,36.855491]]},"properties":{"class":"tertiary","name":"Orgeneral Mustafa Muğlalı Caddesi"}},{"type":"Feature","geometry":{"type":"LineString","coordinates":[[28.2683869,36.856935],[28.2683374,36.856939]]},"properties":{"class":"tertiary","name":"Eski Datça Yolu"}},{"type":"Feature","geometry":{"type":"LineString","coordinates":[[28.2685482,36.8569218],[28.268514,36.8569246]]},"properties":{"class":"tertiary","name":"Eski Datça Yolu"}},{"type":"Feature","geometry":{"type":"LineString","coordinates":[[28.268119,36.8554927],[28.2680675,36.8554935]]},"properties":{"class":"tertiary","name":"Orgeneral Mustafa Muğlalı Caddesi"}},{"type":"Feature","geometry":{"type":"LineString","coordinates":[[28.2682205,36.855491],[28.268119,36.8554927]]},"properties":{"class":"tertiary","name":"Orgeneral Mustafa Muğlalı Caddesi"}},{"type":"Feature","geometry":{"type":"LineString","coordinates":[[28.2718909,36.8552681],[28.2719252,36.8548378]]},"properties":{"class":"unclassified"}},{"type":"Feature","geometry":{"type":"LineString","coordinates":[[28.2746843,36.8625706],[28.2747255,36.8618707],[28.2748946,36.8614618],[28.2755226,36.8606179],[28.2776001,36.8591923],[28.278031,36.858862],[28.2782221,36.8585776],[28.2795294,36.8556342],[28.2807322,36.8538279],[28.2811469,36.8533383],[28.2819266,36.8519901],[28.2819622,36.8514029],[28.2817996,36.8506755],[28.281869,36.8502753],[28.2819982,36.8501268],[28.2821802,36.8500702],[28.2824616,36.8501126],[28.2836333,36.8507169],[28.2858215,36.8511081],[28.2871062,36.8509836],[28.2876526,36.8507112],[28.2880582,36.8504065]]},"properties":{"class":"tertiary","name":"Mustafa Münir Elgin Bulvarı"}},{"type":"Feature","geometry":{"type":"LineString","coordinates":[[28.2726636,36.8616969],[28.2728738,36.8602493],[28.2730446,36.8562459]]},"properties":{"class":"tertiary","name":"Yeniyol Caddesi"}},{"type":"Feature","geometry":{"type":"LineString","coordinates":[[28.2785969,36.857702],[28.2783218,36.8577083],[28.2771264,36.8572454]]},"properties":{"class":"tertiary","name":"Mustafa Kemal Caddesi"}},{"type":"Feature","geometry":{"type":"LineString","coordinates":[[28.2771264,36.8572454],[28.2751067,36.8564965],[28.2739536,36.8563216]]},"properties":{"class":"tertiary","name":"Mustafa Kemal Caddesi"}},{"type":"Feature","geometry":{"type":"LineString","coordinates":[[28.2739536,36.8563216],[28.2738278,36.8563039]]},"properties":{"class":"tertiary","name":"Mustafa Kemal Caddesi"}},{"type":"Feature","geometry":{"type":"LineString","coordinates":[[28.2738278,36.8563039],[28.2730446,36.8562459]]},"properties":{"class":"tertiary","name":"Mustafa Kemal Caddesi"}},{"type":"Feature","geometry":{"type":"LineString","coordinates":[[28.2721774,36.8626272],[28.2696003,36.8661848],[28.2691847,36.8668822]]},"properties":{"class":"tertiary","name":"Beldibi Caddesi"}},{"type":"Feature","geometry":{"type":"LineString","coordinates":[[28.2694094,36.8612293],[28.2692009,36.8614798],[28.268458,36.8642004],[28.268195,36.8645375],[28.2680421,36.8652531],[28.2678436,36.8655385]]},"properties":{"class":"tertiary","name":"255 Sokak"}},{"type":"Feature","geometry":{"type":"LineString","coordinates":[[28.2690609,36.8670102],[28.2690881,36.8668761],[28.2692254,36.8669239],[28.2691846,36.8670184],[28.2690609,36.8670102]]},"properties":{"class":"tertiary"}},{"type":"Feature","geometry":{"type":"LineString","coordinates":[[28.2663837,36.8615773],[28.2665191,36.8611445],[28.266776,36.8608925]]},"properties":{"class":"unclassified"}},{"type":"Feature","geometry":{"type":"LineString","coordinates":[[28.269136,36.8670302],[28.2685735,36.8676143],[28.2678573,36.8691008],[28.2675869,36.869854],[28.2668137,36.8709461],[28.2663605,36.8721192],[28.2662965,36.8727122],[28.2668841,36.8747017],[28.2668622,36.874862]]},"properties":{"class":"tertiary"}},{"type":"Feature","geometry":{"type":"LineString","coordinates":[[28.2668622,36.874862],[28.2661738,36.8727421],[28.2661685,36.8722728],[28.2667124,36.8709418],[28.267411,36.8699948],[28.2677617,36.8690738],[28.2685042,36.8675588],[28.2690404,36.8669893]]},"properties":{"class":"tertiary"}},{"type":"Feature","geometry":{"type":"LineString","coordinates":[[28.2721774,36.8626272],[28.2722457,36.8625242]]},"properties":{"class":"tertiary"}},{"type":"Feature","geometry":{"type":"LineString","coordinates":[[28.2723041,36.8620683],[28.2726636,36.8616969]]},"properties":{"class":"tertiary","name":"Yeniyol Caddesi"}},{"type":"Feature","geometry":{"type":"LineString","coordinates":[[28.272538,36.8623275],[28.2722457,36.8625242]]},"properties":{"class":"tertiary","name":"Beldibi Caddesi"}},{"type":"Feature","geometry":{"type":"LineString","coordinates":[[28.2722457,36.8625242],[28.2723041,36.8620683]]},"properties":{"class":"tertiary","name":"Beldibi Caddesi"}},{"type":"Feature","geometry":{"type":"LineString","coordinates":[[28.2726636,36.8616969],[28.2727133,36.8621233],[28.272538,36.8623275]]},"properties":{"class":"tertiary","name":"Yeniyol Caddesi"}},{"type":"Feature","geometry":{"type":"LineString","coordinates":[[28.2748112,36.8647312],[28.2746911,36.862639]]},"properties":{"class":"tertiary","name":"Mustafa Münir Elgin Bulvarı"}},{"type":"Feature","geometry":{"type":"LineString","coordinates":[[28.2746911,36.862639],[28.2746843,36.8625706]]},"properties":{"class":"tertiary","name":"Mustafa Münir Elgin Bulvarı"}},{"type":"Feature","geometry":{"type":"LineString","coordinates":[[28.2193555,36.8743286],[28.2195714,36.8742993]]},"properties":{"class":"tertiary"}},{"type":"Feature","geometry":{"type":"LineString","coordinates":[[28.2157714,36.8779253],[28.2159206,36.8782979],[28.2162667,36.8786146],[28.2172229,36.879119],[28.2173666,36.8793654],[28.2173373,36.8797314],[28.217654,36.8805032],[28.2176071,36.8809373],[28.2182318,36.8813783],[28.2187715,36.8824927],[28.2194314,36.8833419],[28.2204257,36.8844094],[28.2203993,36.8847425],[28.2201882,36.8850451],[28.2202703,36.8852328],[28.2210241,36.8860023],[28.2216547,36.8863964],[28.2216957,36.8867764],[28.2215491,36.8869477],[28.2213936,36.8869781],[28.2212059,36.8874121],[28.2215901,36.8883083],[28.2216576,36.8887399],[28.2216488,36.8890472],[28.221511,36.8893709],[28.2213056,36.8895891],[28.220898,36.8897533],[28.2205548,36.8896759],[28.2199917,36.8894038],[28.2199301,36.8895351],[28.2199917,36.8905297],[28.220109,36.8907549],[28.2204287,36.8909098],[28.2206662,36.8911326],[28.2206076,36.8915595],[28.2212264,36.8920287],[28.2212822,36.8922023],[28.2219333,36.8925307],[28.2223205,36.8925494],[28.2230127,36.8922609],[28.2232414,36.8922539],[28.2234673,36.8923665],[28.2237488,36.8928637],[28.2238984,36.8933868],[28.2249044,36.8940765],[28.2253415,36.8945268],[28.2255702,36.8945737],[28.2259214,36.8944075],[28.226214,36.8942306],[28.2263234,36.8940139]]},"properties":{"class":"unclassified"}},{"type":"Feature","geometry":{"type":"LineString","coordinates":[[28.2196486,36.88036],[28.2200708,36.880236],[28.220506,36.8805513],[28.2208255,36.8803122],[28.2214136,36.8801574]]},"properties":{"class":"unclassified"}},{"type":"Feature","geometry":{"type":"LineString","coordinates":[[28.2821778,36.9454137],[28.2816537,36.9457048],[28.2809159,36.9463466],[28.2806299,36.9464459],[28.2798765,36.9464265],[28.2791835,36.9460623],[28.2775359,36.9445674],[28.2763461,36.9433915],[28.2757618,36.9426959],[28.2755227,36.941875],[28.2755143,36.9414555],[28.2760775,36.9403754],[28.2761305,36.9400053],[28.276024,36.9395356],[28.2751525,36.9376278],[28.2731442,36.9362246],[28.2727102,36.9360552],[28.2720051,36.9359926],[28.2716892,36.9358719],[28.2712163,36.9354043],[28.2708818,36.9348226],[28.2706409,36.934658],[28.269011,36.9344631],[28.2681584,36.9344406],[28.2678584,36.9342854],[28.2677978,36.9340763],[28.2678154,36.9331761],[28.2677329,36.9329644],[28.2674613,36.9327535],[28.2669253,36.9325841],[28.2666434,36.9324094],[28.266476,36.9322021],[28.2661861,36.9312919],[28.2659893,36.9310574],[28.2658115,36.9308931],[28.2650692,36.9305717],[28.264845,36.9296143],[28.2645422,36.9292968],[28.263884,36.9289926],[28.263384,36.9282977],[28.2631896,36.9281778],[28.2621449,36.9280817],[28.2600775,36.9263952],[28.2589675,36.9263516],[28.2577654,36.9259642],[28.2574167,36.9256194],[28.2572508,36.9253242],[28.2568511,36.9241248],[28.2561517,36.9230622],[28.2548602,36.9226381],[28.2544637,36.9223718],[28.253333,36.9220444],[28.2530271,36.9221278],[28.2529376,36.9222752],[28.2528821,36.9229797],[28.2526535,36.9232903],[28.252411,36.9234073],[28.2516995,36.9234663],[28.2493526,36.9231888]]},"properties":{"class":"tertiary"}},{"type":"Feature","geometry":{"type":"LineString","coordinates":[[28.2389264,36.9232709],[28.2387466,36.9236419],[28.2387299,36.9244988],[28.2386462,36.9248202],[28.2383001,36.9251182],[28.23804,36.9254886],[28.2376803,36.9265073],[28.2365916,36.9279087],[28.236653,36.9281452],[28.2371666,36.9288192],[28.2379818,36.9296047],[28.2381348,36.9299899],[28.2378143,36.9305062],[28.2363571,36.9317736],[28.2359384,36.9322779],[28.2355699,36.9328893],[28.2347045,36.933465],[28.2345873,36.9337417],[28.2347157,36.9343219],[28.2346319,36.9347458],[28.2342802,36.9354688],[28.2344979,36.935973],[28.2343918,36.936281],[28.2330184,36.9369682],[28.2326555,36.9373609],[28.2319576,36.9377],[28.2308243,36.9379187],[28.2305898,36.9381329],[28.2305004,36.9383962],[28.230266,36.9385658],[28.2300203,36.9392931],[28.2298193,36.9395073],[28.2295792,36.9395787],[28.2281835,36.9395653],[28.227815,36.939668],[28.2276587,36.9398063],[28.2277145,36.9410067],[28.227949,36.9412476],[28.227949,36.9415065],[28.2275693,36.9417474],[28.2269664,36.9419571],[28.2265365,36.9422918],[28.2261401,36.9423097],[28.2252356,36.9419795],[28.2238789,36.9423409],[28.2234769,36.9422784],[28.2230973,36.94239],[28.222606,36.9428005],[28.2221482,36.9428585],[28.2211432,36.9432512],[28.2204007,36.9438491],[28.2201103,36.9438982],[28.2187983,36.9445452],[28.2174439,36.945483]]},"properties":{"class":"unclassified"}},{"type":"Feature","geometry":{"type":"LineString","coordinates":[[28.2547182,36.9002568],[28.2550884,36.8998025],[28.2557195,36.8985061],[28.2565141,36.8984603],[28.2566693,36.8982232],[28.2567383,36.8977773],[28.2566465,36.8975009],[28.2567865,36.8971265],[28.2567331,36.8966246],[28.2568347,36.8952649],[28.2564672,36.8945414],[28.2566508,36.8937908],[28.2565943,36.8936171],[28.2563513,36.8934771],[28.2554005,36.8937033],[28.2552153,36.8936481],[28.2548458,36.8931389],[28.2548661,36.8928503],[28.2547874,36.8926019],[28.2546265,36.8924082],[28.254227,36.8921929],[28.2536068,36.8919872],[28.2529801,36.892129],[28.2523588,36.8918185],[28.2518207,36.8917415],[28.25132,36.8915587],[28.2513174,36.891461],[28.2516418,36.8909988],[28.2514093,36.8903769],[28.2515116,36.8897874],[28.2517288,36.8896281],[28.2522771,36.8894557],[28.2530107,36.8887878],[28.2532956,36.8882936],[28.2531522,36.8879511],[28.2532778,36.8879587],[28.2536209,36.8883429],[28.2538814,36.8883368],[28.2538639,36.8881864],[28.2535051,36.8878119],[28.2530326,36.8874655],[28.2529495,36.8872801],[28.2530414,36.8868846],[28.2526913,36.8865942],[28.2527045,36.8863562],[28.2533607,36.8861568],[28.2535489,36.8859363],[28.2536582,36.8854184],[28.2538595,36.8850195],[28.2538595,36.8847535],[28.2536101,36.8842076],[28.2536932,36.8840746],[28.2539339,36.8840991],[28.2541089,36.8843301],[28.2544151,36.88454],[28.2549314,36.8846695],[28.2560534,36.8852841],[28.2559268,36.8853554],[28.2554827,36.8853134],[28.2552508,36.8853869],[28.2550408,36.8856669],[28.2549839,36.8859363],[28.2551852,36.8862512],[28.2557496,36.8865137],[28.2570752,36.8868391],[28.2575171,36.8868601],[28.2583627,36.8862583],[28.2584122,36.8859119],[28.2582822,36.8856447],[28.2585297,36.8851795],[28.2595073,36.8845064]]},"properties":{"class":"unclassified"}},{"type":"Feature","geometry":{"type":"LineString","coordinates":[[28.2209183,36.8788425],[28.2203822,36.8788165],[28.2201719,36.878947],[28.2201376,36.8791581],[28.2199681,36.8793658],[28.220202,36.88003],[28.2207281,36.8803686]]},"properties":{"class":"unclassified"}},{"type":"Feature","geometry":{"type":"LineString","coordinates":[[28.222927,36.8829525],[28.2226358,36.8830164],[28.2222338,36.8834105],[28.222061,36.8834444],[28.2212173,36.8832542],[28.2207615,36.8832542]]},"properties":{"class":"unclassified"}},{"type":"Feature","geometry":{"type":"LineString","coordinates":[[28.2224207,36.8817824],[28.2219615,36.8819151],[28.2213059,36.8819328],[28.2210298,36.8821576],[28.220909,36.8823902],[28.2208104,36.8826524],[28.2208104,36.8829679],[28.2202411,36.8831355]]},"properties":{"class":"unclassified"}},{"type":"Feature","geometry":{"type":"LineString","coordinates":[[28.2207347,36.8830018],[28.2203958,36.8825467],[28.220379,36.8824421],[28.2205434,36.882221],[28.2200316,36.8821552],[28.2198635,36.8820327]]},"properties":{"class":"unclassified"}},{"type":"Feature","geometry":{"type":"LineString","coordinates":[[28.2619933,36.8988768],[28.2616437,36.8988325],[28.2612898,36.8991608],[28.2594695,36.9002227],[28.2591238,36.9017759],[28.2591829,36.9023519],[28.259058,36.9024604],[28.258062,36.9026363],[28.25734,36.9022061],[28.2570719,36.9018395],[28.2568038,36.9016307],[28.2563975,36.9008524],[28.2559958,36.8997321],[28.2554995,36.899466],[28.2554281,36.8990672]]},"properties":{"class":"unclassified"}},{"type":"Feature","geometry":{"type":"LineString","coordinates":[[28.2563975,36.9008524],[28.2553065,36.9003015],[28.2547182,36.9002568]]},"properties":{"class":"unclassified"}},{"type":"Feature","geometry":{"type":"LineString","coordinates":[[28.242894,36.9193029],[28.2433266,36.9193937],[28.2432299,36.9197462],[28.2432152,36.9204638],[28.2429747,36.9207803],[28.2418514,36.9212938],[28.2409275,36.9221075],[28.2401619,36.9224147],[28.2399772,36.9227523],[28.2396311,36.9230102],[28.2392527,36.9232096],[28.2389264,36.9232709]]},"properties":{"class":"unclassified"}},{"type":"Feature","geometry":{"type":"LineString","coordinates":[[28.2668622,36.874862],[28.267222,36.8762275],[28.2669094,36.8774777],[28.2668591,36.878701]]},"properties":{"class":"tertiary","name":"Beldibi Caddesi"}},{"type":"Feature","geometry":{"type":"LineString","coordinates":[[28.2602313,36.8836684],[28.2597441,36.8846742],[28.2598775,36.8849112],[28.2605455,36.885464],[28.2605917,36.8856655],[28.2605397,36.8858921],[28.2599113,36.8869558],[28.2598859,36.8872144],[28.2602491,36.8873225],[28.260743,36.8871444],[28.2613114,36.8872004],[28.2618411,36.8867576],[28.2627617,36.8865317]]},"properties":{"class":"unclassified"}},{"type":"Feature","geometry":{"type":"LineString","coordinates":[[28.2656893,36.8814958],[28.2657822,36.8809958],[28.2663567,36.8798948],[28.2668591,36.878701]]},"properties":{"class":"tertiary","name":"Beldibi Caddesi"}},{"type":"Feature","geometry":{"type":"LineString","coordinates":[[28.2668591,36.878701],[28.2666822,36.8793858],[28.2658787,36.8810042],[28.2658179,36.8815157]]},"properties":{"class":"tertiary","name":"Beldibi Caddesi"}},{"type":"Feature","geometry":{"type":"LineString","coordinates":[[28.2626516,36.8805305],[28.2630459,36.8808958]]},"properties":{"class":"unclassified"}},{"type":"Feature","geometry":{"type":"LineString","coordinates":[[28.3153931,36.8987742],[28.3147638,36.899007],[28.3145846,36.8989959],[28.3136016,36.8984633],[28.3127977,36.8982796],[28.3115436,36.8975081],[28.3110567,36.8976404],[28.3102344,36.8977102],[28.3096327,36.89742],[28.3091963,36.8973024],[28.3076574,36.8969938],[28.3072118,36.8970563],[28.3062701,36.8968763],[28.3061415,36.8969093],[28.3059348,36.8972032],[28.3056545,36.8972583],[28.3046302,36.896722],[28.3044923,36.8967257],[28.3043316,36.8968689],[28.3042718,36.8972657],[28.3041984,36.8973281],[28.303615,36.8973869],[28.3027697,36.8969314],[28.3024895,36.8968689],[28.302145,36.8966081],[28.3013595,36.8968542],[28.3008633,36.8963803],[28.299917,36.8960497],[28.2992602,36.8959726],[28.2987916,36.8962518],[28.2983874,36.8961379],[28.2980924,36.8961848],[28.2977672,36.8960938],[28.2967859,36.8962715],[28.2962851,36.8962185]]},"properties":{"class":"unclassified"}},{"type":"Feature","geometry":{"type":"LineString","coordinates":[[28.2726492,36.8985872],[28.2723948,36.8984182],[28.2722712,36.8984307],[28.2717343,36.8989727],[28.2713247,36.8990669],[28.2708356,36.8990637],[28.2704979,36.8989196],[28.2697613,36.8988053],[28.268332,36.8978997],[28.2681863,36.8977216],[28.2674359,36.8980316],[28.2666443,36.8979612],[28.2665206,36.8978733],[28.266603,36.897559],[28.2664161,36.8974293],[28.2659928,36.8976315],[28.2653896,36.8981406],[28.2645963,36.8984143],[28.2630915,36.8987658],[28.2619933,36.8988768]]},"properties":{"class":"unclassified"}},{"type":"Feature","geometry":{"type":"LineString","coordinates":[[28.2966171,36.8950003],[28.29673,36.8953567],[28.296718,36.8956468],[28.2965852,36.895981],[28.2962851,36.8962185],[28.2956162,36.8960073],[28.2945578,36.8958775],[28.2935771,36.8955822],[28.293189,36.8956368],[28.292815,36.8960412],[28.2921824,36.8964249],[28.2921259,36.8967935],[28.2916955,36.8970381],[28.2914674,36.8972732],[28.2900891,36.8977058],[28.2898045,36.8978882],[28.2896705,36.8981929],[28.2892589,36.8985559],[28.2886027,36.8994362],[28.2880311,36.8995622],[28.2871309,36.9001234],[28.2871456,36.90062],[28.2867781,36.9008933],[28.2866532,36.9013518],[28.2862232,36.9016368],[28.2860725,36.9016544],[28.2854809,36.9013312],[28.2851171,36.9013341],[28.2848231,36.9011754],[28.2842093,36.9010608],[28.2836838,36.9008434],[28.2830407,36.9009903],[28.2826806,36.9009433],[28.2824086,36.9010079],[28.2819493,36.9014928],[28.2816957,36.9016045],[28.2798251,36.9011196],[28.2796745,36.901246],[28.280222,36.9016897],[28.2804646,36.9022686],[28.2804095,36.902445],[28.2801522,36.9024361],[28.2797663,36.9022804],[28.2790755,36.9017955],[28.278561,36.9017896],[28.2773593,36.9014722],[28.2761723,36.90067],[28.2759371,36.9003056],[28.2757717,36.8996531],[28.2758636,36.899374],[28.2762605,36.8990272],[28.2762825,36.8988068],[28.2761796,36.8987451],[28.2758525,36.8987068],[28.2753601,36.8984218],[28.2741454,36.8981876],[28.2736048,36.8982419],[28.2730899,36.8986405],[28.272902,36.8986997]]},"properties":{"class":"unclassified"}},{"type":"Feature","geometry":{"type":"LineString","coordinates":[[28.2740191,36.8979177],[28.2741454,36.8981876]]},"properties":{"class":"unclassified"}},{"type":"Feature","geometry":{"type":"LineString","coordinates":[[28.2726492,36.8985872],[28.272902,36.8986997]]},"properties":{"class":"unclassified"}},{"type":"Feature","geometry":{"type":"LineString","coordinates":[[28.27281,36.8989143],[28.2725227,36.8988299],[28.2724618,36.8987248]]},"properties":{"class":"unclassified"}},{"type":"Feature","geometry":{"type":"LineString","coordinates":[[28.2724618,36.8987248],[28.2725098,36.8984945]]},"properties":{"class":"unclassified"}},{"type":"Feature","geometry":{"type":"LineString","coordinates":[[28.2806802,36.9152789],[28.2808181,36.9160748],[28.2810458,36.9186231],[28.2812247,36.9194162],[28.2808588,36.9208905]]},"properties":{"class":"tertiary"}},{"type":"Feature","geometry":{"type":"LineString","coordinates":[[28.2801914,36.9207513],[28.2805865,36.92082]]},"properties":{"class":"trunk"}},{"type":"Feature","geometry":{"type":"LineString","coordinates":[[28.280507,36.9211014],[28.2802693,36.9210966],[28.2801236,36.9209976]]},"properties":{"class":"trunk"}},{"type":"Feature","geometry":{"type":"LineString","coordinates":[[28.2808588,36.9208905],[28.2807218,36.9210405],[28.280507,36.9211014]]},"properties":{"class":"tertiary"}},{"type":"Feature","geometry":{"type":"LineString","coordinates":[[28.2805865,36.92082],[28.2806909,36.9209001],[28.2808588,36.9208905]]},"properties":{"class":"tertiary"}},{"type":"Feature","geometry":{"type":"LineString","coordinates":[[28.3162908,36.8321834],[28.3166385,36.8320788],[28.316794,36.8318083],[28.3172071,36.8306276],[28.3175075,36.8287598],[28.3174753,36.8275747],[28.317368,36.8269606],[28.3172715,36.8265183],[28.3169013,36.8258013],[28.3168879,36.8256338],[28.317275,36.8253283],[28.318406,36.8251421],[28.3190498,36.8249403],[28.3192536,36.8247879],[28.3193314,36.824571],[28.3187306,36.8244272],[28.3182049,36.8240536],[28.3181486,36.8238517],[28.3178401,36.8234545],[28.3175692,36.8228534],[28.3175558,36.8226601],[28.3172902,36.8222436],[28.3170462,36.821432],[28.3171508,36.8210348],[28.3176497,36.820425],[28.3176014,36.8202682],[28.3163649,36.8200299],[28.315461,36.8200041],[28.3149004,36.819856],[28.3144471,36.8194373],[28.3141259,36.8192623],[28.3139162,36.8188361],[28.3138785,36.8185011],[28.3140314,36.8180824],[28.3139697,36.8179364],[28.3141172,36.8175542],[28.3141138,36.8171723],[28.3139726,36.817182],[28.3139242,36.8173725],[28.3136701,36.8175243],[28.3132803,36.8180459],[28.3131275,36.8179836],[28.3132267,36.8177088],[28.3132104,36.8173273],[28.31287,36.8172085],[28.312548,36.8173003]]},"properties":{"class":"tertiary"}},{"type":"Feature","geometry":{"type":"LineString","coordinates":[[28.4002732,36.8374359],[28.4016725,36.8384804],[28.4019864,36.8386178],[28.4033006,36.8389205],[28.4041294,36.8390063],[28.4046659,36.8388947],[28.4055376,36.8389033],[28.4066293,36.8394378],[28.4074929,36.8396611],[28.4079918,36.8396804],[28.408649,36.8394464],[28.4087697,36.8392596],[28.4088555,36.838796],[28.4091693,36.8385813],[28.4117469,36.8381391],[28.4122726,36.8382507],[28.4129593,36.8386843],[28.4133133,36.8388088],[28.4138766,36.8388883],[28.4141019,36.8388389],[28.4144291,36.8384911],[28.4142253,36.8364904],[28.4143057,36.8362586],[28.4167331,36.8345799],[28.4169665,36.8345906],[28.4176344,36.8354686],[28.4179053,36.8357047],[28.4182057,36.8357005],[28.4186831,36.8355201],[28.4192786,36.835123],[28.4194502,36.8351874],[28.4199867,36.8357799],[28.4202763,36.8359795],[28.4204292,36.8359774],[28.4213707,36.8350715],[28.4222907,36.8354343],[28.4227896,36.8358915],[28.4230766,36.8359173],[28.4236586,36.8357863],[28.4243855,36.8360031],[28.4245384,36.8359366],[28.4248361,36.8350113],[28.424423,36.8346013],[28.4241629,36.8344875],[28.4233823,36.8338607],[28.4232992,36.833631],[28.4234709,36.8332102],[28.4229639,36.8326155],[28.4220761,36.831847],[28.4220386,36.8317053],[28.4222022,36.8314326],[28.4223416,36.8307371],[28.4221566,36.8297001],[28.4219071,36.8295799],[28.4209415,36.8294532],[28.4199089,36.8290174],[28.4198338,36.8289036],[28.4201637,36.8285494],[28.4201449,36.8283755],[28.4198043,36.8282531],[28.4192035,36.8282724],[28.4188494,36.8277679],[28.4182969,36.8274952],[28.4176075,36.8269649],[28.4176505,36.8266429],[28.4181762,36.8258635],[28.4177792,36.8252044],[28.4172937,36.8250476],[28.41654,36.8249424],[28.4154081,36.8242962],[28.4154215,36.8241394],[28.4166124,36.8233407],[28.4166741,36.8231475],[28.4150836,36.822308],[28.4150782,36.8221298],[28.4154886,36.8216617],[28.4154135,36.8214169],[28.4150165,36.8209489],[28.414126,36.8205388],[28.4140509,36.8203734],[28.4141609,36.8201888],[28.4146062,36.8200084],[28.416076,36.819156],[28.4160894,36.8190293],[28.4151104,36.8187094],[28.4140697,36.8189842],[28.4133884,36.818821],[28.4127501,36.818894],[28.410843,36.8187222],[28.4107411,36.8185526],[28.4110361,36.8180351],[28.4111086,36.8176615],[28.4113795,36.8173545],[28.4118515,36.8163753],[28.4111541,36.8158385],[28.41113,36.8155314],[28.4108752,36.8150891],[28.4108913,36.8145802],[28.4107813,36.8145158],[28.4101215,36.8144835],[28.4097701,36.8143547],[28.4094483,36.814447],[28.408944,36.8148185],[28.4086812,36.8148464],[28.4082064,36.8147477],[28.4080535,36.814651],[28.4077316,36.8140176],[28.4071282,36.8139209],[28.4069377,36.8137234],[28.4063235,36.8135709],[28.4060526,36.8133025],[28.406007,36.8126132],[28.4061626,36.8120527],[28.4061089,36.8117886],[28.4058273,36.8114579],[28.4056288,36.8110392],[28.4048671,36.8104443],[28.4047249,36.8102468],[28.4047785,36.8100556],[28.4045184,36.8095123],[28.4045586,36.809216],[28.4044138,36.8089884],[28.4041241,36.8087178],[28.4037968,36.8085739],[28.4036279,36.8082389],[28.4031826,36.8078996],[28.4031612,36.8075452],[28.4027079,36.8069847],[28.4027079,36.8066025],[28.403011,36.8064414],[28.4033784,36.8063684],[28.4035125,36.8061966],[28.4035045,36.8056962],[28.4036627,36.8052581],[28.4035394,36.8050455],[28.4033301,36.804908],[28.4030941,36.8048909],[28.4021205,36.805009],[28.4014392,36.8048243],[28.4001222,36.8042036],[28.3997601,36.8037161],[28.398647,36.8032157],[28.3975688,36.8021612],[28.39755,36.8020753],[28.3976224,36.802041],[28.398014,36.8021333],[28.3980569,36.801955],[28.3975983,36.801343],[28.39744,36.8013279],[28.3966917,36.8015599],[28.3958253,36.8024383],[28.3956161,36.8025457],[28.3949777,36.8025478],[28.3941302,36.8023717],[28.3941007,36.8022965],[28.3952647,36.8020452],[28.3952996,36.8018541],[28.3950689,36.8017446]]},"properties":{"class":"unclassified"}},{"type":"Feature","geometry":{"type":"LineString","coordinates":[[28.3789664,36.8576971],[28.3804158,36.8584216],[28.3807715,36.8584051],[28.3809773,36.8582946],[28.3826473,36.857135],[28.3840714,36.8565239],[28.3846858,36.8561288],[28.3857501,36.8551787],[28.3859155,36.8548846],[28.3859449,36.8541995],[28.3860404,36.8538613],[28.3862426,36.8536555],[28.3864814,36.8535555],[28.3876207,36.853582],[28.3896264,36.8531197],[28.3914274,36.853264],[28.3917863,36.8533788],[28.3934461,36.8543408],[28.3936614,36.8545419],[28.3937422,36.8551305],[28.3947201,36.8564299],[28.3948906,36.856875],[28.3952405,36.8584543],[28.3951956,36.8587558],[28.3949265,36.8594235],[28.3949803,36.8596604],[28.3956981,36.8602562],[28.3958237,36.8605002],[28.3957519,36.8607443],[28.3954379,36.8610386],[28.3952943,36.8613688],[28.3952405,36.8618139],[28.3952943,36.8624958],[28.395402,36.862783],[28.3956622,36.8629337],[28.3959762,36.8629768],[28.3980846,36.8629624],[28.3984794,36.8629768],[28.3987486,36.8630773],[28.3997803,36.864032],[28.4003725,36.8651015],[28.4022118,36.8668888],[28.4044817,36.8695877],[28.404715,36.8700614],[28.4049662,36.8710878],[28.4051007,36.8713031],[28.40598,36.8716692],[28.4083038,36.8723295],[28.410015,36.8741228],[28.4104239,36.8746777],[28.4116458,36.8756184],[28.4125002,36.876019],[28.4140804,36.8770258],[28.4152794,36.8770405],[28.4158398,36.8771728],[28.4163359,36.8779004],[28.4171352,36.8782531],[28.4173282,36.8784368],[28.4176865,36.8790872],[28.4181504,36.8792158],[28.4183663,36.8790983],[28.4179437,36.8783817],[28.417466,36.8765775],[28.4166621,36.8751407],[28.4166483,36.8747769],[28.4167264,36.8747328],[28.4168826,36.8747549],[28.4193448,36.8763717],[28.4204013,36.8768311],[28.4212787,36.8774962],[28.4217243,36.8780767],[28.4218851,36.8781759],[28.4228727,36.8781649],[28.4246459,36.8789219],[28.4248342,36.8792085],[28.4245448,36.8796053],[28.424554,36.8799471],[28.4255646,36.8809685],[28.4258127,36.8811118],[28.4260791,36.8811743],[28.4264191,36.8811376],[28.4269657,36.8805423],[28.427765,36.8802263],[28.4287894,36.8802851],[28.4309806,36.8798699],[28.4322944,36.8801271],[28.4332498,36.8800058],[28.4342605,36.8801271],[28.4345544,36.8801896],[28.4352297,36.8805644],[28.4354502,36.8805901],[28.436199,36.8803365],[28.4364057,36.8803329],[28.4371453,36.8808142],[28.4379492,36.8807554],[28.4380686,36.8808436],[28.4379721,36.8810163],[28.4352757,36.8814756],[28.4351195,36.8815307],[28.4351562,36.8817144],[28.4357947,36.8817291],[28.4367824,36.8819165],[28.4388028,36.8819043],[28.4394506,36.8819904],[28.4401345,36.881838],[28.4414707,36.881298],[28.4419295,36.881298],[28.4421124,36.8814845]]},"properties":{"class":"tertiary"}},{"type":"Feature","geometry":{"type":"LineString","coordinates":[[28.3793583,36.8565592],[28.379129,36.8566933],[28.3784381,36.8576107],[28.3777473,36.8577056],[28.3750748,36.8588253],[28.374578,36.8589524],[28.374575,36.8595004],[28.374481,36.8597498],[28.374234,36.8597474],[28.3735755,36.8593334],[28.3733667,36.8592864],[28.3723701,36.8599262],[28.3723142,36.8601591],[28.3728228,36.8617539],[28.3730727,36.8636333],[28.3731168,36.8656914],[28.3729404,36.8661994],[28.3728934,36.8677988],[28.3724906,36.8685068],[28.3723083,36.8686385],[28.371394,36.8691442],[28.3705473,36.8692829],[28.3704532,36.8694923],[28.3715616,36.8706471],[28.371591,36.8707788],[28.3713705,36.8713574],[28.3713734,36.8719101],[28.3714734,36.8721452],[28.3745045,36.8768912],[28.3749778,36.8778954],[28.3761097,36.8795533],[28.3764596,36.8802259],[28.3766066,36.8812418],[28.3773415,36.8820372],[28.37815,36.8832953],[28.378275,36.8835981],[28.3782618,36.8841323],[28.3783731,36.8845461],[28.3786849,36.8849168],[28.3788064,36.8853898],[28.3793897,36.8859859],[28.379574,36.8868365],[28.3797435,36.8870939],[28.3801944,36.8874514],[28.3804729,36.8877953],[28.38065,36.8881911],[28.3814841,36.88938],[28.3815747,36.8901348],[28.3815182,36.8904598],[28.3817729,36.8910989],[28.3818946,36.8917286],[28.3817334,36.8925471],[28.3817306,36.8941771]]},"properties":{"class":"tertiary"}},{"type":"Feature","geometry":{"type":"LineString","coordinates":[[28.3676016,36.8380146],[28.3706161,36.8376825],[28.3717052,36.8377345],[28.3734596,36.8383643],[28.3744984,36.8382787],[28.3745855,36.8386209],[28.3754245,36.8387217],[28.3760109,36.8389049],[28.3794813,36.8402751],[28.3796637,36.8406529],[28.3795671,36.8410564],[28.3793204,36.8412711],[28.3776896,36.8416661],[28.3774321,36.841812],[28.3767347,36.8425161],[28.3764558,36.8430313],[28.376327,36.8435035],[28.3763699,36.8438727],[28.3766596,36.8448086],[28.3768849,36.8452293],[28.3783762,36.846852],[28.378741,36.8473499],[28.3799427,36.8481827],[28.3801465,36.8485519],[28.3815734,36.8490756],[28.3818202,36.8496337],[28.3819597,36.8503033],[28.3819504,36.8506586]]},"properties":{"class":"tertiary"}},{"type":"Feature","geometry":{"type":"LineString","coordinates":[[28.3819504,36.8506586],[28.3813625,36.8512867],[28.3811037,36.8517196],[28.3810126,36.8520207],[28.3809656,36.8537662],[28.38026,36.8555753],[28.379963,36.8560387],[28.3792251,36.8567444],[28.3788606,36.8574031],[28.3788782,36.8576077]]},"properties":{"class":"tertiary","name":"Way to Marmaris"}},{"type":"Feature","geometry":{"type":"LineString","coordinates":[[28.3788782,36.8576077],[28.3789664,36.8576971]]},"properties":{"class":"tertiary"}},{"type":"Feature","geometry":{"type":"LineString","coordinates":[[28.3288072,36.8877483],[28.3296099,36.8879277],[28.3312228,36.8885065],[28.3315439,36.8884677],[28.3319108,36.8881783],[28.3320102,36.8879562],[28.3318344,36.887569],[28.3315006,36.8872633],[28.331605,36.8866947],[28.3315668,36.8865377],[28.3308941,36.8861261],[28.3303896,36.8861892],[28.3295767,36.8860731],[28.3287155,36.8856084],[28.3273828,36.8850581],[28.3268324,36.8847116],[28.3265776,36.8847341],[28.3257087,36.8850968],[28.3255406,36.885266],[28.3253851,36.8856573],[28.3254004,36.8865153],[28.3256934,36.8871206],[28.3254972,36.8872653],[28.3246334,36.88741],[28.3236193,36.8873978],[28.3231734,36.8874997],[28.3228752,36.8877341],[28.3226204,36.8882415],[28.3230944,36.8892646],[28.3232294,36.8897089],[28.3231708,36.8898393],[28.3224803,36.8905261],[28.322437,36.8908603],[28.3218305,36.891598],[28.3213438,36.8916021],[28.3204189,36.8926292],[28.3204495,36.8929471],[28.3203119,36.8930388],[28.3201666,36.8926781],[28.3203475,36.8921401],[28.3203424,36.8918059],[28.3200978,36.8911986],[28.3202583,36.8907319],[28.3209463,36.8903508],[28.3210202,36.8900064],[28.3209795,36.8896844],[28.320875,36.8895968],[28.3205463,36.8897191],[28.3197054,36.8894093],[28.3191015,36.8889609],[28.3188212,36.8885391],[28.3181383,36.8879175],[28.3179217,36.8879236],[28.3176593,36.8877606],[28.3174478,36.8869392],[28.316984,36.8866396],[28.3168261,36.8858367],[28.3166146,36.8854759],[28.3162374,36.8852803],[28.3158043,36.8853862],[28.3155673,36.8852905],[28.315394,36.8850133],[28.3153354,36.8846831],[28.3154424,36.8843713]]},"properties":{"class":"unclassified"}},{"type":"Feature","geometry":{"type":"LineString","coordinates":[[28.3817306,36.8941771],[28.3816625,36.8941944],[28.3812141,36.8936815],[28.380792,36.8930079],[28.3804234,36.8927553],[28.3804119,36.8917552],[28.3799678,36.8923694],[28.3798949,36.8923075],[28.379956,36.8916839],[28.3797638,36.8914752],[28.3795748,36.8914261],[28.3796833,36.8917039],[28.3796561,36.8918656],[28.3794696,36.8920648],[28.3793004,36.8924286],[28.3792669,36.89287],[28.3791644,36.8929058],[28.3790799,36.8928045],[28.3789869,36.8923319],[28.3789691,36.891835],[28.378527,36.8914679],[28.3781629,36.8913623],[28.3780898,36.8914592],[28.3783061,36.8918166],[28.3783062,36.8920566],[28.3781199,36.8924928],[28.3780733,36.8928529],[28.3775411,36.8938988],[28.377336,36.8942155],[28.3770281,36.8944742],[28.3767504,36.8945022],[28.375549,36.8942842],[28.3748421,36.8940155],[28.372733,36.8938464],[28.3716456,36.8941922],[28.3711561,36.8940413],[28.3701113,36.8939655],[28.3697842,36.8942064],[28.3688168,36.8945287],[28.3671197,36.89457],[28.3669472,36.8947599],[28.3671407,36.8952704],[28.3668947,36.8955247],[28.3664826,36.8956735],[28.3659421,36.8960995],[28.364912,36.8964731],[28.3643657,36.8967612],[28.3638051,36.8973082],[28.3629951,36.8975076],[28.3627352,36.8975001]]},"properties":{"class":"tertiary"}},{"type":"Feature","geometry":{"type":"LineString","coordinates":[[28.3518592,36.9015344],[28.3511656,36.9014389],[28.3497278,36.9009907],[28.3492454,36.9007189],[28.3477341,36.9003956],[28.3475274,36.9004213],[28.3467511,36.9008585],[28.3464341,36.9008989],[28.3456348,36.9008181],[28.3450284,36.900436],[28.3449274,36.9002266],[28.3449044,36.899874],[28.3447528,36.8997748],[28.3433701,36.8995911],[28.3432874,36.8996572],[28.3433012,36.8997601],[28.3438387,36.9001238],[28.3439673,36.9006785],[28.3438387,36.9008658],[28.343462,36.900976],[28.3432782,36.9013507],[28.3437009,36.9018209],[28.3440362,36.9020376],[28.3440178,36.9021258],[28.3435033,36.9024931],[28.3429797,36.9026584],[28.3422447,36.9027172],[28.3419599,36.9028862],[28.3419461,36.902989],[28.3420426,36.9030846],[28.342874,36.9036392],[28.3426076,36.904418],[28.3424927,36.9045245],[28.3419461,36.9045943],[28.3414086,36.9044841],[28.3409171,36.9046126],[28.3407334,36.9044694],[28.3403383,36.9045318],[28.3398973,36.904418],[28.3374029,36.9056265],[28.3370676,36.9056852],[28.336622,36.9060048],[28.3358089,36.906121]]},"properties":{"class":"tertiary"}},{"type":"Feature","geometry":{"type":"LineString","coordinates":[[28.3358089,36.906121],[28.334904,36.9060586],[28.3341277,36.9062386],[28.333264,36.9062937],[28.3325888,36.9062202],[28.3308432,36.9056986],[28.3298647,36.9056656],[28.3277792,36.9058529],[28.3261438,36.905526],[28.3248944,36.9056949],[28.3233096,36.9050889],[28.3222392,36.9050191],[28.3216329,36.9047179],[28.3210541,36.9047215],[28.3205533,36.9045673],[28.3201491,36.9045599],[28.3195703,36.904075],[28.3193682,36.9040163],[28.3190282,36.9040199],[28.3188904,36.904222],[28.3186424,36.9042293],[28.3185229,36.9041118],[28.3185092,36.9039795],[28.3185964,36.9036563],[28.3192166,36.9034175],[28.3196025,36.9033918],[28.320218,36.9035938],[28.3206039,36.9036269],[28.3213986,36.9036122],[28.3215088,36.9035865],[28.3215131,36.9035057],[28.3212332,36.9030134],[28.3209117,36.9027453],[28.3198459,36.9025653],[28.318353,36.901849],[28.3183622,36.9014559],[28.3177604,36.9009857],[28.3166809,36.900398],[28.3166212,36.9001335],[28.3163731,36.8997514],[28.3158862,36.8995274],[28.315459,36.8991747],[28.3153931,36.8987742]]},"properties":{"class":"tertiary"}},{"type":"Feature","geometry":{"type":"LineString","coordinates":[[28.3627352,36.8975001],[28.3620375,36.8974776],[28.3611813,36.8978121],[28.3606452,36.8977218],[28.360028,36.8979938],[28.3594504,36.8978651],[28.3575704,36.8977639],[28.3570178,36.8981916],[28.3561217,36.8985187],[28.3558007,36.8988882],[28.3551286,36.8989288],[28.3548487,36.8990196],[28.3546227,36.8991764],[28.3541673,36.8997796],[28.3534806,36.9001749],[28.3533586,36.9005893],[28.352879,36.9009173],[28.3526815,36.9012221],[28.3518592,36.9015344]]},"properties":{"class":"tertiary"}},{"type":"Feature","geometry":{"type":"LineString","coordinates":[[28.4763575,36.8734607],[28.47547,36.8755419],[28.4752785,36.8763817],[28.4735372,36.8771317],[28.4709301,36.8773892],[28.4707263,36.8773549],[28.4696319,36.8767026],[28.4689989,36.8766683],[28.4669819,36.8772004],[28.4656194,36.8770116],[28.4654048,36.8770459],[28.4639778,36.8777325],[28.4633663,36.8784534],[28.4630584,36.8789649],[28.4629908,36.8793374],[28.462508,36.8804959],[28.4626367,36.8810795],[28.4624543,36.8820235],[28.4624683,36.8823032],[28.4630476,36.8834017],[28.4630659,36.883757],[28.4636914,36.8838908],[28.4638062,36.8843233],[28.4638169,36.8846323],[28.4635304,36.8851523],[28.4630122,36.8867948],[28.4624114,36.8874212],[28.4595039,36.8879189],[28.458592,36.8878159],[28.4574654,36.8873869]]},"properties":{"class":"tertiary","name":"Büyükkaraağaç Yolu"}},{"type":"Feature","geometry":{"type":"LineString","coordinates":[[28.5415639,36.8581626],[28.5423729,36.8585665],[28.5425161,36.8587515],[28.542484,36.8589489],[28.5422656,36.8590901],[28.5411391,36.8592532],[28.5409674,36.8593563],[28.5408317,36.8595842],[28.540667,36.8596567],[28.5403167,36.8597129],[28.5395941,36.8595365],[28.5394225,36.8596309],[28.5390899,36.8600258],[28.5388538,36.8600602],[28.5383281,36.8598026],[28.5380921,36.8597769],[28.5379135,36.8598074],[28.5374698,36.8600773],[28.5370085,36.8598713],[28.5359034,36.8603091],[28.5357248,36.8604683],[28.5346911,36.8603005],[28.5345768,36.8604512],[28.5349201,36.8606744],[28.5350451,36.8609272],[28.5351846,36.8617426],[28.5354995,36.8619877],[28.5355209,36.862374],[28.5358283,36.8626525],[28.5358857,36.8629405],[28.5361432,36.8631809],[28.5364077,36.8632877],[28.5370407,36.8629959],[28.537781,36.8629873],[28.5381028,36.8628242],[28.5384032,36.8628242],[28.540034,36.8624465],[28.5406456,36.8620946],[28.5408532,36.8621766],[28.540939,36.8624512],[28.5415291,36.8629577],[28.5412501,36.8633869],[28.5413038,36.8637732],[28.5410677,36.8642796],[28.5410892,36.8646659],[28.5412394,36.8648461],[28.5417721,36.8651075],[28.5425338,36.8652362],[28.5429308,36.8650817],[28.543117,36.8653182],[28.5429952,36.8655624],[28.5430166,36.8658285],[28.5412072,36.86658],[28.5405061,36.8665319],[28.5397229,36.8663607],[28.5384676,36.8664036],[28.5381672,36.8665148],[28.538128,36.8671122],[28.5375664,36.8673473],[28.5375058,36.8674898],[28.537538,36.8677473],[28.5374055,36.8678709],[28.5371802,36.8678108],[28.5361716,36.8678366],[28.5355601,36.867519],[28.5352382,36.8674418],[28.5343692,36.8673388],[28.5341117,36.8673903],[28.5332749,36.8672529],[28.5327314,36.8675842],[28.5324273,36.8675362],[28.5318908,36.8677508],[28.5317835,36.8681799],[28.5316655,36.8682743],[28.5309252,36.8680512],[28.5301849,36.8676563],[28.5295519,36.8677078],[28.5290477,36.8679739],[28.5280606,36.8677593],[28.5277854,36.8680563],[28.5276674,36.8684683],[28.5274706,36.8685576],[28.5272238,36.8681885],[28.5270736,36.867519],[28.5267839,36.8672358],[28.5252711,36.8670383],[28.5247669,36.8671413],[28.5244772,36.867107],[28.523805,36.8667345],[28.5226431,36.8666435],[28.5217419,36.8666778],[28.5213771,36.8669096],[28.5208085,36.8669182],[28.5204008,36.8671242],[28.5200038,36.8671156],[28.5195961,36.866901],[28.5193601,36.8668924],[28.518652,36.867004],[28.5181048,36.8674074],[28.5177937,36.8674589],[28.5173463,36.8677044],[28.5170963,36.8678967],[28.5165277,36.8685919],[28.5153046,36.8690125],[28.514736,36.8689867],[28.5143068,36.8686863],[28.5133412,36.8685404],[28.511925,36.8686434],[28.5107126,36.8684975],[28.5088029,36.868652],[28.5075047,36.8683945],[28.5065928,36.8683602],[28.5045972,36.8684975],[28.5030308,36.8687293],[28.5021403,36.868755],[28.5009709,36.8689953],[28.4975913,36.8705317],[28.4967115,36.8708407],[28.4946516,36.8708922],[28.493407,36.8711068],[28.484942,36.8720509],[28.4767652,36.873319],[28.4763575,36.8734607]]},"properties":{"class":"tertiary","name":"Büyükkaraağaç Yolu"}},{"type":"Feature","geometry":{"type":"LineString","coordinates":[[28.4694469,36.8657777],[28.4697169,36.8662341],[28.4698737,36.8668996],[28.4700349,36.867039],[28.4705923,36.8671853],[28.4707709,36.8673073],[28.47152,36.8687323],[28.4726305,36.8694779],[28.4737629,36.8700215],[28.4740373,36.8702619],[28.4742855,36.8708437],[28.4742594,36.8710423],[28.4735057,36.8715766],[28.4735413,36.8718902],[28.4740313,36.8725958],[28.4744857,36.8728595],[28.4763575,36.8734607]]},"properties":{"class":"unclassified"}},{"type":"Feature","geometry":{"type":"LineString","coordinates":[[28.4564054,36.8858972],[28.4563333,36.8857112],[28.4556737,36.8850442],[28.4550729,36.8847267],[28.4542253,36.8839972],[28.4535172,36.8836626],[28.4521364,36.8833674],[28.4512137,36.8834017],[28.4501376,36.8839801],[28.4494201,36.8840257],[28.4483208,36.8842767],[28.4468814,36.8843491],[28.4455393,36.8842332],[28.4436017,36.8829559],[28.4426275,36.8824783],[28.4422841,36.8821179],[28.4421124,36.8814845]]},"properties":{"class":"tertiary","name":"Way to Büyükkaraaĝaç"}},{"type":"Feature","geometry":{"type":"LineString","coordinates":[[28.456929,36.8871552],[28.4562853,36.886872],[28.456164,36.8866652],[28.4561694,36.8863879],[28.4564054,36.8858972]]},"properties":{"class":"tertiary","name":"Way to Büyükkaraaĝaç"}},{"type":"Feature","geometry":{"type":"LineString","coordinates":[[28.4574654,36.8873869],[28.456929,36.8871552]]},"properties":{"class":"tertiary","name":"Way to Büyükkaraaĝaç"}},{"type":"Feature","geometry":{"type":"LineString","coordinates":[[28.5117035,36.9106215],[28.5115964,36.9104475],[28.5114324,36.9103589],[28.5102113,36.9101477],[28.5098819,36.9099539],[28.5097683,36.9096814],[28.5097832,36.9087377],[28.5099705,36.9082385],[28.5091579,36.9081309],[28.5086904,36.907495],[28.5085633,36.9071638],[28.5084761,36.9064283],[28.5083723,36.9061865],[28.5080467,36.905919],[28.5079218,36.9053212],[28.5068825,36.9045377]]},"properties":{"class":"unclassified"}},{"type":"Feature","geometry":{"type":"LineString","coordinates":[[28.5263957,36.9080063],[28.5257708,36.9078697],[28.5253806,36.907613],[28.524947,36.9075615],[28.5244743,36.9072585],[28.5233875,36.9069383],[28.5220656,36.9062973],[28.5217226,36.906206],[28.5215698,36.9059001],[28.5215864,36.9055964],[28.521333,36.9050711],[28.5216146,36.9046566],[28.5215442,36.9046076],[28.5206701,36.9048656],[28.5207898,36.9061436],[28.5205282,36.9071748],[28.5209546,36.9073096],[28.5211344,36.9074872],[28.5215012,36.9080165],[28.5214948,36.9084252],[28.5218959,36.9085736],[28.5220655,36.9087467],[28.5220955,36.9093434],[28.5225358,36.909497],[28.5226987,36.9098824],[28.5229572,36.9099949],[28.5231511,36.9102102],[28.5233412,36.9107655],[28.5236482,36.9111671],[28.5235737,36.9114073],[28.523324,36.9113616],[28.523016,36.9110586],[28.5224507,36.9107102],[28.5193626,36.9093628],[28.5191596,36.9094315],[28.5189135,36.9096459],[28.5186694,36.9099641],[28.5184991,36.9104389],[28.5182608,36.910607],[28.5170257,36.9111627],[28.5164731,36.9112933],[28.5161944,36.9115293],[28.5150349,36.9120218],[28.5144728,36.9124712],[28.5141066,36.9124912],[28.5136953,36.9126894],[28.5130072,36.9127502],[28.5123841,36.9123065],[28.5123742,36.9121944],[28.5126285,36.9121143],[28.5126654,36.9120179],[28.5121303,36.9116665],[28.5117035,36.9106215]]},"properties":{"class":"unclassified"}},{"type":"Feature","geometry":{"type":"LineString","coordinates":[[28.5117035,36.9106215],[28.5118682,36.9104837],[28.5122531,36.9103513],[28.5123178,36.9102091],[28.5116616,36.9099978],[28.5111031,36.9094742],[28.5116853,36.9094837],[28.5118511,36.909338],[28.5122253,36.9092258],[28.5129174,36.908722],[28.5137446,36.9083965],[28.5146239,36.9082024],[28.515047,36.9079693],[28.5149754,36.9077816],[28.514808,36.9076742],[28.5136744,36.9074828],[28.5132108,36.9065048],[28.5135228,36.90656]]},"properties":{"class":"unclassified"}},{"type":"Feature","geometry":{"type":"LineString","coordinates":[[27.8860652,37.1463678],[27.8857023,37.1457784],[27.885158,37.1452187],[27.8836911,37.1439666],[27.8828698,37.1428872],[27.8827117,37.1422167],[27.8829505,37.1406682],[27.8830811,37.1401607],[27.8832606,37.1398419],[27.884436,37.1387228],[27.8873661,37.1362112],[27.8878803,37.1354239],[27.8879864,37.1350661],[27.8880517,37.1329318],[27.8880599,37.1268995],[27.8883374,37.1261837],[27.8886067,37.1258063],[27.8890067,37.1254353],[27.8956504,37.12022],[27.8969257,37.1193333],[27.9013434,37.1177388],[27.9039129,37.1167484],[27.9042838,37.1165318],[27.9045293,37.1162985],[27.9047998,37.1157079],[27.9048532,37.1153655],[27.9047539,37.1141283],[27.9047957,37.1137618],[27.9048787,37.1134493],[27.9053364,37.1127108],[27.9054637,37.1123654],[27.9053701,37.1117752],[27.9046901,37.1102821],[27.9046268,37.1099764],[27.9046747,37.1097091],[27.9053285,37.1084547],[27.9058089,37.1077333],[27.9059699,37.1069883],[27.9062166,37.1066633],[27.9068904,37.1060551],[27.9093716,37.1055677],[27.9097269,37.1052761],[27.9099828,37.1047386],[27.9103369,37.1044687],[27.9126527,37.1042683],[27.9129185,37.1040096],[27.913189,37.103284],[27.9139059,37.1026458],[27.9143746,37.1016842],[27.9152741,37.1006683],[27.915311,37.1004933],[27.9152378,37.1003475],[27.9148716,37.1002426],[27.9139737,37.100735],[27.9133623,37.1006771],[27.913084,37.1005304],[27.9128454,37.1001017],[27.9130178,37.0990768],[27.9133638,37.0980882],[27.9145999,37.0964897],[27.9146576,37.0963107],[27.9144498,37.0958913],[27.9135835,37.0951746],[27.9131703,37.0943558],[27.913065,37.0939061],[27.9131053,37.0934135],[27.9132102,37.0930956],[27.9138014,37.0922523],[27.913971,37.0919155],[27.9139782,37.0917101],[27.9138661,37.0913354],[27.913058,37.0899625],[27.9129891,37.0896706],[27.913249,37.0880189],[27.9131259,37.0876984],[27.9128621,37.0873576],[27.9115215,37.0862904],[27.9112498,37.0857841],[27.9112429,37.0854234],[27.9118457,37.0823066],[27.9118433,37.0820056],[27.9116534,37.0814183],[27.910482,37.0794147],[27.9102658,37.0781852],[27.910258,37.0762986],[27.9107229,37.0732749],[27.9110181,37.0722169],[27.9116643,37.070994],[27.9122062,37.0694785],[27.9126483,37.0686322],[27.912693,37.0683625],[27.9126105,37.0680177],[27.9122309,37.0674975],[27.9096824,37.0658713],[27.908943,37.0653191],[27.9085997,37.0648547],[27.9085418,37.0646307],[27.9085314,37.0644148],[27.9087109,37.063745],[27.9086352,37.0635658],[27.9084495,37.0634089],[27.9081798,37.0633232],[27.9074015,37.0632015],[27.907247,37.0631116],[27.9070875,37.0627298],[27.9071367,37.0622395],[27.9074955,37.0607712],[27.9074754,37.0605669],[27.9070633,37.0599142],[27.906999,37.0595205],[27.907252,37.0589855],[27.9088283,37.0569394],[27.9094172,37.055959],[27.9096996,37.0550792],[27.9097081,37.0546843],[27.9089728,37.0535319],[27.9088933,37.0532863],[27.9089645,37.0524788],[27.9092175,37.0515662],[27.9092415,37.0503998],[27.9095514,37.0500003],[27.9108766,37.049106],[27.9113872,37.0485785],[27.9113376,37.0482432],[27.9109831,37.0478753],[27.909406,37.0471982],[27.9090194,37.0468949]]},"properties":{"class":"secondary","name":"Milas - Ören Yolu","ref":"48-76"}},{"type":"Feature","geometry":{"type":"LineString","coordinates":[[27.7373511,37.0330176],[27.738438,37.031179],[27.739631,37.028719],[27.739698,37.028362],[27.739637,37.028111],[27.739347,37.027757],[27.738448,37.027294],[27.738231,37.027095],[27.738027,37.026655],[27.737751,37.025673],[27.736496,37.024089],[27.736217,37.022581],[27.735826,37.022303],[27.733946,37.021489],[27.733214,37.020719],[27.732815,37.019907],[27.732382,37.019567],[27.728317,37.017534],[27.727625,37.01702],[27.726504,37.01663],[27.726214,37.016288],[27.726281,37.015984]]},"properties":{"class":"tertiary"}},{"type":"Feature","geometry":{"type":"LineString","coordinates":[[27.6895037,37.0493294],[27.6883094,37.0476754],[27.6882095,37.0473499],[27.6882095,37.0469778],[27.6886757,37.0460608],[27.6885342,37.0450309],[27.6887007,37.0442335],[27.6891419,37.0436621],[27.689708,37.0427052],[27.6905072,37.0411702],[27.6904489,37.0408778],[27.6900743,37.0402864],[27.6903324,37.0395887],[27.6906404,37.0392165],[27.6906487,37.0386716],[27.6905405,37.0383593],[27.6898912,37.0377346],[27.6898246,37.0374156],[27.6901492,37.0369638],[27.6897312,37.0364163],[27.6896768,37.0361799],[27.6897273,37.0360111],[27.6901659,37.0354619],[27.6899078,37.0347707],[27.6899411,37.0345514],[27.6900493,37.034279],[27.6905072,37.0336343],[27.6904906,37.033116],[27.690374,37.0327637],[27.6905379,37.0314419],[27.6906904,37.0309428],[27.6909734,37.0306836],[27.6909068,37.0302449],[27.6906238,37.0299459],[27.6904489,37.0293544],[27.6904989,37.0291018],[27.6906321,37.0289822],[27.6915268,37.0287062],[27.692114,37.028384],[27.6923138,37.0281514],[27.6923611,37.0278997],[27.6923002,37.0276493],[27.6924267,37.027264],[27.6923285,37.0270332],[27.6923801,37.0266004],[27.692269,37.0257026],[27.6925678,37.0250389],[27.6927914,37.0248329],[27.693025,37.0248091],[27.6940423,37.0251647],[27.6942494,37.0251672],[27.6943534,37.0250719],[27.6943327,37.0249443],[27.6940122,37.0246484],[27.6937494,37.0241089],[27.6935708,37.0234391],[27.6942035,37.0227346],[27.6943534,37.0224355],[27.6948196,37.022143],[27.6952858,37.0220566],[27.6960683,37.0222161],[27.6966428,37.0221962],[27.6966761,37.0220433],[27.6960517,37.0215249],[27.6959518,37.0212523],[27.6960017,37.0210596],[27.6967926,37.0204481],[27.6978832,37.0200559],[27.6980414,37.0197501],[27.6983078,37.0194843],[27.6986824,37.0193181]]},"properties":{"class":"tertiary"}},{"type":"Feature","geometry":{"type":"LineString","coordinates":[[27.7404924,37.012162],[27.739669,37.0125625],[27.7395016,37.0130722],[27.7396304,37.0135421],[27.739482,37.0141094],[27.739341,37.014151],[27.7387417,37.0137329],[27.7381042,37.0128201],[27.7376809,37.0118604],[27.7372765,37.0112538],[27.7372282,37.010936],[27.7371295,37.0108383],[27.7369578,37.0107501],[27.7363323,37.0107792],[27.735916,37.0104948],[27.7345409,37.0105021],[27.734738,37.0097906],[27.7350695,37.0093305],[27.7350199,37.0090795],[27.7345537,37.0088743],[27.734002,37.0087531],[27.7339537,37.0086254],[27.7340149,37.0083118],[27.7339419,37.008185],[27.7332126,37.0075686],[27.7324158,37.0072062],[27.7322071,37.0069504],[27.7323736,37.0060652],[27.7312817,37.0052827],[27.7309676,37.0046922],[27.7317118,37.0039192],[27.7316533,37.0037673],[27.7308116,37.0031008],[27.7297254,37.0024526],[27.729469,37.0015408]]},"properties":{"class":"unclassified"}},{"type":"Feature","geometry":{"type":"LineString","coordinates":[[27.729469,37.0015408],[27.7292241,37.0012254],[27.728302,37.001522]]},"properties":{"class":"unclassified"}},{"type":"Feature","geometry":{"type":"LineString","coordinates":[[27.7044179,37.0214781],[27.7043374,37.0215423],[27.7038814,37.0211526],[27.7032002,37.0203516],[27.7028837,37.0202231],[27.7027978,37.0203902]]},"properties":{"class":"unclassified"}},{"type":"Feature","geometry":{"type":"LineString","coordinates":[[27.726281,37.015984],[27.726532,37.015855],[27.727693,37.015686],[27.72824,37.014903],[27.728574,37.014695],[27.728841,37.014654],[27.730702,37.01511],[27.731938,37.015595],[27.733362,37.015909],[27.733723,37.015897],[27.734551,37.015485],[27.734898,37.015429],[27.736843,37.015767],[27.737546,37.016061],[27.738482,37.016914],[27.738749,37.01689],[27.7391089,37.0165349]]},"properties":{"class":"tertiary"}},{"type":"Feature","geometry":{"type":"LineString","coordinates":[[27.8309759,37.0168],[27.8277598,37.0146205],[27.8266185,37.0141114],[27.8234815,37.0130297],[27.8228744,37.0126283],[27.8222119,37.0126788],[27.820905,37.0129577],[27.8200023,37.0132331],[27.8196797,37.0134768],[27.8194735,37.0138615],[27.8194962,37.0140423],[27.8198715,37.0145405],[27.8196566,37.0151845],[27.8197696,37.0159668],[27.8197401,37.0162628],[27.8195928,37.0164079],[27.8193988,37.0163942],[27.818834,37.0161452],[27.8177781,37.0163903],[27.8160937,37.0162765],[27.8142596,37.0165754],[27.8125302,37.0169622],[27.8121096,37.0169828],[27.8114229,37.0169896],[27.8111054,37.0168663],[27.8099552,37.0160165],[27.8091656,37.0156601],[27.8066508,37.0147897],[27.8022906,37.0128913],[27.8013464,37.0131243],[27.7994238,37.014262],[27.798926,37.0143442],[27.7981449,37.0142209],[27.7979733,37.0143991],[27.7978617,37.0151324],[27.7976214,37.0153997],[27.796806,37.0156875],[27.7960204,37.0162358],[27.7943684,37.0177503],[27.7942654,37.0183602],[27.7940251,37.018696],[27.7942482,37.0193471],[27.7942997,37.0197514],[27.793862,37.0201215],[27.793347,37.0202791],[27.792832,37.0202996],[27.7908665,37.0197583],[27.7901198,37.0199296],[27.7890726,37.0193539],[27.7888323,37.0190044],[27.788592,37.0190387],[27.788386,37.0197583],[27.7881199,37.0199707],[27.788077,37.0204161],[27.7884976,37.0211357],[27.7885405,37.0212728],[27.7884718,37.021492],[27.7875019,37.0217524],[27.7870384,37.0220677],[27.7868668,37.0224514],[27.7859741,37.023308],[27.7858711,37.0235616],[27.7851673,37.0238973],[27.7842404,37.0247402]]},"properties":{"class":"tertiary"}},{"type":"Feature","geometry":{"type":"LineString","coordinates":[[27.7753658,37.0236366],[27.7753826,37.0238288],[27.7751251,37.0241714],[27.7747475,37.0244318],[27.7744471,37.024473],[27.7733055,37.0241235],[27.7729965,37.0241577],[27.7728678,37.0242674],[27.7726961,37.0248087],[27.7726189,37.0255899],[27.7730566,37.0262272],[27.7731081,37.0263848],[27.773048,37.0265424],[27.7708422,37.0278786],[27.770413,37.0279197],[27.7682244,37.0278991],[27.7669626,37.028043],[27.7658469,37.0280567],[27.7640187,37.0276456],[27.7627484,37.0270632],[27.7621475,37.026885],[27.761212,37.0268713],[27.7608258,37.0269604],[27.7600018,37.0274058],[27.7584912,37.0272413],[27.7584225,37.0270769],[27.7586113,37.0268439],[27.7586457,37.0266109],[27.7584912,37.0263368],[27.7579161,37.0259257],[27.7569977,37.0257544],[27.7565771,37.0254323],[27.7562939,37.0253775],[27.7560278,37.0254597],[27.755942,37.0255968],[27.7560021,37.0258023],[27.7567488,37.0264807],[27.7568003,37.0268439],[27.7558647,37.027906],[27.7558562,37.0288105],[27.7546889,37.0292627],[27.7539679,37.0296327],[27.7534271,37.030085],[27.7533156,37.0304276],[27.7534014,37.0308181],[27.7532984,37.0315924],[27.7535559,37.0320789],[27.7533499,37.0322776],[27.7525345,37.0327504],[27.7521397,37.033785],[27.7513243,37.0339631],[27.7498137,37.0349292],[27.7484146,37.0355664],[27.7472388,37.035539],[27.7463719,37.0359638],[27.7456595,37.0359569],[27.7432219,37.0344976],[27.7422606,37.0336068],[27.7417198,37.0332094],[27.7413079,37.0331546],[27.7391106,37.0334972],[27.7382437,37.0334835],[27.7373511,37.0330176]]},"properties":{"class":"tertiary"}},{"type":"Feature","geometry":{"type":"LineString","coordinates":[[27.7437728,37.008254],[27.7439874,37.0081356],[27.7443291,37.0081705],[27.7446839,37.0080775],[27.7447872,37.0079666],[27.7448328,37.0074602],[27.7450964,37.0072836],[27.7457088,37.0070847],[27.7461554,37.0071734],[27.746617,37.0078419],[27.7469506,37.0080158],[27.7475056,37.008031],[27.7477537,37.0079586],[27.7478833,37.0078245],[27.7478594,37.0071235],[27.7483424,37.0068326],[27.7487577,37.0056362],[27.7487196,37.0053776],[27.7485503,37.0051938],[27.7478685,37.0049252],[27.7474534,37.0042226],[27.7474573,37.002783]]},"properties":{"class":"tertiary"}},{"type":"Feature","geometry":{"type":"LineString","coordinates":[[27.7454914,36.9991996],[27.7457431,36.9982024],[27.745452,36.998041],[27.74509,36.998017]]},"properties":{"class":"unclassified"}},{"type":"Feature","geometry":{"type":"LineString","coordinates":[[27.7474573,37.002783],[27.74934,37.0023718]]},"properties":{"class":"unclassified"}},{"type":"Feature","geometry":{"type":"LineString","coordinates":[[27.7474573,37.002783],[27.7467838,37.0021884],[27.7465923,37.001869],[27.7460883,37.0003186],[27.7454848,37.0000238],[27.7454914,36.9991996]]},"properties":{"class":"tertiary"}},{"type":"Feature","geometry":{"type":"LineString","coordinates":[[27.7521475,37.0012188],[27.7529025,37.0012846],[27.7534247,37.0015818],[27.7546486,37.0015716],[27.7551341,37.0014238],[27.7552843,37.0014709],[27.7555901,37.0018651],[27.7559889,37.0021473],[27.7564932,37.0021987],[27.7569312,37.0021435],[27.7576948,37.0025157],[27.7579201,37.0027128],[27.7587033,37.0024386],[27.7595938,37.0016675],[27.7595831,37.0014533],[27.7592183,37.0011534],[27.7590788,37.0009092],[27.7591379,37.0007935],[27.7605541,37.0007207],[27.7608116,37.0013804],[27.7610122,37.0016382]]},"properties":{"class":"unclassified"}},{"type":"Feature","geometry":{"type":"LineString","coordinates":[[27.7610122,37.0016382],[27.761407,37.0019074],[27.7617932,37.0023829],[27.7622063,37.0024215]]},"properties":{"class":"unclassified"}},{"type":"Feature","geometry":{"type":"LineString","coordinates":[[27.748989,37.0014977],[27.7490491,37.0018923],[27.74934,37.0023718]]},"properties":{"class":"unclassified"}},{"type":"Feature","geometry":{"type":"LineString","coordinates":[[27.748989,37.0014977],[27.7495294,37.0013354],[27.7499542,37.0010329],[27.7511827,37.0009297],[27.7515146,37.0008309],[27.7521475,37.0012188]]},"properties":{"class":"unclassified"}},{"type":"Feature","geometry":{"type":"LineString","coordinates":[[27.74934,37.0023718],[27.749534,37.0027443],[27.7494832,37.0032901],[27.7498342,37.0033122],[27.7501528,37.0034672],[27.7508502,37.0033012],[27.7510118,37.0030946],[27.7508964,37.0027295],[27.7511227,37.0023791],[27.7516999,37.0017706],[27.7520048,37.0016784],[27.7521475,37.0012188]]},"properties":{"class":"unclassified"}},{"type":"Feature","geometry":{"type":"LineString","coordinates":[[27.7569312,37.0021435],[27.7569526,37.00206],[27.7564135,37.0011475]]},"properties":{"class":"unclassified"}},{"type":"Feature","geometry":{"type":"LineString","coordinates":[[27.7622063,37.0024215],[27.7625764,37.0026742],[27.7630539,37.0034882],[27.7633114,37.0035225],[27.7638264,37.0038695],[27.7640838,37.0041394],[27.7643789,37.0041951],[27.76491,37.0048548],[27.7658396,37.0054168],[27.7671933,37.0058267],[27.7681489,37.0059512],[27.7679652,37.0056833],[27.7671684,37.0055145],[27.7663745,37.0050347],[27.7660223,37.0044292],[27.7660094,37.0038408],[27.7661971,37.0042659],[27.7664186,37.0045138],[27.7675253,37.0048539],[27.7683486,37.0047006],[27.7699525,37.0046363],[27.7712346,37.0040494],[27.7716799,37.0036167],[27.7719803,37.0035824],[27.7723665,37.0038352],[27.7727367,37.0042893],[27.7731873,37.0044692],[27.7735628,37.0040794],[27.7743406,37.0041736],[27.7746571,37.0044649],[27.7750219,37.0045078],[27.7755154,37.004692],[27.7761538,37.0059557],[27.7764006,37.0061657],[27.7765776,37.0061914],[27.7771247,37.0054931],[27.7774252,37.0053046],[27.7780903,37.0052746],[27.7778221,37.0051033],[27.7773179,37.0050818],[27.7768941,37.0049405],[27.7756871,37.003741],[27.7751828,37.0026142],[27.775215,37.001766],[27.7756442,37.000168],[27.7760089,36.9995382],[27.7762396,36.9994483],[27.7759714,36.9993069],[27.7756978,36.9993326],[27.7755208,36.9990155],[27.7755852,36.9989042]]},"properties":{"class":"unclassified"}},{"type":"Feature","geometry":{"type":"LineString","coordinates":[[27.7391089,37.0165349],[27.7396449,37.0161549],[27.7404309,37.0160219],[27.7406129,37.0158839],[27.7406599,37.0145719],[27.7405739,37.0142199],[27.7407819,37.0135069],[27.7406239,37.0130159],[27.7404699,37.0120329],[27.7405759,37.0117649],[27.7407409,37.0116219],[27.7412439,37.0114579],[27.7414589,37.0115449],[27.7417149,37.0118529],[27.7419079,37.0118549],[27.7426019,37.0107569],[27.7438549,37.0097569],[27.7439459,37.0095519],[27.7439799,37.0090699],[27.7437359,37.0083699],[27.7437728,37.008254]]},"properties":{"class":"tertiary"}},{"type":"Feature","geometry":{"type":"LineString","coordinates":[[27.7780903,37.0052746],[27.7789701,37.0061185],[27.7797587,37.0062471],[27.780279,37.0067697],[27.7813948,37.0070867],[27.782178,37.006594],[27.7823765,37.0066626]]},"properties":{"class":"unclassified"}},{"type":"Feature","geometry":{"type":"LineString","coordinates":[[27.7823765,37.0066626],[27.7834333,37.0081448],[27.7843131,37.0088259],[27.7846296,37.0089287],[27.7850104,37.0094213],[27.7858741,37.0099825],[27.7871777,37.0111048],[27.7875049,37.0112633],[27.7875746,37.0114346],[27.7881111,37.0117131],[27.7889211,37.0112419],[27.7896507,37.0103337],[27.7902568,37.0100296],[27.7911044,37.0098882],[27.7923865,37.0093785],[27.7927781,37.0093785],[27.7940119,37.0096398],[27.7946497,37.0096363],[27.7948988,37.0098957],[27.7952256,37.0109086],[27.7963401,37.0122314],[27.7969409,37.0125398],[27.7973164,37.0131352],[27.7974613,37.013525],[27.7974505,37.0138291],[27.7973164,37.0140004],[27.7973271,37.0141418],[27.7981449,37.0142209]]},"properties":{"class":"unclassified"}},{"type":"Feature","geometry":{"type":"LineString","coordinates":[[27.7752711,37.0224035],[27.7751423,37.0226844],[27.7753658,37.0236366]]},"properties":{"class":"tertiary"}},{"type":"Feature","geometry":{"type":"LineString","coordinates":[[27.7842404,37.0247402],[27.7837597,37.0247813],[27.7830559,37.0246237],[27.7816139,37.0239316],[27.7806612,37.023726],[27.7799145,37.0233149],[27.7795798,37.0227667],[27.7786957,37.0223555],[27.7781807,37.0216908],[27.777434,37.0212659],[27.7769791,37.0212522],[27.7765929,37.0213618],[27.7755801,37.0220677],[27.7752711,37.0224035]]},"properties":{"class":"tertiary"}},{"type":"Feature","geometry":{"type":"LineString","coordinates":[[27.8347548,37.0301976],[27.8350506,37.0305055],[27.8351055,37.030856],[27.835515,37.0313987],[27.8357894,37.032649],[27.8359921,37.0329288],[27.8364143,37.0329827],[27.8372249,37.0334411],[27.838027,37.0331748],[27.8387996,37.0336399],[27.839188,37.0336702],[27.8395233,37.0339442],[27.83978,37.0339744],[27.8401745,37.0341771],[27.8405987,37.0340757],[27.8409905,37.0343907],[27.8419794,37.0341059],[27.8424063,37.0341016],[27.8427062,37.0337608],[27.8430602,37.0335581],[27.8434142,37.0334718],[27.8435763,37.0336206],[27.843706,37.0342224],[27.8443437,37.0343907],[27.8446409,37.0345546],[27.8445112,37.0350162],[27.8441194,37.0352879],[27.8438438,37.0359113],[27.8443788,37.0360148],[27.84503,37.0358811],[27.8459405,37.0361313],[27.8463891,37.0363513],[27.847478,37.0363772],[27.8477293,37.0365195],[27.8477914,37.0366317],[27.8477455,37.0370458],[27.8478536,37.0373629],[27.84794,37.0386397],[27.8480724,37.0389826],[27.8483831,37.0394097],[27.8488749,37.0398216],[27.849418,37.0404881],[27.8499206,37.0407318],[27.8499962,37.0408418],[27.849899,37.0409625],[27.8489398,37.0413745],[27.8480454,37.0415751],[27.8479995,37.0417778],[27.8482589,37.0420539],[27.8482778,37.0424938],[27.8484561,37.0426038],[27.8486479,37.0426038],[27.8495072,37.0424636],[27.8504529,37.0428863],[27.8508041,37.0431538],[27.8508068,37.0437296],[27.8509392,37.0439582],[27.8517012,37.0443292],[27.851993,37.0446613],[27.8530927,37.0451465],[27.8530873,37.0453126],[27.8526982,37.0458539],[27.851993,37.0462335],[27.8515553,37.0467338],[27.8516282,37.0468912],[27.8519741,37.0470077],[27.8523416,37.0474088],[27.8525253,37.0477387],[27.8526064,37.0485604],[27.8528604,37.049147],[27.8526334,37.0494985],[27.851331,37.0499707],[27.8512851,37.0502403],[27.8507663,37.0508096],[27.850715,37.0510037],[27.8507933,37.0513789],[27.8511257,37.0517455],[27.8510608,37.052317],[27.8511998,37.0528318]]},"properties":{"class":"tertiary"}},{"type":"Feature","geometry":{"type":"LineString","coordinates":[[27.8191907,37.03524],[27.81862,37.0349304],[27.8186375,37.0346517],[27.8193144,37.0339946],[27.8202853,37.0334626],[27.8203676,37.0333115],[27.8204398,37.0324979],[27.8203467,37.0322564],[27.8191424,37.0312857],[27.8187875,37.0304264],[27.8188049,37.0301059],[27.8193169,37.0295486],[27.8193227,37.0292002],[27.8192238,37.0290516],[27.81909,37.0290051],[27.8186536,37.0291352],[27.8183046,37.0290794],[27.8181882,37.0289447],[27.8181998,37.0284106],[27.81813,37.0282666],[27.8177227,37.0281273],[27.817234,37.0280901],[27.8168326,37.0279136],[27.8167453,37.0276303],[27.816978,37.0271843],[27.816978,37.0270404],[27.8162217,37.0265666],[27.8161402,37.0263668],[27.8159424,37.02554],[27.8159831,37.0253589],[27.816466,37.0248293],[27.81653,37.0246621],[27.8165009,37.0236913],[27.8163089,37.0233986],[27.8161111,37.0232732],[27.8153024,37.0229341],[27.8150871,37.022595],[27.815058,37.0222188],[27.8151337,37.0218472],[27.8150522,37.0213269],[27.8152455,37.0199828],[27.8149576,37.019372],[27.8142596,37.0165754]]},"properties":{"class":"tertiary"}},{"type":"Feature","geometry":{"type":"LineString","coordinates":[[27.8909429,37.0289132],[27.8886011,37.0287514],[27.8862671,37.0277862],[27.8847513,37.0274633],[27.8825242,37.0268083],[27.8822764,37.026714],[27.8818969,37.0263837],[27.8817697,37.0259283],[27.8814947,37.0257106],[27.8811811,37.0257106],[27.8798243,37.0259955],[27.8791675,37.0260118],[27.8788357,37.0258322],[27.8783767,37.0251064],[27.8772631,37.0245567],[27.87647,37.0243353],[27.8752996,37.0241993],[27.8742224,37.023889],[27.8730428,37.0237323],[27.871838,37.0234151],[27.8694879,37.0227254],[27.8676343,37.0219088],[27.8623515,37.0201064],[27.8606402,37.0197867],[27.8600312,37.0195356],[27.859687,37.0195224],[27.8589058,37.0197893],[27.8575156,37.0199717],[27.856089,37.0204289],[27.8556487,37.0203337],[27.8553806,37.0198422],[27.8550164,37.019676],[27.8545929,37.0196545],[27.8536727,37.020006],[27.8531431,37.0199981],[27.8508525,37.0191207],[27.8500862,37.019218],[27.8492742,37.0195135],[27.8486141,37.0195396],[27.8477341,37.0197863],[27.8472051,37.0197863],[27.8435352,37.0188145],[27.8403614,37.0174204],[27.8396405,37.0172111],[27.8366587,37.017013],[27.8318466,37.0172373],[27.8315798,37.0171962],[27.831224,37.0169869]]},"properties":{"class":"tertiary"}},{"type":"Feature","geometry":{"type":"LineString","coordinates":[[27.8022906,37.0128913],[27.8003411,37.0117878],[27.7968353,37.0088112],[27.7953219,37.0077245],[27.7950296,37.007402],[27.7943712,37.00691],[27.7939422,37.0066967],[27.7936687,37.0063604],[27.7930527,37.0061169],[27.7913257,37.005807]]},"properties":{"class":"unclassified"}},{"type":"Feature","geometry":{"type":"LineString","coordinates":[[27.8315798,37.0171962],[27.8311707,37.0175756],[27.8310736,37.017761],[27.8310736,37.0180105],[27.8313987,37.0187656],[27.831462,37.0192139],[27.8313818,37.0207915],[27.8311707,37.0215229],[27.8311411,37.0219948],[27.8312129,37.0224465],[27.8310788,37.0226521]]},"properties":{"class":"unclassified"}},{"type":"Feature","geometry":{"type":"LineString","coordinates":[[27.831224,37.0169869],[27.8309759,37.0168]]},"properties":{"class":"tertiary"}},{"type":"Feature","geometry":{"type":"LineString","coordinates":[[27.8310788,37.0226521],[27.8310209,37.0227479]]},"properties":{"class":"unclassified"}},{"type":"Feature","geometry":{"type":"LineString","coordinates":[[27.8310209,37.0227479],[27.831082,37.022878],[27.8319897,37.0234409],[27.8323106,37.0238487],[27.8324415,37.0244082],[27.8322473,37.0250082],[27.8324541,37.0254666],[27.8329819,37.0261104],[27.8330114,37.0263531],[27.8326695,37.0271047],[27.8326568,37.0272935],[27.8332225,37.0281024],[27.8332605,37.0282945],[27.8338474,37.0289686],[27.8343244,37.0293697],[27.8344384,37.0299292],[27.8347114,37.0301813]]},"properties":{"class":"tertiary"}},{"type":"Feature","geometry":{"type":"LineString","coordinates":[[27.8347114,37.0301813],[27.8347548,37.0301976]]},"properties":{"class":"tertiary"}},{"type":"Feature","geometry":{"type":"LineString","coordinates":[[27.9041039,37.0319021],[27.8970448,37.0300811],[27.8951538,37.0292126],[27.8947268,37.0291043],[27.8909429,37.0289132]]},"properties":{"class":"tertiary"}},{"type":"Feature","geometry":{"type":"LineString","coordinates":[[27.8966993,37.0299497],[27.8945802,37.0296455],[27.8908839,37.0295394]]},"properties":{"class":"unclassified"}},{"type":"Feature","geometry":{"type":"LineString","coordinates":[[27.8870103,37.0285899],[27.886586,37.0283567],[27.8864662,37.0283681],[27.8861781,37.028524],[27.8859934,37.0288714],[27.8857954,37.0290069],[27.8852183,37.0289075],[27.8839395,37.0291289],[27.8841489,37.0292554]]},"properties":{"class":"unclassified"}},{"type":"Feature","geometry":{"type":"LineString","coordinates":[[27.8841489,37.0292554],[27.8845449,37.0293502],[27.8847147,37.0295173],[27.8848844,37.0294631],[27.8850315,37.0295128],[27.885139,37.0296212]]},"properties":{"class":"unclassified"}},{"type":"Feature","geometry":{"type":"LineString","coordinates":[[27.8909429,37.0289132],[27.8908839,37.0295394]]},"properties":{"class":"unclassified"}},{"type":"Feature","geometry":{"type":"LineString","coordinates":[[27.8904679,37.0296684],[27.8896473,37.0296946],[27.8884438,37.0293484],[27.8871146,37.0286362]]},"properties":{"class":"unclassified"}},{"type":"Feature","geometry":{"type":"LineString","coordinates":[[27.8870103,37.0285899],[27.8871146,37.0286362]]},"properties":{"class":"unclassified"}},{"type":"Feature","geometry":{"type":"LineString","coordinates":[[27.8887962,37.0287826],[27.8887384,37.0289463],[27.8889197,37.0292153],[27.8888016,37.0294494]]},"properties":{"class":"unclassified"}},{"type":"Feature","geometry":{"type":"LineString","coordinates":[[27.8908839,37.0295394],[27.8904679,37.0296684]]},"properties":{"class":"unclassified"}},{"type":"Feature","geometry":{"type":"LineString","coordinates":[[27.8904679,37.0296684],[27.8898048,37.03043]]},"properties":{"class":"unclassified"}},{"type":"Feature","geometry":{"type":"LineString","coordinates":[[27.7571376,37.1012441],[27.7571591,37.1008089],[27.7573905,37.1002185],[27.7576202,37.09987],[27.7579168,37.0990104],[27.7578532,37.0986321],[27.757365,37.0984642],[27.7581151,37.098428],[27.7582168,37.0984606],[27.7582974,37.0986188],[27.758414,37.0985596],[27.7583869,37.0983059],[27.7582584,37.0981506],[27.7578368,37.0980157],[27.7573983,37.0976262],[27.7572225,37.0972204],[27.757291,37.0971035],[27.7575451,37.0970919],[27.7581863,37.0972936],[27.7602196,37.0972299],[27.760218,37.0971404],[27.7599934,37.0969337],[27.7598708,37.0965208],[27.7599265,37.0963749],[27.7603992,37.0962654],[27.7607837,37.0959167],[27.7614873,37.0954597],[27.7617019,37.0951708],[27.7619157,37.0946031],[27.7618692,37.0944899],[27.7613028,37.0944504],[27.7604766,37.0939684],[27.7602688,37.0936686],[27.7598748,37.0926777],[27.759781,37.092512],[27.7595197,37.0923455],[27.7595266,37.092268],[27.7603654,37.0928574],[27.7609788,37.0934074],[27.7612785,37.0934267],[27.7623723,37.0932586],[27.7627143,37.0931663],[27.7631195,37.0928608],[27.7635179,37.09301],[27.7635998,37.0932116],[27.7639304,37.0934462],[27.764279,37.0934775],[27.7653135,37.0933296],[27.7660101,37.0931398],[27.766712,37.0927501],[27.7668814,37.0916702],[27.767032,37.0912786],[27.7682644,37.0900185],[27.7687318,37.0898282],[27.7692635,37.0897371],[27.7703534,37.0897116],[27.7706267,37.0896404],[27.7710672,37.0894294],[27.7720438,37.0884105],[27.773837,37.0877045],[27.7752999,37.0875582],[27.7759967,37.0871263],[27.776512,37.0865284],[27.7774713,37.0859264],[27.7778221,37.0857869],[27.779338,37.0860032],[27.7794364,37.0856151],[27.780208,37.0852696],[27.7804532,37.084962],[27.7808715,37.0847872],[27.7810529,37.0845],[27.7813163,37.0844187],[27.7815681,37.0840289],[27.782053,37.0837524],[27.7824933,37.0836243],[27.7829237,37.0832743],[27.7833121,37.0832681],[27.7836518,37.0829653],[27.7840768,37.0827968],[27.7841767,37.0825789],[27.7849882,37.0826298],[27.7853523,37.0825347],[27.7859572,37.0827531],[27.7865477,37.0824083],[27.7872765,37.0823882],[27.7874214,37.0823115],[27.7874214,37.0821251],[27.787181,37.0811966],[27.7874389,37.0808402],[27.7881097,37.0810928],[27.7888891,37.0811163],[27.7896391,37.0812908],[27.7898173,37.081592],[27.7898435,37.0820924],[27.7900956,37.0823306],[27.7906069,37.0817409],[27.7906474,37.081335],[27.7907369,37.0811794],[27.7906886,37.0805725],[27.7926815,37.0802072],[27.7932435,37.0799521],[27.7934552,37.0796766]]},"properties":{"class":"tertiary"}},{"type":"Feature","geometry":{"type":"LineString","coordinates":[[27.7287379,37.095797],[27.7282021,37.0957366],[27.727812,37.0958388],[27.7270549,37.0956065],[27.7264318,37.095574],[27.7257854,37.095797],[27.724743,37.0960106],[27.7239802,37.0959874],[27.7230135,37.0963218],[27.7223846,37.096424],[27.7215169,37.0963404],[27.7207657,37.0965123],[27.7204337,37.0966609],[27.7192167,37.0976828],[27.7185295,37.0984073],[27.7178132,37.0993456],[27.7170853,37.0997125],[27.7163457,37.099889],[27.7153674,37.0999308],[27.7143774,37.0998565],[27.7124382,37.1000516],[27.7120073,37.0999912],[27.7109824,37.1000562],[27.7090374,37.1000283],[27.7073195,37.0994942],[27.7057471,37.0985792],[27.7048678,37.0985095],[27.7046116,37.0985838],[27.7027889,37.0996753],[27.7020901,37.0998008],[27.7018688,37.0999215],[27.7013913,37.1007761],[27.701071,37.1016121],[27.7008322,37.101914],[27.7007623,37.1026711],[27.7005469,37.1031773],[27.7003256,37.103312],[27.6998713,37.1033306],[27.6995045,37.1034885],[27.6993686,37.1038305],[27.6989782,37.1043201]]},"properties":{"class":"tertiary"}},{"type":"Feature","geometry":{"type":"LineString","coordinates":[[27.8542624,37.0755044],[27.8550872,37.0760738],[27.8554118,37.0763991],[27.8555271,37.076673],[27.8553984,37.0770282],[27.8552079,37.0772508],[27.8549156,37.077392],[27.8542933,37.0773492],[27.8537971,37.0775204],[27.8536013,37.0778414],[27.853545,37.0781003],[27.8531185,37.0781346],[27.8527966,37.0782951],[27.8526947,37.0784513],[27.8526704,37.0787845],[27.8525724,37.0787337],[27.8525901,37.0783666],[27.8530997,37.077929],[27.8531741,37.0777228],[27.8530431,37.0772626],[27.852806,37.0769294],[27.8524768,37.076808],[27.8519778,37.0767967],[27.8507356,37.0770028],[27.8501834,37.0769774],[27.8502401,37.076839],[27.851047,37.0761275],[27.8511072,37.0760286],[27.8510647,37.0759298],[27.8509585,37.0759552],[27.8507674,37.0762178],[27.8503604,37.0763872],[27.8490332,37.0772541],[27.8483749,37.0773049],[27.84829,37.0774687],[27.8478263,37.0777144],[27.8476104,37.0782621],[27.8472282,37.0780984],[27.8467292,37.0781294],[27.8465416,37.0782113],[27.8460992,37.0789737],[27.844956,37.079753],[27.8440783,37.0799874],[27.8436253,37.0799196],[27.8432148,37.0794396],[27.843098,37.0794113],[27.8421955,37.0795751],[27.8420114,37.0800721],[27.8416823,37.0801596],[27.8412505,37.0801568],[27.8409391,37.0800438],[27.8405922,37.0797474],[27.8399729,37.0797106],[27.8395658,37.0795412],[27.8393464,37.0797022],[27.839081,37.0796909],[27.8383767,37.0792335],[27.8374105,37.0789963],[27.8373185,37.0790838],[27.8373326,37.0796372],[27.8372229,37.0797474],[27.8359913,37.0794142],[27.8356338,37.0792137],[27.8354285,37.079273],[27.8352056,37.0794904],[27.8348835,37.0795582],[27.8346924,37.0798179],[27.8344552,37.0798321],[27.8336837,37.0795779],[27.8332271,37.0796288],[27.8324025,37.079273],[27.8314257,37.0794029],[27.8309727,37.0791911],[27.8302153,37.0785897],[27.8298826,37.0784993],[27.8291889,37.0786716],[27.8289978,37.0789172],[27.8285271,37.0786603],[27.8282723,37.0786123],[27.8276211,37.0786885],[27.8271362,37.0790556],[27.8270371,37.0792193],[27.8269486,37.0794932],[27.8269911,37.0797643],[27.8268354,37.0800947],[27.8264814,37.0802838],[27.8263257,37.0804899],[27.8261027,37.0805323],[27.8258055,37.0804504],[27.8257134,37.0801144],[27.8255789,37.0800495],[27.8250516,37.0801511],[27.8247402,37.0800551],[27.824096,37.0801624],[27.8239271,37.0799174],[27.8236964,37.0791727],[27.8235891,37.0790529],[27.823278,37.0789373],[27.8228381,37.0789973],[27.822763,37.0790914],[27.8227469,37.0793696],[27.822645,37.0794638],[27.821615,37.0794638],[27.8215614,37.0796007],[27.8217331,37.0798917],[27.8216204,37.0799816],[27.8207943,37.0797676],[27.8204885,37.0795194],[27.8198716,37.0792669],[27.8195497,37.0791642],[27.8192225,37.0791856],[27.8191367,37.0792027],[27.8191581,37.0793439],[27.819818,37.0798575],[27.8197965,37.0799688],[27.8196034,37.0800073],[27.8187504,37.0799003],[27.8176081,37.0808617],[27.8173037,37.0813869],[27.8170949,37.081497],[27.8169038,37.0814998],[27.8163552,37.08113],[27.8155303,37.0812059],[27.8145028,37.0806639],[27.8143115,37.0806573],[27.8138957,37.0808165],[27.8130412,37.0808785],[27.8122508,37.0811018],[27.8118886,37.0813383],[27.8113781,37.081844],[27.8108677,37.0825928]]},"properties":{"class":"tertiary"}},{"type":"Feature","geometry":{"type":"LineString","coordinates":[[27.824974,37.0343135],[27.8245319,37.0343553],[27.8243515,37.0344529],[27.8241595,37.0346572],[27.8236824,37.0354932],[27.8230308,37.035744],[27.8226817,37.0363942],[27.822321,37.0365568],[27.8203305,37.0360125],[27.8200513,37.035836],[27.8197836,37.0355202],[27.8191907,37.03524]]},"properties":{"class":"tertiary"}},{"type":"Feature","geometry":{"type":"LineString","coordinates":[[27.7934552,37.0796766],[27.793801,37.0793284],[27.7940151,37.0788621],[27.794402,37.0786446],[27.7952588,37.0787393],[27.7964829,37.0790139]]},"properties":{"class":"tertiary"}},{"type":"Feature","geometry":{"type":"LineString","coordinates":[[27.7964829,37.0790139],[27.7972094,37.0792299],[27.7985596,37.0799918],[27.799671,37.0803465],[27.800305,37.0800772],[27.8016387,37.0797225],[27.8024784,37.0796306],[27.8033182,37.0797291],[27.8047342,37.0792693],[27.8054258,37.0791445],[27.8058854,37.0789455],[27.8061563,37.0789658],[27.8065207,37.0792181],[27.8068399,37.0797123],[27.8075898,37.0802606]]},"properties":{"class":"tertiary"}},{"type":"Feature","geometry":{"type":"LineString","coordinates":[[27.807858,37.0803091],[27.808387,37.0804799],[27.809467,37.0810822],[27.8108512,37.0823103],[27.8108677,37.0825928],[27.8107689,37.0828161],[27.8101926,37.0833021],[27.8100197,37.083637],[27.8099209,37.083926],[27.8098386,37.0847798],[27.8094928,37.0859029],[27.8088013,37.0868552],[27.8086037,37.0877681],[27.8082167,37.0887138],[27.8082661,37.0888451],[27.8089,37.0894099],[27.8093199,37.0901192],[27.8084143,37.0911634],[27.8083155,37.0913998],[27.8084308,37.0921353],[27.8082826,37.0922929],[27.8073687,37.0926869],[27.8071053,37.092989],[27.8070394,37.0931926],[27.8070888,37.0935275],[27.8074428,37.093823],[27.8083155,37.0939281],[27.8096739,37.0932386],[27.8101185,37.0931466],[27.8129177,37.0936588],[27.8136175,37.0936588],[27.8143913,37.0940134],[27.8154205,37.0940726],[27.8161285,37.0943549],[27.8176269,37.0943221],[27.8183019,37.0949]]},"properties":{"class":"tertiary"}},{"type":"Feature","geometry":{"type":"LineString","coordinates":[[27.8075898,37.0802606],[27.807858,37.0803091]]},"properties":{"class":"tertiary"}},{"type":"Feature","geometry":{"type":"LineString","coordinates":[[27.8802982,37.0850336],[27.8805116,37.0850115],[27.8807867,37.0844955],[27.8811656,37.0842895],[27.8818196,37.0837505],[27.8833327,37.0829438],[27.8845755,37.0824953],[27.8851499,37.0821988],[27.885758,37.0817425],[27.8865157,37.081421],[27.8868077,37.0809782],[27.8874304,37.0802986],[27.8875703,37.0793918],[27.8888638,37.0789413],[27.8893296,37.0785678],[27.8894864,37.0775916],[27.8897881,37.0767849],[27.8902201,37.0768099],[27.8907196,37.0772104],[27.8914967,37.0773721],[27.8917452,37.077349],[27.8928601,37.076912],[27.893601,37.0765154],[27.893852,37.076061],[27.894658,37.0756663],[27.8949186,37.0753813],[27.8951599,37.0748037],[27.8957633,37.0742299],[27.8962145,37.0735291],[27.8964366,37.0733827],[27.8975032,37.0730689],[27.8983551,37.072395],[27.8991804,37.0721716],[27.8999647,37.0716749],[27.9002519,37.0717076],[27.9014272,37.0721868],[27.9023105,37.0721257],[27.9025372,37.0722374],[27.9026338,37.0728729],[27.9031305,37.0733676],[27.9035504,37.0736389],[27.9038638,37.0739925],[27.9040704,37.0746015],[27.904707,37.075535],[27.905037,37.0761758],[27.9053337,37.0764604],[27.905867,37.0766093],[27.9064669,37.077205],[27.9067536,37.0773911],[27.9073702,37.0772475],[27.9080935,37.0765056],[27.9084935,37.0763221],[27.909163,37.0757978],[27.910258,37.0762986]]},"properties":{"class":"unclassified"}},{"type":"Feature","geometry":{"type":"LineString","coordinates":[[27.8562312,37.0721006],[27.8556036,37.0724004],[27.8549833,37.0732681],[27.8542535,37.0738824],[27.8546147,37.0741852],[27.8547132,37.07475],[27.8546913,37.0748519],[27.8541622,37.0752566],[27.8541184,37.0754371],[27.8561802,37.0763017],[27.8566253,37.0761969],[27.8576069,37.0756059],[27.8582236,37.0753468],[27.8595154,37.0754924],[27.8605043,37.0761503],[27.8612085,37.0763949],[27.8619274,37.0767967],[27.8620734,37.0770208],[27.8617085,37.0778913],[27.8617194,37.0780136],[27.8618435,37.0781038],[27.8627265,37.078657],[27.8634491,37.0788229],[27.8642518,37.0788578],[27.8646386,37.0790936],[27.8645985,37.0793819],[27.8641059,37.0801067],[27.8640876,37.0802174],[27.8642737,37.0804037],[27.8648247,37.0805551],[27.8657151,37.0803367],[27.8659377,37.0803804],[27.8662333,37.0804998],[27.8665617,37.0808578],[27.8671309,37.0812712],[27.8676892,37.0815449],[27.868284,37.0816759],[27.868908,37.0815943],[27.8696707,37.0811577],[27.8701961,37.0810558],[27.8704041,37.0812392],[27.8705355,37.0815536],[27.8706778,37.0816788],[27.87246,37.0825912],[27.8731169,37.082795],[27.8746203,37.0828707],[27.875496,37.0832549],[27.8759193,37.0833044],[27.8763463,37.0834849],[27.877087,37.0836538],[27.8775979,37.0835373],[27.8779701,37.0829231],[27.8783459,37.0826815],[27.8789699,37.0824835],[27.8796705,37.0826582],[27.8800902,37.0826087],[27.8806594,37.0821109],[27.8811849,37.0818867],[27.8817833,37.0814442],[27.8818965,37.0814501],[27.8819585,37.0815403],[27.8817797,37.0818169],[27.8816958,37.0826087],[27.8815607,37.0828852],[27.8814951,37.083383],[27.8810061,37.0838954],[27.8804004,37.0842447],[27.8803967,37.0849521],[27.8794625,37.0854935],[27.8781233,37.0867918],[27.8778716,37.0869082],[27.8773425,37.0869112],[27.8772439,37.0869606],[27.8772184,37.0871295],[27.8781015,37.0876331],[27.8796742,37.0883084],[27.8799369,37.088809],[27.8801924,37.0888149],[27.8808966,37.0884976],[27.8815352,37.0885674],[27.8820351,37.0888847],[27.8823927,37.0889895],[27.8844727,37.0890332],[27.885166,37.0893039],[27.8851441,37.0896386],[27.8854506,37.0898773],[27.8856075,37.0898686],[27.8860126,37.0895484],[27.8862388,37.0894669]]},"properties":{"class":"unclassified"}},{"type":"Feature","geometry":{"type":"LineString","coordinates":[[27.8511998,37.0528318],[27.8511662,37.0534685],[27.8512554,37.0538825],[27.8511419,37.0543785],[27.8512013,37.0548098],[27.8504826,37.0552367],[27.8501935,37.0557111],[27.850053,37.0562868],[27.8500854,37.0565046],[27.850388,37.0567979],[27.850515,37.0572356],[27.8501124,37.0581779],[27.850207,37.0590404],[27.8501448,37.0592345],[27.8498125,37.0596894],[27.8493856,37.059946],[27.8490343,37.0604592],[27.8486966,37.0606942],[27.8483021,37.0607826],[27.8481589,37.0612656],[27.8476455,37.0618931],[27.847124,37.0619987],[27.8469271,37.0623693]]},"properties":{"class":"tertiary"}},{"type":"Feature","geometry":{"type":"LineString","coordinates":[[27.8469271,37.0623693],[27.8469295,37.0626477],[27.8467538,37.0630466],[27.8469268,37.0635015],[27.8467052,37.0645494],[27.8468565,37.0646464],[27.8476374,37.0646356],[27.8481859,37.0647973],[27.8495261,37.0656856],[27.8497233,37.0658689],[27.8498125,37.0666429],[27.8499368,37.0669189],[27.8504961,37.0675937],[27.8506582,37.067943],[27.8509663,37.0681305],[27.8515526,37.0682577],[27.8523742,37.0688338],[27.8527865,37.069783],[27.8524654,37.0714397],[27.8519619,37.0719812],[27.851929,37.0721588],[27.8520202,37.0722258],[27.8525858,37.0722549],[27.8533339,37.0726334],[27.8535601,37.0731953],[27.8536112,37.073565],[27.8542535,37.0738824]]},"properties":{"class":"tertiary"}},{"type":"Feature","geometry":{"type":"LineString","coordinates":[[27.8965301,37.0619071],[27.8957292,37.0623863],[27.8951895,37.0628438],[27.8942633,37.0629432],[27.892821,37.0635094],[27.8921637,37.0634329],[27.8912599,37.0631871],[27.8898909,37.0631834],[27.8890146,37.0634645],[27.88859,37.0638394],[27.8882512,37.0639367],[27.8877859,37.0642611],[27.8867921,37.0642972],[27.8865889,37.0643693],[27.8862456,37.0647369],[27.8858119,37.0648595],[27.8850548,37.0647642],[27.8847434,37.0650209],[27.8840637,37.0652072],[27.8838587,37.0654908],[27.883646,37.0655674],[27.8835007,37.0655633],[27.8831245,37.0653438],[27.882904,37.0654142],[27.8825044,37.0656792],[27.882245,37.0663934],[27.8820789,37.0665756],[27.8816495,37.066773],[27.8816666,37.0668331],[27.8814886,37.0669642],[27.8815228,37.0670325],[27.8819747,37.0670817],[27.8821185,37.0673739],[27.8821767,37.0680705],[27.8820945,37.0682672],[27.8824814,37.0683273],[27.8827039,37.0685294],[27.8826834,37.0687233],[27.8828716,37.0690511],[27.8831352,37.0692451],[27.883303,37.0695264],[27.8834879,37.0695483],[27.8838644,37.0694254],[27.8840375,37.0696014]]},"properties":{"class":"unclassified"}},{"type":"Feature","geometry":{"type":"LineString","coordinates":[[27.8898617,37.0767668],[27.889553,37.076114],[27.8892458,37.0758077],[27.8890787,37.0758329],[27.8888844,37.0760167],[27.8889025,37.076687],[27.8886766,37.0769141],[27.888505,37.0769105],[27.8881165,37.0765429],[27.8877596,37.0764276],[27.8875744,37.0762762],[27.8872086,37.0752599],[27.8870595,37.0751517],[27.8867117,37.0751409],[27.8863322,37.0753067],[27.8858941,37.0758041],[27.8856321,37.075959],[27.8853655,37.0760239],[27.8851081,37.0759699],[27.8842091,37.0751842],[27.884173,37.0749031],[27.8848732,37.0745319],[27.8849545,37.0744093],[27.8847557,37.0736308],[27.8845118,37.0732272],[27.884426,37.0727803]]},"properties":{"class":"tertiary"}},{"type":"Feature","geometry":{"type":"LineString","coordinates":[[27.8183019,37.0949],[27.8181208,37.0949591],[27.817454,37.0945979],[27.8168694,37.0948212],[27.8165072,37.095294],[27.816219,37.0954056],[27.8153464,37.0956223],[27.8142514,37.0956223],[27.8141197,37.0956617],[27.8140373,37.0958062],[27.8140373,37.0959441],[27.8146877,37.0964694],[27.8156263,37.0977565],[27.8163096,37.0982949],[27.8164578,37.0985248],[27.8165319,37.0990435],[27.8168447,37.0998315],[27.817067,37.0999825],[27.8175363,37.100127],[27.817668,37.1002714],[27.8177668,37.1007114],[27.8178903,37.1009149],[27.8185901,37.1015519],[27.8186642,37.1021757],[27.8185901,37.1031212],[27.8182196,37.1041258],[27.8192076,37.1046642],[27.8194957,37.1049071],[27.8198086,37.1052617],[27.8200061,37.1057016],[27.8199732,37.1065289],[27.8198497,37.106785],[27.8195369,37.1071133],[27.8193393,37.1071855],[27.818656,37.1072183],[27.8183925,37.1073037],[27.8182032,37.1074416],[27.8177997,37.1082426],[27.8173716,37.1095032],[27.8172723,37.1104879],[27.8170802,37.1113885],[27.8171792,37.1120524],[27.8173072,37.1122984],[27.8180757,37.1128508],[27.8181513,37.1131619],[27.8181222,37.1134497],[27.8173538,37.1146288],[27.8170336,37.1154598],[27.8159683,37.1161979]]},"properties":{"class":"tertiary"}},{"type":"Feature","geometry":{"type":"LineString","coordinates":[[27.8858536,37.0897058],[27.8875415,37.0905002],[27.8888734,37.0904304],[27.890063,37.089854],[27.8902856,37.0898511],[27.8905848,37.0899093],[27.8914059,37.0904944],[27.8914241,37.0907738],[27.8912782,37.0914637],[27.8911942,37.0915714],[27.8908111,37.0916616],[27.8899609,37.0916616],[27.8892639,37.092171],[27.8881947,37.0924766],[27.8881181,37.0925523],[27.8881217,37.0928405],[27.8884319,37.0930995],[27.8888078,37.0932421],[27.890147,37.0934925],[27.8910994,37.0940047],[27.8917598,37.0945578],[27.892413,37.0948954],[27.8925553,37.0950409],[27.8926575,37.0954047],[27.8927524,37.0968164],[27.8929348,37.0973927],[27.8932523,37.0975324],[27.8940843,37.0974945],[27.8945586,37.0975906],[27.8953249,37.0981319],[27.8953724,37.0984433],[27.8951388,37.0993165],[27.8950555,37.1001312],[27.8950197,37.1017843],[27.8951139,37.1022474],[27.8955773,37.10304],[27.8955132,37.1040986],[27.8955773,37.1046489],[27.8969724,37.1058247],[27.8971458,37.1060773],[27.8972816,37.1063239],[27.897406,37.1071597],[27.8977567,37.1085249],[27.898047,37.1092556],[27.8985938,37.1101577],[27.8994308,37.1112994],[27.9002388,37.1119763],[27.9002552,37.1123083],[27.9000756,37.1129331],[27.9000919,37.1135449],[27.9003858,37.1140721],[27.900549,37.1142218],[27.9017243,37.114749],[27.9020182,37.1150289],[27.9026711,37.116988],[27.9028738,37.1171449]]},"properties":{"class":"tertiary"}},{"type":"Feature","geometry":{"type":"LineString","coordinates":[[27.9957787,37.0693326],[27.9960192,37.0695162],[27.996926,37.0694855],[27.9979945,37.0695678],[28.0002609,37.0702541],[28.0007982,37.0705154],[28.0029564,37.0725258],[28.0047739,37.073358],[28.0059924,37.0732426],[28.0085327,37.0719902],[28.0093898,37.0712487],[28.012116,37.0709686],[28.0135307,37.0715288],[28.0140252,37.0714828],[28.0144645,37.071209],[28.0151874,37.0703511],[28.0166356,37.0702379],[28.0209297,37.0712017],[28.0215142,37.0715778],[28.023669,37.0720063],[28.0246978,37.0716862],[28.0257526,37.071614],[28.0258626,37.071836],[28.0245684,37.0727033],[28.0243678,37.0732558],[28.0253061,37.0740767],[28.0260632,37.0739941],[28.0265679,37.0743245],[28.0266391,37.0762037],[28.0276518,37.0768181],[28.0278912,37.0773343],[28.0291239,37.0785114],[28.0301398,37.0789037],[28.0295898,37.0781707],[28.029868,37.0765341],[28.029892,37.0755859],[28.0303695,37.0764102],[28.0316119,37.0772569],[28.0333954,37.0775778],[28.0334622,37.0774559],[28.0323808,37.0769],[28.0323928,37.0767583],[28.0342201,37.0765748],[28.0347046,37.0763855],[28.0350258,37.0765436],[28.0351425,37.0767618],[28.0354613,37.0770171],[28.0363516,37.0775016],[28.0364148,37.0774691],[28.0359022,37.0764655],[28.03608,37.0757855],[28.0356077,37.0745568],[28.0344041,37.0745826],[28.0343458,37.0744122],[28.0352841,37.0741902],[28.0359894,37.0742006],[28.0369795,37.0735346],[28.0368306,37.0726517],[28.0370054,37.072533],[28.0384484,37.0739734],[28.0380536,37.0746859],[28.0390113,37.0769161],[28.0400725,37.077546],[28.0408102,37.0774376],[28.040959,37.0775202],[28.0407584,37.0781758],[28.0409526,37.0782894],[28.0427644,37.0778351],[28.0434697,37.0780054],[28.0452104,37.0779796],[28.0458833,37.0781345],[28.0463169,37.0784288],[28.0472163,37.0810977],[28.0461745,37.0828013],[28.0456504,37.0832711],[28.0457733,37.0844893],[28.044628,37.0842777],[28.0445245,37.0847784],[28.0438256,37.085243],[28.043625,37.0859244],[28.0431656,37.0864251],[28.0433338,37.0865025],[28.0445698,37.0856353],[28.0454822,37.0856043],[28.0467634,37.0857747],[28.0476628,37.0852378],[28.0483229,37.0851243],[28.0492659,37.0855776],[28.0495587,37.0854184],[28.0500779,37.0848014],[28.0508192,37.0846616],[28.0511648,37.0847387],[28.0516907,37.0848759],[28.0518723,37.0850026],[28.0520333,37.0855551],[28.0522809,37.0859361],[28.0530691,37.0864139],[28.053156,37.086579],[28.0531411,37.0867965],[28.0529885,37.0869493],[28.0521207,37.0875018],[28.0518956,37.0877927],[28.0518617,37.0880415],[28.0519328,37.0882014],[28.0522874,37.0884709],[28.0523752,37.0887279],[28.0524073,37.0892125],[28.0520702,37.090022],[28.0524402,37.0908689],[28.0532995,37.0910369],[28.0544128,37.0907369],[28.0543194,37.0914186],[28.0546766,37.0917464],[28.0549689,37.0923351],[28.0551696,37.0925577],[28.0554858,37.092726],[28.0558719,37.0927814],[28.0571574,37.0925003],[28.0575421,37.0926796],[28.0578347,37.0929889],[28.0581828,37.0930793],[28.0595235,37.0930338],[28.0601681,37.0931065],[28.060463,37.0931857],[28.0605859,37.0933239],[28.0608974,37.0939837],[28.0613781,37.0937676],[28.0618562,37.0938019],[28.0627047,37.0940885],[28.0636372,37.0948003],[28.0637583,37.0948219],[28.0641567,37.0944419],[28.0643264,37.0936585],[28.0644698,37.093388],[28.0650121,37.0927904],[28.0657901,37.0927091],[28.0663291,37.0928815],[28.0683947,37.0938348],[28.0692981,37.09411],[28.0695215,37.0940064],[28.0695603,37.093862],[28.0693341,37.0934253],[28.0693216,37.0930092],[28.0694336,37.0926114]]},"properties":{"class":"secondary","ref":"48-50"}},{"type":"Feature","geometry":{"type":"LineString","coordinates":[[27.9817271,37.0312854],[27.9810757,37.0316498],[27.9797157,37.0320921],[27.9787005,37.0322781],[27.9778819,37.0322655],[27.9773784,37.0322118],[27.9764475,37.0319526],[27.9752732,37.0314389],[27.9743073,37.0308145],[27.9733023,37.0298837],[27.9726865,37.0290504],[27.9721665,37.0277584],[27.9720971,37.0267757],[27.9719054,37.0257716],[27.971715,37.0252389],[27.971252,37.0243565],[27.9691914,37.0221224],[27.9681176,37.021232],[27.9676099,37.0209505],[27.9660648,37.0207559],[27.9644193,37.0201212],[27.9635771,37.0198988],[27.9616316,37.0196875],[27.9593001,37.0190486],[27.9583298,37.01863],[27.9554189,37.0178296],[27.9512019,37.0168529],[27.9462561,37.0164885],[27.9459088,37.0165004],[27.9451562,37.0167151],[27.9439452,37.0173816],[27.9421241,37.019816],[27.9400041,37.021806],[27.9387717,37.0226909],[27.9376864,37.0241705],[27.9368908,37.0250003],[27.93564,37.0261494],[27.9337167,37.0275852],[27.930816,37.0293324],[27.9299101,37.0297656],[27.9286362,37.0302759],[27.9263737,37.0309404],[27.9237755,37.0311717],[27.9233662,37.0313589],[27.9231133,37.0318949],[27.9230558,37.0336937],[27.9233364,37.0344825],[27.923595,37.0347024],[27.9240759,37.0349279],[27.9251893,37.0353463],[27.9262421,37.0351851],[27.9267607,37.0352182],[27.9279303,37.0355006],[27.9291515,37.0360367],[27.9303575,37.0362744],[27.9325938,37.0364023],[27.9353415,37.0363658],[27.9369291,37.0362622],[27.9396616,37.0369385],[27.9405317,37.0372309],[27.9420124,37.0380468],[27.9446671,37.0392758],[27.9460706,37.0395226],[27.9470079,37.039778]]},"properties":{"class":"unclassified"}},{"type":"Feature","geometry":{"type":"LineString","coordinates":[[27.9049426,37.0273947],[27.9019408,37.0274768],[27.8952346,37.0285449],[27.8951346,37.0286682],[27.8951538,37.0292126]]},"properties":{"class":"unclassified"}},{"type":"Feature","geometry":{"type":"LineString","coordinates":[[27.8934359,37.0290039],[27.8934083,37.0296047]]},"properties":{"class":"unclassified"}},{"type":"Feature","geometry":{"type":"LineString","coordinates":[[27.892946,37.0289882],[27.8928001,37.0295999]]},"properties":{"class":"unclassified"}},{"type":"Feature","geometry":{"type":"LineString","coordinates":[[27.8943892,37.0290752],[27.8943174,37.0296341]]},"properties":{"class":"unclassified"}},{"type":"Feature","geometry":{"type":"LineString","coordinates":[[27.9138034,37.0339863],[27.9155851,37.0285743],[27.9155839,37.0284015],[27.9150387,37.0280559],[27.9131167,37.0277268],[27.912638,37.0274998],[27.9122528,37.0275],[27.9119675,37.0276153],[27.9107037,37.0288546],[27.9106721,37.029025]]},"properties":{"class":"unclassified"}},{"type":"Feature","geometry":{"type":"LineString","coordinates":[[27.9142407,37.0326314],[27.9116087,37.0307164],[27.9106721,37.029025]]},"properties":{"class":"unclassified"}},{"type":"Feature","geometry":{"type":"LineString","coordinates":[[27.93895,37.0271604],[27.9385528,37.0275857],[27.9380872,37.0279148],[27.9354463,37.0291944],[27.9335458,37.029822],[27.9322407,37.030736],[27.9309126,37.0314732],[27.9293021,37.0325212],[27.9271139,37.0335339],[27.9267173,37.0339904],[27.9268065,37.0348097],[27.9267607,37.0352182]]},"properties":{"class":"unclassified"}},{"type":"Feature","geometry":{"type":"LineString","coordinates":[[27.9339175,37.0296736],[27.9329656,37.0280758]]},"properties":{"class":"unclassified"}},{"type":"Feature","geometry":{"type":"LineString","coordinates":[[27.9523333,37.0197553],[27.9525636,37.0171789]]},"properties":{"class":"unclassified"}},{"type":"Feature","geometry":{"type":"LineString","coordinates":[[27.9471489,37.0421819],[27.9469221,37.0387641],[27.9469856,37.0384547],[27.9471925,37.0381781],[27.9492503,37.0363643],[27.9496639,37.0358062],[27.9500121,37.0347833],[27.9508814,37.0340403],[27.9514724,37.0337105],[27.9518305,37.0336196],[27.9536555,37.033777],[27.9542437,37.0337301],[27.9575918,37.0326377],[27.9599438,37.031142],[27.9610093,37.029757],[27.9612083,37.0295975],[27.9654886,37.0273817],[27.9695389,37.0257007]]},"properties":{"class":"tertiary"}},{"type":"Feature","geometry":{"type":"LineString","coordinates":[[27.9620122,37.0197342],[27.9619826,37.0199357],[27.962206,37.0199745],[27.961922,37.0211464],[27.9619089,37.0221917]]},"properties":{"class":"unclassified"}},{"type":"Feature","geometry":{"type":"LineString","coordinates":[[27.9621716,37.0290802],[27.9627839,37.0289966],[27.9637602,37.0290309],[27.9649458,37.0292322],[27.9655349,37.0290919],[27.9657978,37.0288649],[27.9658997,37.0284881],[27.9654886,37.0273817]]},"properties":{"class":"unclassified"}},{"type":"Feature","geometry":{"type":"LineString","coordinates":[[27.9647863,37.0202579],[27.964631,37.0204963],[27.9641965,37.0206869],[27.9639417,37.0208946],[27.9637566,37.0212565],[27.9634008,37.0225086]]},"properties":{"class":"unclassified"}},{"type":"Feature","geometry":{"type":"LineString","coordinates":[[27.9656181,37.0276144],[27.9669673,37.0273229]]},"properties":{"class":"unclassified"}},{"type":"Feature","geometry":{"type":"LineString","coordinates":[[27.9668376,37.0267911],[27.9669673,37.0273229]]},"properties":{"class":"unclassified"}},{"type":"Feature","geometry":{"type":"LineString","coordinates":[[27.9684582,37.0269666],[27.9681702,37.026261]]},"properties":{"class":"unclassified"}},{"type":"Feature","geometry":{"type":"LineString","coordinates":[[27.9834011,37.0310459],[27.9820064,37.031684],[27.9811051,37.0324292],[27.9806331,37.032669],[27.9802898,37.0331614],[27.9796943,37.0336368],[27.9792811,37.0338386],[27.9793042,37.0346329]]},"properties":{"class":"unclassified"}},{"type":"Feature","geometry":{"type":"LineString","coordinates":[[28.1001213,37.0353471],[28.1001394,37.0346687],[28.1000158,37.0344409],[28.0988533,37.0335081],[28.0982306,37.0324807],[28.0982326,37.0321974],[28.0975285,37.0305309],[28.0973733,37.0296655]]},"properties":{"class":"unclassified"}},{"type":"Feature","geometry":{"type":"LineString","coordinates":[[28.0973733,37.0296655],[28.0974025,37.0289155],[28.0975066,37.0286438],[28.0979986,37.0279802],[28.0986721,37.0278247],[28.0989576,37.0276812],[28.1000205,37.0276529],[28.1001954,37.0275645],[28.1008132,37.0267281],[28.1013841,37.0266878],[28.1021109,37.0268607],[28.1022943,37.0269844]]},"properties":{"class":"unclassified"}},{"type":"Feature","geometry":{"type":"LineString","coordinates":[[27.9047284,37.0320681],[27.9041039,37.0319021]]},"properties":{"class":"tertiary"}},{"type":"Feature","geometry":{"type":"LineString","coordinates":[[27.9039579,37.0336369],[27.9041497,37.0332818],[27.9047956,37.0325996]]},"properties":{"class":"secondary","name":"Milas - Ören Yolu","ref":"48-76"}},{"type":"Feature","geometry":{"type":"LineString","coordinates":[[27.9047956,37.0325996],[27.9048812,37.0322043]]},"properties":{"class":"secondary"}},{"type":"Feature","geometry":{"type":"LineString","coordinates":[[27.9048827,37.0321187],[27.9047284,37.0320681]]},"properties":{"class":"tertiary"}},{"type":"Feature","geometry":{"type":"LineString","coordinates":[[27.9051267,37.0323174],[27.9047956,37.0325996]]},"properties":{"class":"secondary","name":"Milas - Ören Yolu","ref":"48-76"}},{"type":"Feature","geometry":{"type":"LineString","coordinates":[[27.9088764,37.0463473],[27.9085512,37.0451368],[27.9082202,37.0445746],[27.9076073,37.0442156],[27.9060257,37.0437217],[27.9058029,37.0434091],[27.9058244,37.0432273],[27.906064,37.0429477],[27.9086926,37.0413954],[27.9091107,37.0410771],[27.9093241,37.0406112],[27.9092963,37.0396362],[27.908898,37.0390181],[27.9085807,37.0387884],[27.9072114,37.0381469],[27.9055039,37.0365264],[27.904018,37.0355148],[27.9038208,37.0351906],[27.9037855,37.0349384],[27.9039579,37.0336369]]},"properties":{"class":"secondary","name":"Milas - Ören Yolu","ref":"48-76"}},{"type":"Feature","geometry":{"type":"LineString","coordinates":[[27.9049066,37.0322501],[27.9048827,37.0321187],[27.9050031,37.0320147],[27.9052604,37.0321057],[27.905187,37.0322952],[27.9049066,37.0322501]]},"properties":{"class":"secondary"}},{"type":"Feature","geometry":{"type":"LineString","coordinates":[[27.9052261,37.03206],[27.9058079,37.0323097]]},"properties":{"class":"tertiary","name":"Milas - Ören Yolu"}},{"type":"Feature","geometry":{"type":"LineString","coordinates":[[27.9058079,37.0323097],[27.905187,37.0322952]]},"properties":{"class":"tertiary","name":"Milas - Ören Yolu"}},{"type":"Feature","geometry":{"type":"LineString","coordinates":[[27.9231223,37.0374304],[27.923062,37.0374907],[27.9242461,37.0383895],[27.9240306,37.0388341],[27.9244087,37.0393208],[27.9243315,37.0396713],[27.9244128,37.0397849],[27.9253234,37.0402652],[27.9255592,37.0404891],[27.92536,37.040515],[27.9246242,37.040223],[27.9238273,37.0401711],[27.923433,37.0400672],[27.9230874,37.040064],[27.9229167,37.0401873],[27.9229533,37.0403463],[27.9235997,37.0405086],[27.9244575,37.0408752],[27.9245998,37.0409823],[27.9246079,37.0411251],[27.9228435,37.0408623],[27.9225183,37.041031],[27.9223475,37.0412614],[27.9222377,37.0415113],[27.9223638,37.0416962],[27.9232013,37.0418942],[27.9233923,37.0419753],[27.9235224,37.0421441],[27.9226971,37.0429845],[27.9231118,37.0432214],[27.9232663,37.0438055],[27.923246,37.0438931],[27.9226362,37.0442955],[27.9221117,37.0456421],[27.9221442,37.0459731],[27.9225549,37.046528],[27.9225589,37.046807],[27.9222703,37.0469822],[27.9215141,37.0471932],[27.9213149,37.0475339],[27.921323,37.0478389],[27.921571,37.0480757],[27.9222174,37.0482899],[27.9236159,37.0491141],[27.9248925,37.0496137],[27.9254373,37.0501945],[27.9268968,37.0504476],[27.9277261,37.0507948],[27.9283197,37.051314],[27.9286734,37.0519888],[27.9287181,37.0522484],[27.9286734,37.0524723],[27.9282587,37.0528422],[27.926787,37.0562327],[27.9268155,37.0570795],[27.9263805,37.0581631],[27.9262382,37.0595808],[27.925781,37.0608569],[27.9256701,37.0609798],[27.9244376,37.061388],[27.9242651,37.0615748],[27.9238153,37.0624747],[27.9237783,37.062873],[27.9240125,37.0633155],[27.9246102,37.0633401],[27.9253442,37.0631899],[27.9255029,37.0632607],[27.925615,37.0635998],[27.925615,37.0641662],[27.9254656,37.0646768],[27.9248631,37.0652506],[27.92413,37.0657798],[27.9234528,37.0660928],[27.9228083,37.0666033],[27.9208283,37.0683584],[27.9205901,37.0687869],[27.9205387,37.0691111],[27.9206508,37.0694316],[27.9214167,37.0702215],[27.92144,37.0704041],[27.921037,37.0706065]]},"properties":{"class":"unclassified"}},{"type":"Feature","geometry":{"type":"LineString","coordinates":[[27.9279263,37.053608],[27.9284472,37.053829],[27.9288456,37.054173],[27.9291302,37.0548997],[27.9293172,37.0550555],[27.9300327,37.055315],[27.9305937,37.0557693],[27.9310166,37.0559964],[27.9327241,37.0563532],[27.9334402,37.0568451],[27.9338479,37.0570249],[27.9347813,37.0570335],[27.9352641,37.0571148],[27.9352373,37.0572732],[27.9349047,37.0573845],[27.9348725,37.0574659],[27.9350871,37.0577698],[27.9359347,37.0580609],[27.9363585,37.0580866],[27.9369593,37.0585661],[27.9374474,37.0586474],[27.9391748,37.0586945],[27.9393733,37.0589256],[27.9400492,37.0592981],[27.9401189,37.0596919],[27.940414,37.0600815],[27.9404461,37.0596705],[27.9407197,37.0594394],[27.9408217,37.0592253],[27.9399419,37.0580566],[27.9395771,37.0577655],[27.9395878,37.0576799],[27.9399151,37.057453],[27.940886,37.0570934],[27.9414064,37.0568151],[27.9415485,37.0569136],[27.9413822,37.0571384],[27.9415244,37.0571469],[27.9434019,37.0566118],[27.9441798,37.0565454],[27.9444373,37.0562115],[27.9446519,37.0555009],[27.9452822,37.0544755],[27.9459715,37.0521144],[27.9473877,37.0518169],[27.948153,37.0517632]]},"properties":{"class":"tertiary"}},{"type":"Feature","geometry":{"type":"LineString","coordinates":[[27.9451087,37.0427398],[27.9398062,37.0420891],[27.9366369,37.0419384],[27.9350393,37.0416553],[27.9326953,37.0413807],[27.9316976,37.0411386],[27.930462,37.0409777],[27.9266235,37.0397517],[27.9259887,37.0394554],[27.9253377,37.0389935],[27.9247941,37.0384785],[27.9231223,37.0374304],[27.9224531,37.0366292],[27.921957,37.0357338],[27.9214586,37.0353519],[27.9206554,37.0351378],[27.9191568,37.0350416],[27.9176111,37.0346043],[27.9138034,37.0339863],[27.9098485,37.0330143],[27.9073516,37.0327082]]},"properties":{"class":"tertiary","name":"Milas - Ören Yolu"}},{"type":"Feature","geometry":{"type":"LineString","coordinates":[[27.9073516,37.0327082],[27.9058079,37.0323097]]},"properties":{"class":"tertiary","name":"Milas - Ören Yolu"}},{"type":"Feature","geometry":{"type":"LineString","coordinates":[[27.9129785,37.0317439],[27.9124562,37.0323322],[27.9121893,37.0335798]]},"properties":{"class":"unclassified"}},{"type":"Feature","geometry":{"type":"LineString","coordinates":[[27.9090194,37.0468949],[27.9088764,37.0463473]]},"properties":{"class":"secondary","name":"Milas - Ören Yolu","ref":"48-76"}},{"type":"Feature","geometry":{"type":"LineString","coordinates":[[27.9230684,37.0347389],[27.9228989,37.0349703]]},"properties":{"class":"unclassified"}},{"type":"Feature","geometry":{"type":"LineString","coordinates":[[27.9228989,37.0349703],[27.9216049,37.0354308]]},"properties":{"class":"unclassified"}},{"type":"Feature","geometry":{"type":"LineString","coordinates":[[27.9233364,37.0344825],[27.9230684,37.0347389]]},"properties":{"class":"unclassified"}},{"type":"Feature","geometry":{"type":"LineString","coordinates":[[27.9267173,37.0339904],[27.9232272,37.0341754]]},"properties":{"class":"unclassified"}},{"type":"Feature","geometry":{"type":"LineString","coordinates":[[27.9110489,37.0667171],[27.9120423,37.0669555],[27.9125804,37.0673388],[27.9131925,37.0675109]]},"properties":{"class":"unclassified"}},{"type":"Feature","geometry":{"type":"LineString","coordinates":[[27.9135949,37.0675745],[27.9137718,37.0677184],[27.9140216,37.0681515],[27.9145883,37.0683981],[27.9154071,37.0685657],[27.9155665,37.068664],[27.9158491,37.0695717],[27.9162983,37.069959],[27.9187909,37.0700168],[27.9194285,37.0701614],[27.9201096,37.0706586],[27.920624,37.0707106],[27.921037,37.0706065]]},"properties":{"class":"unclassified"}},{"type":"Feature","geometry":{"type":"LineString","coordinates":[[27.9118201,37.0668835],[27.91169,37.0669386],[27.9116616,37.0671105]]},"properties":{"class":"unclassified"}},{"type":"Feature","geometry":{"type":"LineString","coordinates":[[27.9131925,37.0675109],[27.9135949,37.0675745]]},"properties":{"class":"unclassified"}},{"type":"Feature","geometry":{"type":"LineString","coordinates":[[27.9212434,37.0958961],[27.9215353,37.0953575],[27.9215893,37.0950417],[27.9218052,37.0947654],[27.9216477,37.0943097],[27.9216657,37.0941124],[27.9221516,37.0933947],[27.9221246,37.0932082],[27.9214138,37.0925766],[27.9213329,37.0923865],[27.9213688,37.0922429],[27.9216342,37.0921353],[27.9217062,37.0919666],[27.9215083,37.0915504],[27.9211979,37.091292],[27.920901,37.0905493],[27.920955,37.0901761],[27.9207301,37.0895481],[27.9209685,37.0889811],[27.920919,37.0880912],[27.921036,37.0879369],[27.9212744,37.0878687],[27.9220481,37.087901],[27.9221381,37.0877647],[27.9211259,37.0864441],[27.9207481,37.0845781],[27.9189172,37.083017],[27.9176127,37.0820373],[27.9175587,37.0818901],[27.9177881,37.081499],[27.918112,37.0813662],[27.9187643,37.0813411],[27.9187732,37.0812478],[27.9181974,37.0809284],[27.9174372,37.0807238],[27.9169019,37.0797405],[27.9169604,37.0792452],[27.916722,37.0785561],[27.9165645,37.0777379],[27.916479,37.0775369],[27.9161372,37.0773215],[27.9159257,37.0767222],[27.9157053,37.0766038],[27.914584,37.0765474],[27.9139609,37.0769578],[27.9134899,37.0770272],[27.9132145,37.0768538],[27.9129102,37.0763971],[27.9132228,37.0758641],[27.9129102,37.075212],[27.9121516,37.0752848],[27.9117292,37.0751657],[27.9115778,37.07509],[27.9114454,37.07445],[27.9112721,37.0742321],[27.9110515,37.0741638],[27.9105683,37.0742582]]},"properties":{"class":"tertiary"}},{"type":"Feature","geometry":{"type":"LineString","coordinates":[[27.9470079,37.039778],[27.9495043,37.0403773],[27.9504574,37.0412048],[27.9510096,37.0414399],[27.951199,37.0418062],[27.9512766,37.0422484]]},"properties":{"class":"unclassified"}},{"type":"Feature","geometry":{"type":"LineString","coordinates":[[27.9549836,37.0418809],[27.9545365,37.0419642],[27.9533427,37.0425138],[27.9512766,37.0422484],[27.9498201,37.0424606],[27.9486192,37.0429851]]},"properties":{"class":"tertiary","name":"İsmet İnönü Cd."}},{"type":"Feature","geometry":{"type":"LineString","coordinates":[[27.9470775,37.0424469],[27.9467952,37.0428588]]},"properties":{"class":"tertiary","name":"Milas - Ören Yolu"}},{"type":"Feature","geometry":{"type":"LineString","coordinates":[[27.9472376,37.042351],[27.9471489,37.0421819]]},"properties":{"class":"tertiary"}},{"type":"Feature","geometry":{"type":"LineString","coordinates":[[27.9467952,37.0428588],[27.946568,37.0429564],[27.9463679,37.0429448],[27.9451087,37.0427398]]},"properties":{"class":"tertiary","name":"Milas - Ören Yolu"}},{"type":"Feature","geometry":{"type":"LineString","coordinates":[[27.9472376,37.042351],[27.9474905,37.0423247],[27.9477466,37.0424114],[27.948462,37.0429929]]},"properties":{"class":"secondary","ref":"48-50"}},{"type":"Feature","geometry":{"type":"LineString","coordinates":[[27.9485297,37.0430712],[27.9483741,37.0430694]]},"properties":{"class":"secondary"}},{"type":"Feature","geometry":{"type":"LineString","coordinates":[[27.9480183,37.0426829],[27.947611,37.0424251],[27.9472376,37.042351]]},"properties":{"class":"secondary","ref":"48-50"}},{"type":"Feature","geometry":{"type":"LineString","coordinates":[[27.9472376,37.042351],[27.9471708,37.0423809]]},"properties":{"class":"secondary","ref":"48-50"}},{"type":"Feature","geometry":{"type":"LineString","coordinates":[[27.9498678,37.0441153],[27.948921,37.0436507],[27.9485051,37.0433036]]},"properties":{"class":"secondary","ref":"48-50"}},{"type":"Feature","geometry":{"type":"LineString","coordinates":[[27.9471066,37.0424096],[27.9471489,37.0421819]]},"properties":{"class":"tertiary"}},{"type":"Feature","geometry":{"type":"LineString","coordinates":[[27.9471066,37.0424096],[27.9470775,37.0424469]]},"properties":{"class":"tertiary","name":"Milas - Ören Yolu","ref":"48-50"}},{"type":"Feature","geometry":{"type":"LineString","coordinates":[[27.9483741,37.0430694],[27.948462,37.0429929]]},"properties":{"class":"secondary"}},{"type":"Feature","geometry":{"type":"LineString","coordinates":[[27.948462,37.0429929],[27.9484864,37.0429986]]},"properties":{"class":"secondary"}},{"type":"Feature","geometry":{"type":"LineString","coordinates":[[27.9484864,37.0429986],[27.9485297,37.0430712]]},"properties":{"class":"secondary"}},{"type":"Feature","geometry":{"type":"LineString","coordinates":[[27.9483741,37.0430694],[27.9482485,37.0428586],[27.9480183,37.0426829]]},"properties":{"class":"secondary","ref":"48-50"}},{"type":"Feature","geometry":{"type":"LineString","coordinates":[[27.9471708,37.0423809],[27.9471066,37.0424096]]},"properties":{"class":"secondary","ref":"48-50"}},{"type":"Feature","geometry":{"type":"LineString","coordinates":[[27.9793042,37.0346329],[27.9791915,37.0347514],[27.9781037,37.0348778],[27.977921,37.035069],[27.9773771,37.0353833],[27.9760782,37.0359957],[27.9755181,37.0366469],[27.9749944,37.037039],[27.9745114,37.0376708],[27.973931,37.0377421],[27.97264,37.0381135],[27.9718983,37.0384546],[27.9715919,37.0387073],[27.9711383,37.0394429],[27.970294,37.0399012],[27.9693644,37.0400668],[27.9683388,37.0400402],[27.9673916,37.0401918],[27.9667644,37.0403467],[27.9652608,37.0409829],[27.9648281,37.0409821],[27.9627024,37.0414622],[27.9613515,37.0413912],[27.9606432,37.0416075],[27.9602171,37.0416068],[27.9599852,37.0415135],[27.9597349,37.0407383],[27.9596467,37.0407079],[27.957456,37.0410366]]},"properties":{"class":"unclassified"}},{"type":"Feature","geometry":{"type":"LineString","coordinates":[[27.9467168,37.0429237],[27.9471406,37.0431239],[27.9478128,37.0436684],[27.9492477,37.0445993],[27.9496751,37.044726],[27.9505727,37.0452621],[27.9511833,37.0457397],[27.9522092,37.0461442],[27.9532044,37.0468168],[27.9538273,37.0473675],[27.9544867,37.0481667],[27.9548164,37.048425],[27.9550851,37.0488344],[27.9553049,37.0490391],[27.9560315,37.0494338],[27.9568803,37.0505644],[27.9570146,37.0509445],[27.9575703,37.051617],[27.9579183,37.0527086],[27.9578756,37.0533616],[27.957613,37.0543411],[27.9577351,37.0544678],[27.9591578,37.0545896],[27.959628,37.055306],[27.9598234,37.0554326],[27.9608736,37.0557689],[27.9608431,37.0559151],[27.9594631,37.0573136],[27.958248,37.0580201],[27.9568314,37.0580055],[27.9553538,37.0573672],[27.9550546,37.0573038],[27.9547859,37.0573185],[27.9544501,37.0574988],[27.9543524,37.0579568],[27.9544501,37.0587267],[27.9545295,37.0589362],[27.9552378,37.0598377],[27.9552011,37.0610704],[27.955482,37.0617818],[27.9559766,37.0623665],[27.9572161,37.0636431],[27.957784,37.0639647],[27.9585533,37.0642376],[27.9618506,37.0647004],[27.9621498,37.0648027],[27.962278,37.0649051],[27.9626383,37.0658795],[27.963255,37.0669124],[27.9639083,37.067882],[27.9641953,37.0681305],[27.9645556,37.068301],[27.9650135,37.0683887],[27.9673888,37.0679989],[27.9678651,37.0680818],[27.9682009,37.0682523],[27.9685673,37.068681],[27.9690374,37.0704252],[27.970106,37.0730707],[27.9704235,37.0741717],[27.9703624,37.0744445],[27.9698678,37.0752094],[27.9694893,37.0772067],[27.9692633,37.0774795],[27.9687016,37.0778449],[27.9685856,37.0780251],[27.9685367,37.0788533],[27.9683413,37.0797983],[27.9677002,37.0815813],[27.9671934,37.0833154],[27.9672361,37.0836223],[27.9676269,37.0844114],[27.9677124,37.0847767],[27.9675292,37.0862283],[27.9675456,37.0874269],[27.967653,37.0875983],[27.9679613,37.0878218],[27.9685497,37.0881533],[27.9687131,37.0884141]]},"properties":{"class":"unclassified"}},{"type":"Feature","geometry":{"type":"LineString","coordinates":[[27.9687131,37.0884141],[27.9690401,37.0877085],[27.9707285,37.0859462],[27.971015,37.0858479],[27.9711845,37.0860716],[27.9708332,37.0879493],[27.9709934,37.0891291],[27.9718346,37.0895174],[27.9720194,37.0897115],[27.9722474,37.0902031],[27.9726018,37.090471],[27.9728729,37.090525],[27.9729561,37.0904931],[27.9729869,37.0902989],[27.9728236,37.0899082],[27.9727496,37.0888882],[27.9729191,37.0881165],[27.9731009,37.0878412],[27.9730916,37.0871383],[27.9732149,37.0867868],[27.9740899,37.0860544],[27.9744257,37.0856095],[27.9760217,37.0846386],[27.9765024,37.0845526],[27.9777471,37.0849188],[27.9780583,37.0847861],[27.9789734,37.0841495],[27.9798823,37.083884],[27.9803845,37.0834883],[27.9806371,37.0834269],[27.9809945,37.0836333],[27.9811886,37.0841126],[27.981734,37.0849041],[27.9822177,37.08529],[27.9824303,37.0853637],[27.9826429,37.0852728],[27.9827014,37.0851621],[27.9828185,37.0844862],[27.9827908,37.084088],[27.9831605,37.0825592],[27.9834286,37.0822815],[27.9844241,37.0817612],[27.9847996,37.0816649],[27.9849605,37.081697],[27.9852636,37.0818682],[27.985682,37.0829873],[27.985843,37.0832013],[27.9859797,37.0832334],[27.9863928,37.0830857],[27.9870714,37.0826599],[27.987463,37.0826107],[27.9881389,37.0830536],[27.9892735,37.083488],[27.9906897,37.084284],[27.9913415,37.0849366],[27.9914735,37.085556],[27.9918308,37.0860682],[27.9929165,37.086532],[27.9944553,37.0875025],[27.995033,37.0880935],[27.9954863,37.0884359],[27.9956016,37.088806],[27.9961085,37.089266],[27.9969266,37.0904107],[27.9988015,37.0915425],[27.9995632,37.0921309],[28.0003437,37.0929482],[28.0006415,37.0937933],[28.000797,37.0948566],[28.0025297,37.09494],[28.0026612,37.0955647],[28.0032378,37.0964205],[28.0035248,37.0967029],[28.0041659,37.0969275],[28.0056599,37.0971051],[28.0059013,37.097227],[28.0061883,37.0977683],[28.0061534,37.0987888],[28.0070063,37.0996423],[28.0073631,37.0998991],[28.0075562,37.1004189],[28.0079773,37.1010264],[28.0082536,37.1011313],[28.0087739,37.1010393],[28.0094472,37.1016019],[28.0103403,37.1018736],[28.011035,37.1019292],[28.0111584,37.1020404],[28.0113247,37.102449],[28.0123064,37.1028598],[28.0133417,37.1039764],[28.0138996,37.1044406],[28.0139318,37.1046032],[28.0137575,37.1049818],[28.0137092,37.1053048],[28.0137816,37.1055508],[28.0139345,37.1056471],[28.0142027,37.1056],[28.0145729,37.1050867],[28.0150744,37.104969],[28.0155599,37.1046888],[28.01604,37.104308],[28.0163431,37.1039358],[28.0165952,37.103155],[28.0166864,37.1025453],[28.0164021,37.1022608],[28.015981,37.1015356],[28.0160508,37.1008018],[28.0176896,37.1002413],[28.0186096,37.0996445],[28.0187598,37.0994755],[28.0186042,37.0990818],[28.018918,37.0986754],[28.0189207,37.0984785],[28.0184862,37.0981833],[28.0178907,37.0980699],[28.0176359,37.0976613],[28.0162063,37.0965617],[28.0159059,37.0960418],[28.0159086,37.0958257],[28.0159944,37.0957188],[28.0168554,37.0953059],[28.0169144,37.095415],[28.0165282,37.095676],[28.0164477,37.0958172],[28.0165121,37.0962279],[28.0166087,37.0963114],[28.0188081,37.09718],[28.0202833,37.0974174],[28.0208895,37.0977362],[28.0214983,37.0979073],[28.0218309,37.0982069],[28.0217397,37.0986861],[28.0219838,37.0991974],[28.0219623,37.0997065],[28.0221555,37.1004082],[28.0220321,37.1007762],[28.0217236,37.1012746],[28.0217129,37.1014928],[28.0218497,37.1018907],[28.0226275,37.1029496],[28.0227402,37.1033133],[28.0227107,37.1037433],[28.0229226,37.1043765],[28.0227911,37.1062247],[28.0225337,37.1070846],[28.0225819,37.1074033],[28.0228689,37.1077199],[28.0225338,37.1079121],[28.0223809,37.1083528],[28.0224373,37.108986],[28.0221181,37.1095271],[28.0220671,37.109833],[28.0224158,37.1102801],[28.0224507,37.1109282],[28.0228021,37.1118608],[28.0227725,37.1127805],[28.0230434,37.1133238],[28.0231346,37.1137986],[28.0230032,37.1141515],[28.0231615,37.1145237],[28.0232205,37.1144745],[28.0231534,37.1140104],[28.0233437,37.1140601]]},"properties":{"class":"tertiary"}},{"type":"Feature","geometry":{"type":"LineString","coordinates":[[27.957456,37.0410366],[27.9575463,37.0408586],[27.962413,37.0382849],[27.9727342,37.0323888],[27.973244,37.031989],[27.9736811,37.0317835]]},"properties":{"class":"tertiary"}},{"type":"Feature","geometry":{"type":"LineString","coordinates":[[27.9826213,37.0574453],[27.9818285,37.0573122],[27.9802948,37.0573208],[27.9782829,37.0574208],[27.9767758,37.057802],[27.9758488,37.0579073],[27.9725034,37.0577507],[27.9720589,37.0577716],[27.9711936,37.0579749],[27.9709125,37.0579509],[27.97069,37.0576792],[27.9705536,37.0567423],[27.9700269,37.0552758],[27.9689552,37.0547439],[27.9678952,37.0544997],[27.9673414,37.0541896],[27.967086,37.0539764],[27.9663169,37.0529532],[27.9658579,37.0524779],[27.9653882,37.0515536],[27.9645011,37.0507363],[27.9635653,37.0503488],[27.9630337,37.0504216],[27.961817,37.0504007],[27.9612366,37.0502204],[27.9596271,37.049198],[27.9575178,37.0474837],[27.9569616,37.0468757],[27.9559234,37.0460311],[27.9552617,37.045611],[27.9547605,37.0451612],[27.954324,37.0449259],[27.9535506,37.0446056],[27.9530152,37.044514],[27.9524927,37.0442689],[27.950393,37.0442062],[27.9498678,37.0441153]]},"properties":{"class":"secondary","ref":"48-50"}},{"type":"Feature","geometry":{"type":"LineString","coordinates":[[28.011261,37.0395896],[28.0116295,37.0402777],[28.0121638,37.0409927],[28.0125373,37.0412184],[28.0136584,37.0416125],[28.0139475,37.0419629],[28.0144933,37.0429745],[28.0147955,37.0447015],[28.0149038,37.0449574],[28.0155246,37.045783],[28.015856,37.046844],[28.0158534,37.047032],[28.015714,37.0472948],[28.0150332,37.0483448],[28.0140326,37.0496437],[28.0137884,37.050815],[28.0137163,37.0519299],[28.0134502,37.0524047],[28.0130328,37.0528081],[28.0111054,37.0534986],[28.0099236,37.0547611],[28.0094827,37.0550093],[28.006411,37.0553592],[28.0047373,37.0551241],[28.003696,37.0553545],[28.0019531,37.055113],[28.0000697,37.055322],[27.9988814,37.0557043],[27.9968672,37.0559448],[27.9954236,37.0563143],[27.9943909,37.056864],[27.9928658,37.0570695],[27.9914614,37.0570832],[27.9911057,37.0571504],[27.9900516,37.0578084],[27.9891719,37.0582082],[27.9880861,37.0579179],[27.9868823,37.0572039]]},"properties":{"class":"tertiary","name":"Alatepe - Ören Yolu"}},{"type":"Feature","geometry":{"type":"LineString","coordinates":[[28.0105706,37.0382437],[28.0103975,37.037945],[28.0099345,37.037709],[28.0094937,37.0372013],[28.0086513,37.0367605],[28.0072566,37.0371167],[28.0062635,37.0371212],[28.0053486,37.0366402],[28.0050473,37.0366001],[28.004244,37.0369653],[28.0031728,37.03766],[28.0028325,37.0377491],[28.0014378,37.037326],[28.0004949,37.0374195],[27.9997195,37.0373038],[27.9986929,37.0375398],[27.9983973,37.0371791],[27.9980346,37.0369297],[27.9968519,37.0367783],[27.9964837,37.0367605],[27.9958979,37.0371479],[27.9957696,37.0371479],[27.9953289,37.0366179],[27.9952173,37.0365511],[27.9949272,37.0365779]]},"properties":{"class":"unclassified"}},{"type":"Feature","geometry":{"type":"LineString","coordinates":[[27.9564759,37.0415167],[27.956575,37.0414312],[27.9574064,37.0413808],[27.957456,37.0410366]]},"properties":{"class":"tertiary"}},{"type":"Feature","geometry":{"type":"LineString","coordinates":[[27.9564759,37.0415167],[27.9562488,37.0419089],[27.9561466,37.0419558],[27.9549836,37.0418809]]},"properties":{"class":"tertiary","name":"İsmet İnönü Cd."}},{"type":"Feature","geometry":{"type":"LineString","coordinates":[[27.9544501,37.0587267],[27.954182,37.0584195],[27.9541539,37.0580618],[27.9539811,37.0577785],[27.953374,37.0573574],[27.9505954,37.0550281],[27.9503526,37.0535224],[27.9504506,37.0532615],[27.9507635,37.0530491],[27.9507962,37.0527025],[27.950446,37.0516589],[27.9502918,37.0514203],[27.9499323,37.0512452],[27.9496988,37.0512675],[27.9487227,37.0516962],[27.948153,37.0517632]]},"properties":{"class":"tertiary"}},{"type":"Feature","geometry":{"type":"LineString","coordinates":[[27.9949272,37.0365779],[27.9948602,37.0366981],[27.9949049,37.0368718],[27.9951838,37.0374774],[27.9950778,37.0379406],[27.994665,37.0385329],[27.9939732,37.0390984],[27.9939564,37.0396729],[27.9941684,37.0401049],[27.9941852,37.0403542],[27.9939397,37.0407862],[27.9940457,37.0421577],[27.9936831,37.0415744],[27.9929522,37.0408619],[27.992796,37.0405724],[27.9912451,37.0407684],[27.9909215,37.0407283],[27.9909159,37.0401761],[27.9911056,37.0391474],[27.990888,37.0384883],[27.9907709,37.0385284],[27.9908155,37.0386397],[27.9903859,37.0391563],[27.9902074,37.0391563],[27.9900847,37.0385819],[27.9898559,37.0384304],[27.9897109,37.0385195],[27.9895714,37.0388134],[27.9892813,37.038996],[27.9887792,37.0391029],[27.9886007,37.0390806],[27.9884389,37.0388847],[27.9880037,37.0389648]]},"properties":{"class":"unclassified"}},{"type":"Feature","geometry":{"type":"LineString","coordinates":[[27.9968519,37.0367783],[27.9968481,37.036504],[27.9972852,37.0357578],[27.99785,37.0352264],[27.9983611,37.0344427],[27.9985897,37.0342978],[27.9991209,37.0341582],[27.9996185,37.0337127],[28.000217,37.0336965],[28.0008559,37.0339113],[28.0008895,37.0340991],[28.0007819,37.0343514],[28.0009365,37.0348775],[28.0007752,37.0350546]]},"properties":{"class":"unclassified"}},{"type":"Feature","geometry":{"type":"LineString","coordinates":[[27.9868823,37.0572039],[27.9866163,37.0571499],[27.9857319,37.0572123],[27.984667,37.0573657]]},"properties":{"class":"tertiary","name":"Alatepe - Ören Yolu"}},{"type":"Feature","geometry":{"type":"LineString","coordinates":[[27.9675742,37.0858798],[27.9666054,37.0859398],[27.9659337,37.0862125],[27.9655063,37.0862418],[27.9645171,37.0861151],[27.953815,37.0820515]]},"properties":{"class":"unclassified"}},{"type":"Feature","geometry":{"type":"LineString","coordinates":[[27.9859322,37.0584658],[27.9856956,37.0580609],[27.9849032,37.0574182],[27.984667,37.0573657],[27.9826213,37.0574453]]},"properties":{"class":"secondary","ref":"48-50"}},{"type":"Feature","geometry":{"type":"LineString","coordinates":[[27.9955654,37.0690972],[27.9945973,37.0687628],[27.9943252,37.068522],[27.9931369,37.0662041],[27.9928794,37.0659243],[27.9908412,37.0652128],[27.9901194,37.0648378],[27.9891568,37.0641766],[27.9885767,37.0636269],[27.9881903,37.0631142],[27.9870504,37.0608414],[27.9867144,37.0598138],[27.9859322,37.0584658]]},"properties":{"class":"secondary","ref":"48-50"}},{"type":"Feature","geometry":{"type":"LineString","coordinates":[[27.9955654,37.0690972],[27.9957787,37.0693326]]},"properties":{"class":"tertiary"}},{"type":"Feature","geometry":{"type":"LineString","coordinates":[[27.9212434,37.0958961],[27.9207732,37.0962502],[27.9206296,37.0965575],[27.9207537,37.0969481],[27.9213021,37.0974325],[27.9221902,37.0979116],[27.9240184,37.0979324],[27.9243253,37.0982345],[27.9245669,37.0987397],[27.9257488,37.0994792],[27.9258271,37.0999011],[27.9261144,37.1001823],[27.9261863,37.1008489],[27.926454,37.101328],[27.926356,37.1019998],[27.9264017,37.1022706],[27.9269894,37.103484],[27.9268588,37.1038381],[27.9266694,37.1040881],[27.9260165,37.1045828],[27.9256247,37.1046088],[27.9254223,37.104463],[27.9253439,37.1042912],[27.9253831,37.10401],[27.9253244,37.1038069],[27.9249718,37.1035881],[27.9247824,37.103609],[27.9246126,37.1037027],[27.9239662,37.1044005],[27.9224513,37.1064263],[27.9222555,37.10652],[27.921276,37.1065669],[27.921041,37.1063429],[27.9207079,37.104989],[27.9203162,37.1044891],[27.9184487,37.1033278],[27.917326,37.1020011],[27.9163073,37.1011595],[27.915879,37.1010804],[27.9151477,37.101447],[27.9148134,37.1017178],[27.9143119,37.1027385],[27.9136276,37.1032635],[27.9129185,37.1040096]]},"properties":{"class":"tertiary"}},{"type":"Feature","geometry":{"type":"LineString","coordinates":[[27.944841,37.0971592],[27.9455098,37.0969387],[27.9457598,37.0966079],[27.9458025,37.0962982],[27.9456297,37.0958832],[27.9456115,37.0955021],[27.9450504,37.0949282],[27.9444853,37.0945698],[27.944652,37.0939407],[27.9443796,37.0936343],[27.9442902,37.093216],[27.9437626,37.0930891],[27.9435947,37.0929085],[27.9431665,37.0920655],[27.9428087,37.0916115],[27.9426407,37.0908626],[27.9430236,37.0903951],[27.942991,37.0902349]]},"properties":{"class":"tertiary"}},{"type":"Feature","geometry":{"type":"LineString","coordinates":[[27.9260165,37.1045828],[27.9287154,37.104227],[27.9290764,37.1042383],[27.9307327,37.1045855],[27.9327819,37.1045516],[27.9331854,37.1046279],[27.9342295,37.1050512],[27.9344029,37.10504],[27.9345338,37.1049412],[27.9345675,37.1046894],[27.9345246,37.1045182],[27.9342618,37.1041888],[27.9341652,37.1028326],[27.9344978,37.1014806],[27.9343637,37.1009115],[27.9344603,37.1006206],[27.9354312,37.0995809],[27.9360106,37.0997264],[27.9362037,37.1000002],[27.93615,37.1001414],[27.9357209,37.1003767],[27.9356404,37.1005821],[27.9361393,37.1008602],[27.9362037,37.1013351],[27.936669,37.1022233],[27.9367991,37.1023789],[27.9370065,37.1023919],[27.9371366,37.1022038],[27.9370959,37.1019801],[27.9371691,37.1015261],[27.937287,37.1013932],[27.9378439,37.1011565],[27.9379456,37.101043],[27.9379618,37.1004237],[27.9385391,37.0999795],[27.9389254,37.0989451],[27.9398564,37.0979723],[27.9401491,37.0978491]]},"properties":{"class":"tertiary"}},{"type":"Feature","geometry":{"type":"LineString","coordinates":[[27.9401491,37.0978491],[27.9405556,37.0980825],[27.9412305,37.0979982],[27.9417834,37.0981539],[27.9422712,37.0981279],[27.9427347,37.0982933],[27.9440194,37.098543],[27.9442877,37.0986662],[27.944743,37.0991072],[27.946353,37.099866],[27.9471417,37.1001124],[27.9488898,37.1016948],[27.949024,37.1018893],[27.9490199,37.1022914],[27.9493533,37.1025637],[27.9496745,37.1030663],[27.9503373,37.1037635],[27.9504587,37.1040726],[27.9517663,37.1050038],[27.9521679,37.1054693],[27.954092,37.1071825],[27.955068,37.1070261],[27.9554089,37.1067915],[27.9554743,37.1066462],[27.9553996,37.1061881],[27.9554369,37.1056891],[27.9553435,37.105555],[27.9549559,37.1054879]]},"properties":{"class":"tertiary"}},{"type":"Feature","geometry":{"type":"LineString","coordinates":[[27.944841,37.0971592],[27.9441385,37.0976285],[27.9435478,37.0984341]]},"properties":{"class":"tertiary"}},{"type":"Feature","geometry":{"type":"LineString","coordinates":[[27.9549559,37.1054879],[27.9547598,37.1054172],[27.9542274,37.1042738],[27.953228,37.1031527],[27.9532794,37.1013388],[27.9534522,37.1008211],[27.9536016,37.1006907],[27.9547925,37.1004114],[27.9550727,37.1004449],[27.9556891,37.1006982],[27.9560814,37.1007131],[27.9573049,37.1001693],[27.9585285,37.0999271],[27.9597613,37.1003257],[27.9608681,37.1003927],[27.9613211,37.1003145],[27.9619282,37.1000352],[27.9622318,37.0999942],[27.9632732,37.1001208],[27.9639737,37.1001022],[27.9650104,37.0997968],[27.9656922,37.099685],[27.9674668,37.0986831],[27.9680973,37.0987538],[27.9682654,37.0987352],[27.9683822,37.0985974],[27.9683822,37.0985006],[27.9677499,37.0977493],[27.9677606,37.0975739],[27.9681951,37.0966261],[27.9686001,37.0960057],[27.9687879,37.0951007],[27.968061,37.0938149],[27.9673663,37.0920606],[27.967251,37.0914722],[27.9673878,37.0910143],[27.9673636,37.0901585],[27.9674843,37.0897006],[27.9679832,37.0890823],[27.9687131,37.0884141]]},"properties":{"class":"tertiary"}},{"type":"Feature","geometry":{"type":"LineString","coordinates":[[27.9914756,37.0853731],[27.9917257,37.0855243],[27.9923515,37.0855579],[27.9933438,37.0859881],[27.9937268,37.0859826],[27.9943596,37.0858391],[27.9953963,37.0861819],[27.9961342,37.0861148],[27.9964004,37.0861651],[27.996809,37.086519],[27.9976099,37.0866699],[27.99828,37.087238],[27.9994008,37.0875547],[28.0001184,37.0882198],[28.0007434,37.0885086],[28.000899,37.0890585],[28.0007595,37.0891698],[28.0005932,37.0891612],[27.9996008,37.088806],[27.9991019,37.0887461],[27.998493,37.0892254],[27.9981202,37.0892382],[27.9971707,37.0888424],[27.9969615,37.0885835],[27.9966235,37.0883738],[27.9956177,37.0882583],[27.9946771,37.0877167]]},"properties":{"class":"tertiary"}},{"type":"Feature","geometry":{"type":"LineString","coordinates":[[28.0057168,37.0368094],[28.0056402,37.0365669],[28.0057275,37.036408],[28.0061116,37.0361153],[28.0065237,37.0359508],[28.0072327,37.0353988],[28.0073305,37.0351005],[28.0075086,37.0348998],[28.0070755,37.0346516]]},"properties":{"class":"unclassified"}},{"type":"Feature","geometry":{"type":"LineString","coordinates":[[28.0370885,37.0402172],[28.0360359,37.0397487],[28.0352544,37.039091],[28.0348268,37.0389673],[28.0308598,37.039154],[28.0292736,37.0386247],[28.0266498,37.0388598],[28.0247878,37.0383969],[28.0233532,37.0378488],[28.0231287,37.0379151],[28.0225197,37.038365],[28.0213466,37.0388966],[28.0209024,37.0389831],[28.0178143,37.0383403],[28.0163372,37.0377203],[28.0157853,37.0378475]]},"properties":{"class":"tertiary","name":"Alatepe - Kultak Yolu"}},{"type":"Feature","geometry":{"type":"LineString","coordinates":[[28.0143085,37.0384333],[28.014008,37.0384975],[28.0131835,37.0383772],[28.0121904,37.0384746],[28.0110764,37.0382204],[28.0105706,37.0382437]]},"properties":{"class":"tertiary","name":"Alatepe - Kultak Yolu"}},{"type":"Feature","geometry":{"type":"LineString","coordinates":[[28.0105706,37.0382437],[28.0105884,37.0384589],[28.011261,37.0395896]]},"properties":{"class":"tertiary","name":"Alatepe - Ören Yolu"}},{"type":"Feature","geometry":{"type":"LineString","coordinates":[[28.0157853,37.0378475],[28.0143085,37.0384333]]},"properties":{"class":"tertiary","name":"Alatepe - Kultak Yolu"}},{"type":"Feature","geometry":{"type":"LineString","coordinates":[[28.0451083,37.0437967],[28.0447716,37.0435675],[28.0446402,37.043561],[28.0434574,37.0441027],[28.0431301,37.0444238],[28.0423148,37.044685],[28.0418373,37.0453487],[28.0419875,37.0460123],[28.0414725,37.0462264],[28.0414296,37.0463805],[28.041789,37.0466631],[28.0420358,37.0472026],[28.0418588,37.0479262],[28.0421055,37.0495017],[28.0425186,37.0504223],[28.0421967,37.0508161],[28.0420358,37.0507434],[28.0417193,37.0503238],[28.0404694,37.0507862],[28.0398954,37.0507305],[28.0394126,37.0508675],[28.0392141,37.0508119],[28.0389888,37.050525],[28.0389083,37.0498229],[28.0386079,37.0491678],[28.0382324,37.048988],[28.0374814,37.0482987],[28.0371327,37.0481659],[28.0361564,37.0473953],[28.0357004,37.0474124],[28.0355073,37.0476778],[28.0355502,37.0480332],[28.0356414,37.0481402]]},"properties":{"class":"unclassified"}},{"type":"Feature","geometry":{"type":"LineString","coordinates":[[28.0468914,37.0445521],[28.0463996,37.0445012],[28.0458689,37.0440391]]},"properties":{"class":"tertiary","name":"Akyaka - Kultak Yolu"}},{"type":"Feature","geometry":{"type":"LineString","coordinates":[[28.0454462,37.0417762],[28.045024,37.0416268],[28.0446992,37.0411303],[28.0443884,37.0408489],[28.0436902,37.0406056],[28.0429862,37.0406851],[28.0424463,37.0406178],[28.0419881,37.0402252],[28.0416629,37.0402665]]},"properties":{"class":"tertiary","name":"Akyaka - Kultak Yolu"}},{"type":"Feature","geometry":{"type":"LineString","coordinates":[[28.0495282,37.0440711],[28.0492867,37.0439718],[28.0488556,37.0435819],[28.0479219,37.0435921],[28.0477409,37.0436257],[28.0475843,37.0437753],[28.0477167,37.0441562],[28.0476504,37.0442772],[28.0468914,37.0445521]]},"properties":{"class":"tertiary","name":"Akyaka - Kultak Yolu"}},{"type":"Feature","geometry":{"type":"LineString","coordinates":[[28.0416629,37.0402665],[28.0412802,37.0405272],[28.0398785,37.040701],[28.0387697,37.0411232],[28.0384109,37.0410287],[28.0370885,37.0402172]]},"properties":{"class":"tertiary","name":"Alatepe - Kultak Yolu"}},{"type":"Feature","geometry":{"type":"LineString","coordinates":[[28.0462944,37.0430415],[28.0464727,37.0427437],[28.0471226,37.0424711],[28.0472239,37.0422051],[28.0468936,37.0420138],[28.0454462,37.0417762]]},"properties":{"class":"tertiary","name":"Akyaka - Kultak Yolu"}},{"type":"Feature","geometry":{"type":"LineString","coordinates":[[28.045907,37.0438336],[28.0461666,37.0435566],[28.0462944,37.0430415]]},"properties":{"class":"tertiary","name":"Akyaka - Kultak Yolu"}},{"type":"Feature","geometry":{"type":"LineString","coordinates":[[28.0458689,37.0440391],[28.0451083,37.0437967],[28.0452686,37.0437444],[28.0456299,37.0438654],[28.045907,37.0438336]]},"properties":{"class":"tertiary","name":"Akyaka - Kultak Yolu"}},{"type":"Feature","geometry":{"type":"LineString","coordinates":[[28.0659802,37.0473865],[28.065426,37.0470171],[28.064849,37.0470442],[28.0636423,37.0468976],[28.0626462,37.0469854],[28.0618903,37.0468826],[28.0581583,37.0454988],[28.0567913,37.0453675],[28.056255,37.0448634],[28.0560093,37.0447808],[28.0557561,37.0447641],[28.0548329,37.0449627],[28.0542353,37.0449272],[28.0538447,37.0447118],[28.0534097,37.0441551],[28.0527096,37.0440584],[28.0523979,37.043903],[28.0522423,37.0438992],[28.0515917,37.0441578],[28.0503521,37.0442592],[28.0495282,37.0440711]]},"properties":{"class":"tertiary","name":"Akyaka - Kultak Yolu"}},{"type":"Feature","geometry":{"type":"LineString","coordinates":[[28.06933,37.0549453],[28.0693166,37.0558144],[28.0691906,37.0563495],[28.0689036,37.0565229],[28.0671896,37.0570709],[28.0663555,37.0576253],[28.0663313,37.0577066],[28.0664038,37.057743],[28.0668651,37.0575482],[28.0678656,37.0573577],[28.06782,37.057499],[28.0669295,37.057942],[28.0662026,37.0584622],[28.0658378,37.0588731],[28.065355,37.0589716],[28.0650412,37.0593419],[28.0649607,37.0597293],[28.0643465,37.0599091],[28.0643116,37.0600119],[28.0652021,37.0601296],[28.0654918,37.0598941],[28.0657117,37.0595495],[28.0659853,37.0593676],[28.0660846,37.0593847],[28.0659826,37.0596351],[28.0659826,37.0599198],[28.065583,37.0608873],[28.0658217,37.0616364],[28.0657708,37.0619275],[28.0655642,37.0622935],[28.0657117,37.062332],[28.0662482,37.0619168],[28.0664279,37.0619147],[28.0676617,37.06343],[28.0683269,37.063552],[28.0691369,37.0639073],[28.0694937,37.0640721],[28.0697324,37.0643418],[28.069947,37.0650481],[28.0697512,37.0655682],[28.0698397,37.0678454],[28.0693998,37.0696859],[28.0692657,37.0697908],[28.0689465,37.069626],[28.0688553,37.0696453],[28.0688312,37.0697737],[28.0691852,37.0700754],[28.0694186,37.0705013],[28.0695768,37.0704885],[28.0699067,37.0702274],[28.0702742,37.0701118],[28.0706872,37.0701289],[28.0712666,37.0702702],[28.0720471,37.0707731],[28.0718701,37.0708138],[28.0711352,37.0706779],[28.0706256,37.0708834],[28.0704646,37.0710888],[28.0704083,37.0713264],[28.0708831,37.0714826],[28.0710064,37.0716324],[28.0709099,37.072452],[28.0707329,37.0726018],[28.0696895,37.0728522],[28.0696171,37.0729549],[28.0696948,37.0731219],[28.0706846,37.0741705],[28.0710145,37.0746905],[28.0711593,37.0747462],[28.0714973,37.0747462],[28.0739005,37.0741041],[28.0745309,37.074194],[28.0754303,37.0744933],[28.0745778,37.0746721],[28.0743829,37.0747736],[28.074006,37.0751887],[28.0739333,37.0756918],[28.0740276,37.0760785],[28.0737428,37.0764591],[28.073454,37.0775072],[28.0735243,37.0777263],[28.0741939,37.0782753],[28.0743815,37.0788061],[28.0744889,37.0795968],[28.0749619,37.0804042],[28.0754503,37.0809834],[28.0765918,37.0819542],[28.07687,37.0823622],[28.078217,37.0832011],[28.0789197,37.0831788],[28.0793907,37.0833054],[28.0795029,37.0834291],[28.0800449,37.0834321],[28.0802089,37.0836866],[28.0807449,37.0839279],[28.0805301,37.0843648],[28.0806196,37.0852775],[28.080332,37.0855764],[28.0800208,37.0862392],[28.0797381,37.0862434],[28.0793867,37.0859751],[28.0784178,37.0857386],[28.0765479,37.0864443],[28.0756257,37.0870769],[28.0744852,37.0873124],[28.0742748,37.0877787],[28.0741405,37.0878874],[28.0732749,37.0882011],[28.0733358,37.0885745],[28.0737298,37.0889136],[28.0738187,37.0891237],[28.0738415,37.0892357],[28.0736034,37.0898028],[28.0734124,37.0898365],[28.0727873,37.0896399],[28.0726133,37.0896771],[28.0722084,37.0899373],[28.0718005,37.0905539],[28.0715457,37.0907759]]},"properties":{"class":"tertiary","name":"Zeytin Yolu"}},{"type":"Feature","geometry":{"type":"LineString","coordinates":[[28.115178,37.0353367],[28.1147517,37.0353068],[28.114224,37.035407],[28.113467,37.035716],[28.1125931,37.0363864],[28.1114881,37.0364534],[28.1111018,37.0366684],[28.1103077,37.0368858],[28.1090542,37.0374734],[28.1085007,37.0376332],[28.1062079,37.0378774],[28.1039361,37.0378831],[28.1036663,37.037945],[28.1029009,37.0383797],[28.1021349,37.0385146],[28.1005664,37.0383025],[28.1004285,37.0381708],[28.1003421,37.0375376]]},"properties":{"class":"tertiary","name":"Akbük Yolu"}},{"type":"Feature","geometry":{"type":"LineString","coordinates":[[28.0894334,37.0467875],[28.0884034,37.0468228],[28.0872986,37.0465388],[28.0869969,37.0465427],[28.0853247,37.0469014],[28.0823519,37.0481033],[28.0801825,37.0484158],[28.0789303,37.0480159],[28.0783483,37.0475496],[28.0776311,37.0473878],[28.0770264,37.0470741],[28.0761927,37.0463133],[28.0757119,37.0456204],[28.0750955,37.0454955],[28.0747912,37.0455549],[28.0740868,37.0458984],[28.0734404,37.0460755]]},"properties":{"class":"tertiary","name":"Akyaka - Kultak Yolu"}},{"type":"Feature","geometry":{"type":"LineString","coordinates":[[28.066884,37.0485262],[28.0674563,37.0492111],[28.0676933,37.0492543],[28.0682276,37.0491308]]},"properties":{"class":"tertiary","name":"Zeytin Yolu"}},{"type":"Feature","geometry":{"type":"LineString","coordinates":[[28.0677439,37.0472813],[28.066884,37.0485262],[28.0663733,37.0480065],[28.0659802,37.0473865]]},"properties":{"class":"tertiary","name":"Akyaka - Kultak Yolu"}},{"type":"Feature","geometry":{"type":"LineString","coordinates":[[28.0734404,37.0460755],[28.0728372,37.04628],[28.0721513,37.046752],[28.0718599,37.0467699],[28.0714481,37.0465786],[28.0697485,37.0461151]]},"properties":{"class":"tertiary","name":"Akyaka - Kultak Yolu"}},{"type":"Feature","geometry":{"type":"LineString","coordinates":[[28.0798771,37.0496047],[28.0795096,37.049633],[28.0788053,37.0498953],[28.0784035,37.0499287],[28.0765201,37.0492957],[28.0757845,37.0493124],[28.075341,37.0495039],[28.0751219,37.0499661],[28.0750906,37.0504242],[28.0748662,37.0506615],[28.074621,37.0512653],[28.0741723,37.0517858],[28.0739689,37.0518865]]},"properties":{"class":"unclassified"}},{"type":"Feature","geometry":{"type":"LineString","coordinates":[[28.0751663,37.0498558],[28.0755013,37.0513348],[28.075414,37.0518298],[28.0755013,37.0522341],[28.0749598,37.0528127],[28.0754314,37.0531752],[28.0753878,37.0533425],[28.0750034,37.0534401],[28.0746366,37.0538166],[28.0743046,37.0544997],[28.0747064,37.0550435],[28.0747501,37.0547158],[28.0750384,37.0543812],[28.0752043,37.0543255],[28.0760429,37.0548831],[28.0765321,37.0548413],[28.0768465,37.0546113],[28.0770649,37.0545694],[28.0772483,37.0543115],[28.0771348,37.053956],[28.0771523,37.0535865],[28.0773007,37.053461],[28.0773182,37.0533146],[28.0771435,37.0526593],[28.0773532,37.0518646],[28.0778511,37.0518716],[28.0785031,37.0520315]]},"properties":{"class":"unclassified"}},{"type":"Feature","geometry":{"type":"LineString","coordinates":[[28.0682276,37.0491308],[28.0688472,37.0491356],[28.0694186,37.0490265],[28.0701186,37.0491442],[28.0704083,37.0493005],[28.0714544,37.0493775],[28.0719237,37.0497522],[28.072833,37.050039],[28.0740695,37.0500818],[28.0743592,37.0502467],[28.0745389,37.0504993],[28.0745899,37.0508953],[28.0743914,37.0513962],[28.0737745,37.0520791],[28.0735492,37.0521904],[28.0729778,37.0521989],[28.0727847,37.052276],[28.0724387,37.0525158],[28.0721732,37.0531408],[28.0715455,37.0536952],[28.0704405,37.054027],[28.0694373,37.0544359],[28.0693113,37.0545151],[28.0692442,37.0546927]]},"properties":{"class":"tertiary","name":"Zeytin Yolu"}},{"type":"Feature","geometry":{"type":"LineString","coordinates":[[28.0697485,37.0461151],[28.0688292,37.0462986],[28.0682648,37.0466727],[28.0677439,37.0472813]]},"properties":{"class":"tertiary","name":"Akyaka - Kultak Yolu"}},{"type":"Feature","geometry":{"type":"LineString","coordinates":[[28.0692442,37.0546927],[28.06933,37.0549453]]},"properties":{"class":"tertiary","name":"Zeytin Yolu"}},{"type":"Feature","geometry":{"type":"LineString","coordinates":[[28.1003421,37.0375376],[28.1001319,37.0361349],[28.1001213,37.0353471]]},"properties":{"class":"tertiary","name":"Akbük Yolu"}},{"type":"Feature","geometry":{"type":"LineString","coordinates":[[28.1038203,37.0417268],[28.1030589,37.0419881],[28.1020159,37.0425034],[28.102055,37.0426251],[28.1021712,37.0426338],[28.1026199,37.0425948],[28.1029807,37.0424435],[28.1035041,37.042415],[28.1050648,37.0425095],[28.1037957,37.0429947],[28.1035099,37.0432682],[28.1033353,37.0436352],[28.1031434,37.0437132],[28.1016259,37.0436659],[28.1010245,37.0437691],[28.1002766,37.0436212],[28.1000259,37.0436586],[28.0994969,37.0439912],[28.0989986,37.0437529],[28.0969915,37.0437393],[28.0960166,37.0440387],[28.0953675,37.044384]]},"properties":{"class":"tertiary","name":"Akyaka - Kultak Yolu"}},{"type":"Feature","geometry":{"type":"LineString","coordinates":[[28.0967757,37.0437809],[28.0978022,37.0439107],[28.0982511,37.0440618],[28.0986427,37.0443233],[28.0986142,37.0443991],[28.0982444,37.0445429]]},"properties":{"class":"tertiary"}},{"type":"Feature","geometry":{"type":"LineString","coordinates":[[28.0830105,37.051229],[28.0842774,37.0507383],[28.0844223,37.0506041],[28.082915,37.0505625],[28.082399,37.0506642],[28.0819004,37.0505208],[28.0816917,37.0503265],[28.0812395,37.0501229],[28.0807989,37.0500211],[28.0798829,37.0501506],[28.0793843,37.050072],[28.0798771,37.0496047],[28.0806598,37.0493687],[28.0811178,37.0494288],[28.0819294,37.0497065],[28.0821787,37.0497018],[28.0829034,37.0495862],[28.0836165,37.0493178],[28.0838832,37.0491373],[28.0841498,37.0491003],[28.0851122,37.0492438],[28.0863355,37.0495584],[28.0864051,37.0495353],[28.0864051,37.0493409],[28.0858311,37.0486839],[28.0850137,37.0484433],[28.0849789,37.0483507],[28.085663,37.0480592],[28.0872805,37.0476196],[28.0893235,37.047275]]},"properties":{"class":"unclassified"}},{"type":"Feature","geometry":{"type":"LineString","coordinates":[[28.0785031,37.0520315],[28.0796474,37.0520601],[28.080806,37.0516491],[28.0816643,37.0515406],[28.0821435,37.0513523],[28.0830105,37.051229]]},"properties":{"class":"unclassified"}},{"type":"Feature","geometry":{"type":"LineString","coordinates":[[28.093747,37.0452277],[28.0930532,37.0454214],[28.0911789,37.0463154]]},"properties":{"class":"tertiary","name":"Akyaka - Kultak Yolu"}},{"type":"Feature","geometry":{"type":"LineString","coordinates":[[28.0893235,37.047275],[28.0902664,37.0469453],[28.0911789,37.0463154]]},"properties":{"class":"unclassified"}},{"type":"Feature","geometry":{"type":"LineString","coordinates":[[28.0911789,37.0463154],[28.0903727,37.0465936],[28.0894334,37.0467875]]},"properties":{"class":"tertiary","name":"Akyaka - Kultak Yolu"}},{"type":"Feature","geometry":{"type":"LineString","coordinates":[[28.0982444,37.0445429],[28.0975338,37.0452139],[28.0969475,37.0468011],[28.0956964,37.0481914],[28.0952851,37.0489215],[28.0946426,37.0494666],[28.0937183,37.0499669],[28.093865,37.0500155],[28.0947277,37.0497804],[28.0948405,37.0498412],[28.0930898,37.0506466],[28.0928867,37.0507679],[28.0928847,37.0509238],[28.0934946,37.0507067],[28.0950173,37.0503728],[28.0960146,37.049969],[28.096,37.0500971],[28.0952946,37.0505281],[28.095207,37.0506873],[28.0953432,37.0508309],[28.0965351,37.0510988],[28.0971237,37.0515104],[28.0978632,37.0518055],[28.097941,37.0523645],[28.0991621,37.0528926],[28.0993324,37.0532304],[28.0995805,37.0533585],[28.0996972,37.0535332],[28.0999356,37.0541893],[28.0999648,37.054597],[28.0997994,37.0551172],[28.0998772,37.0552686],[28.1005972,37.0555948],[28.1009329,37.0560684],[28.1012151,37.0562897],[28.1014577,37.0568727],[28.1023922,37.0575699],[28.1027832,37.05804],[28.1039361,37.0584818],[28.1059168,37.0583845],[28.1065568,37.0582548],[28.1069884,37.0583116],[28.1086289,37.0591505],[28.1092434,37.0596126],[28.1095532,37.0600381],[28.1112386,37.0607928],[28.1121428,37.0610167],[28.112704,37.0610565],[28.1139261,37.0611013],[28.1146058,37.0610118]]},"properties":{"class":"tertiary"}},{"type":"Feature","geometry":{"type":"LineString","coordinates":[[28.0953675,37.044384],[28.0943799,37.0449742],[28.093747,37.0452277]]},"properties":{"class":"tertiary","name":"Akyaka - Kultak Yolu"}},{"type":"Feature","geometry":{"type":"LineString","coordinates":[[28.0302289,37.1090585],[28.0307261,37.1085039],[28.0311101,37.1082598],[28.0321577,37.1078096],[28.0325807,37.1074511],[28.0332563,37.1075029],[28.033842,37.107294],[28.0343892,37.107403],[28.034813,37.1073452],[28.0361219,37.1074094],[28.0361568,37.1072747],[28.0360736,37.1071912],[28.0355077,37.1071827],[28.0354058,37.1071591],[28.0352851,37.1069773],[28.0340988,37.1067969],[28.0339952,37.1067028],[28.0339687,37.1063721],[28.0338346,37.1062554],[28.0332004,37.1061614],[28.0329158,37.105936],[28.0326881,37.1058874],[28.0320234,37.1059749],[28.0314197,37.1064467],[28.0300232,37.1068974],[28.029326,37.1069282],[28.0290373,37.1068244],[28.0291044,37.106698],[28.0297102,37.1067482],[28.0298931,37.1066899],[28.0311209,37.1059895],[28.0314603,37.1054464],[28.0322653,37.1049017],[28.0330438,37.1046634],[28.0335134,37.1043765],[28.033737,37.1044235],[28.0340561,37.1046699],[28.035229,37.1049439],[28.0360442,37.1048093],[28.0364629,37.1048434],[28.0372435,37.1052503],[28.038268,37.1056037],[28.03852,37.1057885],[28.0387009,37.1062327],[28.0389184,37.1064888],[28.0396584,37.107254],[28.0398068,37.1072654],[28.0393108,37.1064888],[28.0393413,37.1060576],[28.0392417,37.1057836],[28.038766,37.1053038],[28.0383127,37.1051092],[28.0381216,37.1048418],[28.0376927,37.1046829],[28.0375301,37.1044235],[28.0371113,37.1041592],[28.0368593,37.1037215],[28.0365239,37.1034119],[28.0358795,37.1035545],[28.0358246,37.1033357],[28.0354648,37.102885],[28.0348875,37.1024262],[28.0347249,37.1020338],[28.0338508,37.102397],[28.0333996,37.1022057],[28.0330601,37.1016772],[28.0328629,37.1015539],[28.0324523,37.1015345],[28.0321129,37.101802],[28.0319889,37.1018166],[28.0320072,37.1016772],[28.0322958,37.1013756],[28.0329463,37.1013059],[28.0332959,37.1014664],[28.0335195,37.1017112],[28.0337106,37.1017971],[28.0340643,37.1015167],[28.0345285,37.1013469],[28.0347688,37.101369],[28.0353326,37.1016664],[28.036146,37.1016295],[28.0363247,37.1016811],[28.0377482,37.1026641],[28.0387372,37.1026223],[28.0390052,37.1027697],[28.0393195,37.1031506],[28.0395814,37.1032661],[28.0398433,37.1033103],[28.0406012,37.1032096],[28.0417813,37.1033079],[28.0422558,37.1036003],[28.0428073,37.1036765],[28.0430969,37.103529],[28.0427179,37.1028385],[28.0425515,37.1023323],[28.0415489,37.1014381],[28.0405659,37.100127],[28.0403651,37.0987321],[28.0396156,37.0986613],[28.0391626,37.098436],[28.0387796,37.0981529],[28.038336,37.0974862],[28.0375094,37.097041],[28.036963,37.0963072],[28.0362765,37.0956032],[28.0361824,37.0951857],[28.0358355,37.0947142],[28.035901,37.0945434],[28.0368743,37.094669],[28.0369345,37.095053],[28.0372079,37.0952749],[28.0381593,37.0956835],[28.0386593,37.0959883],[28.0395822,37.0962688],[28.0396127,37.0961455],[28.0389886,37.095677],[28.038948,37.095317],[28.0391695,37.0950884],[28.0400395,37.0950122],[28.0405457,37.0951322],[28.0423247,37.0950215],[28.0433475,37.094663],[28.0439881,37.0943158],[28.0442571,37.0944485],[28.0448729,37.0944485],[28.0452092,37.0943892],[28.0462851,37.0939375],[28.0476795,37.0938302],[28.0483944,37.0938782],[28.0496402,37.0931555],[28.0497712,37.0927095],[28.0501959,37.0924413],[28.0504047,37.0921759],[28.0506418,37.0921025],[28.051201,37.0919924],[28.0513213,37.0920376],[28.0511196,37.0923622],[28.0508188,37.092478],[28.05061,37.0926897],[28.0505463,37.0931047],[28.0506454,37.0934265],[28.0500897,37.0938246],[28.0500048,37.0939883],[28.0500508,37.0940758],[28.0513603,37.0935536],[28.0521389,37.0937681],[28.0523229,37.0937032],[28.0525282,37.0934604],[28.0534484,37.0935818],[28.0538828,37.0937356],[28.0539336,37.0928454],[28.0541877,37.0926816],[28.0547528,37.0925146],[28.0549689,37.0923351]]},"properties":{"class":"tertiary"}},{"type":"Feature","geometry":{"type":"LineString","coordinates":[[28.0719554,37.0918041],[28.0736571,37.0919738],[28.0749446,37.0917466],[28.0758356,37.0909493],[28.0762536,37.0903419],[28.0766276,37.089541],[28.0767177,37.0894168],[28.0769287,37.0893313],[28.0773425,37.0893279],[28.0790787,37.0897092],[28.0794913,37.0900739],[28.0794246,37.0907824],[28.0794677,37.0909171],[28.079779,37.0911689],[28.0810102,37.0918747],[28.0819768,37.091816],[28.0821798,37.0918842],[28.082599,37.0925183],[28.0838786,37.093106],[28.0847031,37.0932589],[28.0852928,37.0936905],[28.0855518,37.0939635],[28.0856712,37.0942146],[28.0861698,37.0946734],[28.08621,37.0951696],[28.0860116,37.0959744],[28.0866114,37.0970788],[28.0874344,37.0975105],[28.0877371,37.097554],[28.0882998,37.0978198],[28.0889664,37.0988122],[28.0896824,37.0996095],[28.0901168,37.1006359],[28.0902908,37.1012866],[28.0907023,37.101705],[28.0923898,37.1026317],[28.0934344,37.102493],[28.094595,37.1028478],[28.0955223,37.1028288],[28.0958827,37.1029918],[28.0959624,37.1031887],[28.0957132,37.1034847],[28.0956823,37.1036569],[28.0966001,37.1043999],[28.096604,37.1046099],[28.0964965,37.1048451],[28.0965696,37.1050332],[28.0988489,37.1063424],[28.0996686,37.1066147],[28.1001159,37.1070138],[28.100582,37.1072778],[28.101472,37.1072218],[28.1020958,37.1075271],[28.1053012,37.1078265],[28.1059803,37.1077095],[28.1065284,37.1075137],[28.1088714,37.1074557],[28.1095972,37.1071785],[28.1097428,37.1072144],[28.1101176,37.1076434],[28.1103501,37.1077615],[28.1115519,37.1078638],[28.1118054,37.1079623],[28.1138795,37.1093506],[28.1147063,37.1105471],[28.1148855,37.1106948],[28.1152715,37.1108589],[28.1162724,37.1115787],[28.1180933,37.1125723],[28.1186845,37.1126479],[28.1191916,37.1128372],[28.1195904,37.1128601],[28.1217446,37.1136021],[28.1233228,37.1137151],[28.1248163,37.1145467],[28.1264697,37.1150814],[28.1266893,37.1154201],[28.126631,37.1161059],[28.1268731,37.1166646],[28.1271295,37.1168851],[28.1274183,37.1168646],[28.1279642,37.116651],[28.1282145,37.1167284],[28.1286118,37.1171222],[28.1289819,37.1172591],[28.1293058,37.1173354],[28.1299015,37.1172144],[28.1310425,37.1171923],[28.1325162,37.1177895],[28.1326249,37.1178882],[28.1327129,37.1184778],[28.1334222,37.1193929],[28.1342605,37.1202569],[28.1353999,37.1212586],[28.1362205,37.1213952],[28.1369402,37.1222179],[28.13722,37.1228423],[28.1379391,37.1233438],[28.1381666,37.1241031],[28.1381875,37.1244977],[28.139167,37.1267044],[28.1402231,37.1274183],[28.140871,37.1279899],[28.1413434,37.1282054],[28.1419367,37.1283443]]},"properties":{"class":"secondary","ref":"48-50"}},{"type":"Feature","geometry":{"type":"LineString","coordinates":[[28.0694336,37.0926114],[28.0695373,37.0924038],[28.069856,37.0920944],[28.0705731,37.0917224],[28.0711475,37.0917035],[28.0719554,37.0918041]]},"properties":{"class":"secondary","ref":"48-50"}},{"type":"Feature","geometry":{"type":"LineString","coordinates":[[28.0715457,37.0907759],[28.0705812,37.0913638],[28.0705095,37.0915624],[28.0705731,37.0917224]]},"properties":{"class":"tertiary","name":"Zeytin Yolu"}},{"type":"Feature","geometry":{"type":"LineString","coordinates":[[28.1956606,36.9309269],[28.1949917,36.9311834],[28.193415,36.9313267],[28.1931543,36.9314634],[28.1929098,36.9323297],[28.1927428,36.9325479],[28.1923476,36.9328215],[28.1914961,36.9336258],[28.1909542,36.9346451],[28.1907954,36.9354072],[28.1907907,36.9358124]]},"properties":{"class":"unclassified"}},{"type":"Feature","geometry":{"type":"LineString","coordinates":[[28.1907907,36.9358124],[28.1905251,36.9359839],[28.1901421,36.9369138],[28.1902912,36.9376707],[28.1906084,36.9380135],[28.1906888,36.9383579],[28.1892839,36.9387938],[28.1890883,36.9389241],[28.188988,36.9390565],[28.1888392,36.93966],[28.1882124,36.939914],[28.1881553,36.9399987],[28.1885664,36.9404848]]},"properties":{"class":"unclassified"}},{"type":"Feature","geometry":{"type":"LineString","coordinates":[[28.1965631,36.928498],[28.1975866,36.9285733],[28.1985109,36.92879],[28.1999983,36.9294681]]},"properties":{"class":"tertiary"}},{"type":"Feature","geometry":{"type":"LineString","coordinates":[[28.1956606,36.9309269],[28.195463,36.9305026],[28.1955125,36.9298856],[28.1956664,36.9297147],[28.196361,36.929369],[28.19653,36.9290429],[28.1966057,36.928576]]},"properties":{"class":"unclassified"}},{"type":"Feature","geometry":{"type":"LineString","coordinates":[[28.1938488,36.928654],[28.1937694,36.9286348]]},"properties":{"class":"tertiary"}},{"type":"Feature","geometry":{"type":"LineString","coordinates":[[28.1999983,36.9294681],[28.1993472,36.9294784],[28.1990861,36.9293691],[28.1986136,36.9294685],[28.1977806,36.9301443],[28.197619,36.9303928],[28.1976936,36.9308997],[28.1973848,36.9313284],[28.1968552,36.9312511],[28.1963255,36.9309214],[28.1960556,36.9308725],[28.1956606,36.9309269]]},"properties":{"class":"unclassified"}},{"type":"Feature","geometry":{"type":"LineString","coordinates":[[28.1966057,36.928576],[28.1965631,36.928498],[28.1955673,36.9283891],[28.1946286,36.9288309],[28.1938488,36.928654]]},"properties":{"class":"tertiary"}},{"type":"Feature","geometry":{"type":"LineString","coordinates":[[28.1876078,36.9405287],[28.1878196,36.940878],[28.1875111,36.9411144]]},"properties":{"class":"unclassified"}},{"type":"Feature","geometry":{"type":"LineString","coordinates":[[28.1600677,37.0313929],[28.159996,37.0310118],[28.1596923,37.0307828],[28.1591101,37.0306448],[28.1585189,37.0307926],[28.1576895,37.0313829],[28.157325,37.0325194],[28.1567381,37.0325174],[28.1564103,37.0326147],[28.1561892,37.0330547],[28.1560944,37.0335371],[28.1559059,37.0335901],[28.1551934,37.0332116],[28.1548357,37.0327639],[28.1536514,37.0321448],[28.1529705,37.0319771],[28.1524738,37.0321423],[28.1521201,37.0323552],[28.1519857,37.0323467],[28.1515411,37.0321101],[28.1497228,37.031605],[28.1489013,37.0316248],[28.1484196,37.0320961],[28.1481961,37.0321617],[28.1472558,37.0318563],[28.1461232,37.0312414],[28.1443159,37.0314873],[28.1410738,37.0312886],[28.1388474,37.0319343],[28.1386116,37.031943],[28.1367169,37.0315284],[28.1347989,37.0314145],[28.1329996,37.0316925],[28.1320805,37.0317464],[28.1302974,37.0322898],[28.1290987,37.0325113],[28.1277666,37.0332527],[28.126137,37.0336016],[28.125512,37.0338585],[28.1243255,37.0345491],[28.1239556,37.0346562],[28.1220901,37.0344648],[28.1210011,37.0348432],[28.1197747,37.0354316],[28.1192827,37.035822],[28.1190671,37.0358871],[28.1180925,37.035941],[28.1171032,37.0356836]]},"properties":{"class":"tertiary","name":"Akyaka - Kultak Yolu"}},{"type":"Feature","geometry":{"type":"LineString","coordinates":[[28.1646404,37.0320496],[28.1638309,37.031729],[28.1634337,37.0313824],[28.1629034,37.0313028],[28.162516,37.0310808],[28.161409,37.0310799],[28.1611162,37.0312217],[28.1609778,37.0314191]]},"properties":{"class":"tertiary","name":"Akyaka - Kultak Yolu"}},{"type":"Feature","geometry":{"type":"LineString","coordinates":[[28.2174439,36.945483],[28.2169782,36.9456652],[28.2151637,36.9466557],[28.2131706,36.9473161],[28.2128077,36.9475258],[28.2123387,36.9480032],[28.2118921,36.9481639],[28.2116743,36.9483557],[28.2112277,36.9491053],[28.2098431,36.9500735],[28.2097593,36.9504037],[28.2098766,36.950899],[28.2095248,36.9516574],[28.2095137,36.9522107],[28.2093658,36.9525373],[28.2094634,36.9526256]]},"properties":{"class":"unclassified"}},{"type":"Feature","geometry":{"type":"LineString","coordinates":[[28.2094634,36.9526256],[28.2094411,36.953219],[28.2097872,36.9537856],[28.2098486,36.954321],[28.2100385,36.954901],[28.212428,36.9552044],[28.2127351,36.9548653],[28.2129138,36.9548609],[28.2136898,36.9554632]]},"properties":{"class":"unclassified"}},{"type":"Feature","geometry":{"type":"LineString","coordinates":[[28.2172232,36.9767073],[28.2171181,36.9767972],[28.2170948,36.9769583],[28.2172112,36.9776213],[28.2170638,36.9777576],[28.2165906,36.9780055],[28.2160399,36.978148],[28.2143024,36.9790155],[28.2132165,36.9793439],[28.2122237,36.9795236],[28.2116807,36.9797467],[28.2114868,36.9799326],[28.211479,36.9800751],[28.212658,36.9806823],[28.2132553,36.9811966],[28.2137212,36.9812786]]},"properties":{"class":"unclassified"}},{"type":"Feature","geometry":{"type":"LineString","coordinates":[[28.2861886,36.9544023],[28.2860891,36.9551251],[28.2853118,36.9563942],[28.2851065,36.9568552],[28.2849295,36.9577206],[28.2850074,36.9656332],[28.2848414,36.9666907],[28.2845089,36.9676962],[28.2845013,36.9681555],[28.2847986,36.970265],[28.2850463,36.9713706],[28.2854604,36.9723319],[28.2859524,36.972855],[28.2882882,36.9744073],[28.2889182,36.9751453],[28.2897216,36.9767343],[28.2902489,36.9781112],[28.2910807,36.9799122],[28.2914487,36.9803194],[28.2918416,36.980588],[28.293689,36.9815379],[28.2946163,36.9823691],[28.2969924,36.9879337],[28.2970748,36.9884332],[28.296611,36.9913857],[28.296611,36.9918399],[28.2967099,36.9923287],[28.2971242,36.9932927],[28.2974639,36.9937723],[28.2978088,36.9940841],[28.2985054,36.9944342],[28.3047193,36.9970285],[28.3064018,36.9981031],[28.3089299,36.9998967],[28.3098246,37.0004099],[28.3169529,37.0040674],[28.3211338,37.0061197],[28.3218464,37.0066968],[28.3235575,37.0091478],[28.3240945,37.0095581],[28.324767,37.0098899],[28.325812,37.0101386],[28.3304034,37.0100966],[28.3314062,37.0103219],[28.3317845,37.0105569],[28.3323672,37.0112778],[28.3332006,37.01406],[28.3334109,37.014323],[28.3338937,37.0146738],[28.3343713,37.0148807],[28.3348449,37.0150136],[28.3354053,37.0150062],[28.336344,37.014678],[28.3381069,37.0134651],[28.3385801,37.0128212],[28.3393787,37.0114367],[28.3397121,37.0111069],[28.3406777,37.0107141],[28.3409626,37.010688],[28.3420367,37.0107104],[28.3454986,37.0119813],[28.3464545,37.0120528],[28.348033,37.0118626],[28.3487988,37.0120454],[28.3492973,37.0124034],[28.3494561,37.0126474],[28.3495751,37.0129769],[28.3495751,37.0133065],[28.3494523,37.0138463]]},"properties":{"class":"trunk","name":"Marmaris Muğla Yolu","ref":"D400"}},{"type":"Feature","geometry":{"type":"LineString","coordinates":[[28.3493628,37.0138382],[28.349476,37.0132275],[28.3494204,37.0128597],[28.3491981,37.0124794],[28.3485278,37.0120695],[28.348104,37.0119966],[28.3466449,37.0121894],[28.3458012,37.0121245],[28.3447479,37.0118553],[28.3421305,37.0108412],[28.3411678,37.0107416],[28.3403471,37.0108958],[28.3397297,37.0113443],[28.3392742,37.0119367],[28.3386197,37.0132389],[28.3382281,37.0136458],[28.33752,37.0141298],[28.3363023,37.0148023],[28.3357337,37.0150079],[28.334999,37.0151143],[28.334476,37.0150509],[28.3340379,37.0148902],[28.3334387,37.01451],[28.3331728,37.0142248],[28.3321926,37.0112747],[28.3318553,37.0107835],[28.3313593,37.0104413],[28.3307217,37.0102246],[28.3260467,37.0102419],[28.3252387,37.0101323],[28.3243514,37.0098303],[28.3236649,37.0093791],[28.3233193,37.008995],[28.321923,37.0068842],[28.3213019,37.0063248],[28.320919,37.0060861],[28.3174483,37.0044099],[28.3097167,37.000465],[28.3083967,36.9996467],[28.3067605,36.9984937],[28.3043116,36.9970413],[28.29801,36.9943733],[28.2974532,36.9939694],[28.2971582,36.9935966],[28.2967867,36.9928383],[28.2965133,36.9918311],[28.2969178,36.9885437],[28.2968491,36.9878805],[28.294634,36.9827253],[28.2943687,36.9823316],[28.293658,36.9816309],[28.2914806,36.9805031],[28.2911019,36.9801695],[28.2908825,36.9798387],[28.288851,36.9752556],[28.2876352,36.9740522],[28.2861367,36.9731917],[28.2856055,36.9727391],[28.2850605,36.9719446],[28.2849012,36.9714526],[28.2843314,36.9680961],[28.2844171,36.9672907],[28.2848021,36.9659386],[28.2848623,36.9653362],[28.2847773,36.9578506],[28.2850534,36.9566798],[28.2859963,36.9550015],[28.2860833,36.9545361]]},"properties":{"class":"trunk","name":"Marmaris Muğla Yolu","ref":"D400"}},{"type":"Feature","geometry":{"type":"LineString","coordinates":[[28.285276,36.9534288],[28.284814,36.9543103],[28.2844441,36.9548242],[28.2833608,36.9556525],[28.2823033,36.9572177],[28.2822712,36.9574693],[28.2824832,36.9579673],[28.2824511,36.9584345],[28.2825347,36.9588863],[28.282027,36.9600005],[28.2812958,36.9612781],[28.2808538,36.9615245],[28.2800211,36.9623912],[28.2783864,36.9635658],[28.2774458,36.9643657],[28.2762764,36.9648586],[28.2748114,36.965834],[28.2746122,36.9660291],[28.2738412,36.9672663],[28.2727103,36.9683238],[28.2723633,36.9685703],[28.2721513,36.9685857],[28.2716501,36.9684368],[28.2712903,36.9685087],[28.2710718,36.9691298],[28.2709755,36.9703721],[28.270802,36.970752],[28.2708855,36.9713988],[28.2708341,36.9716196],[28.2707056,36.971866],[28.2703201,36.9722305],[28.2696775,36.9726155],[28.2696069,36.9727849],[28.2697225,36.9731647],[28.2693177,36.9740938],[28.2680391,36.9757005],[28.2674672,36.9762549],[28.2672937,36.9766964],[28.2668118,36.9774663],[28.2664135,36.9776665],[28.2643298,36.9775575],[28.2633036,36.977995],[28.2623783,36.9788728]]},"properties":{"class":"tertiary"}},{"type":"Feature","geometry":{"type":"LineString","coordinates":[[28.266807,36.9866083],[28.2676327,36.9861114],[28.2680718,36.9857105],[28.2702403,36.9831169],[28.2710021,36.9813192],[28.2717171,36.9785195],[28.2717875,36.9773677],[28.2716585,36.9755043],[28.2718109,36.9751391],[28.2720571,36.9748582],[28.2723377,36.9746971],[28.2728541,36.974802],[28.273323,36.9746803],[28.2763353,36.9732663],[28.2765112,36.9730509],[28.2769917,36.9713278],[28.2770621,36.9697077],[28.2774958,36.9682187],[28.277613,36.9680595],[28.278328,36.967713],[28.2787148,36.9670762],[28.2792657,36.9668795],[28.28413,36.966945],[28.2845643,36.966675]]},"properties":{"class":"tertiary"}},{"type":"Feature","geometry":{"type":"LineString","coordinates":[[28.28413,36.966945],[28.2844171,36.9672907]]},"properties":{"class":"tertiary"}},{"type":"Feature","geometry":{"type":"LineString","coordinates":[[28.2860833,36.9545361],[28.285832,36.9535037]]},"properties":{"class":"trunk","name":"Marmaris Muğla Yolu","ref":"D400"}},{"type":"Feature","geometry":{"type":"LineString","coordinates":[[28.2859019,36.9534026],[28.2861886,36.9544023]]},"properties":{"class":"trunk","name":"Marmaris Muğla Yolu","ref":"D400"}},{"type":"Feature","geometry":{"type":"LineString","coordinates":[[28.2220807,36.9870396],[28.2218726,36.9864917],[28.2212915,36.9860881],[28.2212831,36.9856711],[28.2211315,36.98555],[28.2206516,36.9855029],[28.2202979,36.9856711],[28.2199105,36.9857182],[28.21954,36.9856778],[28.2193295,36.9855568],[28.2190684,36.9851195],[28.2184874,36.9847496],[28.2182769,36.9843191],[28.2170895,36.9830141],[28.2165927,36.9832226],[28.2160285,36.9833235],[28.2147654,36.9832092],[28.2122644,36.9828258],[28.2119192,36.9826711],[28.2117676,36.9824894],[28.2118013,36.9822742],[28.2119865,36.98218],[28.2140244,36.9814804],[28.2139654,36.9813055],[28.2137212,36.9812786]]},"properties":{"class":"tertiary"}},{"type":"Feature","geometry":{"type":"LineString","coordinates":[[28.2623783,36.9788728],[28.2617808,36.978883],[28.2610162,36.9791089],[28.2604405,36.9791388],[28.2592444,36.9794223],[28.2589749,36.9795747],[28.2586131,36.9801462],[28.2581358,36.9803072],[28.2571775,36.9810002],[28.25676,36.9811222],[28.2562102,36.9811222],[28.2546116,36.9808457],[28.254296,36.9809108],[28.2518384,36.9830593],[28.2516191,36.9834197],[28.251496,36.9838876],[28.2515062,36.9841641],[28.2511279,36.9849309],[28.2511396,36.9851239],[28.2513433,36.9854899],[28.2517404,36.9858477],[28.2518848,36.9862885],[28.2514242,36.9877127],[28.2509865,36.9884361],[28.2505061,36.9887314],[28.2497976,36.9888765],[28.2482887,36.9888976],[28.2471371,36.9887992],[28.2458688,36.9893791],[28.2454158,36.9894964],[28.2448676,36.9900443],[28.2445927,36.99015],[28.2439106,36.9901873],[28.2435546,36.9908446],[28.2426175,36.9917277],[28.2423222,36.9919147],[28.2416604,36.9920611],[28.2404487,36.9921343],[28.2400516,36.9920286],[28.239209,36.991505],[28.2387264,36.9913002],[28.2372533,36.9908906],[28.2361121,36.9904007],[28.2356043,36.9906417],[28.2354133,36.9906738],[28.2353278,36.9905935],[28.2359814,36.9902441],[28.2362378,36.9901999],[28.236826,36.9903525],[28.2368964,36.9902843],[28.236831,36.9901879],[28.2360216,36.9900072],[28.2354636,36.9901558],[28.2341665,36.9900393],[28.2339453,36.9899831],[28.2333068,36.9893165],[28.2329197,36.9892242],[28.2323516,36.989176],[28.2313512,36.9893366],[28.2303759,36.9892442],[28.2298882,36.9890234],[28.2293503,36.9886098],[28.2289129,36.9884331],[28.2285911,36.9881841],[28.22838,36.987401],[28.2280281,36.9871039],[28.227842,36.9867384],[28.2277063,36.9866581],[28.2265751,36.9872163],[28.2259568,36.9872203],[28.225072,36.9870958],[28.2246647,36.9871842],[28.2232118,36.9878227],[28.2230258,36.9877745],[28.2229253,36.987654],[28.2229806,36.9873288],[28.22288,36.9872404],[28.2224426,36.9872444],[28.2220807,36.9870396]]},"properties":{"class":"tertiary"}},{"type":"Feature","geometry":{"type":"LineString","coordinates":[[28.2972125,36.9934173],[28.2975585,36.9932079],[28.2977943,36.9932436],[28.2980057,36.9935359],[28.2987619,36.9940262],[28.2995994,36.9940327],[28.2998311,36.9941333],[28.3011768,36.9942372],[28.3023761,36.9940684],[28.3036486,36.9943769],[28.3046893,36.9942405],[28.3055146,36.9938833],[28.3060716,36.9937339]]},"properties":{"class":"unclassified"}},{"type":"Feature","geometry":{"type":"LineString","coordinates":[[28.3047193,36.9970285],[28.3044347,36.9973011],[28.3042312,36.997374]]},"properties":{"class":"tertiary"}},{"type":"Feature","geometry":{"type":"LineString","coordinates":[[28.3042312,36.997374],[28.3042291,36.9971799],[28.3044404,36.9968871]]},"properties":{"class":"tertiary"}},{"type":"Feature","geometry":{"type":"LineString","coordinates":[[28.3022873,36.9959972],[28.302398,36.9957472],[28.3029324,36.9951338],[28.3029147,36.9945939]]},"properties":{"class":"unclassified"}},{"type":"Feature","geometry":{"type":"LineString","coordinates":[[28.3116206,37.0014841],[28.310517,37.0026452],[28.3094482,37.0027243],[28.3088324,37.0027187],[28.3081245,37.0024586],[28.3064399,37.0022721],[28.3057391,37.0018651],[28.3053427,37.0017464],[28.3050002,37.0012217],[28.3050498,37.0007698],[28.3048908,37.0003312],[28.3050255,37.0000688],[28.3048826,36.9997904],[28.3046986,36.9996774],[28.3042597,36.997874],[28.3042312,36.997374]]},"properties":{"class":"tertiary"}},{"type":"Feature","geometry":{"type":"LineString","coordinates":[[28.1171032,37.0356836],[28.1155218,37.0353272],[28.115178,37.0353367],[28.1146423,37.0356122],[28.1136556,37.0364375]]},"properties":{"class":"tertiary","name":"Akyaka - Kultak Yolu"}},{"type":"Feature","geometry":{"type":"LineString","coordinates":[[28.1099598,37.0396627],[28.1092929,37.0399019],[28.1089307,37.040131],[28.1086438,37.0400647],[28.1083085,37.0401118],[28.1079088,37.0404222],[28.1075762,37.0410495],[28.1074716,37.0411158],[28.1063849,37.0411234],[28.1038203,37.0417268]]},"properties":{"class":"tertiary","name":"Akyaka - Kultak Yolu"}},{"type":"Feature","geometry":{"type":"LineString","coordinates":[[28.1136556,37.0364375],[28.1131078,37.0371327],[28.1124991,37.0375049],[28.1121582,37.0378694],[28.1102229,37.0392757],[28.1099598,37.0396627]]},"properties":{"class":"tertiary","name":"Akyaka - Kultak Yolu"}},{"type":"Feature","geometry":{"type":"LineString","coordinates":[[28.1379365,37.074591],[28.1419265,37.0720418],[28.1428378,37.0717093],[28.1432565,37.0707611],[28.1436013,37.0704902],[28.1440569,37.0703424],[28.1462243,37.0705395],[28.1466676,37.0705025],[28.1476405,37.0702809],[28.1498201,37.0700838],[28.1504728,37.069739],[28.1508299,37.0694065],[28.1508053,37.0691479],[28.1499556,37.0687292],[28.1498817,37.0685199],[28.1501157,37.0680026],[28.1494507,37.0661062],[28.1494015,37.0657244],[28.1498448,37.0648994],[28.1519383,37.0634093],[28.1535515,37.0627936],[28.1564085,37.0623256],[28.1566548,37.0620547],[28.1567656,37.0616114],[28.1569996,37.061402],[28.1626889,37.058976],[28.1645484,37.0586682],[28.1656814,37.0586805],[28.1667404,37.058582],[28.1683044,37.0580401],[28.1695728,37.0580524],[28.1708658,37.0582495],[28.1741292,37.0584342],[28.175767,37.0588775],[28.1777866,37.0594686],[28.1806313,37.061205],[28.1822199,37.06187],[28.1836484,37.0623379],[28.1847936,37.0624488],[28.1861236,37.0624118],[28.1872812,37.0626088],[28.1917391,37.0628059],[28.194399,37.063163],[28.196383,37.0639563],[28.1982016,37.0639799],[28.1985369,37.0640826],[28.1989446,37.064333],[28.1998699,37.0643137],[28.2002266,37.0644271]]},"properties":{"class":"tertiary"}},{"type":"Feature","geometry":{"type":"LineString","coordinates":[[28.1589233,37.0803609],[28.1590471,37.0801799],[28.1604211,37.0797454],[28.1607264,37.0795545],[28.161271,37.0786492],[28.1617249,37.0781489],[28.1618322,37.0778888],[28.161795,37.0772403],[28.1622943,37.0766906],[28.162286,37.0765787],[28.161531,37.0769967],[28.1612628,37.077451],[28.1609245,37.0777539],[28.1600745,37.0781061],[28.1598847,37.0779942],[28.1598806,37.0778592],[28.1604252,37.0772535],[28.1606068,37.0764338],[28.1604335,37.0763153],[28.159732,37.0764075],[28.1581105,37.0770066],[28.157636,37.0770988],[28.1570089,37.0770955],[28.1558701,37.0768848],[28.1547685,37.0769836],[28.1533945,37.0768618],[28.1519917,37.0768782],[28.151282,37.077112],[28.1508158,37.0771482],[28.1506053,37.0770659],[28.1501845,37.0766676],[28.1494088,37.0762001],[28.1491406,37.0759532],[28.1488188,37.0758216],[28.147156,37.0755549],[28.1468672,37.0755516],[28.1462689,37.0757096],[28.1453364,37.0757228],[28.1434426,37.0749821],[28.1426999,37.0748504],[28.1421099,37.0750513],[28.1414085,37.0750513],[28.1389412,37.0745805],[28.1384083,37.0742992]]},"properties":{"class":"tertiary"}},{"type":"Feature","geometry":{"type":"LineString","coordinates":[[28.1146058,37.0610118],[28.1155473,37.0614397],[28.1159713,37.061982],[28.1160524,37.0622607],[28.1155847,37.0621462],[28.1131217,37.0623602],[28.11228,37.0623104],[28.1119682,37.0623701],[28.1119744,37.0624746],[28.1128848,37.0627483],[28.113633,37.062818],[28.1143813,37.0627135],[28.1146806,37.0627831],[28.1152605,37.0633902],[28.1159089,37.0635593],[28.1161209,37.0638977],[28.1164202,37.0647037],[28.1165824,37.0649027],[28.1170376,37.0651167],[28.1188895,37.0653754],[28.1200368,37.0650968],[28.1202301,37.0651366],[28.1208411,37.0655993],[28.1210718,37.0658779],[28.1212464,37.0665347],[28.1214148,37.0668432],[28.1217177,37.0669734]]},"properties":{"class":"tertiary"}},{"type":"Feature","geometry":{"type":"LineString","coordinates":[[28.125021,37.0672134],[28.1253431,37.0672362],[28.1259541,37.0670123],[28.1276315,37.0667984],[28.1282363,37.0665695],[28.1286291,37.0665397],[28.1295208,37.0667039],[28.1316682,37.066794]]},"properties":{"class":"tertiary"}},{"type":"Feature","geometry":{"type":"LineString","coordinates":[[28.1217177,37.0669734],[28.1241958,37.0670521],[28.125021,37.0672134]]},"properties":{"class":"tertiary"}},{"type":"Feature","geometry":{"type":"LineString","coordinates":[[28.1328068,37.0695139],[28.1324826,37.0697687],[28.1322831,37.0702463],[28.1320711,37.0716692],[28.1322269,37.0722761],[28.1324888,37.0725149],[28.1331373,37.0728134],[28.1345082,37.0731502]]},"properties":{"class":"tertiary"}},{"type":"Feature","geometry":{"type":"LineString","coordinates":[[28.1316682,37.066794],[28.1322893,37.067082],[28.1325013,37.0673706],[28.1325636,37.0677437],[28.1329752,37.0685945],[28.1330625,37.0690572],[28.1329004,37.0694502],[28.1328068,37.0695139]]},"properties":{"class":"tertiary"}},{"type":"Feature","geometry":{"type":"LineString","coordinates":[[28.1296094,37.0749452],[28.134345,37.0744312],[28.1357569,37.0738767]]},"properties":{"class":"unclassified"}},{"type":"Feature","geometry":{"type":"LineString","coordinates":[[28.1345082,37.0731502],[28.1357569,37.0738767],[28.1367913,37.0743077],[28.1376164,37.0745663],[28.1379365,37.074591]]},"properties":{"class":"tertiary"}},{"type":"Feature","geometry":{"type":"LineString","coordinates":[[28.165137,37.0369484],[28.1655674,37.0364088],[28.1655903,37.0352505],[28.1661454,37.0340048],[28.1662835,37.0334222],[28.1663202,37.0328714],[28.165977,37.0319935]]},"properties":{"class":"unclassified"}},{"type":"Feature","geometry":{"type":"LineString","coordinates":[[28.1610639,37.0383189],[28.160811,37.0383315],[28.1599002,37.0386491],[28.159144,37.0387016],[28.1588415,37.0386386],[28.159019,37.038027],[28.1584601,37.0370375],[28.1577926,37.0367305],[28.1577992,37.0364522],[28.157569,37.0361058],[28.1569147,37.0359614],[28.1568095,37.0358223],[28.1567733,37.0355073],[28.1566516,37.0353026],[28.1567141,37.0351661],[28.1568982,37.0351294],[28.1570626,37.0352239],[28.1578353,37.0352869],[28.1581576,37.0352475],[28.1586705,37.0350296],[28.1590749,37.034649],[28.1591389,37.0341749],[28.1590419,37.0332452],[28.1579714,37.0329537],[28.1580687,37.0320976],[28.157741,37.0315188],[28.157789,37.0313158]]},"properties":{"class":"unclassified"}},{"type":"Feature","geometry":{"type":"LineString","coordinates":[[28.1609778,37.0314191],[28.1606671,37.0318872],[28.1604073,37.0319368],[28.1602182,37.0318188],[28.1600677,37.0313929]]},"properties":{"class":"tertiary","name":"Akyaka - Kultak Yolu"}},{"type":"Feature","geometry":{"type":"LineString","coordinates":[[28.1677486,37.0323705],[28.167558,37.0322019],[28.1674172,37.0321838],[28.1669024,37.0323528],[28.1663005,37.031947],[28.165977,37.0319935],[28.1656536,37.0322369],[28.1651585,37.0320706],[28.1646404,37.0320496]]},"properties":{"class":"tertiary","name":"Akyaka - Kultak Yolu"}},{"type":"Feature","geometry":{"type":"LineString","coordinates":[[28.1610494,37.0386265],[28.1609854,37.0384694],[28.1610639,37.0383189],[28.164183,37.0382056],[28.1644534,37.0380075],[28.1646755,37.0371725],[28.165137,37.0369484]]},"properties":{"class":"unclassified"}},{"type":"Feature","geometry":{"type":"LineString","coordinates":[[28.2002266,37.0644271],[28.2005645,37.0652223],[28.2004011,37.0659121],[28.2017387,37.0670758],[28.2022237,37.0673774],[28.2023475,37.0675577],[28.2025843,37.0684799],[28.2029461,37.0689353],[28.2035372,37.0694771],[28.2043622,37.0700559],[28.2063203,37.0709549],[28.2068498,37.0713366],[28.2092511,37.0722356],[28.2100762,37.0724696],[28.2124406,37.0727282],[28.2143001,37.0732454],[28.2152361,37.0738981],[28.2173542,37.0744892],[28.2180684,37.0744522],[28.2189551,37.0741444],[28.2199525,37.0741567],[28.2217382,37.0747108],[28.223573,37.0751049],[28.2241765,37.0753143],[28.2246198,37.0757822],[28.2252232,37.0761886],[28.2304692,37.0771614],[28.2315529,37.0775925],[28.2328459,37.0782944],[28.2332893,37.0786761],[28.2352104,37.0843409],[28.2354443,37.0845748],[28.2361216,37.0847472],[28.2371653,37.0844786],[28.2406411,37.0841315],[28.2421496,37.0844202],[28.2426537,37.0846894],[28.2429383,37.0847381],[28.2435318,37.0846051],[28.2441254,37.0842613],[28.2445279,37.0844818],[28.2450442,37.0851402],[28.2452881,37.0852667],[28.2474144,37.0855099],[28.247516,37.0856461],[28.2474794,37.0860645],[28.2470241,37.0871964],[28.2469956,37.0875207],[28.2471461,37.0886947],[28.2476014,37.0904264],[28.2480914,37.0915203],[28.2489471,37.0940876],[28.2492926,37.0947978],[28.2503659,37.0960365],[28.2506202,37.0961878],[28.2533334,37.0953404],[28.2539405,37.0953571],[28.2542301,37.0954745]]},"properties":{"class":"tertiary"}},{"type":"Feature","geometry":{"type":"LineString","coordinates":[[28.1818267,37.0859697],[28.1816947,37.0857097],[28.1814843,37.0855188],[28.1800649,37.0849066],[28.1791531,37.0839257],[28.1786745,37.0835702],[28.1783774,37.0834517],[28.1774573,37.0832378],[28.1762773,37.08333],[28.175089,37.083274],[28.1724896,37.0827079],[28.1713715,37.0822569],[28.1702038,37.0821746],[28.1695725,37.0819113],[28.1688175,37.0822898],[28.1681614,37.0823392],[28.1674518,37.082089],[28.1669113,37.0820923],[28.165756,37.081806],[28.1651866,37.081355],[28.1641221,37.080881],[28.1631979,37.0809995],[28.1611225,37.080746],[28.1599342,37.0804695],[28.1592287,37.080565],[28.1589233,37.0803609]]},"properties":{"class":"tertiary"}},{"type":"Feature","geometry":{"type":"LineString","coordinates":[[28.2121891,37.0440771],[28.2129566,37.0446101],[28.2141458,37.0451356],[28.2145988,37.0456469],[28.2146696,37.0460169],[28.2152288,37.0462853],[28.2164038,37.0473756],[28.2173488,37.0484462],[28.2172001,37.0484519],[28.2164109,37.0479604],[28.2156146,37.0475903],[28.2141458,37.0470903],[28.2135654,37.0470084],[28.2128257,37.0466553],[28.2112366,37.0464322],[28.2098457,37.0465734],[28.2098881,37.0466553],[28.2109499,37.046774],[28.2115374,37.0470282],[28.2124859,37.0476355],[28.2128788,37.0480621],[28.2134946,37.0482457],[28.2143758,37.0489434],[28.214298,37.0490112],[28.213261,37.0486439],[28.2126523,37.0486044],[28.2119444,37.0482598],[28.211541,37.0482259],[28.2112047,37.0480903],[28.2108402,37.0481214],[28.2099377,37.0485677],[28.2098811,37.0486694],[28.2109181,37.0485564],[28.2115905,37.0488304],[28.2115834,37.0489038],[28.2108154,37.0488615],[28.2102385,37.0491383],[28.2101642,37.0492626],[28.2107234,37.0491298],[28.2109959,37.0491467],[28.2123691,37.0498077],[28.2126664,37.0498586],[28.2127266,37.049932],[28.2125956,37.0499716],[28.2119692,37.049949],[28.2112472,37.0498049],[28.2110738,37.0498755],[28.2121796,37.050461],[28.2131809,37.0505815],[28.2132549,37.0506725],[28.2125431,37.0507389],[28.2117729,37.0506233],[28.2114648,37.0505028],[28.2113169,37.0505397],[28.2113538,37.0506258],[28.2127958,37.0514053],[28.2127526,37.0515209],[28.2114185,37.0511766],[28.2105404,37.0510389],[28.2095021,37.0510733],[28.2093912,37.0511422],[28.2103987,37.0513832],[28.2105096,37.0514938],[28.2101399,37.0522561],[28.21022,37.0525389],[28.2106637,37.0532372],[28.2108301,37.0533577],[28.2118407,37.0535126],[28.2128358,37.0546658],[28.2131963,37.0549781],[28.2131932,37.0550543],[28.2130423,37.055042],[28.2122196,37.0544961],[28.2110488,37.054447],[28.2100536,37.0539896],[28.2100567,37.054088],[28.2103001,37.0542699],[28.2107068,37.0548945],[28.2109872,37.0551502],[28.2108486,37.0551723],[28.2104295,37.0549953],[28.2101738,37.0546535],[28.2100629,37.0546216],[28.2100013,37.0546756],[28.2102755,37.0552289],[28.2107561,37.0555092],[28.2114863,37.0556862],[28.2119177,37.0560256],[28.2119084,37.0561534],[28.2117359,37.0563255],[28.2109841,37.0567706],[28.210636,37.0571296],[28.2106853,37.0575672],[28.210941,37.0578672],[28.2108578,37.0579409],[28.2099766,37.057582],[28.2098534,37.0573656],[28.2097271,37.056596],[28.2093573,37.0558805],[28.2084392,37.0549781],[28.208205,37.0549117],[28.2080232,37.0549855],[28.2076936,37.0554182],[28.2074995,37.0562223],[28.2069418,37.0566796],[28.2067477,37.057164],[28.2073115,37.058263],[28.2082974,37.0586146],[28.2083652,37.0587277],[28.2081403,37.0587548],[28.206227,37.0583761],[28.2060483,37.0584302],[28.2061222,37.0585212],[28.2084207,37.0594309],[28.2072807,37.0592933],[28.2066614,37.0591285],[28.2059066,37.0591261],[28.2056601,37.0590253],[28.2050439,37.0584991],[28.2048313,37.0584647],[28.2046433,37.0587056],[28.2046279,37.059013],[28.2047881,37.0591703],[28.205241,37.0593351],[28.205241,37.0594752],[28.20448,37.0597235],[28.2035988,37.0606603],[28.2031429,37.0609332],[28.2025451,37.0615036],[28.2018977,37.0618138],[28.2010233,37.0627042],[28.2010205,37.0630749]]},"properties":{"class":"tertiary"}},{"type":"Feature","geometry":{"type":"LineString","coordinates":[[28.1686158,37.0343252],[28.1681557,37.033282],[28.1681161,37.0329802],[28.1677486,37.0323705]]},"properties":{"class":"tertiary","name":"Akyaka - Kultak Yolu"}},{"type":"Feature","geometry":{"type":"LineString","coordinates":[[28.1694687,37.0346821],[28.1691588,37.0349137],[28.1684647,37.0350763],[28.1683437,37.0349322],[28.1685765,37.0346168],[28.1686158,37.0343252]]},"properties":{"class":"tertiary","name":"Akyaka - Kultak Yolu"}},{"type":"Feature","geometry":{"type":"LineString","coordinates":[[28.1713188,37.0340696],[28.1710678,37.0343282],[28.1697219,37.0345107],[28.1694687,37.0346821]]},"properties":{"class":"tertiary","name":"Akyaka - Kultak Yolu"}},{"type":"Feature","geometry":{"type":"LineString","coordinates":[[28.1723613,37.0334306],[28.1721146,37.0341308],[28.1719212,37.0341519],[28.1716318,37.0340203],[28.1713188,37.0340696]]},"properties":{"class":"tertiary","name":"Akyaka - Kultak Yolu"}},{"type":"Feature","geometry":{"type":"LineString","coordinates":[[28.1772297,37.0342453],[28.1767463,37.0343688],[28.176387,37.0345944],[28.1757944,37.0344266],[28.1752209,37.0334553],[28.1745201,37.0328067],[28.1742352,37.0326967],[28.173855,37.0326584],[28.1732593,37.0327391],[28.1726981,37.0330866],[28.1723613,37.0334306]]},"properties":{"class":"tertiary","name":"Akyaka - Kultak Yolu"}},{"type":"Feature","geometry":{"type":"LineString","coordinates":[[28.184539,37.03512],[28.1839512,37.034634],[28.1834991,37.0343855],[28.1827166,37.0340956],[28.1819644,37.0339593],[28.1803239,37.033863],[28.1772297,37.0342453]]},"properties":{"class":"tertiary","name":"Akyaka - Kultak Yolu"}},{"type":"Feature","geometry":{"type":"LineString","coordinates":[[28.185251,37.036047],[28.184539,37.03512]]},"properties":{"class":"tertiary","name":"Akyaka - Kultak Yolu"}},{"type":"Feature","geometry":{"type":"LineString","coordinates":[[28.1850041,37.0366429],[28.1852466,37.0362509],[28.185251,37.036047]]},"properties":{"class":"tertiary","name":"Akyaka - Kultak Yolu"}},{"type":"Feature","geometry":{"type":"LineString","coordinates":[[28.185251,37.036047],[28.185039,37.0362952],[28.1847777,37.0364509],[28.1832734,37.0370739],[28.1829619,37.0374256],[28.1823828,37.0377397],[28.1817062,37.0384406]]},"properties":{"class":"unclassified"}},{"type":"Feature","geometry":{"type":"LineString","coordinates":[[28.2019786,37.0410853],[28.2009051,37.0409761],[28.2004258,37.0411814],[28.2001809,37.041184],[28.1990267,37.040513],[28.198668,37.0401128],[28.1984044,37.0401077],[28.1976414,37.0404061],[28.1973731,37.0404125],[28.1969683,37.0402322],[28.1953699,37.0400213],[28.1944161,37.0394463],[28.1939567,37.0394827],[28.1927032,37.0393783],[28.1921321,37.0391047],[28.1912052,37.0390164],[28.1892049,37.0391614]]},"properties":{"class":"tertiary","name":"Akyaka- Akbük- Ören Yolu"}},{"type":"Feature","geometry":{"type":"LineString","coordinates":[[28.1892049,37.0391614],[28.1888416,37.0389629],[28.1879697,37.0382623],[28.1873145,37.0380455],[28.186758,37.0379764],[28.1855907,37.0375088],[28.185242,37.0372328],[28.1850041,37.0366429]]},"properties":{"class":"tertiary","name":"Akyaka- Akbük- Ören Yolu"}},{"type":"Feature","geometry":{"type":"LineString","coordinates":[[28.2085357,37.0414924],[28.2081462,37.0414246],[28.2069182,37.0414601],[28.2055082,37.0411608],[28.2043597,37.041078],[28.2034952,37.0410377],[28.2027066,37.0411586],[28.2019786,37.0410853]]},"properties":{"class":"tertiary","name":"Akyaka - Kultak Yolu"}},{"type":"Feature","geometry":{"type":"LineString","coordinates":[[28.2010205,37.0630749],[28.2008704,37.0631879],[28.200409,37.0632265],[28.2000243,37.0637836],[28.2000711,37.064104],[28.2003956,37.0642645],[28.2002266,37.0644271]]},"properties":{"class":"tertiary"}},{"type":"Feature","geometry":{"type":"LineString","coordinates":[[28.2195183,37.090865],[28.2183325,37.0908708],[28.2177662,37.0907437],[28.2165523,37.0897218],[28.2150092,37.0892983],[28.2131086,37.0885925],[28.211739,37.0884711],[28.2095871,37.0878641],[28.2089536,37.087977],[28.2083166,37.088361],[28.2075344,37.0894366],[28.2073751,37.0897415],[28.2071416,37.0911079],[28.2067098,37.0924291],[28.2059099,37.0932648],[28.2049048,37.0939197],[28.203436,37.0941427],[28.2019885,37.0946481],[28.2013054,37.0953933],[28.1992704,37.0981711],[28.1966797,37.0999269],[28.1959718,37.1001217],[28.1931511,37.1000144],[28.1929565,37.1000878],[28.1924863,37.100611],[28.1922463,37.101473]]},"properties":{"class":"tertiary"}},{"type":"Feature","geometry":{"type":"LineString","coordinates":[[28.1922463,37.101473],[28.1914162,37.1012481],[28.1906116,37.1011362],[28.1897162,37.1006557],[28.1883959,37.1006031],[28.187975,37.1003299],[28.1876366,37.0999284],[28.187191,37.0995928],[28.1870342,37.099211],[28.1868857,37.0990794],[28.1855034,37.0987206],[28.185359,37.0985791],[28.1851816,37.0975062],[28.185,37.09721],[28.1844223,37.0965452],[28.1829738,37.0953629],[28.1821238,37.0944776],[28.1820124,37.0941321],[28.1822517,37.0936154],[28.18226,37.0933389],[28.1821486,37.0924009],[28.1832461,37.0909758],[28.1839723,37.0902222],[28.1841662,37.0897318],[28.1841249,37.0894981],[28.18344,37.0886621],[28.1830398,37.0878722],[28.1824993,37.0874574],[28.1824291,37.0871217],[28.1818267,37.0859697]]},"properties":{"class":"tertiary"}},{"type":"Feature","geometry":{"type":"LineString","coordinates":[[28.2184373,37.0419343],[28.2178636,37.0421291],[28.2176381,37.0421165],[28.2163677,37.0417079],[28.2151021,37.0419558],[28.2141753,37.0412315],[28.2134493,37.0411444],[28.2132456,37.040805]]},"properties":{"class":"tertiary","name":"Akyaka - Kultak Yolu"}},{"type":"Feature","geometry":{"type":"LineString","coordinates":[[28.2217252,37.0409707],[28.2212334,37.0407212],[28.2206276,37.04071],[28.2184373,37.0419343]]},"properties":{"class":"tertiary","name":"Akyaka - Kultak Yolu"}},{"type":"Feature","geometry":{"type":"LineString","coordinates":[[28.2214818,37.0426386],[28.2196351,37.0437938],[28.2189177,37.043798]]},"properties":{"class":"tertiary"}},{"type":"Feature","geometry":{"type":"LineString","coordinates":[[28.2189177,37.043798],[28.218315,37.0438474],[28.2173417,37.0441299],[28.2157349,37.0440988],[28.2151899,37.0437909],[28.2139972,37.0435762],[28.2132787,37.0436582],[28.2124718,37.0434011],[28.211902,37.0434152],[28.211095,37.043613],[28.211587,37.0436836],[28.2121891,37.0440771]]},"properties":{"class":"tertiary"}},{"type":"Feature","geometry":{"type":"LineString","coordinates":[[28.2132456,37.040805],[28.2128167,37.0405526],[28.2125807,37.0404993],[28.2121228,37.0404707],[28.211443,37.0405673],[28.2093973,37.0411153],[28.2088402,37.0414348],[28.2085357,37.0414924]]},"properties":{"class":"tertiary","name":"Akyaka - Kultak Yolu"}},{"type":"Feature","geometry":{"type":"LineString","coordinates":[[28.2330275,37.0413072],[28.2318036,37.0414744],[28.2302514,37.041554],[28.228759,37.0417641],[28.2269519,37.042191],[28.226204,37.0425493]]},"properties":{"class":"tertiary","name":"Akyaka - Kultak Yolu"}},{"type":"Feature","geometry":{"type":"LineString","coordinates":[[28.2232595,37.0417716],[28.2214818,37.0426386]]},"properties":{"class":"tertiary"}},{"type":"Feature","geometry":{"type":"LineString","coordinates":[[28.226204,37.0425493],[28.2257439,37.0427714],[28.2250111,37.0426592],[28.2217252,37.0409707]]},"properties":{"class":"tertiary","name":"Akyaka - Kultak Yolu"}},{"type":"Feature","geometry":{"type":"LineString","coordinates":[[28.2445101,37.0424231],[28.2436947,37.0424531],[28.2425601,37.042188],[28.2423128,37.0421137],[28.241466,37.0415768],[28.2410975,37.0414815],[28.2396061,37.0415376],[28.2383937,37.0414793],[28.2359281,37.0411534]]},"properties":{"class":"tertiary","name":"Akyaka - Kultak Yolu"}},{"type":"Feature","geometry":{"type":"LineString","coordinates":[[28.2473125,37.042232],[28.2470711,37.0422803],[28.2463931,37.0426868],[28.2459162,37.0428691],[28.2451742,37.042428],[28.2445101,37.0424231]]},"properties":{"class":"tertiary","name":"Akyaka - Kultak Yolu"}},{"type":"Feature","geometry":{"type":"LineString","coordinates":[[28.2359281,37.0411534],[28.235455,37.0412177],[28.2348319,37.0415293],[28.234576,37.0414956],[28.234164,37.0412257],[28.2335267,37.041343],[28.2330275,37.0413072]]},"properties":{"class":"tertiary","name":"Akyaka - Kultak Yolu"}},{"type":"Feature","geometry":{"type":"LineString","coordinates":[[28.2550879,37.0429596],[28.2545,37.0430522],[28.2536757,37.0427111],[28.253247,37.042679],[28.2530813,37.0428129],[28.2531803,37.0433717],[28.2531409,37.043665],[28.25275,37.0440966],[28.2524501,37.0442262],[28.252344,37.0442056],[28.2522545,37.0440696],[28.2522452,37.0438296],[28.2518622,37.0428612]]},"properties":{"class":"tertiary","name":"Akyaka - Kultak Yolu"}},{"type":"Feature","geometry":{"type":"LineString","coordinates":[[28.2680199,37.0464248],[28.2677927,37.046178],[28.2670529,37.045733],[28.2668526,37.045334],[28.2664639,37.0450913],[28.26469,37.0451887],[28.2638738,37.0450739],[28.2624718,37.0444906],[28.2597866,37.0437237],[28.2586763,37.0432438],[28.257603,37.0428872],[28.2571985,37.0428377],[28.2565223,37.0429459],[28.2550879,37.0429596]]},"properties":{"class":"tertiary","name":"Akyaka - Kultak Yolu"}},{"type":"Feature","geometry":{"type":"LineString","coordinates":[[28.2518622,37.0428612],[28.2515202,37.0418792],[28.2504209,37.0416114],[28.2497366,37.0416134],[28.2485282,37.0420393],[28.2476612,37.0422282],[28.2473125,37.042232]]},"properties":{"class":"tertiary","name":"Akyaka - Kultak Yolu"}},{"type":"Feature","geometry":{"type":"LineString","coordinates":[[28.2560731,37.0471382],[28.2561685,37.0467501],[28.2562925,37.0466397],[28.256989,37.046396],[28.2583535,37.0462056],[28.2592981,37.0465293],[28.260319,37.047188],[28.261111,37.0475802],[28.2618886,37.0478201],[28.2628141,37.0483455],[28.2639877,37.0486578],[28.26446,37.048574],[28.2647033,37.0483151],[28.2650421,37.0476145],[28.2652806,37.0473784],[28.2664065,37.0466435],[28.2664351,37.0470623],[28.2661966,37.047485],[28.2662204,37.0477782],[28.266354,37.0475802],[28.2675705,37.04707],[28.2677041,37.0469177],[28.2680762,37.0470128],[28.2681335,37.0471271],[28.2673893,37.0475155],[28.2672557,37.0477211],[28.2694358,37.047569]]},"properties":{"class":"unclassified"}},{"type":"Feature","geometry":{"type":"LineString","coordinates":[[28.2600232,37.0470281],[28.259344,37.0467261],[28.2584878,37.0464785]]},"properties":{"class":"unclassified"}},{"type":"Feature","geometry":{"type":"LineString","coordinates":[[28.3027116,37.0764488],[28.3017369,37.0764445],[28.3006104,37.0759972],[28.2991244,37.0757961],[28.2987086,37.075383],[28.2979684,37.0752118],[28.2974212,37.0752761],[28.2961144,37.0752281],[28.2950876,37.0753788],[28.2938458,37.075077],[28.2921989,37.0750984],[28.2895001,37.0744405],[28.2881295,37.0743999],[28.2870143,37.074634],[28.2866629,37.0742402],[28.2864027,37.0740734],[28.2854882,37.074328],[28.2847712,37.0742486],[28.2831616,37.0742715],[28.2816545,37.0748407],[28.2808437,37.0748297],[28.2796284,37.0746327],[28.2782634,37.07502],[28.2773799,37.075432],[28.2764513,37.0756486],[28.2752054,37.0762745],[28.2748755,37.0765888],[28.2747619,37.0768211],[28.2750301,37.0769666],[28.2761674,37.0771549],[28.2766823,37.0770779],[28.2779913,37.0765472],[28.2786747,37.0760862],[28.2791468,37.0758979],[28.2795577,37.0758881],[28.2815747,37.0764359],[28.2823579,37.0769238],[28.2832344,37.0778752],[28.2837526,37.0786186],[28.2842354,37.0800652],[28.2846539,37.0818284],[28.2848577,37.0830695],[28.2850905,37.0853988],[28.2863136,37.0880519],[28.2863383,37.0883673],[28.2855733,37.0894213],[28.2850154,37.090996],[28.2846646,37.0915168],[28.2841818,37.092073],[28.283581,37.092578],[28.2820146,37.0935022],[28.2810597,37.0944008],[28.2808881,37.0946832],[28.2807378,37.0951881],[28.2804267,37.0966001],[28.279901,37.0973703],[28.279665,37.0978666],[28.2797798,37.0982102],[28.2797615,37.0984999],[28.27915,37.0992187],[28.2789322,37.1000329],[28.2784741,37.1007247]]},"properties":{"class":"tertiary","name":"Kuyucak-Muğla Yolu"}},{"type":"Feature","geometry":{"type":"LineString","coordinates":[[28.2854799,37.0556343],[28.285335,37.0560153],[28.2851527,37.0562208],[28.284908,37.056406],[28.2846216,37.0564263],[28.2843019,37.0566029],[28.2841549,37.0570899],[28.2841409,37.0573863],[28.2842246,37.0576293],[28.2852707,37.0577149],[28.2858286,37.0579375],[28.2883659,37.0584127],[28.2897661,37.0589521],[28.2912198,37.0597826],[28.2917133,37.0599881],[28.2925502,37.0600651],[28.2936413,37.0604215],[28.2944385,37.0611053],[28.294755,37.0616105],[28.2954845,37.0621113],[28.2958085,37.062549],[28.2962967,37.0626518],[28.2966132,37.0626047],[28.2978449,37.0627449],[28.298244,37.0630713],[28.2986892,37.063251],[28.2989253,37.0631612],[28.2990325,37.0629985],[28.2993115,37.0630327],[28.2994113,37.0632371],[28.2993308,37.0633356],[28.2985637,37.0635411],[28.2985015,37.0636534],[28.2986281,37.063708],[28.3002288,37.0639402],[28.3014197,37.063769],[28.3024529,37.0640975],[28.3034507,37.0649922],[28.3039228,37.0650478],[28.3039571,37.0651259],[28.3031771,37.0653047],[28.3013103,37.0650992],[28.3011676,37.0651861],[28.3032737,37.0659981],[28.3041963,37.0660238],[28.3049017,37.0662137]]},"properties":{"class":"tertiary","name":"Kuyucak-Akyaka Yolu"}},{"type":"Feature","geometry":{"type":"LineString","coordinates":[[28.2709049,37.0481521],[28.269159,37.04748],[28.2689987,37.0472763],[28.2691156,37.046935],[28.2683267,37.0466237],[28.2680199,37.0464248]]},"properties":{"class":"tertiary","name":"Akyaka - Kultak Yolu"}},{"type":"Feature","geometry":{"type":"LineString","coordinates":[[28.2847566,37.0481615],[28.2838629,37.0480182],[28.2833429,37.0480518],[28.2829437,37.0481832],[28.2823456,37.048631],[28.2814444,37.0487447],[28.2803704,37.0487873],[28.2798168,37.0484414],[28.2795928,37.0484144],[28.2782858,37.0486098],[28.2776682,37.048821],[28.2769911,37.0494501],[28.2758578,37.0498973],[28.2749682,37.04976],[28.2740704,37.0492157],[28.2729321,37.0488892],[28.2718799,37.0483981],[28.2709049,37.0481521]]},"properties":{"class":"tertiary","name":"Akyaka - Kultak Yolu"}},{"type":"Feature","geometry":{"type":"LineString","coordinates":[[28.2883534,37.056971],[28.2881552,37.0568497],[28.2872633,37.0566757],[28.2871246,37.0566968],[28.2869,37.0569235],[28.2865168,37.056913],[28.2863979,37.0564965],[28.2862592,37.0563858],[28.285222,37.0561426]]},"properties":{"class":"unclassified"}},{"type":"Feature","geometry":{"type":"LineString","coordinates":[[28.2889801,37.0473889],[28.2884285,37.0475011],[28.2877406,37.047857],[28.2868187,37.0476215],[28.286352,37.0477219],[28.286029,37.0479231],[28.2855374,37.0478886],[28.2847566,37.0481615]]},"properties":{"class":"tertiary","name":"Akyaka - Kultak Yolu"}},{"type":"Feature","geometry":{"type":"LineString","coordinates":[[28.2966932,37.0501321],[28.2963955,37.0496569],[28.2957515,37.0495028],[28.2952418,37.0492406],[28.2948863,37.0486437],[28.2946162,37.0485446],[28.2938951,37.0485191]]},"properties":{"class":"tertiary","name":"Akyaka - Kultak Yolu"}},{"type":"Feature","geometry":{"type":"LineString","coordinates":[[28.3090929,37.0499716],[28.3088944,37.0498024],[28.3085912,37.0497019],[28.3068318,37.049492],[28.3065716,37.0493957],[28.3057811,37.049483],[28.3050319,37.0493015],[28.3046135,37.0491046],[28.3038947,37.049263],[28.3031874,37.0491384],[28.3027448,37.048965],[28.3020762,37.0490318],[28.3014701,37.048897],[28.3012857,37.0489521],[28.3005662,37.0496119],[28.3002818,37.0497682],[28.2999,37.0497091],[28.2995066,37.0493657],[28.2990748,37.0492823],[28.2987752,37.0492946],[28.2978437,37.0495498],[28.2970799,37.0498862],[28.2966681,37.0496943],[28.2964012,37.0494415],[28.2956206,37.0493148],[28.2950921,37.0489506]]},"properties":{"class":"unclassified"}},{"type":"Feature","geometry":{"type":"LineString","coordinates":[[28.2968663,37.0579702],[28.2962425,37.0580962],[28.2953645,37.0580256],[28.2945886,37.0575477],[28.2940306,37.0573793],[28.2937787,37.0572001],[28.2931934,37.0569774],[28.2926217,37.0568742],[28.291526,37.0568199],[28.2900423,37.0568959],[28.288933,37.0567112],[28.2880414,37.0560377],[28.286619,37.0555272],[28.2861345,37.0552444]]},"properties":{"class":"unclassified"}},{"type":"Feature","geometry":{"type":"LineString","coordinates":[[28.2938951,37.0485191],[28.2916807,37.0486225],[28.2913509,37.0484469],[28.2912401,37.0481819],[28.2900599,37.0476018],[28.2897951,37.0474938],[28.2889801,37.0473889]]},"properties":{"class":"tertiary","name":"Akyaka - Kultak Yolu"}},{"type":"Feature","geometry":{"type":"LineString","coordinates":[[28.2978725,37.0501095],[28.2977236,37.050189],[28.2976102,37.0506491],[28.297416,37.0507924],[28.2972077,37.0507454],[28.2966932,37.0501321]]},"properties":{"class":"tertiary","name":"Akyaka - Kultak Yolu"}},{"type":"Feature","geometry":{"type":"LineString","coordinates":[[28.3042972,37.0564319],[28.3039877,37.0563958],[28.3035378,37.0562038],[28.3027963,37.0554644],[28.3027042,37.0552332],[28.3027433,37.0536673],[28.3028762,37.0534613],[28.3034037,37.0531656],[28.3035408,37.053003],[28.3035071,37.0526995],[28.3004459,37.0508248],[28.2998854,37.0505862],[28.299605,37.0503092],[28.2984686,37.0500616],[28.2978725,37.0501095]]},"properties":{"class":"tertiary","name":"Akyaka - Kultak Yolu"}},{"type":"Feature","geometry":{"type":"LineString","coordinates":[[28.3044721,37.0569732],[28.3036116,37.0577534],[28.3029571,37.0582073],[28.3027372,37.0583014],[28.301321,37.0584298],[28.3010099,37.0583998],[28.3000175,37.0579075],[28.2991591,37.0573681],[28.2986656,37.0568159],[28.2984907,37.0562048],[28.2982311,37.0560196],[28.2976754,37.0559393],[28.2972387,37.05566],[28.2958944,37.05531],[28.2955403,37.0553357],[28.2947818,37.05566],[28.2935769,37.0557424],[28.292754,37.0556044],[28.2911608,37.0549065],[28.2870163,37.0548819],[28.2865099,37.0549194],[28.2859627,37.055386],[28.2856194,37.055493],[28.2854799,37.0556343]]},"properties":{"class":"tertiary"}},{"type":"Feature","geometry":{"type":"LineString","coordinates":[[28.2865897,37.0580845],[28.2869748,37.0580205],[28.2875864,37.0580633],[28.2887773,37.057785],[28.2891152,37.0574511],[28.2890562,37.0573869],[28.2895068,37.0572585],[28.2893083,37.0572456],[28.2892922,37.0571172]]},"properties":{"class":"unclassified"}},{"type":"Feature","geometry":{"type":"LineString","coordinates":[[28.2900423,37.0568959],[28.2898595,37.0570438],[28.2892922,37.0571172]]},"properties":{"class":"unclassified"}},{"type":"Feature","geometry":{"type":"LineString","coordinates":[[28.3060191,37.0562966],[28.3042972,37.0564319]]},"properties":{"class":"tertiary","name":"Akyaka - Kultak Yolu"}},{"type":"Feature","geometry":{"type":"LineString","coordinates":[[28.3128491,37.0528794],[28.3119318,37.0527831],[28.3108321,37.0523956],[28.3106953,37.0524663],[28.3105532,37.0528323],[28.3106363,37.0535601]]},"properties":{"class":"tertiary"}},{"type":"Feature","geometry":{"type":"LineString","coordinates":[[28.3108965,37.0523935],[28.3108604,37.0522214],[28.3105788,37.0519217],[28.3101389,37.0510397],[28.3092734,37.0504635],[28.3090929,37.0499716]]},"properties":{"class":"unclassified"}},{"type":"Feature","geometry":{"type":"LineString","coordinates":[[28.3060191,37.0562966],[28.3044721,37.0569732]]},"properties":{"class":"tertiary"}},{"type":"Feature","geometry":{"type":"LineString","coordinates":[[28.3115695,37.0526257],[28.3112492,37.0516114],[28.3102441,37.0512798]]},"properties":{"class":"unclassified"}},{"type":"Feature","geometry":{"type":"LineString","coordinates":[[28.3106363,37.0535601],[28.3104137,37.0545234],[28.3100014,37.0551334],[28.309035,37.0555508],[28.3074439,37.0559756]]},"properties":{"class":"tertiary"}},{"type":"Feature","geometry":{"type":"LineString","coordinates":[[28.3074439,37.0559756],[28.3060191,37.0562966]]},"properties":{"class":"tertiary"}},{"type":"Feature","geometry":{"type":"LineString","coordinates":[[28.2831616,37.0742715],[28.2843824,37.0738346],[28.2845361,37.07362],[28.2845179,37.0732942],[28.2846731,37.0730047],[28.285189,37.0727083]]},"properties":{"class":"tertiary"}},{"type":"Feature","geometry":{"type":"LineString","coordinates":[[28.285189,37.0727083],[28.2856824,37.0724949],[28.286015,37.0725334]]},"properties":{"class":"tertiary"}},{"type":"Feature","geometry":{"type":"LineString","coordinates":[[28.2991591,37.0573681],[28.2974607,37.0575857],[28.2968663,37.0579702]]},"properties":{"class":"unclassified"}},{"type":"Feature","geometry":{"type":"LineString","coordinates":[[28.3049279,37.068262],[28.3059097,37.0696206],[28.307018,37.0703127],[28.3087024,37.0715711],[28.3095178,37.0717765],[28.3094749,37.0718878],[28.3085093,37.071905],[28.3067573,37.0713926],[28.3067713,37.0715283],[28.3079836,37.0722388],[28.3085737,37.0727267],[28.3086488,37.072975],[28.3085093,37.0735828],[28.3086273,37.0738139],[28.3094395,37.0744914],[28.3092818,37.0745329],[28.3075545,37.0739508],[28.3071328,37.0736354],[28.3070363,37.0732331],[28.3068893,37.0732147]]},"properties":{"class":"tertiary","name":"Kuyucak-Akyaka Yolu"}},{"type":"Feature","geometry":{"type":"LineString","coordinates":[[28.3049017,37.0662137],[28.3059097,37.0665558],[28.3058915,37.0666573],[28.3054484,37.0665987],[28.3054269,37.0667271],[28.3063282,37.0669753],[28.3063067,37.0671037],[28.306178,37.0671209],[28.3059741,37.0670096],[28.3049903,37.0669826]]},"properties":{"class":"tertiary","name":"Kuyucak-Akyaka Yolu"}},{"type":"Feature","geometry":{"type":"LineString","coordinates":[[28.3049903,37.0669826],[28.3046255,37.0670254],[28.3040215,37.0668555],[28.3037565,37.0668884],[28.3036567,37.0670096],[28.303971,37.0671795],[28.3047044,37.0680109]]},"properties":{"class":"tertiary","name":"Kuyucak-Akyaka Yolu"}},{"type":"Feature","geometry":{"type":"LineString","coordinates":[[28.3047044,37.0680109],[28.3049279,37.068262]]},"properties":{"class":"tertiary","name":"Kuyucak-Akyaka Yolu"}},{"type":"Feature","geometry":{"type":"LineString","coordinates":[[28.286015,37.0725334],[28.2861599,37.0726361],[28.2862242,37.0728972],[28.2862081,37.0733338],[28.2867285,37.0736933],[28.2868519,37.0739415],[28.2864027,37.0740734]]},"properties":{"class":"tertiary"}},{"type":"Feature","geometry":{"type":"LineString","coordinates":[[28.286015,37.0725334],[28.2862664,37.0724909],[28.2865793,37.0721593],[28.2867707,37.0721443],[28.2870229,37.0722673],[28.2879382,37.0719506],[28.288111,37.0719692],[28.2882885,37.0721332],[28.2886481,37.073087],[28.2888115,37.0731616],[28.2890917,37.0735193],[28.2895214,37.0736497],[28.2896288,37.074026],[28.2894607,37.0742123],[28.2896798,37.0743436],[28.2896652,37.0744758]]},"properties":{"class":"tertiary"}},{"type":"Feature","geometry":{"type":"LineString","coordinates":[[28.2917551,37.0749865],[28.2920425,37.0739606]]},"properties":{"class":"unclassified"}},{"type":"Feature","geometry":{"type":"LineString","coordinates":[[28.3068893,37.0732147],[28.3069247,37.0739489],[28.3065674,37.0742333],[28.3059237,37.0740792],[28.3055589,37.0740878],[28.3047435,37.0744302],[28.303166,37.0744659],[28.3028198,37.0762291],[28.3027116,37.0764488]]},"properties":{"class":"tertiary","name":"Kuyucak-Akyaka Yolu"}},{"type":"Feature","geometry":{"type":"LineString","coordinates":[[28.2322687,37.0916539],[28.2321301,37.0914554],[28.2322575,37.0909924],[28.2321371,37.0905266],[28.2315956,37.0906141],[28.2299888,37.0903939],[28.2297092,37.0902669],[28.2293164,37.0898321],[28.2286652,37.0897079],[28.2281536,37.0894755],[28.2275967,37.0897706],[28.2257713,37.0900755],[28.2248403,37.0909365],[28.2242467,37.0911002],[28.224202,37.0914635],[28.2240292,37.0915834],[28.2235495,37.0914975],[28.2229336,37.0911019],[28.2221937,37.0912154],[28.22209,37.0910857],[28.2220473,37.0900609],[28.2216164,37.0896506],[28.2212281,37.0895404],[28.2208399,37.0895436],[28.2205106,37.0897268],[28.2203866,37.0900025],[28.2204353,37.090476],[28.2195183,37.090865]]},"properties":{"class":"tertiary"}},{"type":"Feature","geometry":{"type":"LineString","coordinates":[[28.2542301,37.0954745],[28.2551224,37.0967326],[28.2553638,37.0973034],[28.2554245,37.0977429],[28.2554221,37.0981712],[28.254654,37.0998695],[28.2548392,37.1005748],[28.255008,37.1017948],[28.254949,37.1020772],[28.2545436,37.102619],[28.2544662,37.1028516],[28.2545467,37.1036302],[28.2549222,37.1044859],[28.2552548,37.1048325],[28.2556249,37.105025],[28.2566924,37.1053373],[28.2572289,37.1056025],[28.2573898,37.105932],[28.2574005,37.1072154],[28.257599,37.1084989],[28.2578243,37.1090978],[28.2580228,37.1092946],[28.258924,37.109547],[28.2611503,37.1098251],[28.2616921,37.1099662],[28.2626309,37.1107791],[28.2635069,37.1118424],[28.2637074,37.1122259],[28.263745,37.1127707],[28.2636779,37.1133162],[28.2635818,37.1136469],[28.2633225,37.1139615],[28.2628969,37.1142959],[28.2627886,37.1145472],[28.2628357,37.1147988],[28.2631533,37.1149986],[28.264481,37.11521],[28.2657745,37.1160204],[28.2665183,37.1168761],[28.2671277,37.1173703]]},"properties":{"class":"tertiary"}},{"type":"Feature","geometry":{"type":"LineString","coordinates":[[28.2506202,37.0961878],[28.2495628,37.0966466],[28.2484014,37.0975494],[28.247821,37.0978954],[28.2474388,37.0980158],[28.2469327,37.0979763],[28.2461293,37.0977674],[28.245602,37.0974146],[28.2454887,37.0972565],[28.2454357,37.0969121],[28.2455064,37.0962487],[28.2452233,37.0953877],[28.2448694,37.094888],[28.2442146,37.0944166],[28.2404843,37.093166],[28.2365417,37.0920057],[28.2357807,37.0919069],[28.2347473,37.0919436],[28.2330555,37.0914354],[28.2311373,37.0918786],[28.2288262,37.091921],[28.227315,37.0918194],[28.2262709,37.0919323],[28.2216487,37.0918081],[28.2209019,37.0916387],[28.2204949,37.0914467],[28.2198897,37.0909724],[28.2195183,37.090865]]},"properties":{"class":"tertiary"}},{"type":"Feature","geometry":{"type":"LineString","coordinates":[[28.2198897,37.0909724],[28.2198296,37.0907289]]},"properties":{"class":"tertiary"}},{"type":"Feature","geometry":{"type":"LineString","coordinates":[[28.2221937,37.0912154],[28.2232838,37.0918561]]},"properties":{"class":"tertiary"}},{"type":"Feature","geometry":{"type":"LineString","coordinates":[[28.247821,37.0978954],[28.2481059,37.0989123],[28.2478491,37.0997839],[28.2470131,37.1006368],[28.2457165,37.1014843],[28.2455538,37.1016691],[28.2454156,37.1019642],[28.2455254,37.1024408],[28.2454644,37.1027359],[28.2446716,37.1035594],[28.2441635,37.104717],[28.2438951,37.1050444],[28.2435048,37.1052617],[28.2426308,37.1053492],[28.242208,37.1055276],[28.2413054,37.1064322],[28.240407,37.1069153],[28.2398419,37.1074178],[28.2384637,37.1080727],[28.2382197,37.1083386],[28.2379677,37.1088249],[28.2377522,37.1090065],[28.2374148,37.1090551],[28.2367562,37.1089708],[28.2365082,37.1090681],[28.2362602,37.1092594],[28.2348654,37.1108735]]},"properties":{"class":"tertiary"}},{"type":"Feature","geometry":{"type":"LineString","coordinates":[[28.5773696,37.0971061],[28.5765998,37.0951187],[28.5762768,37.0945605],[28.5759821,37.094274],[28.5744816,37.0932804],[28.5739947,37.0927729],[28.5738291,37.0924982],[28.5737537,37.0919897],[28.5736164,37.091817],[28.5730461,37.0915329],[28.572415,37.0907265],[28.5716522,37.0901702],[28.5713874,37.0898803],[28.5710339,37.0891336],[28.570616,37.0886607],[28.5704232,37.0882679],[28.5703907,37.0871893],[28.5705144,37.0868104],[28.5710017,37.0864973],[28.5712748,37.0858709],[28.5710956,37.0850141],[28.5711176,37.0846465],[28.5706893,37.0834119],[28.5702354,37.0828147],[28.5695869,37.0816969],[28.5691829,37.078321],[28.5690024,37.0779185],[28.5686422,37.077446],[28.5677732,37.0759703],[28.5676235,37.07557],[28.5677475,37.0747965],[28.5686616,37.0719391],[28.5687656,37.07047],[28.568632,37.0696024],[28.5683337,37.0689042],[28.5678424,37.0683187],[28.567373,37.0678093],[28.5669009,37.0674999],[28.5641602,37.0663176],[28.562913,37.065494],[28.5594084,37.0643991],[28.5571082,37.0641367],[28.5521418,37.0628281],[28.551055,37.0623131],[28.5504686,37.0621218],[28.549027,37.0612104],[28.5477698,37.0605529],[28.5449358,37.0594163],[28.5441815,37.0592481],[28.5432647,37.0589047],[28.542694,37.0584822],[28.5420304,37.0576145],[28.5415631,37.0571525],[28.5408792,37.0559885],[28.5405144,37.0546139],[28.5405112,37.0541292],[28.5401781,37.0532854],[28.5403349,37.0529578],[28.5408187,37.0524464],[28.5411436,37.0517416],[28.5411203,37.0512396],[28.53664,37.0456724],[28.5293228,37.0376248],[28.5218275,37.030521],[28.5201418,37.0292926],[28.5197035,37.0290824]]},"properties":{"class":"tertiary"}},{"type":"Feature","geometry":{"type":"LineString","coordinates":[[28.3954916,37.031302],[28.3944102,37.0306881],[28.3935598,37.0306128],[28.391436,37.0295467],[28.3882803,37.0282519],[28.3868546,37.0275863],[28.3866537,37.0269229],[28.3831895,37.0259867],[28.3826781,37.0256923],[28.3820234,37.0254426],[28.3817712,37.0251995],[28.3810671,37.0251277],[28.3803091,37.024883],[28.3794753,37.0248224],[28.3790955,37.0246989],[28.3771092,37.0236954],[28.3762329,37.0231924],[28.3761227,37.023054],[28.374679,37.0237019],[28.3721946,37.0242153],[28.3710253,37.0247599],[28.37095,37.0248978],[28.3709899,37.0250392],[28.371796,37.0264466],[28.3718031,37.0266026],[28.3717069,37.0267921],[28.3714762,37.0268965],[28.3704169,37.0271943],[28.3690306,37.0271708],[28.3682959,37.0267913],[28.3670224,37.026644],[28.3666505,37.0262874],[28.366494,37.026262],[28.3653694,37.0263594],[28.3647977,37.0263308],[28.3639011,37.0256511],[28.3636513,37.0255906],[28.3626346,37.0257023],[28.3618428,37.0259144],[28.3609511,37.02587],[28.3604232,37.0260629],[28.3590028,37.0262537]]},"properties":{"class":"tertiary"}},{"type":"Feature","geometry":{"type":"LineString","coordinates":[[28.3587431,37.027061],[28.3597281,37.0270065],[28.3603369,37.0271586],[28.3608492,37.027544],[28.3612355,37.0276746],[28.3626141,37.0287924],[28.3628571,37.0290516],[28.3630245,37.0293984],[28.3631828,37.0300386],[28.3633356,37.0301157],[28.3637541,37.0300686],[28.363915,37.0301435],[28.3641725,37.0312313],[28.364481,37.0320193],[28.3653768,37.0326188],[28.3666026,37.03294],[28.3666589,37.0342545],[28.3696549,37.0341689],[28.3698159,37.0342246],[28.369899,37.0352031],[28.3706474,37.0372478],[28.3711141,37.0376417],[28.3716666,37.0385089],[28.3718463,37.0395794],[28.3710819,37.0405235],[28.3708485,37.0410331],[28.370009,37.0416925],[28.3692472,37.0424761],[28.3686867,37.042748],[28.3683369,37.04305],[28.3677506,37.0431462],[28.3676647,37.0432554],[28.3673509,37.0439833],[28.367249,37.0444714],[28.3670022,37.0448053],[28.3670532,37.045287],[28.3668574,37.0456895],[28.3668708,37.0461695],[28.3670274,37.0464434]]},"properties":{"class":"tertiary","name":"Ova Sokak"}},{"type":"Feature","geometry":{"type":"LineString","coordinates":[[28.3298029,37.0307109],[28.3332525,37.0288158],[28.3343883,37.0280962],[28.3350073,37.0260475],[28.3371752,37.0221673],[28.3420331,37.0167102],[28.3430644,37.0153152]]},"properties":{"class":"unclassified"}},{"type":"Feature","geometry":{"type":"LineString","coordinates":[[28.3441498,37.0188221],[28.3453878,37.0210417],[28.3427845,37.0219768],[28.3400317,37.0231239],[28.3377378,37.0245313],[28.3365666,37.0250325],[28.3362889,37.0250518],[28.3353885,37.025873]]},"properties":{"class":"tertiary"}},{"type":"Feature","geometry":{"type":"LineString","coordinates":[[28.349302,37.0146722],[28.3481036,37.0215309]]},"properties":{"class":"trunk","name":"Muğla - Marmaris Yolu","ref":"D400"}},{"type":"Feature","geometry":{"type":"LineString","coordinates":[[28.3404426,37.0184965],[28.3396542,37.0178541],[28.3394245,37.0178968],[28.3392375,37.0176579],[28.3383028,37.0177944]]},"properties":{"class":"unclassified"}},{"type":"Feature","geometry":{"type":"LineString","coordinates":[[28.3426325,37.0165997],[28.343396,37.0170936],[28.3441498,37.0188221],[28.3442434,37.0187811]]},"properties":{"class":"unclassified"}},{"type":"Feature","geometry":{"type":"LineString","coordinates":[[28.3485567,37.0182226],[28.3488786,37.016338]]},"properties":{"class":"trunk","name":"Muğla - Marmaris Yolu","ref":"D400"}},{"type":"Feature","geometry":{"type":"LineString","coordinates":[[28.3430644,37.0153152],[28.3438795,37.0148922],[28.346051,37.0142353],[28.3474286,37.0140978],[28.3492656,37.0142598]]},"properties":{"class":"unclassified"}},{"type":"Feature","geometry":{"type":"LineString","coordinates":[[28.3492043,37.0146153],[28.3492656,37.0142598]]},"properties":{"class":"trunk","name":"Marmaris Muğla Yolu","ref":"D400"}},{"type":"Feature","geometry":{"type":"LineString","coordinates":[[28.3493766,37.0142636],[28.3493106,37.0146271]]},"properties":{"class":"trunk","name":"Marmaris Muğla Yolu","ref":"D400"}},{"type":"Feature","geometry":{"type":"LineString","coordinates":[[28.3488786,37.016338],[28.3492043,37.0146153]]},"properties":{"class":"trunk","name":"Muğla - Marmaris Yolu","ref":"D400"}},{"type":"Feature","geometry":{"type":"LineString","coordinates":[[28.3492656,37.0142598],[28.3493628,37.0138382]]},"properties":{"class":"trunk","name":"Marmaris Muğla Yolu","ref":"D400"}},{"type":"Feature","geometry":{"type":"LineString","coordinates":[[28.3494523,37.0138463],[28.3493766,37.0142636]]},"properties":{"class":"trunk","name":"Marmaris Muğla Yolu","ref":"D400"}},{"type":"Feature","geometry":{"type":"LineString","coordinates":[[28.3493106,37.0146271],[28.349302,37.0146722]]},"properties":{"class":"trunk","name":"Muğla - Marmaris Yolu","ref":"D400"}},{"type":"Feature","geometry":{"type":"LineString","coordinates":[[28.3479734,37.0215423],[28.3480547,37.0209843]]},"properties":{"class":"trunk","name":"Muğla - Marmaris Yolu","ref":"D400"}},{"type":"Feature","geometry":{"type":"LineString","coordinates":[[28.3477772,37.0235972],[28.3479734,37.0215423]]},"properties":{"class":"trunk","name":"Muğla - Marmaris Yolu","ref":"D400"}},{"type":"Feature","geometry":{"type":"LineString","coordinates":[[28.3480547,37.0209843],[28.3483166,37.0194979]]},"properties":{"class":"trunk","name":"Muğla - Marmaris Yolu","ref":"D400"}},{"type":"Feature","geometry":{"type":"LineString","coordinates":[[28.3483166,37.0194979],[28.3485567,37.0182226]]},"properties":{"class":"trunk","name":"Muğla - Marmaris Yolu","ref":"D400"}},{"type":"Feature","geometry":{"type":"LineString","coordinates":[[28.3453878,37.0210417],[28.3458863,37.0219305],[28.3469368,37.0230194],[28.3471145,37.023087],[28.3476478,37.0229757]]},"properties":{"class":"tertiary"}},{"type":"Feature","geometry":{"type":"LineString","coordinates":[[28.3476478,37.0229757],[28.3477697,37.0229211]]},"properties":{"class":"tertiary"}},{"type":"Feature","geometry":{"type":"LineString","coordinates":[[28.3480525,37.0227945],[28.3482503,37.0227322]]},"properties":{"class":"tertiary"}},{"type":"Feature","geometry":{"type":"LineString","coordinates":[[28.3478856,37.0228692],[28.3479782,37.0228277]]},"properties":{"class":"tertiary"}},{"type":"Feature","geometry":{"type":"LineString","coordinates":[[28.3477697,37.0229211],[28.3478623,37.0228796]]},"properties":{"class":"tertiary"}},{"type":"Feature","geometry":{"type":"LineString","coordinates":[[28.3479782,37.0228277],[28.3480525,37.0227945]]},"properties":{"class":"tertiary"}},{"type":"Feature","geometry":{"type":"LineString","coordinates":[[28.3478623,37.0228796],[28.3478856,37.0228692]]},"properties":{"class":"tertiary"}},{"type":"Feature","geometry":{"type":"LineString","coordinates":[[28.3584788,37.0265244],[28.3581859,37.0264241],[28.3572079,37.0265169],[28.3568629,37.0264039],[28.3565786,37.0262453],[28.356434,37.0260643],[28.3561203,37.0259423],[28.3526782,37.0259675],[28.3506038,37.0263744]]},"properties":{"class":"tertiary","name":"Akçapınar Yolu"}},{"type":"Feature","geometry":{"type":"LineString","coordinates":[[28.3516097,37.027979],[28.3484595,37.0252323],[28.3479212,37.0243677],[28.3477772,37.0235972]]},"properties":{"class":"trunk","name":"Muğla - Marmaris Yolu","ref":"D400"}},{"type":"Feature","geometry":{"type":"LineString","coordinates":[[28.3529398,37.0293119],[28.3522831,37.0299718],[28.3509791,37.0308861],[28.3506588,37.0314179],[28.3499057,37.0319987],[28.3507251,37.0336852],[28.3511507,37.0349639],[28.3516256,37.0349661],[28.3524116,37.0347156],[28.3538031,37.0348974],[28.3542688,37.0352279],[28.3556639,37.0354252],[28.3565821,37.0357999],[28.3568458,37.0359331],[28.3569555,37.0361399],[28.3569738,37.0367184],[28.3572461,37.0373616],[28.3584132,37.0381953],[28.35857,37.0382267]]},"properties":{"class":"unclassified"}},{"type":"Feature","geometry":{"type":"LineString","coordinates":[[28.3502342,37.0266433],[28.3516939,37.0279267]]},"properties":{"class":"trunk","name":"Muğla - Marmaris Yolu","ref":"D400"}},{"type":"Feature","geometry":{"type":"LineString","coordinates":[[28.3481036,37.0215309],[28.3478839,37.0233245],[28.3479124,37.0239079],[28.3480353,37.0243432],[28.3483036,37.0248703],[28.3487576,37.0254193]]},"properties":{"class":"trunk","name":"Muğla - Marmaris Yolu","ref":"D400"}},{"type":"Feature","geometry":{"type":"LineString","coordinates":[[28.3506038,37.0263744],[28.3503838,37.0264518],[28.3502342,37.0266433]]},"properties":{"class":"tertiary"}},{"type":"Feature","geometry":{"type":"LineString","coordinates":[[28.3498697,37.0263429],[28.3506038,37.0263744]]},"properties":{"class":"tertiary"}},{"type":"Feature","geometry":{"type":"LineString","coordinates":[[28.3487576,37.0254193],[28.3502342,37.0266433]]},"properties":{"class":"trunk","name":"Muğla - Marmaris Yolu","ref":"D400"}},{"type":"Feature","geometry":{"type":"LineString","coordinates":[[28.3552961,37.031298],[28.3530339,37.0292466]]},"properties":{"class":"trunk","name":"Muğla - Marmaris Yolu","ref":"D400"}},{"type":"Feature","geometry":{"type":"LineString","coordinates":[[28.3587431,37.027061],[28.3588127,37.0341388],[28.3586533,37.0343617]]},"properties":{"class":"tertiary"}},{"type":"Feature","geometry":{"type":"LineString","coordinates":[[28.3581049,37.0253025],[28.3581886,37.0251515],[28.3580625,37.0249693],[28.3578715,37.0243256],[28.3579837,37.0236245]]},"properties":{"class":"unclassified"}},{"type":"Feature","geometry":{"type":"LineString","coordinates":[[28.3599159,37.0253331],[28.3612408,37.0254141],[28.361963,37.0252652],[28.3632996,37.0243775],[28.3634064,37.0244218],[28.3636336,37.025067],[28.363992,37.0257359]]},"properties":{"class":"unclassified"}},{"type":"Feature","geometry":{"type":"LineString","coordinates":[[28.3531065,37.0291822],[28.3556549,37.0314892]]},"properties":{"class":"trunk","name":"Muğla - Marmaris Yolu","ref":"D400"}},{"type":"Feature","geometry":{"type":"LineString","coordinates":[[28.352325,37.0284851],[28.3531065,37.0291822]]},"properties":{"class":"trunk","name":"Muğla - Marmaris Yolu","ref":"D400"}},{"type":"Feature","geometry":{"type":"LineString","coordinates":[[28.3516939,37.0279267],[28.352325,37.0284851]]},"properties":{"class":"trunk","name":"Muğla - Marmaris Yolu","ref":"D400"}},{"type":"Feature","geometry":{"type":"LineString","coordinates":[[28.3522454,37.0285336],[28.3516097,37.027979]]},"properties":{"class":"trunk","name":"Muğla - Marmaris Yolu","ref":"D400"}},{"type":"Feature","geometry":{"type":"LineString","coordinates":[[28.3530339,37.0292466],[28.3522454,37.0285336]]},"properties":{"class":"trunk","name":"Muğla - Marmaris Yolu","ref":"D400"}},{"type":"Feature","geometry":{"type":"LineString","coordinates":[[28.3532094,37.0290838],[28.3529398,37.0293119]]},"properties":{"class":"unclassified"}},{"type":"Feature","geometry":{"type":"LineString","coordinates":[[28.3594065,37.0251987],[28.3585222,37.0253307],[28.3581049,37.0253025],[28.3582293,37.0255484],[28.3584055,37.0255879],[28.3584798,37.0259405],[28.3589042,37.0259857],[28.359003,37.0261482]]},"properties":{"class":"unclassified"}},{"type":"Feature","geometry":{"type":"LineString","coordinates":[[28.359983,37.025033],[28.3594065,37.0251987]]},"properties":{"class":"unclassified"}},{"type":"Feature","geometry":{"type":"LineString","coordinates":[[28.3594065,37.0251987],[28.3599159,37.0253331]]},"properties":{"class":"unclassified"}},{"type":"Feature","geometry":{"type":"LineString","coordinates":[[28.359003,37.0261482],[28.3590028,37.0262537]]},"properties":{"class":"unclassified"}},{"type":"Feature","geometry":{"type":"LineString","coordinates":[[28.3590028,37.0262537],[28.3584788,37.0265244]]},"properties":{"class":"tertiary"}},{"type":"Feature","geometry":{"type":"LineString","coordinates":[[28.358688,37.0268607],[28.3584788,37.0265244]]},"properties":{"class":"tertiary","name":"Akçapınar Yolu"}},{"type":"Feature","geometry":{"type":"LineString","coordinates":[[28.3587431,37.027061],[28.3587086,37.0269356]]},"properties":{"class":"tertiary","name":"Akçapınar Yolu"}},{"type":"Feature","geometry":{"type":"LineString","coordinates":[[28.3587086,37.0269356],[28.358688,37.0268607]]},"properties":{"class":"tertiary","name":"Akçapınar Yolu"}},{"type":"Feature","geometry":{"type":"LineString","coordinates":[[28.4101166,37.0328988],[28.417458,37.0309853],[28.4200006,37.0301113],[28.4213323,37.0295266],[28.4309957,37.0245894],[28.4333162,37.0235183]]},"properties":{"class":"trunk","name":"Muğla - Fethiye Yolu","ref":"D400"}},{"type":"Feature","geometry":{"type":"LineString","coordinates":[[28.3761227,37.023054],[28.378286,37.0218485],[28.3786259,37.0217685],[28.3795423,37.0209981],[28.3800575,37.0207127],[28.3804136,37.0207485],[28.3809595,37.0206565],[28.3814359,37.0204457],[28.381791,37.0204408],[28.3818638,37.0196994],[28.381797,37.0192052],[28.381269,37.0188563],[28.3812356,37.0187012],[28.3814982,37.0184789],[28.3816848,37.0184759],[28.3820654,37.0187207],[28.3826922,37.0186915],[28.3838302,37.0194547],[28.3843673,37.0195686],[28.3844887,37.0197648],[28.3850531,37.0197624]]},"properties":{"class":"unclassified"}},{"type":"Feature","geometry":{"type":"LineString","coordinates":[[28.3832295,37.0215037],[28.3826869,37.0213925],[28.3825491,37.0211215]]},"properties":{"class":"unclassified"}},{"type":"Feature","geometry":{"type":"LineString","coordinates":[[28.3834133,37.0217585],[28.3834856,37.0224499],[28.3823486,37.0224643],[28.3823191,37.0227248]]},"properties":{"class":"unclassified"}},{"type":"Feature","geometry":{"type":"LineString","coordinates":[[28.3829475,37.0188689],[28.3831335,37.019153],[28.3828877,37.0194462],[28.3829059,37.0197975]]},"properties":{"class":"unclassified"}},{"type":"Feature","geometry":{"type":"LineString","coordinates":[[28.3786259,37.0217685],[28.378601,37.0219231],[28.3786769,37.0220443],[28.3796366,37.0230688],[28.3797939,37.0230831],[28.38008,37.0228032]]},"properties":{"class":"unclassified"}},{"type":"Feature","geometry":{"type":"LineString","coordinates":[[28.381791,37.0204408],[28.382035,37.0206338],[28.3825651,37.0205734],[28.3828476,37.0201079],[28.3829059,37.0197975]]},"properties":{"class":"unclassified"}},{"type":"Feature","geometry":{"type":"LineString","coordinates":[[28.3825491,37.0211215],[28.3824879,37.0210568],[28.3814872,37.0209764],[28.3819392,37.0208332],[28.3819379,37.0205999]]},"properties":{"class":"unclassified"}},{"type":"Feature","geometry":{"type":"LineString","coordinates":[[28.3923459,37.0376018],[28.3920202,37.0365849],[28.3915486,37.0343521],[28.3912071,37.0333461],[28.39089,37.0331189],[28.3900444,37.0328787],[28.3896867,37.0328528],[28.3881418,37.0313923],[28.3874669,37.0309769],[28.3864831,37.0301136],[28.3838568,37.0273353],[28.3816208,37.0266018]]},"properties":{"class":"unclassified"}},{"type":"Feature","geometry":{"type":"LineString","coordinates":[[28.3844887,37.0197648],[28.384314,37.0201957],[28.383921,37.0206643],[28.383722,37.0211166],[28.3833035,37.0213611],[28.3832116,37.0216219],[28.3833826,37.0217604],[28.3835127,37.0217522],[28.384018,37.0215465]]},"properties":{"class":"unclassified"}},{"type":"Feature","geometry":{"type":"LineString","coordinates":[[28.3844097,37.0278611],[28.3848488,37.0276794],[28.38534,37.0265679]]},"properties":{"class":"unclassified"}},{"type":"Feature","geometry":{"type":"LineString","coordinates":[[28.4014735,37.0300577],[28.4020507,37.0313233],[28.4009644,37.0315781],[28.4010154,37.0317944],[28.4003439,37.0318818]]},"properties":{"class":"unclassified"}},{"type":"Feature","geometry":{"type":"LineString","coordinates":[[28.3999906,37.0307897],[28.4003904,37.0320257]]},"properties":{"class":"unclassified"}},{"type":"Feature","geometry":{"type":"LineString","coordinates":[[28.4228447,37.0288983],[28.4209533,37.02986],[28.4189267,37.0306683],[28.416535,37.03137],[28.4102144,37.0329923]]},"properties":{"class":"trunk","name":"Muğla - Fethiye Yolu","ref":"D400"}},{"type":"Feature","geometry":{"type":"LineString","coordinates":[[28.5007477,37.0447505],[28.5003351,37.0445675],[28.4957672,37.043298],[28.4902815,37.0430256],[28.4898534,37.0430908],[28.4894112,37.0434281],[28.488866,37.0436648],[28.474418,37.0455265],[28.469902,37.0462104],[28.4677773,37.0463726],[28.4671624,37.0465447],[28.4667221,37.0471451],[28.4673866,37.0500664],[28.4680034,37.0503034],[28.4680733,37.0505092],[28.4677112,37.0510611],[28.4561664,37.0549407],[28.4533306,37.0557601],[28.4517807,37.0558274],[28.4501628,37.0549978],[28.4495101,37.0548161],[28.4487807,37.054864],[28.4481902,37.055094],[28.4469992,37.055987],[28.4462159,37.0560673],[28.443655,37.0572397],[28.4432824,37.0572594],[28.4428523,37.0571176],[28.4407836,37.055138],[28.4400399,37.0543103],[28.4392038,37.052975],[28.4388129,37.0526232],[28.4377833,37.0521091],[28.4351468,37.0515067],[28.4350241,37.0508662],[28.4340123,37.0492147],[28.4340301,37.0480922],[28.4343393,37.0471906],[28.4339915,37.0467641],[28.4335196,37.0464583],[28.4330345,37.0455754],[28.4321724,37.0449079],[28.4308777,37.042376],[28.4307028,37.0413122],[28.4296469,37.0393651],[28.4287349,37.0381632],[28.4286057,37.0373434],[28.4277663,37.0360846],[28.427605,37.0350992],[28.4273179,37.0347472],[28.4269736,37.0335822],[28.4254273,37.0330195],[28.4242989,37.0330607],[28.4231134,37.0320458],[28.4217722,37.0312578],[28.4219171,37.0310009],[28.4224094,37.0305186],[28.4228779,37.0291939],[28.4228447,37.0288983]]},"properties":{"class":"tertiary"}},{"type":"Feature","geometry":{"type":"LineString","coordinates":[[28.4629265,37.0069959],[28.4599595,37.0045928],[28.4595448,37.0043331],[28.4577479,37.0037292],[28.4436,36.9996707],[28.4422422,36.999385],[28.4414953,36.999458],[28.4374969,37.000221],[28.4369214,37.0010328],[28.4362717,37.0022765],[28.4360157,37.0028884],[28.4360091,37.003337],[28.4357542,37.0038195],[28.4350654,37.0045466],[28.4347271,37.0055663],[28.4346953,37.0059027],[28.4349659,37.0066079],[28.4348866,37.006902],[28.4347512,37.0072801],[28.4345004,37.0075426],[28.4343937,37.0078582],[28.4340215,37.0082459],[28.4340861,37.009086],[28.4333654,37.0095186],[28.4332159,37.0097746],[28.4329611,37.0099329],[28.4327711,37.0104908],[28.4330436,37.0112935],[28.4319923,37.012075],[28.4318781,37.0126572],[28.43088,37.0135277],[28.4304093,37.0142963],[28.4303067,37.0147739],[28.430289,37.0153335],[28.4307314,37.0164441],[28.4307102,37.0167097],[28.4305367,37.0170573],[28.4307172,37.017597],[28.4312269,37.018312],[28.4321683,37.0204172],[28.4328018,37.0220646],[28.4329363,37.0222567],[28.4333162,37.0235183]]},"properties":{"class":"tertiary"}},{"type":"Feature","geometry":{"type":"LineString","coordinates":[[28.4622277,37.0152186],[28.4716384,37.0143884],[28.4737775,37.0145678],[28.4743577,37.0146865],[28.4768721,37.0157141],[28.4780488,37.0160499],[28.4791076,37.0161297],[28.4806284,37.0159551],[28.4815023,37.0156935],[28.4821939,37.0153516],[28.4829332,37.0148403],[28.4834991,37.0142821],[28.4853303,37.0119958],[28.4863124,37.0111982],[28.4869866,37.0107662],[28.4886762,37.0100816],[28.4898165,37.0097826],[28.4905074,37.0096895],[28.4923135,37.0096696],[28.4931625,37.0097892],[28.5095597,37.0129466]]},"properties":{"class":"trunk","name":"Muğla - Fethiye Yolu","ref":"D400"}},{"type":"Feature","geometry":{"type":"LineString","coordinates":[[28.4622277,37.0152186],[28.462365,37.0130662],[28.4630133,37.0065969],[28.4637957,37.005437],[28.4649632,37.0044459],[28.4655732,37.0037907],[28.4656678,37.0035136],[28.4657625,37.0025728],[28.4659413,37.0022117],[28.4659956,37.0014277],[28.4657021,36.9979649],[28.465717,36.9971512],[28.4659178,36.9968126],[28.4682679,36.9951554],[28.4701271,36.99411],[28.4736449,36.9926666],[28.4744406,36.9924468],[28.4775716,36.9919063],[28.4797209,36.9913182],[28.4804795,36.9913895],[28.4816397,36.9916271],[28.4823834,36.9916627],[28.4833279,36.9915499],[28.4852094,36.9910806],[28.4858193,36.9911103],[28.4861762,36.9912885],[28.4866968,36.9917162],[28.4871356,36.9922092],[28.4877232,36.9930468],[28.4878793,36.9935754],[28.4880058,36.9937299],[28.4898725,36.9933616],[28.4904749,36.9933556],[28.5024038,36.9968899],[28.5121464,36.9995211],[28.5122951,36.999628],[28.5123918,37.0000319],[28.5120571,37.0027224],[28.5123025,37.0054901],[28.512124,37.0066244],[28.5116258,37.0077469],[28.5097782,37.0126409]]},"properties":{"class":"tertiary"}},{"type":"Feature","geometry":{"type":"LineString","coordinates":[[28.4305022,37.0141711],[28.4298932,37.0140761],[28.4290019,37.0143368],[28.4283509,37.0142439],[28.4276164,37.0147459],[28.4273536,37.0151174],[28.4270342,37.0153898],[28.4263717,37.0154999],[28.4259365,37.0157213],[28.4249343,37.0168315],[28.4250056,37.0173857],[28.4247175,37.0175368],[28.4242323,37.0176327],[28.4235763,37.01789],[28.4232589,37.0178941],[28.4229956,37.017837],[28.4227752,37.0174775],[28.4226739,37.0174734],[28.4225674,37.0181487],[28.422116,37.0183205],[28.421603,37.0181595],[28.4209594,37.0182188],[28.42034,37.0178744],[28.4199483,37.0178455],[28.4191163,37.0184801],[28.4188911,37.0189507],[28.4184731,37.019518],[28.4184422,37.019676],[28.4186345,37.0199892],[28.4186244,37.0202612],[28.4187441,37.0203916],[28.4193809,37.0204851],[28.4194219,37.0206042],[28.4191958,37.0212789],[28.4194115,37.0220817],[28.4196064,37.0223736],[28.4205987,37.0230573],[28.4207676,37.0233421],[28.4209062,37.0237317],[28.4206139,37.0244411],[28.420807,37.0245475],[28.421296,37.0246231],[28.4229856,37.0245746],[28.4231367,37.0246431],[28.4232359,37.0249878],[28.4233897,37.0250991],[28.4239752,37.0252219],[28.4241048,37.0253468],[28.424028,37.0260347],[28.4238956,37.0262081],[28.4239877,37.0265164],[28.4239922,37.0277375],[28.4240735,37.0278267],[28.4243113,37.0278517],[28.4249622,37.0275655],[28.4252944,37.0275217]]},"properties":{"class":"unclassified"}},{"type":"Feature","geometry":{"type":"LineString","coordinates":[[28.4378327,37.0111788],[28.436363,37.011243],[28.4357193,37.0114958],[28.4349147,37.0115386],[28.4335845,37.0119713],[28.4331446,37.012284],[28.4326512,37.0124468]]},"properties":{"class":"tertiary"}},{"type":"Feature","geometry":{"type":"LineString","coordinates":[[28.4378327,37.0111788],[28.4381438,37.0116243],[28.4390128,37.0124297],[28.4393882,37.0135436],[28.4400802,37.0134793],[28.4408848,37.0132137],[28.4412978,37.0132051],[28.4428158,37.0135093],[28.4434916,37.0140705],[28.4439208,37.0148202],[28.4443928,37.0150644],[28.444956,37.0157284],[28.4456372,37.0160112],[28.4462594,37.0164182],[28.4470104,37.0167566],[28.4476379,37.0169151],[28.4479491,37.0168637],[28.4487858,37.0163796],[28.4509743,37.0163111],[28.4512854,37.0164396],[28.4513551,37.0174025]]},"properties":{"class":"tertiary"}},{"type":"Feature","geometry":{"type":"LineString","coordinates":[[28.4326512,37.0124468],[28.4319265,37.0125068]]},"properties":{"class":"tertiary"}},{"type":"Feature","geometry":{"type":"LineString","coordinates":[[28.4333426,37.0236249],[28.4228447,37.0288983]]},"properties":{"class":"trunk","name":"Muğla - Fethiye Yolu","ref":"D400"}},{"type":"Feature","geometry":{"type":"LineString","coordinates":[[28.4438267,37.020035],[28.4356183,37.0227217],[28.4333426,37.0236249]]},"properties":{"class":"trunk","name":"Muğla - Fethiye Yolu","ref":"D400"}},{"type":"Feature","geometry":{"type":"LineString","coordinates":[[28.4333162,37.0235183],[28.4357316,37.022536],[28.4479466,37.0185268]]},"properties":{"class":"trunk","name":"Muğla - Fethiye Yolu","ref":"D400"}},{"type":"Feature","geometry":{"type":"LineString","coordinates":[[28.448237,37.0184312],[28.4544674,37.0163755],[28.455864,37.0159894],[28.4576053,37.0156355],[28.4622277,37.0152186]]},"properties":{"class":"trunk","name":"Muğla - Fethiye Yolu","ref":"D400"}},{"type":"Feature","geometry":{"type":"LineString","coordinates":[[28.4622115,37.0153499],[28.4574583,37.015775],[28.4553283,37.0162333],[28.4438267,37.020035]]},"properties":{"class":"trunk","ref":"D400"}},{"type":"Feature","geometry":{"type":"LineString","coordinates":[[28.476688,37.0158026],[28.4744616,37.0148333],[28.4737305,37.014671],[28.472023,37.0145271],[28.4697333,37.0146417],[28.4622115,37.0153499]]},"properties":{"class":"trunk","ref":"D400"}},{"type":"Feature","geometry":{"type":"LineString","coordinates":[[28.4622115,37.0153499],[28.4622277,37.0152186]]},"properties":{"class":"tertiary"}},{"type":"Feature","geometry":{"type":"LineString","coordinates":[[28.4487923,37.0183886],[28.4480152,37.0185916],[28.4479466,37.0185268]]},"properties":{"class":"trunk"}},{"type":"Feature","geometry":{"type":"LineString","coordinates":[[28.4479466,37.0185268],[28.448237,37.0184312]]},"properties":{"class":"trunk","name":"Muğla - Fethiye Yolu","ref":"D400"}},{"type":"Feature","geometry":{"type":"LineString","coordinates":[[28.4479466,37.0185268],[28.4479989,37.0184224],[28.448237,37.0184312]]},"properties":{"class":"trunk"}},{"type":"Feature","geometry":{"type":"LineString","coordinates":[[28.5093519,37.0134378],[28.5084458,37.0153746],[28.5078979,37.0169983],[28.5070209,37.0214186],[28.5064384,37.0238057],[28.5062797,37.0291877],[28.5065071,37.0306078],[28.5068261,37.0313216],[28.507172,37.031943],[28.5079768,37.0326813],[28.5088542,37.0338913],[28.5096953,37.036072],[28.5097988,37.0365714]]},"properties":{"class":"secondary","ref":"48-28"}},{"type":"Feature","geometry":{"type":"LineString","coordinates":[[28.5094803,37.0131263],[28.5005867,37.0112833],[28.4932483,37.0099383],[28.4917517,37.009785],[28.4907017,37.0098117],[28.4894917,37.0099933],[28.4884917,37.01027],[28.4873383,37.0107583],[28.486485,37.01126],[28.4852067,37.01237],[28.4836633,37.0142833],[28.48315,37.0148033],[28.4824267,37.0153433],[28.48162,37.015755],[28.480285,37.0161483],[28.4790343,37.0162503],[28.4781498,37.0161803],[28.476688,37.0158026]]},"properties":{"class":"trunk","ref":"D400"}},{"type":"Feature","geometry":{"type":"LineString","coordinates":[[28.4756534,36.9962182],[28.4766499,36.9962556],[28.4769278,36.9962005],[28.4778002,36.9958924],[28.4783735,36.9958259],[28.4804953,36.9952366],[28.4808244,36.9953624],[28.4809094,36.9955532],[28.4809784,36.9962895],[28.481419,36.9968732],[28.4831178,36.9961821],[28.4840132,36.9960478],[28.484461,36.9960351],[28.487832,36.996616],[28.4879117,36.9964308],[28.4879329,36.9952677],[28.4877843,36.9941384],[28.4880868,36.9937323]]},"properties":{"class":"tertiary"}},{"type":"Feature","geometry":{"type":"LineString","coordinates":[[28.4786764,37.0166106],[28.4794479,37.0175104],[28.4805572,37.0191123],[28.4820217,37.0209508],[28.4830529,37.0225661],[28.4843592,37.0252228],[28.4850683,37.0262706]]},"properties":{"class":"tertiary"}},{"type":"Feature","geometry":{"type":"LineString","coordinates":[[28.4778925,37.016128],[28.4780523,37.0163817],[28.4786764,37.0166106]]},"properties":{"class":"tertiary"}},{"type":"Feature","geometry":{"type":"LineString","coordinates":[[28.4771083,37.0157974],[28.4772217,37.0159035],[28.477911,37.0160659],[28.4778925,37.016128]]},"properties":{"class":"trunk"}},{"type":"Feature","geometry":{"type":"LineString","coordinates":[[28.5023929,37.0217498],[28.5006859,37.0218484],[28.4987957,37.0216751],[28.4990753,37.0196141],[28.4987935,37.0188747],[28.4990351,37.0186336],[28.4991357,37.0172191],[28.4992364,37.0166243],[28.4994492,37.0162135],[28.499478,37.0158366],[28.4985158,37.0137934],[28.4980855,37.0134361],[28.4970699,37.0123365],[28.4966461,37.011754],[28.4937094,37.0104089],[28.4936934,37.0100205]]},"properties":{"class":"tertiary"}},{"type":"Feature","geometry":{"type":"LineString","coordinates":[[28.4987957,37.0216751],[28.4973818,37.0214594],[28.4967261,37.021485],[28.4962783,37.0215744],[28.4955585,37.0219064],[28.4950468,37.0217148],[28.4945989,37.0213828],[28.4942151,37.0208848],[28.494391,37.0197994],[28.4953986,37.0197483],[28.4955905,37.0196334],[28.4957665,37.019212],[28.4957825,37.0189438],[28.4966941,37.0188544],[28.4979256,37.0189566],[28.4987935,37.0188747]]},"properties":{"class":"tertiary"}},{"type":"Feature","geometry":{"type":"LineString","coordinates":[[28.4848974,37.0347299],[28.4850732,37.0344831],[28.485302,37.0336704],[28.4857177,37.0330814],[28.4862547,37.0327682],[28.4865629,37.0319816],[28.4869085,37.0314261],[28.4869365,37.0312174],[28.4867404,37.0309191],[28.4868618,37.0298566],[28.4878051,37.0290588],[28.4879172,37.0286338],[28.4879172,37.0283504],[28.4877024,37.0279813],[28.4864182,37.0270567],[28.4850683,37.0262706]]},"properties":{"class":"tertiary"}},{"type":"Feature","geometry":{"type":"LineString","coordinates":[[28.5023929,37.0217498],[28.5023626,37.0210403],[28.502544,37.0205439],[28.5032694,37.0194268],[28.5039949,37.0188165],[28.5047204,37.0184752],[28.5049536,37.0181235],[28.505394,37.017689],[28.5059388,37.0166704],[28.5072954,37.0157807],[28.5084458,37.0153746]]},"properties":{"class":"tertiary"}},{"type":"Feature","geometry":{"type":"LineString","coordinates":[[28.5188316,37.0147539],[28.5205342,37.0150423],[28.5230124,37.0151931],[28.5251235,37.0150144],[28.5271596,37.0145522]]},"properties":{"class":"trunk","name":"Muğla Fethiye Yolu","ref":"D400"}},{"type":"Feature","geometry":{"type":"LineString","coordinates":[[28.5273063,37.0148011],[28.5257436,37.0151564],[28.5224517,37.0153317],[28.52083,37.0151983],[28.5188184,37.0148514]]},"properties":{"class":"trunk","ref":"D400"}},{"type":"Feature","geometry":{"type":"LineString","coordinates":[[28.5165578,37.0144338],[28.5094803,37.0131263]]},"properties":{"class":"trunk","ref":"D400"}},{"type":"Feature","geometry":{"type":"LineString","coordinates":[[28.5095597,37.0129466],[28.5165344,37.0143086]]},"properties":{"class":"trunk","name":"Muğla - Fethiye Yolu","ref":"D400"}},{"type":"Feature","geometry":{"type":"LineString","coordinates":[[28.5093698,37.0131016],[28.5094887,37.0129325]]},"properties":{"class":"trunk"}},{"type":"Feature","geometry":{"type":"LineString","coordinates":[[28.5097017,37.0129739],[28.5096311,37.0131542]]},"properties":{"class":"trunk"}},{"type":"Feature","geometry":{"type":"LineString","coordinates":[[28.5096311,37.0131542],[28.5093519,37.0134378]]},"properties":{"class":"secondary"}},{"type":"Feature","geometry":{"type":"LineString","coordinates":[[28.5093519,37.0134378],[28.5093698,37.0131016]]},"properties":{"class":"secondary","ref":"48-28"}},{"type":"Feature","geometry":{"type":"LineString","coordinates":[[28.5094887,37.0129325],[28.5096726,37.012828],[28.5097782,37.0126409]]},"properties":{"class":"tertiary"}},{"type":"Feature","geometry":{"type":"LineString","coordinates":[[28.5097782,37.0126409],[28.5097017,37.0129739]]},"properties":{"class":"tertiary"}},{"type":"Feature","geometry":{"type":"LineString","coordinates":[[28.5188184,37.0148514],[28.5165578,37.0144338]]},"properties":{"class":"trunk","name":"Namnam Köprüsü","ref":"D400"}},{"type":"Feature","geometry":{"type":"LineString","coordinates":[[28.5165344,37.0143086],[28.5188316,37.0147539]]},"properties":{"class":"trunk","name":"Namnam Köprüsü","ref":"D400"}},{"type":"Feature","geometry":{"type":"LineString","coordinates":[[28.5063746,37.0259052],[28.5053415,37.0255724],[28.5038688,37.0248995],[28.5027172,37.0239126],[28.5025838,37.0234534],[28.5026885,37.0223496],[28.5023929,37.0217498],[28.5050961,37.0214231],[28.5070209,37.0214186]]},"properties":{"class":"tertiary"}},{"type":"Feature","geometry":{"type":"LineString","coordinates":[[28.5197035,37.0290824],[28.5178746,37.0304679],[28.5163307,37.0320039],[28.5097988,37.0365714]]},"properties":{"class":"tertiary"}},{"type":"Feature","geometry":{"type":"LineString","coordinates":[[28.5197035,37.0290824],[28.5203648,37.0286199],[28.523158,37.0257171]]},"properties":{"class":"tertiary"}},{"type":"Feature","geometry":{"type":"LineString","coordinates":[[28.3819714,37.1000681],[28.3811653,37.099637],[28.3741105,37.0964331],[28.3702185,37.0943952],[28.3685924,37.0932204],[28.3675205,37.0922528],[28.3663532,37.0909164],[28.3654235,37.0895241],[28.3648551,37.0884036],[28.3631141,37.0841192],[28.3603761,37.0767894],[28.3602211,37.0760188],[28.3603168,37.0752556],[28.3605935,37.0745817],[28.3609294,37.0740245],[28.3613662,37.0735568],[28.3632882,37.072088],[28.3634996,37.0718449],[28.3636072,37.0715029],[28.3634595,37.0711024],[28.3630369,37.0707823],[28.3610825,37.0702947],[28.3606238,37.0701081],[28.3603785,37.0697767],[28.3604262,37.0694322],[28.3607474,37.0691737],[28.3611038,37.0691358],[28.3614125,37.069232],[28.3623551,37.0698396],[28.3629896,37.0698317],[28.3633488,37.0696564],[28.3636501,37.0693032],[28.363733,37.0686728],[28.3636846,37.0684453],[28.3634955,37.0682218],[28.3631386,37.0680185],[28.3617009,37.0674225],[28.359024,37.0669703],[28.3560846,37.0661791],[28.3555621,37.0661644],[28.35512,37.0663379],[28.3548899,37.0665853],[28.3547355,37.0670656],[28.3545776,37.067238],[28.354294,37.0672542],[28.3541435,37.0670297],[28.3542162,37.0667901],[28.3548764,37.0658631],[28.3553698,37.065572],[28.3559714,37.0654317],[28.3592478,37.0651109],[28.3602177,37.0650863],[28.3611729,37.0652662],[28.3628455,37.0659016],[28.3630321,37.0658917],[28.3631511,37.0657905]]},"properties":{"class":"trunk","name":"Muğla - Fethiye Yolu","ref":"D550"}},{"type":"Feature","geometry":{"type":"LineString","coordinates":[[28.3632516,37.0658285],[28.3630639,37.0659708],[28.3628236,37.0659846],[28.3611013,37.065338],[28.3601615,37.0651657],[28.3558252,37.0655344],[28.3553068,37.0656807],[28.3549605,37.0658992],[28.35429,37.0668409],[28.3542405,37.0670446],[28.3543852,37.0671955],[28.354565,37.0671433],[28.3548202,37.0665328],[28.3551815,37.0662076],[28.3555336,37.0660935],[28.3559783,37.0660807],[28.3592253,37.0669278],[28.3617315,37.0673391],[28.3633426,37.0680045],[28.3637595,37.06833],[28.3638654,37.0685952],[28.3637785,37.0692692],[28.3635506,37.0696139],[28.3631388,37.0698746],[28.3626826,37.0699564],[28.3622249,37.0698819],[28.3614756,37.069367],[28.3610549,37.0692128],[28.360744,37.069269],[28.3605097,37.0695012],[28.3605007,37.0698353],[28.3607744,37.070094],[28.3627363,37.0705884],[28.3632982,37.0708208],[28.3635917,37.0711076],[28.3637111,37.0715474],[28.3635999,37.0718726],[28.3633576,37.0721545],[28.3613886,37.0737094],[28.360981,37.0741626],[28.3604662,37.0752373],[28.360359,37.0760338],[28.3604774,37.0766565],[28.36117,37.0785494],[28.364308,37.0866904],[28.3653238,37.0890637],[28.3662175,37.0905171],[28.367381,37.0919221],[28.3687308,37.0931728],[28.3700197,37.0941198],[28.3714201,37.0949505],[28.3737265,37.0961161],[28.3791199,37.0986037]]},"properties":{"class":"trunk","name":"Muğla - Fethiye Yolu","ref":"D550"}},{"type":"Feature","geometry":{"type":"LineString","coordinates":[[28.3237853,37.0554299],[28.3272748,37.0582156],[28.3284416,37.0596655],[28.328742,37.0599517],[28.3289378,37.0600103],[28.3320133,37.0596133],[28.3336902,37.0595491],[28.334693,37.0596317],[28.3355822,37.0595861],[28.3367138,37.0593731],[28.3413852,37.0588634],[28.3417453,37.058878],[28.341996,37.0590139]]},"properties":{"class":"tertiary","name":"Atatürk Caddesi"}},{"type":"Feature","geometry":{"type":"LineString","coordinates":[[28.3631511,37.0657905],[28.3630858,37.0656096],[28.362039,37.065327],[28.3603683,37.0644614],[28.3593176,37.0637143],[28.3585877,37.0633458],[28.3558385,37.0622492],[28.3547248,37.0616304],[28.3530646,37.061285],[28.352744,37.061131],[28.3524903,37.0606923],[28.3525807,37.0602933],[28.3530948,37.0598841],[28.3536519,37.0596726],[28.3542279,37.0596193],[28.3549503,37.0597491],[28.3565375,37.0604288],[28.3568976,37.0603714],[28.3570831,37.060191],[28.3570949,37.0599452],[28.3568734,37.0597399],[28.3553779,37.0593258],[28.3538413,37.0586015],[28.3529865,37.0585001],[28.3520804,37.0586135],[28.3514619,37.0587978],[28.3503903,37.0592903],[28.3496642,37.0597438],[28.349291,37.0605961],[28.3487189,37.0611502],[28.348212,37.0615087],[28.3476346,37.0616797],[28.3468264,37.0616427],[28.3439857,37.0612835],[28.3421399,37.06068],[28.3415823,37.0605681],[28.3399626,37.0605333],[28.3384497,37.0601575],[28.3368306,37.0601917],[28.3366054,37.0600495],[28.3366787,37.0598157],[28.3368688,37.0597301],[28.3381075,37.059775],[28.3396278,37.0595457]]},"properties":{"class":"trunk","name":"Muğla - Fethiye Yolu","ref":"D550"}},{"type":"Feature","geometry":{"type":"LineString","coordinates":[[28.340468,37.0594904],[28.3382856,37.0598464],[28.3369194,37.0598241],[28.3367454,37.0599659],[28.3369027,37.0601136],[28.3384602,37.0600894],[28.3399937,37.0604638],[28.3416345,37.0605062],[28.3421944,37.0606182],[28.3440321,37.0612145],[28.3468613,37.0615784],[28.3476787,37.0615998],[28.3482497,37.0614025],[28.3490978,37.0606925],[28.3492954,37.060407],[28.3494636,37.0598881],[28.3496605,37.059633],[28.3508224,37.058987],[28.3514762,37.058705],[28.3522795,37.0584929],[28.3532496,37.0584199],[28.353888,37.058524],[28.3555839,37.0593079],[28.3569213,37.0596652],[28.3571834,37.0598718],[28.3572062,37.0601615],[28.3569685,37.0604327],[28.3564816,37.0605038],[28.3547936,37.0597948],[28.354157,37.0597015],[28.3537044,37.0597443],[28.3530066,37.0600344],[28.3526412,37.0603731],[28.3525937,37.0607141],[28.3528407,37.0610921],[28.3530935,37.061208],[28.3545825,37.0614849],[28.3559566,37.0622083],[28.3588943,37.0633784],[28.35949,37.0637129],[28.3601599,37.0642281],[28.3619458,37.065186],[28.3631746,37.0655444],[28.3632785,37.0656697],[28.3632516,37.0658285]]},"properties":{"class":"trunk","name":"Muğla - Fethiye Yolu","ref":"D550"}},{"type":"Feature","geometry":{"type":"LineString","coordinates":[[28.3298882,37.0376832],[28.3301333,37.037646],[28.330424,37.0372538],[28.3311714,37.0365854],[28.3313514,37.0363257],[28.3333982,37.0348626],[28.3387043,37.0336569],[28.3440459,37.0326316],[28.3451798,37.0322532],[28.3459726,37.0322037],[28.3477399,37.0323169],[28.3489003,37.0325007],[28.3496356,37.0327659],[28.3502512,37.0326846]]},"properties":{"class":"unclassified"}},{"type":"Feature","geometry":{"type":"LineString","coordinates":[[28.3189592,37.0539176],[28.3184844,37.0537078],[28.3152444,37.0530678],[28.3128491,37.0528794]]},"properties":{"class":"tertiary"}},{"type":"Feature","geometry":{"type":"LineString","coordinates":[[28.325527,37.0551498],[28.3244323,37.0550163],[28.3243545,37.0548073],[28.3246321,37.054635]]},"properties":{"class":"unclassified"}},{"type":"Feature","geometry":{"type":"LineString","coordinates":[[28.3254721,37.0554838],[28.3244517,37.0552662]]},"properties":{"class":"unclassified"}},{"type":"Feature","geometry":{"type":"LineString","coordinates":[[28.3246449,37.0537754],[28.3256862,37.053861]]},"properties":{"class":"unclassified"}},{"type":"Feature","geometry":{"type":"LineString","coordinates":[[28.3237853,37.0554299],[28.3221048,37.0549522],[28.3199402,37.0544656]]},"properties":{"class":"tertiary"}},{"type":"Feature","geometry":{"type":"LineString","coordinates":[[28.3217954,37.054394],[28.3218234,37.0534306]]},"properties":{"class":"unclassified"}},{"type":"Feature","geometry":{"type":"LineString","coordinates":[[28.3223341,37.0535007],[28.3210724,37.0532808]]},"properties":{"class":"unclassified"}},{"type":"Feature","geometry":{"type":"LineString","coordinates":[[28.3238153,37.0541723],[28.3243359,37.0543773]]},"properties":{"class":"unclassified"}},{"type":"Feature","geometry":{"type":"LineString","coordinates":[[28.3239078,37.0540313],[28.3240604,37.0537988],[28.3245312,37.0539368]]},"properties":{"class":"unclassified"}},{"type":"Feature","geometry":{"type":"LineString","coordinates":[[28.3199402,37.0544656],[28.3194822,37.0543436],[28.3189592,37.0539176]]},"properties":{"class":"tertiary"}},{"type":"Feature","geometry":{"type":"LineString","coordinates":[[28.3270741,37.0580683],[28.32718,37.0578934],[28.32718,37.0575646],[28.3268881,37.0572085],[28.3267594,37.0568317],[28.3267336,37.0566605],[28.3268281,37.0564619],[28.3271758,37.0561259],[28.3280125,37.0561194],[28.3292019,37.0559265],[28.3292418,37.0556077],[28.3293929,37.0552737]]},"properties":{"class":"unclassified"}},{"type":"Feature","geometry":{"type":"LineString","coordinates":[[28.3292019,37.0559265],[28.3291842,37.056263],[28.3281673,37.0574337],[28.3281616,37.057752],[28.3287869,37.0575496],[28.3317174,37.0570892],[28.3339606,37.0565852]]},"properties":{"class":"unclassified"}},{"type":"Feature","geometry":{"type":"LineString","coordinates":[[28.3322973,37.0554521],[28.3320487,37.0550784],[28.3310365,37.0540277],[28.3304136,37.0536944],[28.3298235,37.0536398]]},"properties":{"class":"unclassified"}},{"type":"Feature","geometry":{"type":"LineString","coordinates":[[28.3360253,37.0561912],[28.3342953,37.0569253],[28.3336101,37.0574523],[28.3314258,37.0580811],[28.3283989,37.0577485]]},"properties":{"class":"tertiary","name":"Akyaka - Gökova Yolu"}},{"type":"Feature","geometry":{"type":"LineString","coordinates":[[28.3436652,37.0538019],[28.3422975,37.054062],[28.3405162,37.0548057],[28.3388037,37.0552723],[28.3373103,37.0557941]]},"properties":{"class":"tertiary","name":"Akyaka - Gökova Yolu"}},{"type":"Feature","geometry":{"type":"LineString","coordinates":[[28.3282958,37.0520917],[28.325955,37.051804]]},"properties":{"class":"unclassified","name":"Karanfil Sokak"}},{"type":"Feature","geometry":{"type":"LineString","coordinates":[[28.3304186,37.0557299],[28.3304702,37.0554908],[28.3302791,37.055231],[28.3286015,37.0544119]]},"properties":{"class":"unclassified"}},{"type":"Feature","geometry":{"type":"LineString","coordinates":[[28.3267907,37.0565405],[28.3266832,37.0559484],[28.3262444,37.0545531],[28.3259778,37.054088]]},"properties":{"class":"unclassified"}},{"type":"Feature","geometry":{"type":"LineString","coordinates":[[28.325078,37.0546965],[28.3251649,37.0542891]]},"properties":{"class":"unclassified"}},{"type":"Feature","geometry":{"type":"LineString","coordinates":[[28.3276418,37.0544453],[28.3277489,37.0542521],[28.3276384,37.0538245],[28.3277887,37.0537021]]},"properties":{"class":"unclassified"}},{"type":"Feature","geometry":{"type":"LineString","coordinates":[[28.3266512,37.0529225],[28.3266738,37.0523547]]},"properties":{"class":"unclassified"}},{"type":"Feature","geometry":{"type":"LineString","coordinates":[[28.3276396,37.0530563],[28.3281997,37.0523033]]},"properties":{"class":"unclassified"}},{"type":"Feature","geometry":{"type":"LineString","coordinates":[[28.3262549,37.0514269],[28.3273917,37.0515511],[28.3283123,37.0519433]]},"properties":{"class":"unclassified"}},{"type":"Feature","geometry":{"type":"LineString","coordinates":[[28.3255897,37.0517574],[28.3255693,37.0508481]]},"properties":{"class":"unclassified"}},{"type":"Feature","geometry":{"type":"LineString","coordinates":[[28.3298235,37.0536398],[28.3293553,37.054099],[28.3288026,37.054949]]},"properties":{"class":"unclassified","name":"Azmakboyu"}},{"type":"Feature","geometry":{"type":"LineString","coordinates":[[28.3276384,37.0538245],[28.3276396,37.0530563]]},"properties":{"class":"unclassified"}},{"type":"Feature","geometry":{"type":"LineString","coordinates":[[28.3283217,37.0517012],[28.3277722,37.0513587]]},"properties":{"class":"unclassified"}},{"type":"Feature","geometry":{"type":"LineString","coordinates":[[28.3298064,37.0535439],[28.3298235,37.0536398]]},"properties":{"class":"unclassified","name":"Azmakboyu"}},{"type":"Feature","geometry":{"type":"LineString","coordinates":[[28.3339606,37.0565852],[28.335514,37.0561133],[28.3361621,37.0561501]]},"properties":{"class":"unclassified"}},{"type":"Feature","geometry":{"type":"LineString","coordinates":[[28.3373103,37.0557941],[28.3368018,37.0560782],[28.3361621,37.0561501]]},"properties":{"class":"tertiary","name":"Akyaka - Gökova Yolu"}},{"type":"Feature","geometry":{"type":"LineString","coordinates":[[28.3361621,37.0561501],[28.3360253,37.0561912]]},"properties":{"class":"tertiary","name":"Akyaka - Gökova Yolu"}},{"type":"Feature","geometry":{"type":"LineString","coordinates":[[28.3321502,37.056053],[28.3322973,37.0554521]]},"properties":{"class":"unclassified"}},{"type":"Feature","geometry":{"type":"LineString","coordinates":[[28.3478077,37.0491544],[28.3482637,37.0483902],[28.3496718,37.0469922],[28.3506991,37.0458448],[28.3508627,37.0456007],[28.3510398,37.045043],[28.3516513,37.0439897],[28.3518391,37.043356],[28.3517854,37.0429964],[28.3512168,37.0419944],[28.3512704,37.0414849],[28.3518417,37.0402763],[28.351705,37.0389425],[28.3510854,37.0362983],[28.3511578,37.0358465],[28.3510639,37.0354718],[28.3511905,37.0349711]]},"properties":{"class":"unclassified"}},{"type":"Feature","geometry":{"type":"LineString","coordinates":[[28.3556549,37.0314892],[28.3566611,37.0323972]]},"properties":{"class":"trunk","name":"Muğla - Marmaris Yolu","ref":"D400"}},{"type":"Feature","geometry":{"type":"LineString","coordinates":[[28.3586533,37.0343617],[28.3583454,37.0347144]]},"properties":{"class":"tertiary"}},{"type":"Feature","geometry":{"type":"LineString","coordinates":[[28.3582374,37.0344626],[28.3586533,37.0343617]]},"properties":{"class":"tertiary"}},{"type":"Feature","geometry":{"type":"LineString","coordinates":[[28.358449,37.0359075],[28.357937,37.0345633]]},"properties":{"class":"trunk","name":"Muğla - Marmaris Yolu","ref":"D400"}},{"type":"Feature","geometry":{"type":"LineString","coordinates":[[28.3585604,37.0372391],[28.358449,37.0359075]]},"properties":{"class":"trunk","name":"Muğla - Marmaris Yolu","ref":"D400"}},{"type":"Feature","geometry":{"type":"LineString","coordinates":[[28.3583849,37.0495497],[28.3585833,37.0489453],[28.3586787,37.0480283],[28.3585604,37.0372391]]},"properties":{"class":"trunk","name":"Muğla - Marmaris Yolu","ref":"D400"}},{"type":"Feature","geometry":{"type":"LineString","coordinates":[[28.357937,37.0345633],[28.3576853,37.0339786],[28.3570894,37.0330335],[28.3565882,37.0324722],[28.3552961,37.031298]]},"properties":{"class":"trunk","name":"Muğla - Marmaris Yolu","ref":"D400"}},{"type":"Feature","geometry":{"type":"LineString","coordinates":[[28.3583454,37.0347144],[28.3586371,37.0360769],[28.3587561,37.0437583]]},"properties":{"class":"trunk","name":"Muğla - Marmaris Yolu","ref":"D400"}},{"type":"Feature","geometry":{"type":"LineString","coordinates":[[28.3566611,37.0323972],[28.3576015,37.0334207],[28.3580624,37.0341171],[28.3583454,37.0347144]]},"properties":{"class":"trunk","name":"Muğla - Marmaris Yolu","ref":"D400"}},{"type":"Feature","geometry":{"type":"LineString","coordinates":[[28.3587561,37.0437583],[28.3587743,37.0458541]]},"properties":{"class":"trunk","name":"Muğla - Marmaris Yolu","ref":"D400"}},{"type":"Feature","geometry":{"type":"LineString","coordinates":[[28.3477671,37.0493671],[28.3478077,37.0491544]]},"properties":{"class":"unclassified"}},{"type":"Feature","geometry":{"type":"LineString","coordinates":[[28.3535315,37.0521213],[28.3531782,37.0520699],[28.3522576,37.0527081],[28.3505488,37.053512],[28.3436652,37.0538019]]},"properties":{"class":"tertiary","name":"Akyaka - Gökova Yolu"}},{"type":"Feature","geometry":{"type":"LineString","coordinates":[[28.3586344,37.0497531],[28.3561024,37.050742],[28.3542468,37.0518204],[28.3531749,37.0526703],[28.3526346,37.0532092],[28.3510819,37.0549972],[28.3503091,37.0556075],[28.3495127,37.0561013],[28.3481593,37.0566975],[28.3466986,37.0571222],[28.3459311,37.0574328],[28.3446587,37.0584175],[28.3438377,37.0588435],[28.3429931,37.0590666],[28.340468,37.0594904]]},"properties":{"class":"trunk","name":"Muğla - Fethiye Yolu","ref":"D550"}},{"type":"Feature","geometry":{"type":"LineString","coordinates":[[28.3457545,37.0537208],[28.3459048,37.0530043],[28.3457441,37.0520164],[28.3458631,37.0516127],[28.3469938,37.0507578],[28.3476543,37.0499694],[28.3477671,37.0493671]]},"properties":{"class":"unclassified"}},{"type":"Feature","geometry":{"type":"LineString","coordinates":[[28.3439754,37.0587004],[28.3445101,37.0584144],[28.3459548,37.0573279],[28.3487798,37.0563659],[28.3502427,37.0555596],[28.3512391,37.0547215],[28.3530752,37.0526454],[28.354183,37.0517488],[28.3546863,37.0514438]]},"properties":{"class":"trunk","name":"Muğla - Fethiye Yolu","ref":"D550"}},{"type":"Feature","geometry":{"type":"LineString","coordinates":[[28.3587743,37.0458541],[28.3588844,37.049417]]},"properties":{"class":"trunk","name":"Muğla - Marmaris Yolu","ref":"D400"}},{"type":"Feature","geometry":{"type":"LineString","coordinates":[[28.3611724,37.0487809],[28.3589249,37.0496476]]},"properties":{"class":"trunk","name":"Muğla - Fethiye Yolu","ref":"D400"}},{"type":"Feature","geometry":{"type":"LineString","coordinates":[[28.3583849,37.0495497],[28.3588844,37.049417]]},"properties":{"class":"trunk","name":"Muğla - Fethiye Yolu"}},{"type":"Feature","geometry":{"type":"LineString","coordinates":[[28.3589249,37.0496476],[28.3586344,37.0497531]]},"properties":{"class":"trunk","name":"Muğla - Fethiye Yolu"}},{"type":"Feature","geometry":{"type":"LineString","coordinates":[[28.3629053,37.04812],[28.3611724,37.0487809]]},"properties":{"class":"trunk","name":"Muğla - Fethiye Yolu","ref":"D400"}},{"type":"Feature","geometry":{"type":"LineString","coordinates":[[28.3588844,37.049417],[28.3597176,37.0492214],[28.3651716,37.0471459]]},"properties":{"class":"trunk","name":"Muğla - Fethiye Yolu","ref":"D400"}},{"type":"Feature","geometry":{"type":"LineString","coordinates":[[28.3588316,37.0540019],[28.3589555,37.0537743],[28.3590519,37.0531895],[28.3590471,37.0509623],[28.3590044,37.0498146],[28.3589249,37.0496476]]},"properties":{"class":"tertiary","name":"Gökova Yolu"}},{"type":"Feature","geometry":{"type":"LineString","coordinates":[[28.3647991,37.0563629],[28.3645274,37.0568545],[28.3644834,37.0571989],[28.3638957,37.0574352],[28.363712,37.0574113],[28.3625047,37.0567483],[28.3620095,37.0561848],[28.3600461,37.0548734],[28.3595865,37.0546624],[28.3584529,37.0544547]]},"properties":{"class":"tertiary","name":"Gökova Yolu"}},{"type":"Feature","geometry":{"type":"LineString","coordinates":[[28.3670801,37.0465279],[28.3629053,37.04812]]},"properties":{"class":"trunk","name":"Muğla - Fethiye Yolu","ref":"D400"}},{"type":"Feature","geometry":{"type":"LineString","coordinates":[[28.3584529,37.0544547],[28.3577645,37.0540194],[28.3572899,37.0533868],[28.3571037,37.0532528],[28.3552478,37.0530129],[28.3538417,37.0522652]]},"properties":{"class":"tertiary","name":"Akyaka - Gökova Yolu"}},{"type":"Feature","geometry":{"type":"LineString","coordinates":[[28.3560457,37.0506898],[28.3572011,37.0501829],[28.3583849,37.0495497]]},"properties":{"class":"trunk","name":"Muğla - Fethiye Yolu","ref":"D550"}},{"type":"Feature","geometry":{"type":"LineString","coordinates":[[28.3546863,37.0514438],[28.3560457,37.0506898]]},"properties":{"class":"trunk","name":"Muğla - Fethiye Yolu","ref":"D550"}},{"type":"Feature","geometry":{"type":"LineString","coordinates":[[28.3538417,37.0522652],[28.3535315,37.0521213]]},"properties":{"class":"tertiary","name":"Akyaka - Gökova Yolu"}},{"type":"Feature","geometry":{"type":"LineString","coordinates":[[28.3587162,37.0541623],[28.3584529,37.0544547]]},"properties":{"class":"tertiary","name":"Gökova Yolu"}},{"type":"Feature","geometry":{"type":"LineString","coordinates":[[28.3588316,37.0540019],[28.3587162,37.0541623]]},"properties":{"class":"tertiary","name":"Gökova Yolu"}},{"type":"Feature","geometry":{"type":"LineString","coordinates":[[28.3283989,37.0577485],[28.3281616,37.057752],[28.3272748,37.0582156]]},"properties":{"class":"tertiary","name":"Akyaka - Gökova Yolu"}},{"type":"Feature","geometry":{"type":"LineString","coordinates":[[28.3396278,37.0595457],[28.3430445,37.0589732],[28.3439754,37.0587004]]},"properties":{"class":"trunk","name":"Muğla - Fethiye Yolu","ref":"D550"}},{"type":"Feature","geometry":{"type":"LineString","coordinates":[[28.341996,37.0590139],[28.3422763,37.0592954]]},"properties":{"class":"tertiary"}},{"type":"Feature","geometry":{"type":"LineString","coordinates":[[28.3422763,37.0592954],[28.342786,37.0594966],[28.3432929,37.0594174],[28.3433921,37.0593018]]},"properties":{"class":"tertiary"}},{"type":"Feature","geometry":{"type":"LineString","coordinates":[[28.3433921,37.0593018],[28.3433278,37.059137],[28.3429931,37.0590666]]},"properties":{"class":"tertiary"}},{"type":"Feature","geometry":{"type":"LineString","coordinates":[[28.3420886,37.058848],[28.341996,37.0590139]]},"properties":{"class":"tertiary"}},{"type":"Feature","geometry":{"type":"LineString","coordinates":[[28.3420886,37.058848],[28.3419035,37.0589305]]},"properties":{"class":"tertiary"}},{"type":"Feature","geometry":{"type":"LineString","coordinates":[[28.36976,37.050535],[28.3703839,37.0503102],[28.3730133,37.0503253],[28.3739976,37.0501366],[28.3752945,37.0501891],[28.3760746,37.0501149],[28.3764442,37.0501891],[28.3769998,37.0499738],[28.3782539,37.0498579],[28.3797274,37.0492144],[28.3811998,37.0483119],[28.3817838,37.0481185],[28.3841694,37.0479946],[28.3846292,37.048064],[28.38553,37.0477715],[28.3859711,37.0479053],[28.386406,37.0478954],[28.3866545,37.0477913],[28.3944023,37.0415831]]},"properties":{"class":"tertiary"}},{"type":"Feature","geometry":{"type":"LineString","coordinates":[[28.3944023,37.0415831],[28.3973372,37.0391736],[28.39782,37.0388813],[28.3984941,37.0387816],[28.3990601,37.0385358],[28.3999007,37.0385425],[28.4015486,37.0387152],[28.4026472,37.0390075],[28.4032714,37.0397848],[28.4033546,37.0401435],[28.4039955,37.040489],[28.4044532,37.0408677],[28.4049859,37.0409607],[28.4063591,37.0408809],[28.4073995,37.0412197],[28.4074661,37.0415918],[28.4079072,37.0418176],[28.4081402,37.0420302],[28.4083067,37.0424487],[28.4082567,37.0427477],[28.408315,37.0433522],[28.4084482,37.043877],[28.4085927,37.0439545],[28.4093959,37.0439992],[28.4097135,37.0441707],[28.4105447,37.0442527],[28.4112919,37.0448267],[28.4117309,37.0447149],[28.4120485,37.0447373],[28.41231,37.0448566],[28.4125435,37.0453113],[28.4127209,37.0453933],[28.4135989,37.0455648],[28.4144955,37.0456095],[28.4149345,37.0458331],[28.4152521,37.046273],[28.4155043,37.0464593],[28.4156163,37.0467948],[28.4164569,37.0472793],[28.4167185,37.0476372],[28.4168305,37.0479055],[28.4167932,37.0484422],[28.4176338,37.049143],[28.417942,37.0496051],[28.41882,37.0503282],[28.4190721,37.050768],[28.4205292,37.0524452],[28.4210429,37.0528477],[28.4216033,37.0535111],[28.4217153,37.0537795],[28.4217153,37.0543832],[28.4220609,37.0552554],[28.4220983,37.0555535],[28.4220049,37.0558964],[28.4220703,37.0561647],[28.4222664,37.0566045],[28.4226213,37.0568579],[28.4227521,37.057253],[28.4227427,37.057484],[28.4223131,37.0580654],[28.4220329,37.058602],[28.4221917,37.0590269],[28.4220236,37.0597797],[28.4220796,37.0606965],[28.4220236,37.0610318],[28.4218274,37.0614269],[28.4218554,37.0619635],[28.4223598,37.062448],[28.4225653,37.0629697],[28.4225746,37.0634616],[28.4228922,37.0646988],[28.422696,37.0652652],[28.4227708,37.0655186],[28.4234942,37.0671081],[28.423662,37.0673016],[28.424172,37.0683465]]},"properties":{"class":"tertiary"}},{"type":"Feature","geometry":{"type":"LineString","coordinates":[[28.424172,37.0683465],[28.4227356,37.068742],[28.4202896,37.0698915],[28.419721,37.0700285],[28.4189807,37.0698603],[28.4179078,37.0700456],[28.4170603,37.0699459],[28.414421,37.0682565],[28.4128224,37.0674517],[28.412479,37.0673576],[28.4108268,37.0672634],[28.4098076,37.0670151],[28.4082626,37.0667699],[28.4072756,37.0668867],[28.4066104,37.0668782],[28.4038209,37.0667326],[28.3987032,37.0662733],[28.3980058,37.0662875],[28.3966116,37.0665558],[28.3939187,37.0677715],[28.3936243,37.0678101],[28.3906029,37.0670579],[28.3886841,37.0664051],[28.3880286,37.0663799],[28.3849167,37.0653019],[28.383202,37.0644513],[28.3817489,37.0641683],[28.3809255,37.063428],[28.3806466,37.0632739],[28.3791344,37.0628232],[28.3789514,37.062649],[28.3784469,37.0624385]]},"properties":{"class":"tertiary"}},{"type":"Feature","geometry":{"type":"LineString","coordinates":[[28.4027597,37.0441844],[28.4027823,37.0446393],[28.4034618,37.0451195],[28.4044599,37.045515],[28.4045873,37.0456619],[28.4047006,37.0460348],[28.4045307,37.0469104],[28.4046793,37.0473116],[28.4046156,37.047385],[28.4039927,37.0475149],[28.4037662,37.0476618],[28.4038653,37.0479726],[28.4041838,37.0484697],[28.4041768,37.0489443],[28.4042688,37.0492211],[28.4042192,37.0492945],[28.4041272,37.0493171],[28.4035892,37.0490064],[28.4032283,37.0489669],[28.4026691,37.0487352],[28.4020886,37.048707],[28.4017772,37.0485432],[28.40131,37.0485658],[28.4002978,37.0488482],[28.4001279,37.0485206],[28.3998802,37.0484019],[28.399505,37.0484019],[28.3991157,37.0485093],[28.3985424,37.0488539],[28.3982854,37.0492041],[28.3979349,37.0509057],[28.3976145,37.0514074],[28.3967888,37.0507189],[28.3959014,37.0506795],[28.3954331,37.0508172],[28.3952482,37.0504336],[28.3941267,37.0508566],[28.3933626,37.0503844],[28.3917851,37.0502172],[28.3909841,37.0508959],[28.3900721,37.0506697],[28.3897393,37.0504139],[28.3887904,37.0503156],[28.3873784,37.0508751],[28.3870258,37.0505536],[28.3868226,37.0501427],[28.3862516,37.0496762],[28.3849822,37.0494008],[28.3844399,37.0494402],[28.3839967,37.0498932],[28.3835381,37.0501169],[28.3832942,37.04969],[28.3816547,37.0493025],[28.3805455,37.0492828],[28.3791898,37.0496664],[28.3788448,37.0495952]]},"properties":{"class":"unclassified"}},{"type":"Feature","geometry":{"type":"LineString","coordinates":[[28.3670274,37.0464434],[28.383326,37.0401562],[28.3868255,37.0390274],[28.3921158,37.0376654]]},"properties":{"class":"trunk","name":"Muğla - Fethiye Yolu","ref":"D400"}},{"type":"Feature","geometry":{"type":"LineString","coordinates":[[28.3920853,37.0377921],[28.3887595,37.0386239],[28.3848348,37.0397273],[28.3688438,37.0458616]]},"properties":{"class":"trunk","name":"Muğla - Fethiye Yolu","ref":"D400"}},{"type":"Feature","geometry":{"type":"LineString","coordinates":[[28.3698689,37.0501556],[28.3699865,37.050342],[28.3699569,37.0504599]]},"properties":{"class":"tertiary"}},{"type":"Feature","geometry":{"type":"LineString","coordinates":[[28.3670801,37.0465279],[28.3671511,37.0467641],[28.3670821,37.0472704]]},"properties":{"class":"tertiary","name":"Gökova Yolu"}},{"type":"Feature","geometry":{"type":"LineString","coordinates":[[28.3688438,37.0458616],[28.3670801,37.0465279]]},"properties":{"class":"trunk","name":"Muğla - Fethiye Yolu","ref":"D400"}},{"type":"Feature","geometry":{"type":"LineString","coordinates":[[28.3651716,37.0471459],[28.3670274,37.0464434]]},"properties":{"class":"trunk","name":"Muğla - Fethiye Yolu","ref":"D400"}},{"type":"Feature","geometry":{"type":"LineString","coordinates":[[28.3784469,37.0624385],[28.3756492,37.0611891],[28.3729363,37.0591568],[28.3722664,37.0585603],[28.370766,37.0580434],[28.3705114,37.0578623],[28.3703176,37.0577032],[28.3678206,37.0544027],[28.3672395,37.0537475],[28.367032,37.0536163]]},"properties":{"class":"tertiary"}},{"type":"Feature","geometry":{"type":"LineString","coordinates":[[28.3649578,37.0561569],[28.365362,37.0563487],[28.3657506,37.0570326],[28.3660566,37.0572881],[28.3668952,37.0577316],[28.3676368,37.0578131],[28.3695326,37.0576828],[28.3705114,37.0578623]]},"properties":{"class":"unclassified"}},{"type":"Feature","geometry":{"type":"LineString","coordinates":[[28.3670821,37.0472704],[28.3668235,37.0480424],[28.366841,37.0483672],[28.3671661,37.0485474],[28.3685598,37.0488266],[28.3693467,37.0489027],[28.3698244,37.0499989],[28.3698163,37.0504351],[28.3691576,37.0509117],[28.3649316,37.0561895]]},"properties":{"class":"tertiary","name":"Gökova Yolu"}},{"type":"Feature","geometry":{"type":"LineString","coordinates":[[28.3649316,37.0561895],[28.3647991,37.0563629]]},"properties":{"class":"tertiary"}},{"type":"Feature","geometry":{"type":"LineString","coordinates":[[28.4024073,37.0348729],[28.4025214,37.0349552],[28.4025091,37.0351234]]},"properties":{"class":"trunk"}},{"type":"Feature","geometry":{"type":"LineString","coordinates":[[28.4023339,37.035164],[28.402194,37.0350168],[28.402216,37.034921]]},"properties":{"class":"trunk"}},{"type":"Feature","geometry":{"type":"LineString","coordinates":[[28.3954916,37.031302],[28.4024073,37.0348729]]},"properties":{"class":"tertiary"}},{"type":"Feature","geometry":{"type":"LineString","coordinates":[[28.4024073,37.0348729],[28.4041566,37.0344811],[28.4101166,37.0328988]]},"properties":{"class":"trunk","name":"Muğla - Fethiye Yolu","ref":"D400"}},{"type":"Feature","geometry":{"type":"LineString","coordinates":[[28.394953,37.044979],[28.3945913,37.0446237],[28.3944089,37.044264],[28.3948381,37.0435533],[28.3946235,37.043108],[28.3949024,37.0428511],[28.3944023,37.0415831]]},"properties":{"class":"unclassified"}},{"type":"Feature","geometry":{"type":"LineString","coordinates":[[28.3920853,37.0377921],[28.3921158,37.0376654]]},"properties":{"class":"tertiary"}},{"type":"Feature","geometry":{"type":"LineString","coordinates":[[28.3921158,37.0376654],[28.4007849,37.0353738],[28.4024073,37.0348729]]},"properties":{"class":"trunk","name":"Muğla - Fethiye Yolu","ref":"D400"}},{"type":"Feature","geometry":{"type":"LineString","coordinates":[[28.4102144,37.0329923],[28.4027967,37.0350474],[28.40071,37.0355272],[28.3920853,37.0377921]]},"properties":{"class":"trunk","name":"Muğla - Fethiye Yolu","ref":"D400"}},{"type":"Feature","geometry":{"type":"LineString","coordinates":[[28.3920853,37.0377921],[28.3921355,37.0382369],[28.3924351,37.0387218],[28.3932091,37.0393596],[28.3936169,37.0403295],[28.3944023,37.0415831]]},"properties":{"class":"tertiary"}},{"type":"Feature","geometry":{"type":"LineString","coordinates":[[28.3912495,37.0378946],[28.3920462,37.0377366],[28.3920853,37.0377921]]},"properties":{"class":"trunk"}},{"type":"Feature","geometry":{"type":"LineString","coordinates":[[28.3528908,37.1083603],[28.3530967,37.1080384],[28.355576,37.1059166],[28.3561855,37.104859],[28.3564491,37.1045962],[28.3580965,37.1035386],[28.3585165,37.1028751],[28.3587636,37.1022576],[28.3590849,37.1019488],[28.3594308,37.1017583],[28.3598097,37.1010948],[28.3598756,37.1006152],[28.3599827,37.1004641],[28.3604522,37.1002407],[28.3616218,37.0991962],[28.3626597,37.0989662],[28.3678983,37.0990648],[28.3693233,37.0992356],[28.3724945,37.0993801],[28.3800971,37.1001619],[28.3815602,37.1002156]]},"properties":{"class":"tertiary"}},{"type":"Feature","geometry":{"type":"LineString","coordinates":[[28.3443849,37.096095],[28.3446866,37.0958938],[28.3453877,37.0960577],[28.345926,37.0956227],[28.3474698,37.0950013],[28.3486667,37.0948036],[28.3494244,37.0948262],[28.3506921,37.0944421],[28.3514428,37.0936795],[28.3518535,37.0934649],[28.3550474,37.0930073],[28.3556919,37.0931259],[28.3560885,37.0930977],[28.3568675,37.0928717],[28.3596152,37.0926458]]},"properties":{"class":"tertiary"}},{"type":"Feature","geometry":{"type":"LineString","coordinates":[[28.3443849,37.096095],[28.3467191,37.09721],[28.3489499,37.0979725],[28.3503592,37.0983962],[28.3511312,37.0985035],[28.3520093,37.0987407],[28.3535319,37.0989497],[28.3545021,37.0995202],[28.3558618,37.0999439],[28.3578943,37.0996049],[28.3591762,37.0998252],[28.3596294,37.1000681],[28.3603685,37.1002704]]},"properties":{"class":"tertiary"}},{"type":"Feature","geometry":{"type":"LineString","coordinates":[[28.362826,37.0841344],[28.3631607,37.0839418],[28.3632945,37.0839485]]},"properties":{"class":"tertiary"}},{"type":"Feature","geometry":{"type":"LineString","coordinates":[[28.3633906,37.0841895],[28.363221,37.0842435],[28.362826,37.0841344]]},"properties":{"class":"tertiary"}},{"type":"Feature","geometry":{"type":"LineString","coordinates":[[28.3583947,37.0887436],[28.3586238,37.0886218],[28.3607768,37.0882296]]},"properties":{"class":"unclassified"}},{"type":"Feature","geometry":{"type":"LineString","coordinates":[[28.362826,37.0841344],[28.3623061,37.0842445],[28.3615167,37.0845239],[28.3614199,37.0846267],[28.360914,37.0864474],[28.360683,37.0869466],[28.3606244,37.0878059],[28.3607768,37.0882296],[28.360793,37.089093],[28.3604966,37.0900111],[28.3600685,37.0908946],[28.3600118,37.0917476],[28.3596152,37.0926458],[28.359077,37.0950917],[28.3592116,37.0958656],[28.3591408,37.096148],[28.3587513,37.0968033],[28.3587513,37.0969784],[28.3588787,37.09721],[28.3593532,37.0976732],[28.3598419,37.098752],[28.3599576,37.100158]]},"properties":{"class":"tertiary"}},{"type":"Feature","geometry":{"type":"LineString","coordinates":[[28.358226,37.0895057],[28.3582296,37.0893581],[28.3584186,37.089015],[28.3583947,37.0887436],[28.3575081,37.0882781],[28.3568475,37.0881164],[28.356367,37.0878986],[28.3561851,37.0876932],[28.3553031,37.0871517],[28.354264,37.0870256]]},"properties":{"class":"unclassified"}},{"type":"Feature","geometry":{"type":"LineString","coordinates":[[28.414533,37.094592],[28.410264,37.095277],[28.409912,37.095394],[28.409398,37.095747],[28.408009,37.097036],[28.407019,37.097635],[28.406329,37.097817],[28.404049,37.098018],[28.402436,37.098004],[28.400756,37.097798],[28.399395,37.097523],[28.398489,37.096955],[28.397088,37.095627],[28.396738,37.095426],[28.3958281,37.0952615],[28.3954283,37.0952948],[28.3950369,37.095421],[28.3944705,37.0957731],[28.3929547,37.0968758],[28.3924133,37.0970552],[28.3910141,37.0972545],[28.390506,37.0974206],[28.3857017,37.0993099],[28.3828908,37.0998763]]},"properties":{"class":"secondary","name":"Ula Çevre Yolu","ref":"48-25"}},{"type":"Feature","geometry":{"type":"LineString","coordinates":[[28.4352059,37.1071284],[28.4332823,37.1054608],[28.4326171,37.1047592],[28.4323488,37.1043142],[28.4319733,37.1029366],[28.4317158,37.1023235],[28.4307395,37.1007888],[28.4301494,37.1000957],[28.429377,37.0994881],[28.4283067,37.0988592],[28.4269415,37.0977861],[28.4267796,37.0975004],[28.4265187,37.0963735],[28.4261905,37.0959111],[28.4259223,37.0955975],[28.4238083,37.0941055],[28.422848,37.093669],[28.421846,37.093471],[28.420998,37.093555],[28.419171,37.094003],[28.4149031,37.0945426]]},"properties":{"class":"secondary","name":"Ula Çevre Yolu","ref":"48-25"}},{"type":"Feature","geometry":{"type":"LineString","coordinates":[[28.3828908,37.0998763],[28.3824779,37.1000184]]},"properties":{"class":"secondary","name":"Ula Çevre Yolu","ref":"48-25"}},{"type":"Feature","geometry":{"type":"LineString","coordinates":[[28.3791199,37.0986037],[28.382124,37.1000028]]},"properties":{"class":"trunk","name":"Muğla - Fethiye Yolu","ref":"D550"}},{"type":"Feature","geometry":{"type":"LineString","coordinates":[[28.382124,37.1000028],[28.3828908,37.0998763]]},"properties":{"class":"secondary","name":"Ula Çevre Yolu","ref":"48-25"}},{"type":"Feature","geometry":{"type":"LineString","coordinates":[[28.4149031,37.0945426],[28.414533,37.094592]]},"properties":{"class":"secondary","name":"Ula Çevre Yolu","ref":"48-25"}},{"type":"Feature","geometry":{"type":"LineString","coordinates":[[28.4428523,37.0571176],[28.4415131,37.0583764],[28.4402722,37.0588845],[28.4397477,37.0588987],[28.4376742,37.0578886],[28.4364501,37.056719],[28.435541,37.0552358],[28.435433,37.0551008],[28.435248,37.0550957],[28.4350087,37.0551965],[28.4345136,37.055737],[28.4340519,37.0572972],[28.4338603,37.0574965],[28.4330526,37.0577889],[28.4324281,37.057676],[28.4318785,37.0577491],[28.431562,37.0578753],[28.4312289,37.0581345],[28.4309958,37.0585997],[28.4301214,37.0595433],[28.429805,37.0595699],[28.4291888,37.0593373],[28.4288723,37.0593174],[28.4281812,37.059437],[28.4277315,37.0593905],[28.4272402,37.0595832],[28.4270653,37.0597692],[28.4269654,37.0600417],[28.4270237,37.0602876],[28.4272902,37.0607527],[28.4277065,37.0611448],[28.42978,37.0619821],[28.4304795,37.0623409],[28.430721,37.0625336],[28.4307043,37.0627263],[28.4301902,37.0637599],[28.4298774,37.0641587],[28.42983,37.0647596],[28.4296982,37.0650647],[28.4294798,37.0652843],[28.4285469,37.0658687],[28.4274817,37.0668337],[28.4271403,37.0673111],[28.4264741,37.0673975],[28.4249835,37.0678391],[28.424172,37.0683465]]},"properties":{"class":"tertiary"}},{"type":"Feature","geometry":{"type":"LineString","coordinates":[[28.4238083,37.0941055],[28.4247422,37.0930351],[28.4249595,37.0923969],[28.4258868,37.0917183],[28.4264574,37.0915186],[28.4283866,37.0911198],[28.4296318,37.0910866],[28.4308161,37.0909132],[28.4313638,37.0906304],[28.4318767,37.0900755],[28.4321571,37.0899065],[28.4325453,37.089969],[28.4330154,37.0906072],[28.433555,37.0908207],[28.4354381,37.0910722],[28.4367517,37.0910222],[28.4367879,37.0909356],[28.4367061,37.090881],[28.4360121,37.090785],[28.4356681,37.0906566],[28.435438,37.0904864],[28.4353664,37.0903223],[28.4358725,37.089719],[28.4360767,37.0892373],[28.4361888,37.088573],[28.4359796,37.0879978],[28.4360263,37.087895],[28.4361808,37.0879421],[28.4366136,37.0883378],[28.436855,37.0887469],[28.436923,37.0892082],[28.4369959,37.089248],[28.4371014,37.0891731],[28.4371358,37.0881801],[28.4366946,37.0872805],[28.4360372,37.0871603],[28.4349993,37.0873122],[28.4334712,37.0871147],[28.4332118,37.0871631],[28.4329654,37.0873419],[28.4327547,37.087337],[28.4323849,37.0867599],[28.4321881,37.0865903],[28.4308216,37.0859631],[28.4296619,37.0852828],[28.4278873,37.084466],[28.427587,37.084055],[28.4275625,37.0836673],[28.4278313,37.0829541],[28.4280157,37.0828188],[28.4290328,37.0830239],[28.4301709,37.0830533],[28.4325111,37.0833063],[28.4341057,37.0829244],[28.435361,37.0824842],[28.4353516,37.0823153],[28.4352537,37.0822326],[28.4348292,37.082101],[28.4331659,37.0812944],[28.4319589,37.0805527],[28.4319478,37.0804575],[28.4320873,37.0804363],[28.4335907,37.0809531],[28.4342854,37.0811221],[28.4343954,37.0810654],[28.434327,37.0809422],[28.4324117,37.0800729],[28.4323515,37.0799838],[28.4324192,37.0799093],[28.4345959,37.0803875],[28.4382793,37.0816419],[28.4384395,37.0815816],[28.4364632,37.0804727],[28.4349285,37.0793249],[28.4325272,37.0784483],[28.430942,37.0777122],[28.4298473,37.0770276],[28.4294386,37.0766883],[28.4293984,37.0764861],[28.4298854,37.0759369],[28.429878,37.0756385],[28.4259638,37.0729289],[28.4253412,37.0721642],[28.4252536,37.0719943],[28.42521,37.0715344],[28.4246208,37.0707732],[28.4245802,37.0702748],[28.4243645,37.0697053],[28.4243396,37.0688777],[28.424172,37.0683465]]},"properties":{"class":"tertiary"}},{"type":"Feature","geometry":{"type":"LineString","coordinates":[[28.4683686,37.0353592],[28.4683345,37.0351424],[28.4685062,37.0346328]]},"properties":{"class":"unclassified"}},{"type":"Feature","geometry":{"type":"LineString","coordinates":[[28.4629629,37.0526268],[28.4617372,37.0510259],[28.4611955,37.0505153],[28.4611068,37.0502134],[28.4603969,37.049084],[28.4599299,37.0486777],[28.4595703,37.0481373],[28.4594209,37.0480702],[28.4591314,37.0482156],[28.4589259,37.0482081],[28.4581647,37.0477869],[28.4575809,37.0475782],[28.4575529,37.0474589],[28.4577911,37.0471794],[28.4578004,37.0469744],[28.4579919,37.0465867],[28.4583468,37.0464712],[28.458655,37.0461767],[28.4587484,37.0459456],[28.458613,37.0454536],[28.4584169,37.0451517],[28.4581647,37.0449952],[28.45816,37.044723],[28.4587064,37.0439515],[28.4587764,37.0434781],[28.4587484,37.0432582],[28.4582721,37.0426804],[28.4583141,37.0425537],[28.4589773,37.042371],[28.4593462,37.0423635],[28.4596497,37.0421958],[28.4596824,37.0418827],[28.4606491,37.0414018],[28.460934,37.0410514],[28.461429,37.0406787],[28.4616158,37.0398362],[28.4615878,37.0395268],[28.4610741,37.0388521],[28.4599206,37.0385725],[28.4593602,37.0379388],[28.4594069,37.0376816],[28.4592808,37.0375176],[28.4595236,37.0371858],[28.4596124,37.0366975],[28.459547,37.0361681],[28.4596871,37.0358923],[28.4595283,37.0354896],[28.4597852,37.0352622],[28.4603316,37.0352436],[28.4605977,37.0354449],[28.4620968,37.0359146],[28.4623677,37.0358624],[28.462844,37.035266],[28.4629981,37.035225],[28.4635772,37.0353405],[28.4645532,37.0353703],[28.4650996,37.0356686],[28.4655993,37.0357953],[28.4664306,37.0354225],[28.4667481,37.0351206],[28.4678316,37.0353964],[28.4681585,37.0354263],[28.4683686,37.0353592],[28.4689477,37.0355381],[28.4691205,37.035676],[28.469877,37.03691],[28.473146,37.0380507],[28.473571,37.0383973],[28.4738979,37.0389416],[28.4741734,37.0390236],[28.4744536,37.0389751],[28.4748039,37.038539],[28.4749813,37.0384868],[28.4765645,37.0392994],[28.4769988,37.0393926],[28.4769007,37.0399518],[28.4769801,37.0403618],[28.4769274,37.040532]]},"properties":{"class":"tertiary"}},{"type":"Feature","geometry":{"type":"LineString","coordinates":[[28.4765925,37.049207],[28.4759667,37.0490132],[28.4750094,37.0490207],[28.4745097,37.0494157],[28.4744583,37.0495574],[28.474052,37.0495723],[28.4738325,37.0494605],[28.4739072,37.0485846],[28.4737204,37.0483162],[28.4738138,37.0478503],[28.47309,37.0474701],[28.472212,37.0467694],[28.4719598,37.0467097],[28.4713201,37.0469408],[28.470811,37.0475484],[28.4682565,37.0466501],[28.4679437,37.0464376],[28.4679391,37.0463602]]},"properties":{"class":"tertiary"}},{"type":"Feature","geometry":{"type":"LineString","coordinates":[[28.4694903,37.0362891],[28.4695147,37.0360888],[28.4697185,37.0357548],[28.4703784,37.035348]]},"properties":{"class":"unclassified"}},{"type":"Feature","geometry":{"type":"LineString","coordinates":[[28.4696612,37.0365635],[28.4691767,37.0366968],[28.4688871,37.0370137]]},"properties":{"class":"unclassified"}},{"type":"Feature","geometry":{"type":"LineString","coordinates":[[28.4703504,37.0371127],[28.4707056,37.0367525],[28.4707163,37.0365341]]},"properties":{"class":"unclassified"}},{"type":"Feature","geometry":{"type":"LineString","coordinates":[[28.4714981,37.0374681],[28.4715639,37.0360203]]},"properties":{"class":"unclassified"}},{"type":"Feature","geometry":{"type":"LineString","coordinates":[[28.4796358,37.0448543],[28.4770147,37.0420436],[28.4767823,37.0416925],[28.4769274,37.040532]]},"properties":{"class":"tertiary"}},{"type":"Feature","geometry":{"type":"LineString","coordinates":[[28.4908613,37.1031744],[28.4919719,37.1031904],[28.492271,37.102846],[28.492203,37.102395],[28.491818,37.101678],[28.492023,37.100597],[28.491966,37.100385],[28.491747,37.100268],[28.490964,37.100114],[28.489514,37.099321],[28.488279,37.098926],[28.487698,37.098455],[28.487626,37.098197],[28.487741,37.097841],[28.487914,37.097718],[28.489443,37.097621],[28.490117,37.097342],[28.490791,37.096549],[28.4915761,37.0953364],[28.4918673,37.0951215],[28.4935304,37.0943669],[28.4967749,37.092037],[28.4974944,37.0913835],[28.4981011,37.0906828],[28.498895,37.088907],[28.498306,37.08718],[28.498302,37.087028],[28.498438,37.086773],[28.499119,37.08648],[28.500407,37.086347],[28.500736,37.086218],[28.501065,37.085982],[28.502137,37.084921],[28.503622,37.084076],[28.503821,37.083814],[28.504055,37.083091],[28.504317,37.081124],[28.505698,37.080121],[28.506253,37.079952],[28.506523,37.07978]]},"properties":{"class":"secondary","ref":"48-28"}},{"type":"Feature","geometry":{"type":"LineString","coordinates":[[28.5007477,37.0447505],[28.500733,37.0453724],[28.501141,37.0454104],[28.5023835,37.046708],[28.5031342,37.0473507],[28.5035026,37.0480145],[28.5039998,37.0485918],[28.5041297,37.0494334],[28.5043122,37.0499327],[28.5047693,37.0503624],[28.5054088,37.0506959],[28.5065811,37.0515723],[28.5067858,37.0519012],[28.5076953,37.0522574],[28.5084717,37.0528951],[28.5098402,37.0545146],[28.5108241,37.0549444],[28.5113823,37.0553994],[28.5117662,37.0559172],[28.5125304,37.0564717],[28.5140479,37.0571343],[28.5145564,37.0579528],[28.5151571,37.0583496],[28.5159186,37.0592231],[28.5160298,37.0597335],[28.5164584,37.060292],[28.516702,37.0610997],[28.5172155,37.0618707],[28.5185183,37.0632737],[28.5187767,37.0639734],[28.5194951,37.0649457],[28.5194859,37.0661241],[28.5192017,37.0663883],[28.5189014,37.0669901],[28.5186698,37.0680081],[28.5180379,37.068662],[28.5177709,37.0691859],[28.5171512,37.0698555],[28.5174961,37.0703248],[28.5172466,37.0708371],[28.5172446,37.0710108],[28.517591,37.0712116],[28.5176852,37.0715834],[28.5182059,37.0714574],[28.5184091,37.0716966],[28.5186467,37.0716782],[28.5187664,37.0717488],[28.5188029,37.0719429],[28.5184814,37.0723787],[28.5174749,37.0742894],[28.5172722,37.0751638],[28.5169811,37.0758734]]},"properties":{"class":"tertiary","name":"Akçay yolu"}},{"type":"Feature","geometry":{"type":"LineString","coordinates":[[28.4957672,37.043298],[28.4928364,37.0405159],[28.4895316,37.0377795],[28.4861141,37.0363463],[28.4852035,37.0353454],[28.4848974,37.0347299],[28.4846134,37.0348539],[28.4840028,37.0349483],[28.4832506,37.0352704],[28.4829614,37.0355201],[28.4825127,37.0361185],[28.48256,37.0364484],[28.4825009,37.0367924],[28.4823593,37.0371269],[28.4820936,37.0374567],[28.4792366,37.0390494],[28.4783748,37.039841],[28.4774701,37.0403279],[28.4771722,37.0403594],[28.4769274,37.040532]]},"properties":{"class":"tertiary"}},{"type":"Feature","geometry":{"type":"LineString","coordinates":[[28.4876442,37.0438223],[28.4878425,37.0446187],[28.4879966,37.0449057],[28.4879172,37.0453716],[28.4881554,37.0456922],[28.488118,37.0458115],[28.4878472,37.0461096],[28.4877911,37.0464339],[28.4876043,37.0467247],[28.4870953,37.0470452],[28.4869412,37.0473508],[28.4869972,37.0478279],[28.4868058,37.0480702],[28.4867497,37.0483498],[28.4862687,37.0485212],[28.4858204,37.0489349],[28.4858438,37.0499264],[28.4854001,37.0503289],[28.4854468,37.0504482],[28.485288,37.0509849],[28.4853768,37.051216],[28.4850312,37.0515328],[28.4850685,37.0517825],[28.4856056,37.0527701],[28.4856663,37.0532248],[28.4855589,37.0537131],[28.4853861,37.053933],[28.4853534,37.0544175],[28.4854763,37.0547286]]},"properties":{"class":"tertiary"}},{"type":"Feature","geometry":{"type":"LineString","coordinates":[[28.4816965,37.0504626],[28.4813322,37.0495827],[28.4806198,37.0486355],[28.4801113,37.0481519],[28.4799158,37.0477074],[28.480166,37.0473242],[28.4796239,37.0463286],[28.4792015,37.045293],[28.4789153,37.0449395]]},"properties":{"class":"tertiary"}},{"type":"Feature","geometry":{"type":"LineString","coordinates":[[28.4765925,37.049207],[28.4769499,37.049174],[28.4777693,37.0487597],[28.4780373,37.0487624],[28.4785119,37.0489536],[28.4788668,37.048961],[28.4794645,37.0484728],[28.4801113,37.0481519]]},"properties":{"class":"tertiary"}},{"type":"Feature","geometry":{"type":"LineString","coordinates":[[28.4816965,37.0504626],[28.4826558,37.0517552],[28.4828045,37.0520005],[28.4828565,37.0523112],[28.4838163,37.0533818],[28.4838092,37.0537508],[28.4839086,37.0540188],[28.4842614,37.0543057],[28.4843973,37.0547584],[28.4845329,37.05481],[28.4850938,37.054703],[28.4854763,37.0547286],[28.4856982,37.0549089],[28.4856013,37.0558137],[28.4859257,37.0564714],[28.4858211,37.0569887],[28.4858923,37.0576154],[28.4856612,37.058064],[28.4853798,37.0589851]]},"properties":{"class":"tertiary"}},{"type":"Feature","geometry":{"type":"LineString","coordinates":[[28.4765925,37.049207],[28.476509,37.0495134],[28.4767363,37.0501583],[28.4767339,37.0504663],[28.4771125,37.0510524],[28.4764463,37.051768]]},"properties":{"class":"tertiary"}},{"type":"Feature","geometry":{"type":"LineString","coordinates":[[28.4795527,37.0484226],[28.4791357,37.0491197],[28.4790844,37.0494123],[28.4791933,37.050296],[28.4786541,37.050564],[28.4784134,37.0510639]]},"properties":{"class":"tertiary"}},{"type":"Feature","geometry":{"type":"LineString","coordinates":[[28.476943,37.0512825],[28.4763709,37.051519],[28.4760588,37.0518387]]},"properties":{"class":"tertiary"}},{"type":"Feature","geometry":{"type":"LineString","coordinates":[[28.4856401,37.0553669],[28.4878518,37.055502],[28.488062,37.0557294],[28.4883188,37.05643],[28.4883048,37.0566946],[28.4880153,37.056866],[28.4879826,37.0571456],[28.4883562,37.0576226],[28.4881274,37.0581853],[28.4879546,37.0582002],[28.4871233,37.0577158],[28.4865536,37.0578611],[28.4864462,37.0580884],[28.4862687,37.0581555],[28.485741,37.0586027],[28.4855916,37.0585804],[28.4855329,37.058484]]},"properties":{"class":"tertiary"}},{"type":"Feature","geometry":{"type":"LineString","coordinates":[[28.5016249,37.0440048],[28.5048746,37.0412298],[28.505819,37.0397387],[28.5066788,37.0388522],[28.507701,37.038447],[28.5097988,37.0365714]]},"properties":{"class":"secondary","ref":"48-28"}},{"type":"Feature","geometry":{"type":"LineString","coordinates":[[28.5010448,37.0445154],[28.5016249,37.0440048]]},"properties":{"class":"secondary","ref":"48-28"}},{"type":"Feature","geometry":{"type":"LineString","coordinates":[[28.5007477,37.0447505],[28.5010448,37.0445154]]},"properties":{"class":"secondary","ref":"48-28"}},{"type":"Feature","geometry":{"type":"LineString","coordinates":[[28.499701,37.06681],[28.499671,37.066506],[28.499812,37.066193],[28.500911,37.065339],[28.501798,37.064254],[28.501809,37.064011],[28.501657,37.063809],[28.501219,37.063652],[28.501038,37.063462],[28.500781,37.062535],[28.500675,37.062393],[28.500372,37.062171],[28.49985,37.061966],[28.499591,37.061753],[28.499409,37.061107],[28.498897,37.060525],[28.498454,37.059721],[28.498164,37.059548],[28.497315,37.059348],[28.496949,37.05917],[28.49669,37.058935],[28.4963416,37.0579568],[28.4963298,37.0574608],[28.496405,37.056824],[28.4966667,37.0562573],[28.4967612,37.0553299],[28.4966924,37.0548514],[28.4962798,37.0539269],[28.4962819,37.0537744],[28.4970501,37.0531283],[28.4974273,37.052191],[28.4972411,37.0516795],[28.497539,37.0497574],[28.498263,37.0487262],[28.4982734,37.0485705],[28.4976185,37.0475351],[28.49767,37.047382],[28.5007477,37.0447505]]},"properties":{"class":"secondary","ref":"48-28"}},{"type":"Feature","geometry":{"type":"LineString","coordinates":[[28.500733,37.0453724],[28.5008108,37.0477389],[28.5007034,37.048917],[28.5005124,37.0493189],[28.4998034,37.0498958],[28.4997761,37.0500992],[28.4999639,37.052845],[28.4998116,37.0549247],[28.4994827,37.0550031],[28.4991471,37.0544801],[28.4984904,37.0543062],[28.4984075,37.0540602],[28.4986058,37.0537504],[28.4984103,37.0535491],[28.4981272,37.0535181],[28.49741,37.0536614],[28.4968527,37.0535746],[28.4964832,37.0543204]]},"properties":{"class":"tertiary"}},{"type":"Feature","geometry":{"type":"LineString","coordinates":[[28.4853798,37.0589851],[28.4853254,37.0593965],[28.4853908,37.0598773],[28.4851526,37.0606971],[28.4854094,37.0611443],[28.4857317,37.0614238],[28.4854842,37.0619008],[28.4849284,37.0621058],[28.4845502,37.0620052],[28.4841812,37.0621021],[28.4839571,37.0623443],[28.4839664,37.0626126],[28.4836442,37.0634101],[28.483322,37.0636299]]},"properties":{"class":"tertiary"}},{"type":"Feature","geometry":{"type":"LineString","coordinates":[[28.506523,37.07978],[28.506663,37.079521],[28.506523,37.079088],[28.50604,37.078696],[28.505877,37.078075],[28.505544,37.077614],[28.504253,37.076488],[28.504002,37.076039],[28.503985,37.075586],[28.503885,37.075317],[28.503495,37.075111],[28.503023,37.07513],[28.502723,37.075047],[28.502461,37.0747],[28.502444,37.074568],[28.502606,37.074332],[28.503916,37.073751],[28.503887,37.073205],[28.503273,37.071921],[28.503188,37.071519],[28.503294,37.071317],[28.503495,37.071206],[28.504436,37.071225],[28.504803,37.071027],[28.50493,37.070632],[28.504762,37.069855],[28.503693,37.068688],[28.502882,37.068153],[28.502447,37.0676],[28.500949,37.067159],[28.500085,37.06708],[28.499701,37.06681]]},"properties":{"class":"secondary","ref":"48-28"}},{"type":"Feature","geometry":{"type":"LineString","coordinates":[[28.6492514,36.7229619],[28.6500375,36.7238651],[28.6505948,36.7239288],[28.6510246,36.7244701],[28.6520118,36.7252344],[28.6529989,36.7255528],[28.6534447,36.7259349],[28.6536995,36.7258553],[28.6520755,36.7239288],[28.6522347,36.7238174],[28.6527123,36.7243269],[28.6539383,36.7250592],[28.6548617,36.7253299],[28.6553712,36.7252662],[28.656231,36.7258712],[28.6568201,36.7256165],[28.6572181,36.7257916],[28.6571704,36.7261578],[28.6577117,36.7265559],[28.6585556,36.7266355],[28.6583645,36.7268743],[28.6585874,36.7274316],[28.6594312,36.7281003],[28.6598293,36.7286257],[28.6597497,36.7290078],[28.6601318,36.729788],[28.6603452,36.7305125],[28.6601477,36.7311254],[28.6607209,36.7317941],[28.6619333,36.7322439],[28.6620105,36.7327175],[28.6624723,36.7332111],[28.6632219,36.733108],[28.6637301,36.7329245],[28.6645011,36.7335109],[28.6661426,36.7333144],[28.6665482,36.7327992],[28.6670807,36.7324002],[28.6669317,36.7320945],[28.667244,36.7319932],[28.6675712,36.7320113]]},"properties":{"class":"unclassified","name":"Yunus Emre Cadde"}},{"type":"Feature","geometry":{"type":"LineString","coordinates":[[28.6540019,36.7676306],[28.6549342,36.7678974],[28.6549837,36.7680292],[28.6549131,36.7681215],[28.6536856,36.7686033],[28.6532882,36.7689567],[28.6532309,36.7691148],[28.6532733,36.7695948],[28.6535638,36.7699698],[28.6538242,36.770104],[28.6550398,36.770398],[28.655393,36.770596],[28.6555898,36.7707532],[28.6559008,36.7713481],[28.6563205,36.7716335],[28.657344,36.7717143],[28.6575159,36.7718492],[28.6573678,36.7723636],[28.6574375,36.7725329],[28.6576219,36.7726202],[28.658982,36.7725767],[28.6599927,36.7731739],[28.6600823,36.7735461],[28.6597308,36.7737364],[28.6589777,36.7738286],[28.6581311,36.7742793],[28.6579428,36.7743115],[28.6577344,36.7742493],[28.6576205,36.7738465],[28.6573512,36.7735725],[28.6568081,36.7733644],[28.6565353,36.7734656],[28.6565026,36.7737346],[28.6562379,36.7741774],[28.655495,36.7746187],[28.6553385,36.7745812],[28.6549518,36.773909],[28.6545614,36.7737214],[28.6543447,36.7732206],[28.6541949,36.7731712],[28.6537806,36.7733107],[28.6533131,36.77365],[28.6528152,36.7737379],[28.6522959,36.7735897],[28.6520602,36.773196],[28.6519498,36.7725905],[28.6517813,36.7722815],[28.6514466,36.7719852],[28.6507011,36.7716814],[28.6504686,36.7717424],[28.6502078,36.7721978],[28.6493063,36.7730037],[28.6487069,36.7740095],[28.6476203,36.7746169],[28.6471952,36.7745836],[28.6465188,36.7741589],[28.6446923,36.774358],[28.6439828,36.7741834],[28.6437443,36.7742572],[28.6437075,36.7743878],[28.6437497,36.7744914],[28.6439772,36.7745767],[28.6449613,36.7746182]]},"properties":{"class":"unclassified"}},{"type":"Feature","geometry":{"type":"LineString","coordinates":[[28.6316006,36.7768762],[28.6316614,36.7755687],[28.6313276,36.7751509],[28.6313915,36.7750459],[28.6315636,36.7751037]]},"properties":{"class":"unclassified"}},{"type":"Feature","geometry":{"type":"LineString","coordinates":[[28.6449613,36.7746182],[28.6443825,36.7747239],[28.6432621,36.7752192],[28.6420359,36.7756217],[28.6410716,36.7756218],[28.6408216,36.775712],[28.6400052,36.776295],[28.6393408,36.7764219],[28.6389689,36.7763357],[28.6384352,36.7756175],[28.6372244,36.7757441],[28.6369794,36.7756369],[28.6365915,36.775258],[28.6363181,36.7751865],[28.6356093,36.7751237],[28.6331524,36.7751738],[28.6315636,36.7751037]]},"properties":{"class":"tertiary","name":"Plaj Yolu Cadde"}},{"type":"Feature","geometry":{"type":"LineString","coordinates":[[28.6452175,36.8032114],[28.6461548,36.8014449],[28.6483198,36.7978322],[28.6508805,36.7946188],[28.6514475,36.7939872],[28.6522405,36.793402],[28.6531604,36.7931604],[28.6536832,36.7931479],[28.6553582,36.7934473],[28.6563005,36.7938859],[28.6572277,36.794185],[28.6579239,36.7945572],[28.6593441,36.7947305],[28.6597293,36.7946722],[28.6609531,36.7941697],[28.6612032,36.7938722],[28.6612881,36.79348],[28.6618504,36.7932704],[28.6623446,36.7929394],[28.6628406,36.7919986],[28.6631906,36.7917162],[28.6634812,36.7910864],[28.664188,36.7907638],[28.6644198,36.790539],[28.6654191,36.784672],[28.6655257,36.7845655],[28.6664446,36.7842731],[28.6671259,36.7841426],[28.6677835,36.7837563],[28.6680954,36.7834413],[28.6681147,36.7833133],[28.6679488,36.7830109],[28.6679927,36.7828343],[28.6682789,36.7828204],[28.66914,36.7834143],[28.669419,36.783329],[28.6694978,36.7831148],[28.669072,36.7822979]]},"properties":{"class":"tertiary","name":"Plaj Yolu Cadde"}},{"type":"Feature","geometry":{"type":"LineString","coordinates":[[28.669072,36.7822979],[28.6687165,36.7818069],[28.668599,36.7817022],[28.668445,36.7816964],[28.6677659,36.781927],[28.6667633,36.7820859],[28.6665648,36.7822161],[28.6662647,36.7827223],[28.6660159,36.7829295],[28.6653013,36.7828697],[28.665044,36.7827032],[28.6647117,36.7821303],[28.6644108,36.7818786],[28.663762,36.7816196],[28.6623642,36.7807278],[28.6601242,36.7800174],[28.6586812,36.7794691],[28.6584409,36.7791515],[28.6585351,36.778924],[28.6589195,36.778448],[28.6590009,36.778201],[28.6589093,36.7778771],[28.6582028,36.7779716],[28.6569295,36.777931],[28.6555934,36.7782463],[28.6548967,36.7782129],[28.6546002,36.7779367],[28.6543644,36.777306],[28.6541893,36.7771831],[28.6539679,36.7771448],[28.6528887,36.7772982],[28.6521383,36.7769298],[28.651964,36.7765139],[28.6518433,36.7764295],[28.6515638,36.776354],[28.6509071,36.7763846],[28.6506361,36.7762711],[28.6504322,36.7758696],[28.6502083,36.7750719],[28.6500634,36.7749516],[28.6498381,36.7748786],[28.6489852,36.7749087],[28.6487122,36.7749806],[28.6481199,36.7753647],[28.6476367,36.7754744],[28.6470825,36.7753202],[28.6458309,36.7746852],[28.6452515,36.7745778],[28.6449613,36.7746182]]},"properties":{"class":"tertiary","name":"Plaj Yolu Cadde"}},{"type":"Feature","geometry":{"type":"LineString","coordinates":[[28.6451153,36.8167336],[28.6446204,36.815445],[28.6445642,36.8149974],[28.644921,36.8054706],[28.6449043,36.8040881],[28.6450342,36.8035565]]},"properties":{"class":"tertiary","name":"Plaj Yolu Cadde"}},{"type":"Feature","geometry":{"type":"LineString","coordinates":[[28.6450342,36.8035565],[28.6452175,36.8032114]]},"properties":{"class":"tertiary","name":"Plaj Yolu Cadde"}},{"type":"Feature","geometry":{"type":"LineString","coordinates":[[28.6389428,36.8220056],[28.6390415,36.8216761],[28.6395657,36.8211866],[28.6397233,36.8204243],[28.6405097,36.8203663],[28.6428795,36.8206707],[28.6436117,36.820999],[28.6452946,36.8209712]]},"properties":{"class":"unclassified","name":"Vardiya Sokak"}},{"type":"Feature","geometry":{"type":"LineString","coordinates":[[28.6397233,36.8204243],[28.6396013,36.8199297],[28.6390166,36.8192471],[28.6388697,36.8191246],[28.6382765,36.8189231],[28.6386631,36.8181624]]},"properties":{"class":"unclassified","name":"152. Sokak"}},{"type":"Feature","geometry":{"type":"LineString","coordinates":[[28.6386631,36.8181624],[28.6389395,36.8177884],[28.6390907,36.8172189],[28.638929,36.8167282],[28.6388529,36.8160071],[28.6361168,36.8155926],[28.635863,36.8156309],[28.6358118,36.815879],[28.6355351,36.8159518]]},"properties":{"class":"unclassified","name":"152. Sokak"}},{"type":"Feature","geometry":{"type":"LineString","coordinates":[[28.6386631,36.8181624],[28.6377917,36.8181154]]},"properties":{"class":"unclassified"}},{"type":"Feature","geometry":{"type":"LineString","coordinates":[[28.648813,36.827697],[28.6459202,36.8224342],[28.645745,36.822031],[28.6456199,36.8209563]]},"properties":{"class":"tertiary","name":"Plaj Yolu Cadde"}},{"type":"Feature","geometry":{"type":"LineString","coordinates":[[28.6451153,36.8167336],[28.6482309,36.8172908],[28.6493988,36.8176088],[28.6495234,36.8176096],[28.64989,36.8173829]]},"properties":{"class":"unclassified"}},{"type":"Feature","geometry":{"type":"LineString","coordinates":[[28.6452946,36.8209712],[28.6456199,36.8209563]]},"properties":{"class":"unclassified","name":"Vardiya Sokak"}},{"type":"Feature","geometry":{"type":"LineString","coordinates":[[28.6451976,36.8170567],[28.6451153,36.8167336]]},"properties":{"class":"tertiary","name":"Plaj Yolu Cadde"}},{"type":"Feature","geometry":{"type":"LineString","coordinates":[[28.6456199,36.8209563],[28.6451976,36.8170567]]},"properties":{"class":"tertiary","name":"Plaj Yolu Cadde"}},{"type":"Feature","geometry":{"type":"LineString","coordinates":[[28.64989,36.8173829],[28.6508181,36.8177443]]},"properties":{"class":"unclassified","name":"143. Sokak"}},{"type":"Feature","geometry":{"type":"LineString","coordinates":[[28.5763624,36.8798609],[28.575699,36.878635],[28.575168,36.878322],[28.574191,36.878038],[28.57376,36.877701],[28.573528,36.87726],[28.573429,36.87644],[28.573287,36.875947],[28.572909,36.875599],[28.572671,36.87551],[28.572065,36.875556],[28.571534,36.875789],[28.570538,36.876603],[28.56986,36.877041],[28.569064,36.877167],[28.568811,36.877123],[28.568586,36.876973],[28.568358,36.876204],[28.568687,36.874675],[28.568614,36.874156],[28.568248,36.873165],[28.568059,36.872947],[28.566967,36.872338],[28.565056,36.871077],[28.562632,36.869343],[28.561414,36.867876],[28.560317,36.867365],[28.560195,36.867229],[28.56015,36.866877],[28.560403,36.866468],[28.56082,36.866224],[28.561075,36.866164],[28.561752,36.866314],[28.562159,36.866539],[28.562571,36.866622],[28.563386,36.866268],[28.563615,36.866242],[28.565791,36.866757],[28.566383,36.866764],[28.567975,36.866554],[28.568401,36.866714],[28.56878,36.867082],[28.57048,36.868264],[28.571413,36.868768],[28.5730915,36.8691407]]},"properties":{"class":"tertiary"}},{"type":"Feature","geometry":{"type":"LineString","coordinates":[[28.5730915,36.8691407],[28.5732148,36.8688791],[28.5730938,36.8687182],[28.571591,36.868301],[28.570221,36.867309],[28.568905,36.86526],[28.568538,36.865],[28.567348,36.864597],[28.566952,36.864359],[28.566607,36.863797],[28.566326,36.863501],[28.565517,36.863241],[28.565391,36.863117],[28.565244,36.862418],[28.565109,36.862258],[28.564887,36.862162],[28.562307,36.86186],[28.561259,36.861274],[28.559484,36.860483],[28.558016,36.860041],[28.5560819,36.8602084],[28.553063,36.860893],[28.551341,36.860451],[28.549244,36.860667],[28.548855,36.860506],[28.548609,36.860208],[28.548414,36.85885],[28.547937,36.858297],[28.547464,36.858089],[28.546423,36.857947],[28.545002,36.857235],[28.544725,36.857178],[28.543074,36.857098],[28.542863,36.857163],[28.542465,36.857377],[28.5415639,36.8581626]]},"properties":{"class":"tertiary","name":"Way to Büyükkaraaĝaç"}},{"type":"Feature","geometry":{"type":"LineString","coordinates":[[28.5541319,36.8606736],[28.5532783,36.8614674],[28.552602,36.8616303],[28.5526152,36.8616896],[28.5531252,36.8617435],[28.5532162,36.8620049],[28.5523853,36.8628383],[28.5520463,36.862971],[28.5514837,36.8629194],[28.5508345,36.8631433],[28.5502059,36.8640144],[28.5501569,36.8641718],[28.5502252,36.8650344],[28.550107,36.8654199],[28.5502162,36.8658101],[28.5493785,36.8664769],[28.5494301,36.8667944],[28.5497532,36.8671289],[28.5497726,36.8673808],[28.5496332,36.8675893],[28.5492704,36.8677305],[28.549306,36.868194],[28.5491387,36.8683566],[28.5481786,36.8687061],[28.5475607,36.8690205],[28.5474648,36.8691464],[28.5474346,36.8696338],[28.5459579,36.8704615],[28.5457873,36.8707824],[28.5450672,36.870916],[28.543819,36.8714681],[28.5440514,36.8726816],[28.5438194,36.8728619],[28.543287,36.872965],[28.5429672,36.8734713],[28.5430112,36.8738664],[28.5425835,36.8748094],[28.5427807,36.8750331],[28.5427442,36.8753041],[28.5423684,36.8757602],[28.541926,36.8767992],[28.5420332,36.8768724],[28.5422838,36.8768033],[28.5431317,36.8761809],[28.5444616,36.8756443],[28.5450763,36.8756174],[28.5458421,36.8756974],[28.5459805,36.8758771],[28.5460276,36.8761192],[28.5459033,36.8761587],[28.5452904,36.8757749],[28.5446631,36.8757472],[28.5438199,36.8760013],[28.5433165,36.8762629],[28.5426613,36.8767448],[28.5426396,36.8775572],[28.5424497,36.8777152],[28.5423537,36.8780122],[28.5419163,36.8785789],[28.5420557,36.8792266],[28.5423631,36.8795376],[28.5425054,36.8799081],[28.5421991,36.8806917],[28.5422086,36.8809679],[28.5421212,36.8810623],[28.5415472,36.8811609],[28.5407665,36.880714],[28.5404248,36.8808015],[28.5405276,36.8811702],[28.5407069,36.881449],[28.5405783,36.8816321],[28.5402593,36.8817383],[28.5403217,36.882179],[28.5402677,36.8825103],[28.5405511,36.8834895],[28.5404462,36.884965],[28.5403922,36.8851289],[28.5398106,36.8855331],[28.538983,36.8854684],[28.538673,36.8857028],[28.5386277,36.8858657],[28.5388526,36.8865764],[28.5387229,36.8870913],[28.5387089,36.8875463],[28.5386179,36.8876654],[28.5381785,36.8878734],[28.5374419,36.8879769],[28.5371284,36.8882732],[28.5369975,36.8882957],[28.5352113,36.8870654],[28.5350376,36.8870574],[28.5353941,36.887652],[28.5354548,36.8879472],[28.5359599,36.8887757],[28.536072,36.8891862],[28.5359428,36.8893975],[28.5352159,36.889626],[28.535141,36.8897386],[28.5354755,36.8898784],[28.536355,36.8899127],[28.5369769,36.8900583],[28.5371519,36.8902992],[28.5371013,36.8909316],[28.5369934,36.8910605],[28.5365487,36.8912415],[28.5363043,36.8919793],[28.5357719,36.8923478],[28.5354109,36.8924458],[28.5346447,36.8924732],[28.5343433,36.8926665],[28.5332555,36.8929823],[28.5331901,36.8930762],[28.5331942,36.8932453],[28.5332951,36.8933456],[28.5338795,36.8931915],[28.534695,36.8931793],[28.5362028,36.8935656],[28.5368662,36.8938658],[28.5370248,36.8942399],[28.5373028,36.8945714],[28.5373091,36.8948364],[28.5371545,36.8951266],[28.5372415,36.8953108],[28.5380519,36.8957274],[28.5388369,36.8958286],[28.539347,36.8962445],[28.5393632,36.8964841],[28.5390576,36.8967218],[28.5392823,36.8972302],[28.5392945,36.8975107],[28.5397069,36.8981774],[28.5402901,36.8988094],[28.5403405,36.8990942],[28.5401832,36.8992725],[28.5395532,36.899587],[28.5387929,36.9003786],[28.5384704,36.9006076],[28.5384416,36.9007411],[28.5385406,36.9010063],[28.5383954,36.9012697],[28.5385111,36.9014794],[28.538326,36.9018022],[28.5384556,36.9018754],[28.5390172,36.9017367],[28.5392604,36.9017521],[28.5400189,36.9019557],[28.5410281,36.9023798],[28.5416165,36.9028592],[28.5419382,36.9033173],[28.5425044,36.9036448],[28.5426062,36.9041041],[28.5425869,36.9044736],[28.5424125,36.9046606],[28.5415911,36.9049757],[28.5411414,36.905698],[28.5410671,36.9061907],[28.5408271,36.9065094],[28.5408517,36.9069551],[28.5407715,36.9071041],[28.5399749,36.9078002],[28.5380295,36.9088569],[28.5379576,36.9090573],[28.5379735,36.9098621],[28.5379009,36.9102134],[28.5375246,36.9108512],[28.537255,36.9110465],[28.5368949,36.9114733],[28.5365344,36.911611],[28.5364139,36.9119422],[28.5365068,36.9123804],[28.5364012,36.9125496],[28.5359513,36.9127652],[28.5344728,36.9126502],[28.5335819,36.9133974],[28.5331173,36.9133446],[28.5327796,36.913432],[28.5323302,36.9133686],[28.5319401,36.9129421],[28.5316545,36.9123647],[28.5316378,36.9120055],[28.5317702,36.9115538],[28.5321372,36.9110865],[28.5317031,36.9107783],[28.5315049,36.9103255],[28.5312396,36.9102968],[28.5307442,36.9104733],[28.5302244,36.9105387],[28.5297206,36.909589],[28.5294679,36.9093281],[28.5294122,36.9089665],[28.5278296,36.9082025],[28.5276391,36.9079823],[28.5266299,36.9078147],[28.5264084,36.9079334],[28.5264164,36.908079],[28.5275309,36.9091949],[28.5277769,36.9097179],[28.5279672,36.9105924],[28.5284073,36.911794],[28.5284312,36.9120327],[28.5282167,36.9126221],[28.5284884,36.9138869],[28.5284204,36.9141604],[28.5272779,36.9151103],[28.5269446,36.9155514],[28.526825,36.9162049],[28.5264121,36.9172464],[28.526645,36.9177332],[28.5269123,36.9179763],[28.5269964,36.9185082],[28.527263,36.9188644],[28.5277189,36.9191133],[28.5291124,36.9194108],[28.529361,36.9195293],[28.5297346,36.9198944],[28.5298521,36.9201722],[28.5298226,36.9207209],[28.530666,36.9216633],[28.5310743,36.9227115],[28.5310121,36.9228307],[28.5303529,36.9232157],[28.5301822,36.9233831],[28.530156,36.9235243],[28.5308749,36.92436],[28.5310791,36.9254936],[28.5312185,36.9258745]]},"properties":{"class":"unclassified"}},{"type":"Feature","geometry":{"type":"LineString","coordinates":[[28.5415639,36.8581626],[28.54093,36.857914],[28.540811,36.857787],[28.54085,36.857459],[28.540967,36.857306],[28.542654,36.856154],[28.542876,36.855833],[28.543243,36.855578],[28.543723,36.855478],[28.544886,36.85566],[28.545503,36.855446],[28.546069,36.854977],[28.546635,36.854154],[28.5478727,36.853117],[28.547895,36.852806],[28.547766,36.852506],[28.547638,36.852363],[28.547252,36.852226],[28.546555,36.852457],[28.544971,36.853695],[28.544464,36.853881],[28.543916,36.853824],[28.54249,36.853135],[28.542026,36.853068],[28.541617,36.853201],[28.540384,36.854443],[28.540196,36.85453],[28.539536,36.854555],[28.539236,36.854347],[28.539306,36.853748],[28.539434,36.853549],[28.541587,36.850692],[28.5434208,36.848032],[28.5462676,36.8445771],[28.5467225,36.8440848],[28.5472288,36.8437337],[28.5493069,36.842575],[28.5500541,36.841757],[28.5502121,36.841351],[28.5502241,36.8409],[28.5498752,36.839246],[28.5496608,36.836386],[28.5497055,36.8360272],[28.5499832,36.8354237]]},"properties":{"class":"tertiary"}},{"type":"Feature","geometry":{"type":"LineString","coordinates":[[28.5499832,36.8354237],[28.5500546,36.8350073],[28.5500104,36.8348046],[28.5494137,36.8335632],[28.5491444,36.8332606],[28.5489994,36.832814],[28.5492911,36.8326264],[28.5494721,36.8321599],[28.5498113,36.8321575],[28.5499138,36.8320852],[28.5498059,36.8310903]]},"properties":{"class":"tertiary"}},{"type":"Feature","geometry":{"type":"LineString","coordinates":[[28.548146,36.8287069],[28.5482349,36.8287074]]},"properties":{"class":"unclassified"}},{"type":"Feature","geometry":{"type":"LineString","coordinates":[[28.6157211,36.8360878],[28.617212,36.836212],[28.617802,36.836557],[28.619249,36.836613],[28.620296,36.836829],[28.620412,36.837073],[28.620345,36.837329],[28.620388,36.837714],[28.620596,36.838079],[28.620765,36.838169],[28.621061,36.838142],[28.62122,36.838209],[28.622046,36.838578],[28.623207,36.83925],[28.623634,36.839323],[28.624145,36.839231],[28.624766,36.839539],[28.625014,36.839579],[28.625807,36.839491],[28.626203,36.83975],[28.627047,36.840081],[28.627239,36.840239],[28.627189,36.840439],[28.626869,36.840678],[28.626893,36.84084],[28.627466,36.84117],[28.627427,36.841478],[28.627821,36.842004],[28.6286876,36.8423821],[28.6286022,36.8424895],[28.6282411,36.8424075],[28.627373,36.842661],[28.626832,36.842556],[28.6266917,36.8424114],[28.626383,36.841668],[28.6256879,36.8413508],[28.6251758,36.8414135],[28.6250363,36.8415473],[28.6252182,36.842009],[28.6252058,36.842177],[28.6251012,36.8422948],[28.624833,36.842308],[28.6244275,36.8421459],[28.624022,36.8418538],[28.621834,36.841099],[28.621018,36.8404037],[28.620371,36.840573],[28.620176,36.840834],[28.620463,36.841675],[28.620696,36.841953],[28.6218683,36.8426108],[28.6219485,36.8427999],[28.6219078,36.8430688],[28.621507,36.843491],[28.6215028,36.8436897],[28.6216223,36.8439128],[28.621938,36.8441186],[28.62195,36.844471],[28.622147,36.844605],[28.62295,36.844692],[28.623307,36.844603],[28.6246386,36.84457],[28.624953,36.844834],[28.625598,36.8449853],[28.6260047,36.8452264],[28.6264735,36.845822],[28.62704,36.8463358],[28.627465,36.846961],[28.627826,36.84839],[28.6286607,36.8506639],[28.6287158,36.851001],[28.628386,36.851579],[28.625708,36.853422],[28.623787,36.854471],[28.623616,36.854667],[28.623396,36.855269],[28.623532,36.855906],[28.623837,36.856518],[28.624882,36.857133],[28.624992,36.857522],[28.624564,36.858367],[28.624685,36.858755],[28.62494,36.859077],[28.624631,36.860048],[28.624628,36.860363],[28.624753,36.860739],[28.625298,36.86167],[28.625369,36.861983],[28.625333,36.862309],[28.624742,36.862853],[28.623495,36.863475],[28.62185,36.864001],[28.621464,36.864274],[28.621197,36.864713],[28.621289,36.865019],[28.62109,36.865384],[28.620102,36.866457],[28.619273,36.86714],[28.618127,36.867521],[28.616819,36.867454],[28.615642,36.867281],[28.614572,36.867352],[28.613297,36.867295],[28.610748,36.867477],[28.608318,36.867852],[28.603562,36.868287],[28.602966,36.868463],[28.602735,36.868899],[28.602522,36.872072],[28.602433,36.872339],[28.601958,36.872578],[28.601339,36.872612],[28.600912,36.872732],[28.60037,36.873021],[28.599748,36.873537],[28.599678,36.873864],[28.599791,36.874812],[28.599727,36.875194],[28.599124,36.875942],[28.598638,36.876189],[28.598071,36.876322],[28.597724,36.876558],[28.596473,36.879598],[28.596107,36.879931],[28.594548,36.8808],[28.594276,36.880886],[28.5935,36.880566]]},"properties":{"class":"unclassified"}},{"type":"Feature","geometry":{"type":"LineString","coordinates":[[28.6063444,36.8275591],[28.6055037,36.8273191],[28.6052675,36.8269183],[28.604846,36.8264843],[28.6044689,36.8263438],[28.6044036,36.8262443],[28.6044219,36.8256732],[28.6042156,36.8253879],[28.6039971,36.8254031]]},"properties":{"class":"unclassified"}},{"type":"Feature","geometry":{"type":"LineString","coordinates":[[28.6086644,36.826969],[28.608546,36.827097],[28.608122,36.8270008]]},"properties":{"class":"unclassified"}},{"type":"Feature","geometry":{"type":"LineString","coordinates":[[28.6139645,36.8273034],[28.6133031,36.8273089],[28.6124701,36.8270103],[28.6119249,36.8271016],[28.6108412,36.826907],[28.6101582,36.8269185],[28.6096687,36.8270489],[28.6093073,36.8269439],[28.6087808,36.8270072],[28.6081313,36.8267428]]},"properties":{"class":"unclassified"}},{"type":"Feature","geometry":{"type":"LineString","coordinates":[[28.6063444,36.8275591],[28.6063787,36.8279871],[28.6061212,36.8283488],[28.6053205,36.8286354],[28.604988,36.8292924],[28.6046734,36.8295896],[28.6034394,36.8304109],[28.6029213,36.8308865],[28.6028811,36.8316067],[28.602467,36.8322574],[28.6019155,36.8328176],[28.6013616,36.8327445],[28.6010277,36.8328014],[28.60016,36.8333618],[28.6001654,36.8340927],[28.6004189,36.8342301],[28.6017092,36.8342434],[28.6022591,36.8343507],[28.6027056,36.8342286],[28.6032047,36.8342702],[28.6036809,36.833975],[28.6039613,36.8339637],[28.6044865,36.834353],[28.6048209,36.8342058],[28.6049886,36.8339482],[28.6053077,36.833789],[28.6060817,36.8337657],[28.6064673,36.8339137],[28.6067316,36.8343602],[28.6069523,36.8353829],[28.6073074,36.8355041],[28.6083338,36.8355427],[28.6096263,36.8357121],[28.6099883,36.8355154],[28.6103595,36.8354595],[28.6113766,36.8355992],[28.6117865,36.8351548],[28.6122777,36.8348978],[28.6125268,36.8348896],[28.6128813,36.8350988],[28.6140483,36.8355182],[28.6141297,36.8359929],[28.6143474,36.8360706],[28.6157211,36.8360878]]},"properties":{"class":"unclassified"}},{"type":"Feature","geometry":{"type":"LineString","coordinates":[[28.6081313,36.8267428],[28.608122,36.8270008],[28.6076777,36.8268579],[28.6069423,36.8277103],[28.606647,36.8276888],[28.6063444,36.8275591]]},"properties":{"class":"unclassified"}},{"type":"Feature","geometry":{"type":"LineString","coordinates":[[28.6174097,36.8275373],[28.6168744,36.8276702]]},"properties":{"class":"unclassified"}},{"type":"Feature","geometry":{"type":"LineString","coordinates":[[28.6279022,36.8272068],[28.6266241,36.8271207],[28.6240783,36.8264081],[28.6236358,36.8261847],[28.6231918,36.8261804]]},"properties":{"class":"unclassified"}},{"type":"Feature","geometry":{"type":"LineString","coordinates":[[28.6231918,36.8261804],[28.6229048,36.8263427],[28.6227128,36.8265618],[28.6221503,36.8273921],[28.622349,36.827817],[28.6223161,36.8280828],[28.6219806,36.8284084],[28.6217037,36.8285548],[28.6204084,36.8284164],[28.6193561,36.828034],[28.6187285,36.8282471],[28.6176571,36.8277808],[28.6174097,36.8275373]]},"properties":{"class":"unclassified"}},{"type":"Feature","geometry":{"type":"LineString","coordinates":[[28.6168744,36.8276702],[28.6163176,36.8279304],[28.6157638,36.8283395],[28.6153233,36.8289775],[28.6152089,36.8289687],[28.6139645,36.8273034]]},"properties":{"class":"unclassified"}},{"type":"Feature","geometry":{"type":"LineString","coordinates":[[28.6235759,36.8547766],[28.6245548,36.8546757],[28.624705,36.8548131]]},"properties":{"class":"unclassified"}},{"type":"Feature","geometry":{"type":"LineString","coordinates":[[28.5864138,36.8793705],[28.585793,36.8798809],[28.5851067,36.8800476],[28.5846316,36.880049],[28.583533,36.879732],[28.5817682,36.879698]]},"properties":{"class":"unclassified"}},{"type":"Feature","geometry":{"type":"LineString","coordinates":[[28.5763624,36.8798609],[28.5767997,36.8800135],[28.5770787,36.8800135],[28.5817682,36.879698]]},"properties":{"class":"unclassified"}},{"type":"Feature","geometry":{"type":"LineString","coordinates":[[28.5766241,36.8805758],[28.576671,36.880228],[28.5770787,36.8800135]]},"properties":{"class":"unclassified"}},{"type":"Feature","geometry":{"type":"LineString","coordinates":[[28.5806981,36.8868236],[28.5802544,36.8849222],[28.5796965,36.8831458],[28.5801479,36.8826595],[28.582736,36.8804934]]},"properties":{"class":"unclassified"}},{"type":"Feature","geometry":{"type":"LineString","coordinates":[[28.5858978,36.8819015],[28.586675,36.8814245],[28.5874846,36.8813257],[28.5878962,36.8809745],[28.5880472,36.8803159],[28.5888019,36.8795476],[28.5893525,36.8794385]]},"properties":{"class":"unclassified"}},{"type":"Feature","geometry":{"type":"LineString","coordinates":[[28.5881674,36.882998],[28.5883641,36.8833161],[28.5866308,36.8852124],[28.5873185,36.885782],[28.5879648,36.8859464]]},"properties":{"class":"unclassified"}},{"type":"Feature","geometry":{"type":"LineString","coordinates":[[28.5806981,36.8868236],[28.5799064,36.8860625],[28.57908,36.885085],[28.577207,36.882168],[28.5763624,36.8798609]]},"properties":{"class":"tertiary"}},{"type":"Feature","geometry":{"type":"LineString","coordinates":[[28.5858978,36.8819015],[28.5860695,36.882116],[28.5870679,36.8826885],[28.5880006,36.8829828],[28.5898041,36.8828009]]},"properties":{"class":"unclassified"}},{"type":"Feature","geometry":{"type":"LineString","coordinates":[[28.5820439,36.8898787],[28.5821743,36.8882806],[28.5820697,36.8879684],[28.5814239,36.8873335],[28.5806981,36.8868236]]},"properties":{"class":"tertiary"}},{"type":"Feature","geometry":{"type":"LineString","coordinates":[[28.5893525,36.8794385],[28.5887946,36.8787605],[28.5885693,36.8787004],[28.5881187,36.8787348],[28.5868527,36.879078],[28.5864138,36.8793705]]},"properties":{"class":"unclassified"}},{"type":"Feature","geometry":{"type":"LineString","coordinates":[[28.5817682,36.879698],[28.5817671,36.8798751],[28.5819295,36.8800452],[28.582736,36.8804934]]},"properties":{"class":"unclassified"}},{"type":"Feature","geometry":{"type":"LineString","coordinates":[[28.6093977,36.9413112],[28.609329,36.940204],[28.609763,36.939123],[28.612311,36.935151],[28.612493,36.934727],[28.61251,36.934269],[28.612002,36.931876],[28.612125,36.931458],[28.614299,36.928341],[28.617616,36.922453],[28.618372,36.922033],[28.619531,36.921974],[28.620031,36.921831],[28.620807,36.921115],[28.621067,36.920967],[28.623134,36.920397],[28.623346,36.920286],[28.623603,36.91994],[28.623591,36.919704],[28.62329,36.91886],[28.623386,36.918471],[28.623742,36.917961],[28.623792,36.917762],[28.623682,36.916871],[28.62415,36.915203],[28.624099,36.914989],[28.623966,36.914824],[28.623523,36.91469],[28.6231,36.914804],[28.622126,36.915952],[28.621505,36.916348],[28.62092,36.916593],[28.620191,36.916511],[28.619838,36.916238],[28.619729,36.915828],[28.619899,36.915549],[28.621213,36.914501],[28.621463,36.914078],[28.621477,36.91358],[28.621205,36.913122],[28.619939,36.911685],[28.619928,36.911247],[28.620231,36.910325],[28.62005,36.909889],[28.619858,36.909714],[28.618792,36.909348],[28.618462,36.909015],[28.618391,36.908601],[28.618689,36.907889],[28.6188,36.907408],[28.618684,36.906922],[28.618372,36.90648],[28.617049,36.905026]]},"properties":{"class":"tertiary"}},{"type":"Feature","geometry":{"type":"LineString","coordinates":[[28.617049,36.905026],[28.616655,36.904973],[28.616299,36.905168],[28.616206,36.905332],[28.616196,36.905519],[28.616486,36.906144],[28.616558,36.906528],[28.61651,36.90671],[28.615713,36.907889],[28.615649,36.908144],[28.615572,36.909907],[28.615795,36.910538],[28.615748,36.910935],[28.615427,36.911273],[28.614896,36.911533],[28.612391,36.912475],[28.611877,36.912527],[28.61137,36.912359],[28.610833,36.911835],[28.610668,36.911348],[28.610826,36.910423],[28.610771,36.909978],[28.610323,36.909436],[28.610122,36.909306],[28.609856,36.909267],[28.609316,36.909352],[28.60851,36.909613],[28.608285,36.909771],[28.607983,36.910174],[28.607939,36.910655],[28.60867,36.911835],[28.608665,36.912019],[28.608485,36.912362],[28.608096,36.912576],[28.60786,36.912607],[28.607619,36.912595],[28.60718,36.912423],[28.604976,36.910705],[28.603897,36.910087],[28.603472,36.909692],[28.603232,36.9092],[28.603097,36.907795],[28.603013,36.907613],[28.602695,36.907407],[28.602281,36.907469],[28.602119,36.907594],[28.601715,36.908778],[28.601587,36.908979],[28.601172,36.909295],[28.600049,36.90958],[28.598933,36.909716],[28.59839,36.909663],[28.597872,36.909504],[28.596046,36.908367],[28.5956181,36.9075144],[28.5955902,36.9071007],[28.5957225,36.9065256],[28.5963034,36.9058266]]},"properties":{"class":"tertiary"}},{"type":"Feature","geometry":{"type":"LineString","coordinates":[[28.582736,36.8804934],[28.5832022,36.8804654],[28.5835891,36.8806228],[28.5851956,36.8816857],[28.5858978,36.8819015]]},"properties":{"class":"unclassified"}},{"type":"Feature","geometry":{"type":"LineString","coordinates":[[28.5935,36.880566],[28.5922278,36.8803482],[28.5906078,36.8802967],[28.5902644,36.8801937],[28.5893525,36.8794385]]},"properties":{"class":"unclassified"}},{"type":"Feature","geometry":{"type":"LineString","coordinates":[[28.5820319,36.8900269],[28.5820439,36.8898787]]},"properties":{"class":"tertiary"}},{"type":"Feature","geometry":{"type":"LineString","coordinates":[[28.596828,36.89594],[28.595933,36.89589],[28.593728,36.896651],[28.59339,36.896693],[28.592712,36.896614],[28.592085,36.896374],[28.590756,36.894647],[28.589688,36.894059],[28.589486,36.893878],[28.589224,36.893437],[28.589036,36.89244],[28.588728,36.89205],[28.588493,36.891919],[28.587863,36.891908],[28.587284,36.892091],[28.586251,36.892846],[28.585088,36.893449],[28.584036,36.893527],[28.5833516,36.8933754],[28.5825207,36.8928933],[28.5821188,36.8924424],[28.5819868,36.8921604],[28.5818864,36.8916422],[28.5820319,36.8900269]]},"properties":{"class":"tertiary"}},{"type":"Feature","geometry":{"type":"LineString","coordinates":[[28.5964453,36.9056737],[28.5970888,36.9049805],[28.59748,36.903886],[28.597815,36.90352],[28.598412,36.903107],[28.598668,36.902795],[28.598709,36.901959],[28.599069,36.901128],[28.599079,36.900934],[28.598993,36.900751],[28.598641,36.900474],[28.59792,36.900201],[28.596422,36.899327],[28.596324,36.899115],[28.596347,36.898647],[28.596485,36.89842],[28.597569,36.897525],[28.597726,36.897121],[28.59768,36.896911],[28.597203,36.896269],[28.596828,36.89594]]},"properties":{"class":"tertiary"}},{"type":"Feature","geometry":{"type":"LineString","coordinates":[[28.5963034,36.9058266],[28.5964453,36.9056737]]},"properties":{"class":"tertiary"}},{"type":"Feature","geometry":{"type":"LineString","coordinates":[[28.6389252,36.8221563],[28.6389428,36.8220056]]},"properties":{"class":"unclassified","name":"Vardiya Sokak"}},{"type":"Feature","geometry":{"type":"LineString","coordinates":[[28.6384903,36.8225744],[28.6415115,36.8242223]]},"properties":{"class":"unclassified"}},{"type":"Feature","geometry":{"type":"LineString","coordinates":[[28.6368259,36.832802],[28.6364595,36.832954],[28.6360381,36.8329812],[28.6344985,36.8316914],[28.6335125,36.8311654],[28.6324198,36.8300861],[28.6317423,36.8292854],[28.6311845,36.8290165],[28.6309961,36.828647],[28.6301462,36.8278231],[28.6298769,36.8277544],[28.6291107,36.8278717],[28.6279022,36.8272068]]},"properties":{"class":"unclassified"}},{"type":"Feature","geometry":{"type":"LineString","coordinates":[[28.6419092,36.8244592],[28.6418086,36.8241022]]},"properties":{"class":"unclassified"}},{"type":"Feature","geometry":{"type":"LineString","coordinates":[[28.6415115,36.8242223],[28.6417677,36.82436]]},"properties":{"class":"unclassified"}},{"type":"Feature","geometry":{"type":"LineString","coordinates":[[28.6417677,36.82436],[28.6420056,36.8245267],[28.642152,36.8249172],[28.642526,36.8251776]]},"properties":{"class":"unclassified"}},{"type":"Feature","geometry":{"type":"LineString","coordinates":[[28.6445189,36.8349553],[28.6427913,36.8342364]]},"properties":{"class":"tertiary","name":"Atatürk Bulvarı"}},{"type":"Feature","geometry":{"type":"LineString","coordinates":[[28.6436081,36.8322353],[28.6440542,36.8322132],[28.6451586,36.8324012],[28.6453799,36.8322741],[28.6460228,36.8316291],[28.6467174,36.8303458],[28.6478249,36.8298073],[28.6484488,36.8293469]]},"properties":{"class":"tertiary","name":"Sulungur Caddesi"}},{"type":"Feature","geometry":{"type":"LineString","coordinates":[[28.6569158,36.8259651],[28.6556948,36.8268398],[28.6548668,36.8276325],[28.6532364,36.828331],[28.6484488,36.8293469]]},"properties":{"class":"tertiary","name":"Sulungur Caddesi"}},{"type":"Feature","geometry":{"type":"LineString","coordinates":[[28.6428471,36.8341805],[28.6452756,36.8352078]]},"properties":{"class":"tertiary","name":"Atatürk Bulvarı"}},{"type":"Feature","geometry":{"type":"LineString","coordinates":[[28.6484488,36.8293469],[28.64883,36.8279088],[28.648813,36.827697]]},"properties":{"class":"tertiary","name":"126. Sokak"}},{"type":"Feature","geometry":{"type":"LineString","coordinates":[[28.6426977,36.8339999],[28.6426676,36.8337612],[28.6436081,36.8322353]]},"properties":{"class":"tertiary","name":"Sarı Su Sokak"}},{"type":"Feature","geometry":{"type":"LineString","coordinates":[[28.6427122,36.834155],[28.6427908,36.8341249]]},"properties":{"class":"tertiary"}},{"type":"Feature","geometry":{"type":"LineString","coordinates":[[28.6426977,36.8339999],[28.6427908,36.8341249]]},"properties":{"class":"tertiary"}},{"type":"Feature","geometry":{"type":"LineString","coordinates":[[28.6427122,36.834155],[28.6426977,36.8339999]]},"properties":{"class":"tertiary"}},{"type":"Feature","geometry":{"type":"LineString","coordinates":[[28.6428471,36.8341805],[28.6427913,36.8342364]]},"properties":{"class":"tertiary"}},{"type":"Feature","geometry":{"type":"LineString","coordinates":[[28.6427455,36.8342323],[28.6427053,36.8341724]]},"properties":{"class":"tertiary"}},{"type":"Feature","geometry":{"type":"LineString","coordinates":[[28.6427053,36.8341724],[28.6427122,36.834155]]},"properties":{"class":"tertiary"}},{"type":"Feature","geometry":{"type":"LineString","coordinates":[[28.6427908,36.8341249],[28.6428471,36.8341805]]},"properties":{"class":"tertiary"}},{"type":"Feature","geometry":{"type":"LineString","coordinates":[[28.6427913,36.8342364],[28.6427455,36.8342323]]},"properties":{"class":"tertiary"}},{"type":"Feature","geometry":{"type":"LineString","coordinates":[[28.6464785,36.8329385],[28.6469068,36.8332315]]},"properties":{"class":"unclassified"}},{"type":"Feature","geometry":{"type":"LineString","coordinates":[[28.6324455,36.8462311],[28.633512,36.8464067]]},"properties":{"class":"secondary","name":"Şehit J.Ast Sb.K.B.ÇVŞ. Remzi Avcı Cadde"}},{"type":"Feature","geometry":{"type":"LineString","coordinates":[[28.6348136,36.8464865],[28.6359121,36.8463661],[28.6367165,36.8461756],[28.6433404,36.8441225]]},"properties":{"class":"secondary","name":"Şehit J.Ast Sb.K.B.ÇVŞ. Remzi Avcı Cadde"}},{"type":"Feature","geometry":{"type":"LineString","coordinates":[[28.6264137,36.8453855],[28.6262066,36.8454683]]},"properties":{"class":"unclassified"}},{"type":"Feature","geometry":{"type":"LineString","coordinates":[[28.6264137,36.8453855],[28.62672,36.8451064],[28.627169,36.845067],[28.6312184,36.8459912],[28.6313011,36.8460897]]},"properties":{"class":"unclassified"}},{"type":"Feature","geometry":{"type":"LineString","coordinates":[[28.6264188,36.8457575],[28.6264137,36.8453855]]},"properties":{"class":"unclassified"}},{"type":"Feature","geometry":{"type":"LineString","coordinates":[[28.633512,36.8464067],[28.6348136,36.8464865]]},"properties":{"class":"secondary","name":"Şehit J.Ast Sb.K.B.ÇVŞ. Remzi Avcı Cadde"}},{"type":"Feature","geometry":{"type":"LineString","coordinates":[[28.6416147,36.8346715],[28.6417602,36.8346825]]},"properties":{"class":"unclassified"}},{"type":"Feature","geometry":{"type":"LineString","coordinates":[[28.6451972,36.8352668],[28.6445189,36.8349553]]},"properties":{"class":"tertiary","name":"Atatürk Bulvarı"}},{"type":"Feature","geometry":{"type":"LineString","coordinates":[[28.6469474,36.8358199],[28.6472621,36.836026]]},"properties":{"class":"tertiary","name":"Atatürk Bulvarı"}},{"type":"Feature","geometry":{"type":"LineString","coordinates":[[28.6490262,36.8382362],[28.6501755,36.8394558]]},"properties":{"class":"tertiary","name":"Atatürk Bulvarı"}},{"type":"Feature","geometry":{"type":"LineString","coordinates":[[28.6472621,36.836026],[28.6479584,36.8370383],[28.6490262,36.8382362]]},"properties":{"class":"tertiary","name":"Atatürk Bulvarı"}},{"type":"Feature","geometry":{"type":"LineString","coordinates":[[28.6464154,36.8356165],[28.6469474,36.8358199]]},"properties":{"class":"tertiary","name":"Atatürk Bulvarı"}},{"type":"Feature","geometry":{"type":"LineString","coordinates":[[28.65528,36.8445031],[28.6541364,36.8449397],[28.6535623,36.845006],[28.6440503,36.8439071]]},"properties":{"class":"tertiary","name":"Kanalbaşı 2. Sokak"}},{"type":"Feature","geometry":{"type":"LineString","coordinates":[[28.6567731,36.8463851],[28.6554374,36.8490037],[28.6553919,36.8494816],[28.6554637,36.8497084],[28.6558988,36.8502307],[28.6559403,36.8504463],[28.6555984,36.85101],[28.6552772,36.8511012],[28.6546348,36.8516235],[28.6544691,36.8527261],[28.6541582,36.8530577],[28.6537335,36.8531572],[28.6530497,36.8531489],[28.6514852,36.8528256],[28.6492992,36.8529997],[28.6483667,36.8531987]]},"properties":{"class":"tertiary","name":"Karadağ Küme Evleri"}},{"type":"Feature","geometry":{"type":"LineString","coordinates":[[28.6457259,36.8472167],[28.6459456,36.8466797],[28.6466348,36.8460388],[28.6472801,36.8456321],[28.6488122,36.845563],[28.6493817,36.8452797],[28.6503206,36.8454037],[28.650735,36.8454148],[28.6507869,36.8453222]]},"properties":{"class":"unclassified"}},{"type":"Feature","geometry":{"type":"LineString","coordinates":[[28.6442772,36.8438199],[28.6478968,36.8426997]]},"properties":{"class":"secondary","name":"Şehit J.Ast Sb.K.B.ÇVŞ. Remzi Avcı Cadde"}},{"type":"Feature","geometry":{"type":"LineString","coordinates":[[28.6649683,36.8373017],[28.6633539,36.8372884],[28.6477842,36.8360378]]},"properties":{"class":"secondary","name":"Metinler Caddesi"}},{"type":"Feature","geometry":{"type":"LineString","coordinates":[[28.651957,36.8412743],[28.6489461,36.8382823],[28.6478916,36.8370707],[28.6471189,36.8359999],[28.6469285,36.8358529]]},"properties":{"class":"tertiary","name":"Atatürk Bulvarı"}},{"type":"Feature","geometry":{"type":"LineString","coordinates":[[28.6551488,36.8443321],[28.6542892,36.8447303],[28.6537527,36.8448291],[28.6480852,36.8442281]]},"properties":{"class":"tertiary","name":"Kanalbaşı 2. Sokak"}},{"type":"Feature","geometry":{"type":"LineString","coordinates":[[28.6469285,36.8358529],[28.6451972,36.8352668]]},"properties":{"class":"tertiary","name":"Atatürk Bulvarı"}},{"type":"Feature","geometry":{"type":"LineString","coordinates":[[28.6452756,36.8352078],[28.6464154,36.8356165]]},"properties":{"class":"tertiary","name":"Atatürk Bulvarı"}},{"type":"Feature","geometry":{"type":"LineString","coordinates":[[28.6433404,36.8441225],[28.643476,36.8447139],[28.6441403,36.8447184],[28.6449714,36.8450206],[28.6453942,36.8455088],[28.6455216,36.8463301],[28.6452194,36.8471094],[28.6447307,36.8470136]]},"properties":{"class":"unclassified","name":"331. Sokak"}},{"type":"Feature","geometry":{"type":"LineString","coordinates":[[28.6440503,36.8439071],[28.6442772,36.8438199]]},"properties":{"class":"secondary","name":"Çevre yolu Caddesi"}},{"type":"Feature","geometry":{"type":"LineString","coordinates":[[28.6433404,36.8441225],[28.6440503,36.8439071]]},"properties":{"class":"secondary","name":"Şehit J.Ast Sb.K.B.ÇVŞ. Remzi Avcı Cadde"}},{"type":"Feature","geometry":{"type":"LineString","coordinates":[[28.6478968,36.8426997],[28.65164,36.8415336],[28.652006,36.8413483]]},"properties":{"class":"secondary","name":"Şehit J.Ast Sb.K.B.ÇVŞ. Remzi Avcı Cadde"}},{"type":"Feature","geometry":{"type":"LineString","coordinates":[[28.6526239,36.8637697],[28.6525426,36.8635192],[28.6517457,36.8623515],[28.6514815,36.8618278],[28.6501155,36.8599672],[28.6485137,36.8573845],[28.6485909,36.8572804],[28.650148,36.8566949],[28.6506318,36.8563338],[28.6510831,36.8562655],[28.6513402,36.8560007]]},"properties":{"class":"tertiary"}},{"type":"Feature","geometry":{"type":"LineString","coordinates":[[28.6483667,36.8531987],[28.6482292,36.853289],[28.6465951,36.8535883],[28.6467194,36.8544753],[28.6446369,36.8547655]]},"properties":{"class":"tertiary"}},{"type":"Feature","geometry":{"type":"LineString","coordinates":[[28.6195076,36.9612183],[28.620554,36.9616254],[28.6212045,36.9617163],[28.6221396,36.9620477],[28.6239528,36.9627493],[28.6260587,36.9636849],[28.6386697,36.9668227],[28.6461742,36.9697321]]},"properties":{"class":"tertiary"}},{"type":"Feature","geometry":{"type":"LineString","coordinates":[[28.6494275,36.9560736],[28.639833,36.949895],[28.639487,36.9497322],[28.6385729,36.9495262],[28.63757,36.949128],[28.635365,36.94928],[28.6334339,36.9495108],[28.6295892,36.9497407],[28.6270371,36.9501261],[28.6260161,36.9498911],[28.6248701,36.9501481],[28.6237581,36.9497007],[28.6229176,36.9496175],[28.6226493,36.9497547],[28.6218107,36.9507382]]},"properties":{"class":"tertiary"}},{"type":"Feature","geometry":{"type":"LineString","coordinates":[[28.60937,36.946809],[28.6090512,36.9469213],[28.608413,36.9479415],[28.6049704,36.9523132],[28.6041775,36.954106],[28.6022159,36.9593384],[28.6017379,36.9601641],[28.601235,36.9606984],[28.6008068,36.9610008],[28.5986025,36.9621196],[28.5978151,36.9626229],[28.5971403,36.963296]]},"properties":{"class":"unclassified"}},{"type":"Feature","geometry":{"type":"LineString","coordinates":[[28.6093977,36.9413112],[28.6096653,36.9423149]]},"properties":{"class":"tertiary"}},{"type":"Feature","geometry":{"type":"LineString","coordinates":[[28.6096653,36.9423149],[28.609675,36.942582],[28.609398,36.943199],[28.6093,36.943762],[28.609534,36.945931],[28.609284,36.946663],[28.60937,36.946809],[28.610976,36.947104],[28.613105,36.948524],[28.613991,36.948909],[28.6158805,36.9493305],[28.61888,36.9497922],[28.6196023,36.9500922],[28.6218107,36.9507382]]},"properties":{"class":"tertiary"}},{"type":"Feature","geometry":{"type":"LineString","coordinates":[[28.6218107,36.9507382],[28.6191996,36.9535626],[28.6174591,36.9551737],[28.6166449,36.9557383],[28.6160607,36.956382]]},"properties":{"class":"tertiary"}},{"type":"Feature","geometry":{"type":"LineString","coordinates":[[28.6004278,36.9612061],[28.5997324,36.9619857],[28.5986267,36.9640462]]},"properties":{"class":"unclassified"}},{"type":"Feature","geometry":{"type":"LineString","coordinates":[[28.5971403,36.963296],[28.5986267,36.9640462],[28.5996426,36.9648048],[28.5999825,36.9651888],[28.6002326,36.9663252],[28.599709,36.9675802],[28.599287,36.9681889],[28.5992714,36.9684699],[28.5994159,36.9687789]]},"properties":{"class":"unclassified"}},{"type":"Feature","geometry":{"type":"LineString","coordinates":[[28.5959399,36.9743733],[28.5994838,36.978552],[28.5995222,36.9787108]]},"properties":{"class":"tertiary"}},{"type":"Feature","geometry":{"type":"LineString","coordinates":[[28.6078744,36.9827095],[28.5957624,36.9768936],[28.5933566,36.9761722]]},"properties":{"class":"tertiary"}},{"type":"Feature","geometry":{"type":"LineString","coordinates":[[28.5933566,36.9761722],[28.5926835,36.9760196],[28.5922224,36.9760102],[28.5919059,36.9761913],[28.5918122,36.9764067],[28.5917028,36.9773244],[28.5917184,36.977983],[28.5922146,36.9787196],[28.5923865,36.9794032],[28.5924491,36.9801336],[28.592746,36.9809514],[28.5928163,36.9819689],[28.5925389,36.9827586],[28.5921091,36.9832049],[28.5918044,36.9833828],[28.5916481,36.9837137],[28.5918512,36.9843535],[28.5915584,36.9854488],[28.5916434,36.9863048]]},"properties":{"class":"tertiary"}},{"type":"Feature","geometry":{"type":"LineString","coordinates":[[28.6015993,36.9663018],[28.6010346,36.967089],[28.5987967,36.9694907],[28.5976335,36.9712191],[28.5972219,36.9719276],[28.5975866,36.9726649],[28.5975396,36.9727951],[28.5971749,36.9730622],[28.5966693,36.9737266],[28.5958294,36.9744903],[28.5948016,36.9750929],[28.5941357,36.9757087],[28.5933566,36.9761722]]},"properties":{"class":"tertiary"}},{"type":"Feature","geometry":{"type":"LineString","coordinates":[[28.6160607,36.956382],[28.6153223,36.9572358],[28.6149303,36.9575043],[28.6135689,36.9578761],[28.6130089,36.9579106],[28.6125695,36.9580483],[28.6114278,36.9587023],[28.6082226,36.9609949],[28.6069561,36.9616662],[28.6056809,36.962217],[28.6042334,36.9632565],[28.6031979,36.9638793],[28.6025127,36.9647402],[28.6015993,36.9663018]]},"properties":{"class":"tertiary"}},{"type":"Feature","geometry":{"type":"LineString","coordinates":[[28.6162985,36.9604509],[28.6155288,36.9611034],[28.6138761,36.961503],[28.6122411,36.9613806]]},"properties":{"class":"tertiary"}},{"type":"Feature","geometry":{"type":"LineString","coordinates":[[28.6122411,36.9613806],[28.6085272,36.9612595],[28.6079101,36.9611777]]},"properties":{"class":"tertiary"}},{"type":"Feature","geometry":{"type":"LineString","coordinates":[[28.6160607,36.956382],[28.6160523,36.9567481],[28.6154194,36.9583404],[28.6159625,36.9596329],[28.6160836,36.9602729],[28.6162985,36.9604509]]},"properties":{"class":"tertiary"}},{"type":"Feature","geometry":{"type":"LineString","coordinates":[[28.6162985,36.9604509],[28.6174237,36.9609129],[28.6176972,36.9614686],[28.6179473,36.9615342],[28.6191663,36.9614156],[28.6195076,36.9612183]]},"properties":{"class":"tertiary"}},{"type":"Feature","geometry":{"type":"LineString","coordinates":[[28.5644534,36.9983345],[28.5597767,37.000025],[28.55829,37.0008467],[28.5575367,37.001435],[28.5568483,37.0021483],[28.556345,37.0028733],[28.55559,37.0042017],[28.554895,37.0050733],[28.5538333,37.005945],[28.5528661,37.006416],[28.5518959,37.006765],[28.5443698,37.0074126],[28.54287,37.007635],[28.5414933,37.00801],[28.5403833,37.0084867],[28.5281811,37.014442],[28.5273063,37.0148011]]},"properties":{"class":"trunk","ref":"D400"}},{"type":"Feature","geometry":{"type":"LineString","coordinates":[[28.5512035,37.0518899],[28.5511369,37.0510465],[28.5514864,37.0499041],[28.5515114,37.0495587],[28.5513283,37.0480178],[28.5507125,37.0445772],[28.5499053,37.0424517],[28.549148,37.0407977],[28.5485655,37.0400006],[28.5477832,37.0385326],[28.5475336,37.038227],[28.5457693,37.036553],[28.5449621,37.0359485],[28.5443463,37.0351979],[28.5443213,37.0350584],[28.5445044,37.0346465],[28.5445044,37.0343874],[28.5448789,37.0336633],[28.5446542,37.033557],[28.5442132,37.033577],[28.5434892,37.0337696],[28.5432229,37.0336633],[28.5429233,37.033278],[28.5423824,37.0331252],[28.5416584,37.0326203],[28.5416167,37.0324543],[28.542141,37.0317036],[28.5436722,37.0303682],[28.5437887,37.0300693],[28.5437138,37.0298966],[28.5422575,37.0297504],[28.5412339,37.0293319],[28.5407679,37.0290395],[28.5403352,37.0289731],[28.5395862,37.0283553],[28.5393699,37.0282622],[28.5386459,37.0283752],[28.5382631,37.0283486],[28.5380633,37.0282157],[28.5380051,37.0280297],[28.5381216,37.0274584],[28.53808,37.0273521],[28.5376805,37.0270996],[28.537331,37.0260167],[28.5371396,37.0257642],[28.536349,37.0256047],[28.5361077,37.0253921],[28.5359912,37.0252194],[28.5359829,37.0250002],[28.5360911,37.0245019],[28.5358414,37.0243889],[28.5352922,37.0242162],[28.5350092,37.0242295],[28.534435,37.0245351],[28.533994,37.024462],[28.5336611,37.0239371],[28.5334281,37.0237511],[28.5327124,37.0237046],[28.5323629,37.0235318],[28.5323546,37.0230667],[28.5322214,37.0229538],[28.5319634,37.0229538],[28.5316888,37.0231398],[28.5311645,37.0237046],[28.5307984,37.0239105],[28.5305987,37.0238375],[28.5300827,37.023379],[28.5297665,37.0232794],[28.5294835,37.0232926],[28.5286607,37.023567]]},"properties":{"class":"tertiary"}},{"type":"Feature","geometry":{"type":"LineString","coordinates":[[28.5271596,37.0145522],[28.5284148,37.0141372],[28.5402756,37.0083625],[28.5417418,37.0077705],[28.5430212,37.0074328],[28.5445038,37.0072443],[28.5514062,37.0067137],[28.5524715,37.0064155],[28.5535367,37.0059156],[28.5544373,37.0052798],[28.5550798,37.0046045],[28.5556234,37.0038195],[28.5564404,37.0023797],[28.5570506,37.0016234],[28.5580615,37.0008015],[28.5591406,37.0001397],[28.5608299,36.9994051],[28.5633857,36.9984845],[28.5662403,36.9975752],[28.5672702,36.9971573],[28.5681275,36.9967215],[28.5705298,36.9952342],[28.5715402,36.9947073],[28.5724727,36.9943494],[28.5747024,36.9938914],[28.5765284,36.9937624],[28.5780956,36.9935357],[28.5799327,36.9929754],[28.5917048,36.986504]]},"properties":{"class":"trunk","ref":"D400"}},{"type":"Feature","geometry":{"type":"LineString","coordinates":[[28.5914816,36.9867406],[28.5813751,36.9923695],[28.5800334,36.9930429],[28.5789401,36.9934479],[28.5779567,36.9937029],[28.5740951,36.9941129],[28.5723101,36.9945329],[28.5708784,36.9951629],[28.5684934,36.9966212],[28.5673651,36.9972162],[28.5644534,36.9983345]]},"properties":{"class":"trunk","ref":"D400"}},{"type":"Feature","geometry":{"type":"LineString","coordinates":[[28.5242068,37.0246433],[28.5250238,37.0239823],[28.5255567,37.0238386],[28.5259907,37.0238292],[28.5265127,37.0240298],[28.5269226,37.0240424],[28.5278023,37.0237683],[28.5282959,37.023734],[28.5286607,37.023567],[28.5286338,37.0234942],[28.5279204,37.0234299],[28.5271679,37.0232415],[28.526889,37.0228989],[28.52683,37.022689],[28.5266637,37.0225605],[28.5250611,37.0223127],[28.5240687,37.0219615],[28.5237898,37.0217773],[28.5233552,37.0210749],[28.523366,37.0203982],[28.5235215,37.0201026],[28.5237844,37.0198885],[28.5249699,37.019563],[28.525104,37.0193959],[28.5248465,37.0188391],[28.5249807,37.0184194],[28.5262628,37.0176613],[28.5262842,37.0174085],[28.5260482,37.0168217],[28.5260643,37.0162135],[28.5261716,37.0159608],[28.5265129,37.0155624]]},"properties":{"class":"tertiary"}},{"type":"Feature","geometry":{"type":"LineString","coordinates":[[28.5265129,37.0155624],[28.5266478,37.015275],[28.5265151,37.0150017]]},"properties":{"class":"tertiary"}},{"type":"Feature","geometry":{"type":"LineString","coordinates":[[28.5268279,37.0149311],[28.5267993,37.0152178],[28.5265129,37.0155624]]},"properties":{"class":"tertiary"}},{"type":"Feature","geometry":{"type":"LineString","coordinates":[[28.5265151,37.0150017],[28.5264505,37.014827],[28.526519,37.0147351]]},"properties":{"class":"trunk"}},{"type":"Feature","geometry":{"type":"LineString","coordinates":[[28.5266521,37.0146983],[28.5268279,37.0149311]]},"properties":{"class":"trunk"}},{"type":"Feature","geometry":{"type":"LineString","coordinates":[[28.523158,37.0257171],[28.5242068,37.0246433]]},"properties":{"class":"tertiary"}},{"type":"Feature","geometry":{"type":"LineString","coordinates":[[28.6013726,36.9822899],[28.5996274,36.9826178],[28.5978382,36.9832801],[28.5918034,36.9865742]]},"properties":{"class":"trunk","ref":"D400"}},{"type":"Feature","geometry":{"type":"LineString","coordinates":[[28.6009317,36.9816285],[28.6005175,36.9810162],[28.6000754,36.9801421],[28.5996058,36.9796566],[28.6000754,36.9789812]]},"properties":{"class":"tertiary"}},{"type":"Feature","geometry":{"type":"LineString","coordinates":[[28.591858,36.9864207],[28.5978102,36.9831855],[28.5996169,36.9825165],[28.6012926,36.9820791]]},"properties":{"class":"trunk","ref":"D400"}},{"type":"Feature","geometry":{"type":"LineString","coordinates":[[28.5918034,36.9865742],[28.5914816,36.9867406]]},"properties":{"class":"trunk","ref":"D400"}},{"type":"Feature","geometry":{"type":"LineString","coordinates":[[28.5930149,36.985911],[28.59286,36.9859223],[28.5917747,36.986466]]},"properties":{"class":"trunk"}},{"type":"Feature","geometry":{"type":"LineString","coordinates":[[28.5916434,36.9863048],[28.5917048,36.986504]]},"properties":{"class":"tertiary"}},{"type":"Feature","geometry":{"type":"LineString","coordinates":[[28.5917048,36.986504],[28.5917747,36.986466]]},"properties":{"class":"trunk","ref":"D400"}},{"type":"Feature","geometry":{"type":"LineString","coordinates":[[28.5917048,36.986504],[28.5918034,36.9865742]]},"properties":{"class":"tertiary"}},{"type":"Feature","geometry":{"type":"LineString","coordinates":[[28.5917747,36.986466],[28.591858,36.9864207]]},"properties":{"class":"trunk","ref":"D400"}},{"type":"Feature","geometry":{"type":"LineString","coordinates":[[28.5916434,36.9863048],[28.591858,36.9864207]]},"properties":{"class":"tertiary"}},{"type":"Feature","geometry":{"type":"LineString","coordinates":[[28.5917747,36.986466],[28.5916434,36.9863048]]},"properties":{"class":"trunk"}},{"type":"Feature","geometry":{"type":"LineString","coordinates":[[28.60147,36.9827168],[28.601163,36.9823213]]},"properties":{"class":"tertiary"}},{"type":"Feature","geometry":{"type":"LineString","coordinates":[[28.601163,36.9823213],[28.6010811,36.982119]]},"properties":{"class":"trunk"}},{"type":"Feature","geometry":{"type":"LineString","coordinates":[[28.6012926,36.9820791],[28.6013726,36.9822899]]},"properties":{"class":"trunk"}},{"type":"Feature","geometry":{"type":"LineString","coordinates":[[28.6010811,36.982119],[28.6009317,36.9816285]]},"properties":{"class":"tertiary"}},{"type":"Feature","geometry":{"type":"LineString","coordinates":[[28.6009317,36.9816285],[28.6012926,36.9820791]]},"properties":{"class":"tertiary"}},{"type":"Feature","geometry":{"type":"LineString","coordinates":[[28.6013726,36.9822899],[28.60147,36.9827168]]},"properties":{"class":"tertiary"}},{"type":"Feature","geometry":{"type":"LineString","coordinates":[[28.6011001,36.9880825],[28.6017736,36.9872045],[28.6025768,36.9854699],[28.6024554,36.9848133],[28.6024741,36.984347],[28.60147,36.9827168]]},"properties":{"class":"tertiary"}},{"type":"Feature","geometry":{"type":"LineString","coordinates":[[28.6173829,36.9872732],[28.6093148,36.9834081],[28.6077995,36.9827774],[28.6064606,36.9824058],[28.6046662,36.9821292],[28.6025915,36.9821012],[28.6013726,36.9822899]]},"properties":{"class":"trunk","ref":"D400"}},{"type":"Feature","geometry":{"type":"LineString","coordinates":[[28.6012926,36.9820791],[28.6026284,36.9819609],[28.6047052,36.9820232],[28.6065035,36.9823182],[28.6082435,36.9828182],[28.6174429,36.9871741]]},"properties":{"class":"trunk","ref":"D400"}},{"type":"Feature","geometry":{"type":"LineString","coordinates":[[28.6297664,36.9913989],[28.6187536,36.9878628],[28.6174673,36.9873191]]},"properties":{"class":"trunk","ref":"D400"}},{"type":"Feature","geometry":{"type":"LineString","coordinates":[[28.6182804,36.9875463],[28.6191717,36.9878872],[28.6311347,36.9916862],[28.6319508,36.9918463],[28.6329195,36.991924],[28.634563,36.991795]]},"properties":{"class":"trunk","ref":"D400"}},{"type":"Feature","geometry":{"type":"LineString","coordinates":[[28.6174673,36.9873191],[28.6173829,36.9872732]]},"properties":{"class":"trunk","ref":"D400"}},{"type":"Feature","geometry":{"type":"LineString","coordinates":[[28.6175279,36.9872191],[28.6182804,36.9875463]]},"properties":{"class":"trunk","ref":"D400"}},{"type":"Feature","geometry":{"type":"LineString","coordinates":[[28.6174429,36.9871741],[28.6175279,36.9872191]]},"properties":{"class":"trunk","ref":"D400"}},{"type":"Feature","geometry":{"type":"LineString","coordinates":[[28.6189261,36.9879184],[28.6182942,36.987646],[28.6182804,36.9875463]]},"properties":{"class":"trunk"}},{"type":"Feature","geometry":{"type":"LineString","coordinates":[[28.6182804,36.9875463],[28.6183858,36.9873944],[28.618492,36.9873902],[28.6191717,36.9878872]]},"properties":{"class":"trunk"}},{"type":"Feature","geometry":{"type":"LineString","coordinates":[[28.6362386,36.9492198],[28.6370183,36.9480154],[28.6374526,36.9477672],[28.6381868,36.9468003],[28.638466,36.9461075],[28.6387452,36.94588],[28.6389107,36.9455543]]},"properties":{"class":"tertiary"}},{"type":"Feature","geometry":{"type":"LineString","coordinates":[[28.6389107,36.9455543],[28.6391382,36.9453992],[28.6403377,36.9454302],[28.6408237,36.9453475],[28.641196,36.9452234],[28.6416923,36.944877]]},"properties":{"class":"tertiary"}},{"type":"Feature","geometry":{"type":"LineString","coordinates":[[28.6416923,36.944877],[28.6419663,36.9447891],[28.6422921,36.944877],[28.6435588,36.9454199],[28.6451823,36.9454147],[28.6452237,36.9457611],[28.6454305,36.9461282],[28.6464387,36.9471726],[28.6468937,36.9473381],[28.6467179,36.9477155],[28.6469557,36.9478965],[28.646935,36.9481343],[28.6470746,36.9485583],[28.6469764,36.9486565],[28.6458648,36.9490081],[28.6451306,36.9486565],[28.6447428,36.9487134],[28.6443602,36.9492821],[28.6442361,36.949825],[28.6431808,36.9520428]]},"properties":{"class":"tertiary"}},{"type":"Feature","geometry":{"type":"LineString","coordinates":[[28.6496096,36.9561603],[28.6494275,36.9560736]]},"properties":{"class":"tertiary"}},{"type":"Feature","geometry":{"type":"LineString","coordinates":[[28.6632806,36.9600894],[28.6626209,36.9598345],[28.6594061,36.9597227],[28.6586204,36.9596124],[28.6581651,36.9593694],[28.6575422,36.9588547],[28.6570219,36.9585804],[28.6552664,36.9579667],[28.6527961,36.9574831],[28.6511437,36.9567091],[28.6496096,36.9561603]]},"properties":{"class":"tertiary","name":"Cengiz Topel Caddesi"}},{"type":"Feature","geometry":{"type":"LineString","coordinates":[[28.6484305,36.9703334],[28.6495012,36.969444],[28.6495415,36.9692168],[28.6493054,36.9686103],[28.6494208,36.9684068],[28.649697,36.9681882],[28.6498687,36.967616],[28.6500967,36.9672752],[28.6509818,36.9664802],[28.6519863,36.9660623],[28.6527756,36.9653355]]},"properties":{"class":"unclassified","name":"Çetinkayalar/2 Sokağı"}},{"type":"Feature","geometry":{"type":"LineString","coordinates":[[28.6484305,36.9703334],[28.6461742,36.9697321]]},"properties":{"class":"tertiary","name":"Kazım Varlığan Caddesi"}},{"type":"Feature","geometry":{"type":"LineString","coordinates":[[28.6526505,36.9727875],[28.6520694,36.9726397],[28.6489687,36.9705247],[28.6484305,36.9703334]]},"properties":{"class":"tertiary","name":"Kazım Varlığan Caddesi"}},{"type":"Feature","geometry":{"type":"LineString","coordinates":[[28.6347909,36.9917532],[28.6374012,36.991133],[28.6388875,36.9910683],[28.6397712,36.9912244],[28.6423267,36.9919117],[28.6431914,36.9919787],[28.6453609,36.9919215],[28.6467556,36.9921048],[28.6498427,36.9931964],[28.6509668,36.9932866],[28.6522051,36.9930993]]},"properties":{"class":"trunk","ref":"D400"}},{"type":"Feature","geometry":{"type":"LineString","coordinates":[[28.6523371,36.9931908],[28.6513542,36.9933851],[28.650016,36.9933369],[28.6459878,36.9921575],[28.6447696,36.9920467],[28.6433821,36.9921011],[28.6425427,36.9920532],[28.6389813,36.9912033],[28.6374282,36.9912486],[28.6347857,36.9918718]]},"properties":{"class":"trunk","ref":"D400"}},{"type":"Feature","geometry":{"type":"LineString","coordinates":[[28.6345728,36.9919109],[28.63324,36.9920322],[28.6320254,36.9919707],[28.6310221,36.9917759],[28.6297664,36.9913989]]},"properties":{"class":"trunk","ref":"D400"}},{"type":"Feature","geometry":{"type":"LineString","coordinates":[[28.6287549,36.9909335],[28.6297172,36.9913006],[28.6297664,36.9913989]]},"properties":{"class":"trunk"}},{"type":"Feature","geometry":{"type":"LineString","coordinates":[[28.6297664,36.9913989],[28.6296252,36.991524],[28.6294375,36.9915005],[28.6287484,36.9910503]]},"properties":{"class":"trunk"}},{"type":"Feature","geometry":{"type":"LineString","coordinates":[[28.634563,36.991795],[28.6347909,36.9917532]]},"properties":{"class":"trunk","ref":"D400"}},{"type":"Feature","geometry":{"type":"LineString","coordinates":[[28.6498774,36.9860869],[28.6524836,36.9862606]]},"properties":{"class":"tertiary","name":"Kapıağaç Caddesi"}},{"type":"Feature","geometry":{"type":"LineString","coordinates":[[28.6347857,36.9918718],[28.6345728,36.9919109]]},"properties":{"class":"trunk","ref":"D400"}},{"type":"Feature","geometry":{"type":"LineString","coordinates":[[28.6325627,36.9920233],[28.6327854,36.9928641],[28.6328088,36.9932688],[28.632706,36.9937024],[28.6328905,36.9944558],[28.6344421,36.995199],[28.6347421,36.9954759],[28.6348717,36.9958405]]},"properties":{"class":"unclassified"}},{"type":"Feature","geometry":{"type":"LineString","coordinates":[[28.6468323,36.9923887],[28.6466749,36.992851],[28.6465243,36.9928736],[28.6465054,36.9928096],[28.6467361,36.9925464]]},"properties":{"class":"unclassified"}},{"type":"Feature","geometry":{"type":"LineString","coordinates":[[28.5811256,37.0735472],[28.5809949,37.0733699],[28.5801064,37.0734794],[28.5789048,37.0735072],[28.5779311,37.0733952],[28.5745167,37.072694],[28.5737683,37.072465],[28.5734197,37.0720042],[28.5728752,37.0715462],[28.57291,37.0706288],[28.572792,37.0694047],[28.5721161,37.0685222],[28.5710727,37.0668721],[28.5699408,37.0655759],[28.5694366,37.0648517],[28.5691844,37.0646783],[28.5684549,37.0634178],[28.5684227,37.063131],[28.5691013,37.06274],[28.5691147,37.0625645],[28.568884,37.0625216],[28.5678916,37.0627207],[28.5676556,37.0631423],[28.5675295,37.0632166],[28.5669609,37.0630582],[28.5664781,37.0631017],[28.565939,37.0628913],[28.5650994,37.0627186],[28.5630207,37.0626629],[28.5621544,37.0623397],[28.5614402,37.0618854],[28.5612223,37.0616557],[28.5608009,37.0603256],[28.5605083,37.0599874],[28.5592507,37.0596668],[28.5583269,37.0591555],[28.5578027,37.0587371],[28.5564129,37.056778],[28.5543658,37.0549981],[28.5526348,37.053092],[28.5512035,37.0518899]]},"properties":{"class":"unclassified"}},{"type":"Feature","geometry":{"type":"LineString","coordinates":[[28.5425153,37.0595523],[28.5426789,37.0597514],[28.5444599,37.0609736],[28.5453289,37.0610271],[28.5455208,37.0611374]]},"properties":{"class":"unclassified"}},{"type":"Feature","geometry":{"type":"LineString","coordinates":[[28.5431108,37.0723681],[28.5417613,37.0715441],[28.5413164,37.0715549],[28.540439,37.0720535],[28.5390389,37.0726655],[28.5386502,37.0727919],[28.5381996,37.0727919],[28.5380923,37.0726892],[28.5379556,37.0722997],[28.5380172,37.0721349],[28.5383874,37.071861],[28.5385293,37.0716169],[28.5385403,37.0710285],[28.5381701,37.0705534],[28.5381514,37.0701467],[28.5380575,37.0699841],[28.5375988,37.0698171],[28.5372287,37.0698171],[28.5371133,37.0696887],[28.5378748,37.069038],[28.5387573,37.0686999],[28.539511,37.0681884],[28.5401037,37.0679808],[28.5414692,37.0672468],[28.5414502,37.067022],[28.5412734,37.0668979],[28.5403374,37.0669728],[28.5395166,37.0668958],[28.5393983,37.066793],[28.5394227,37.0666839],[28.5404366,37.066502],[28.5408094,37.0660397],[28.541418,37.0658427],[28.541826,37.0649525],[28.5420325,37.0646828],[28.5431725,37.0637004],[28.5437572,37.0634307],[28.5439017,37.0632893],[28.5441917,37.0632338],[28.5446879,37.0632916],[28.5449964,37.0632188],[28.5454172,37.0629297],[28.5457152,37.0621037],[28.5457474,37.061742],[28.5456777,37.061361],[28.5455208,37.0611374],[28.5456452,37.0609842],[28.5459349,37.0609414],[28.5462648,37.0607701],[28.5464043,37.0605152],[28.5464747,37.0599974]]},"properties":{"class":"tertiary"}},{"type":"Feature","geometry":{"type":"LineString","coordinates":[[28.5431108,37.0723681],[28.5430864,37.0724494],[28.5427862,37.0725886],[28.5420778,37.0725071],[28.5417077,37.072597],[28.5415065,37.0727575],[28.5409942,37.0736906],[28.5407367,37.073911],[28.5404122,37.0740351],[28.5394683,37.0741465],[28.5393557,37.0743113],[28.5394254,37.0746879],[28.5393128,37.0750582],[28.5391971,37.0752378],[28.5390258,37.0753192],[28.5388887,37.0753127],[28.5385966,37.0751181],[28.5381725,37.075118],[28.5378131,37.0746857],[28.5375074,37.0746001],[28.5372257,37.0742363],[28.5362228,37.0743455],[28.5358015,37.074063],[28.5355925,37.0740224],[28.5352546,37.0740716],[28.5347635,37.0742834],[28.5337312,37.0739475],[28.5333369,37.0740952],[28.533184,37.0742171],[28.5331143,37.074414],[28.5331894,37.0746344],[28.5333687,37.074782],[28.5336239,37.0749169],[28.534163,37.0749768],[28.5342757,37.0750432],[28.5342596,37.0751459],[28.5343991,37.0753449],[28.5348899,37.0753556],[28.5355708,37.0759718],[28.5362819,37.076218],[28.5366061,37.0771681],[28.5363567,37.0775896],[28.5364267,37.0777352],[28.5368609,37.0777073],[28.5373655,37.077915],[28.5379716,37.0779706],[28.5387709,37.078512],[28.5393154,37.0785805],[28.5394549,37.0788501],[28.5405812,37.0797445],[28.5409087,37.0798709],[28.5409918,37.0800292]]},"properties":{"class":"tertiary"}},{"type":"Feature","geometry":{"type":"LineString","coordinates":[[28.5409918,37.0800292],[28.5407797,37.0801468],[28.5402459,37.0798408],[28.5388514,37.0796547],[28.5380387,37.0797746],[28.5369763,37.0798151],[28.5354128,37.080194],[28.5349271,37.08041],[28.5341278,37.0809278],[28.533653,37.0814927],[28.533066,37.0814779],[28.5325671,37.0816448],[28.5315613,37.0815399],[28.531349,37.0816275],[28.5313275,37.0816875],[28.5318698,37.081786],[28.532205,37.0819379],[28.5323686,37.0821326],[28.5330012,37.0818693],[28.5336856,37.082077],[28.5335837,37.0821947],[28.5328836,37.0821583],[28.5326878,37.0823274],[28.532548,37.0826568],[28.5319207,37.083194],[28.5319073,37.0832731],[28.5320012,37.0833181],[28.5321295,37.083303],[28.5329614,37.0827403],[28.5336856,37.0827082],[28.5343991,37.0825734],[28.5350024,37.0822375],[28.5351524,37.0822738],[28.534501,37.0827682],[28.5339887,37.0829714],[28.5335032,37.0832817],[28.5332189,37.0835406],[28.5331706,37.0838316],[28.5334331,37.0845569],[28.5333741,37.0846339],[28.5326717,37.0847667],[28.5320897,37.0853572],[28.5319958,37.0856803],[28.5319663,37.0868058],[28.5325671,37.0882821]]},"properties":{"class":"tertiary"}},{"type":"Feature","geometry":{"type":"LineString","coordinates":[[28.5524832,37.0629213],[28.5522518,37.0631139],[28.5519701,37.0638266]]},"properties":{"class":"secondary"}},{"type":"Feature","geometry":{"type":"LineString","coordinates":[[28.5671068,37.0676348],[28.5675055,37.0685244],[28.5674572,37.0691836],[28.5671782,37.070014],[28.5673177,37.0709941],[28.568058,37.072321],[28.568176,37.0724879],[28.5684692,37.0726434]]},"properties":{"class":"unclassified"}},{"type":"Feature","geometry":{"type":"LineString","coordinates":[[28.5699703,37.0757792],[28.5697182,37.0757813]]},"properties":{"class":"unclassified"}},{"type":"Feature","geometry":{"type":"LineString","coordinates":[[28.5697182,37.0757813],[28.5683717,37.075715],[28.5676235,37.07557]]},"properties":{"class":"unclassified"}},{"type":"Feature","geometry":{"type":"LineString","coordinates":[[28.5812517,37.0758763],[28.5771989,37.075399],[28.5765283,37.0750216],[28.5764049,37.074645],[28.576134,37.0743098],[28.5757103,37.0741635],[28.5732346,37.0749103],[28.5716118,37.0748769],[28.5707187,37.0750395],[28.5703083,37.0752385],[28.5701205,37.0757642],[28.5699703,37.0757792]]},"properties":{"class":"unclassified"}},{"type":"Feature","geometry":{"type":"LineString","coordinates":[[28.5811256,37.0735472],[28.5811202,37.073839]]},"properties":{"class":"unclassified"}},{"type":"Feature","geometry":{"type":"LineString","coordinates":[[28.5325671,37.0882821],[28.5337657,37.0893561],[28.5357749,37.0907555],[28.5366946,37.0910122],[28.5372582,37.0915429],[28.5378078,37.0924478],[28.5388756,37.0932352],[28.5391652,37.0935839],[28.5397687,37.0940204],[28.5401174,37.0941295],[28.5411715,37.0941744],[28.5423836,37.0940652],[28.5432071,37.0938449],[28.5438457,37.0932395],[28.5445991,37.0928628],[28.546313,37.0923451],[28.54759,37.0922361],[28.5477537,37.0924243],[28.5477698,37.0927046],[28.547866,37.0928543],[28.5482874,37.0930641],[28.5482955,37.093308],[28.5479575,37.0940118],[28.5480192,37.0943114],[28.5476598,37.0946601],[28.547582,37.0950858],[28.5479495,37.0955351],[28.5484403,37.095687],[28.5490948,37.0965214],[28.5498377,37.0972103],[28.5502535,37.0974691],[28.5503474,37.0976873],[28.5507604,37.0981238],[28.5508248,37.0995507],[28.5516052,37.1011706],[28.5525068,37.1017963],[28.5527601,37.1021747],[28.5526857,37.1026909],[28.5522851,37.1028883]]},"properties":{"class":"tertiary"}},{"type":"Feature","geometry":{"type":"LineString","coordinates":[[28.5961528,37.1071203],[28.5971868,37.106503],[28.5976857,37.1064388],[28.5987414,37.1050143],[28.5997392,37.1044924],[28.6010481,37.104056],[28.6018635,37.1033458],[28.6037142,37.1024901],[28.6044931,37.1019936],[28.6046637,37.1018398],[28.6048837,37.1010183],[28.6052763,37.1005731],[28.6054308,37.1002396],[28.6057581,37.0988362],[28.6059244,37.0984811],[28.6067558,37.0983271],[28.6072011,37.0984212],[28.6079467,37.0978179],[28.6082525,37.0972061],[28.6083813,37.097129],[28.6087192,37.0971248],[28.6092825,37.0965557],[28.6112995,37.0959695],[28.6120934,37.0960251],[28.6122501,37.0959693],[28.6125601,37.0954817],[28.6127586,37.0953747],[28.6135097,37.095272],[28.6146469,37.0946645],[28.6153389,37.0945532],[28.6158324,37.0943007],[28.6166908,37.0940141],[28.6175705,37.0935691],[28.6177154,37.0932353],[28.6178709,37.0930898],[28.6191316,37.0924779],[28.6196305,37.0923881],[28.6205531,37.0928245],[28.6207463,37.0928502],[28.6209179,37.0927689]]},"properties":{"class":"tertiary"}},{"type":"Feature","geometry":{"type":"LineString","coordinates":[[28.6209179,37.0927689],[28.6210048,37.0926317],[28.6208106,37.0920928],[28.6208374,37.0919302],[28.620993,37.0916692],[28.6210155,37.0913823],[28.6213363,37.0910059],[28.6212623,37.0904366],[28.6213953,37.0902271],[28.6217076,37.0900643],[28.6223341,37.0901843],[28.6230369,37.0905053],[28.6244595,37.0905564],[28.6247642,37.0908519],[28.6247921,37.0914165],[28.6249466,37.0918489],[28.6249251,37.0925207],[28.6250271,37.0929657],[28.6251558,37.0930727],[28.6253875,37.0931067],[28.6259015,37.0929786],[28.6265023,37.0930171],[28.6276932,37.0934792],[28.6286641,37.0943735],[28.6301822,37.0963439],[28.6314536,37.0970499],[28.6317165,37.0973152],[28.6318211,37.0978907],[28.6317739,37.0980509],[28.6313383,37.0984083],[28.6312042,37.0987207],[28.6312525,37.0992213],[28.6314242,37.0994609],[28.6321242,37.0998246],[28.6332936,37.1006461],[28.633653,37.101014],[28.63433,37.102015],[28.6358685,37.1027768],[28.6362559,37.1028792],[28.6365176,37.1028923],[28.636802,37.102627],[28.637082,37.1025198],[28.637789,37.1031319],[28.6382718,37.1033971],[28.6387385,37.1039833],[28.6391569,37.1040924],[28.639342,37.1042528]]},"properties":{"class":"tertiary"}},{"type":"Feature","geometry":{"type":"LineString","coordinates":[[28.5961528,37.1071203],[28.5945151,37.1079451],[28.5942873,37.1079518],[28.593436,37.1074824],[28.5931305,37.1074407],[28.5926861,37.1072341],[28.592259,37.1072031],[28.5915161,37.1075708],[28.5911679,37.1079349],[28.5909271,37.1080551],[28.5905277,37.1080855],[28.5903895,37.10802],[28.5901707,37.1075879],[28.5892375,37.1070991],[28.5888194,37.1067085],[28.5882923,37.1060403],[28.5876422,37.1055896],[28.5856828,37.1051478],[28.5833321,37.1049151],[28.5827254,37.1046466],[28.5822906,37.1037037],[28.5819918,37.103408],[28.5816032,37.1031505],[28.580187,37.1025355],[28.5789097,37.1010399],[28.5777722,37.0995414],[28.5774927,37.0990534],[28.577298,37.0984118],[28.5772757,37.0978855],[28.5773696,37.0971061]]},"properties":{"class":"tertiary"}}]}