{"type":"FeatureCollection","features":[{"type":"Feature","geometry":{"type":"Point","coordinates":[28.26318,37.04263]},"properties":{"depth":0.5,"label":"0.5"}},{"type":"Feature","geometry":{"type":"Point","coordinates":[28.26735,37.04367]},"properties":{"depth":0.4,"label":"0.4"}},{"type":"Feature","geometry":{"type":"Point","coordinates":[28.2809,37.0468]},"properties":{"depth":0.8,"label":"0.8"}},{"type":"Feature","geometry":{"type":"Point","coordinates":[28.28924,37.04576]},"properties":{"depth":1.5,"label":"1.5"}},{"type":"Feature","geometry":{"type":"Point","coordinates":[28.2955,37.0468]},"properties":{"depth":0.8,"label":"0.8"}},{"type":"Feature","geometry":{"type":"Point","coordinates":[28.30175,37.04784]},"properties":{"depth":0.3,"label":"0.3"}},{"type":"Feature","geometry":{"type":"Point","coordinates":[28.31635,37.04784]},"properties":{"depth":0.3,"label":"0.3"}},{"type":"Feature","geometry":{"type":"Point","coordinates":[28.20583,37.03846]},"properties":{"depth":0.5,"label":"0.5"}},{"type":"Feature","geometry":{"type":"Point","coordinates":[28.23711,37.03846]},"properties":{"depth":0.2,"label":"0.2"}},{"type":"Feature","geometry":{"type":"Point","coordinates":[28.24962,37.0395]},"properties":{"depth":0.2,"label":"0.2"}},{"type":"Feature","geometry":{"type":"Point","coordinates":[28.26109,37.04159]},"properties":{"depth":0.8,"label":"0.8"}},{"type":"Feature","geometry":{"type":"Point","coordinates":[28.26735,37.04159]},"properties":{"depth":9.5,"label":"9.5"}},{"type":"Feature","geometry":{"type":"Point","coordinates":[28.28299,37.04159]},"properties":{"depth":27.1,"label":"27"}},{"type":"Feature","geometry":{"type":"Point","coordinates":[28.28716,37.04159]},"properties":{"depth":25.6,"label":"26"}},{"type":"Feature","geometry":{"type":"Point","coordinates":[28.2955,37.04159]},"properties":{"depth":31.4,"label":"31"}},{"type":"Feature","geometry":{"type":"Point","coordinates":[28.30801,37.04159]},"properties":{"depth":41.6,"label":"42"}},{"type":"Feature","geometry":{"type":"Point","coordinates":[28.31635,37.04159]},"properties":{"depth":26.7,"label":"27"}},{"type":"Feature","geometry":{"type":"Point","coordinates":[28.32469,37.03428]},"properties":{"depth":7.3,"label":"7.3"}},{"type":"Feature","geometry":{"type":"Point","coordinates":[28.32782,37.04159]},"properties":{"depth":0.3,"label":"0.3"}},{"type":"Feature","geometry":{"type":"Point","coordinates":[27.99626,37.02594]},"properties":{"depth":0.7,"label":"0.7"}},{"type":"Feature","geometry":{"type":"Point","coordinates":[28.12763,37.03115]},"properties":{"depth":0.4,"label":"0.4"}},{"type":"Feature","geometry":{"type":"Point","coordinates":[28.14118,37.02907]},"properties":{"depth":0.6,"label":"0.6"}},{"type":"Feature","geometry":{"type":"Point","coordinates":[28.14223,37.02907]},"properties":{"depth":0.4,"label":"0.4"}},{"type":"Feature","geometry":{"type":"Point","coordinates":[28.15787,37.02803]},"properties":{"depth":0.3,"label":"0.3"}},{"type":"Feature","geometry":{"type":"Point","coordinates":[28.16621,37.02803]},"properties":{"depth":0.4,"label":"0.4"}},{"type":"Feature","geometry":{"type":"Point","coordinates":[28.16725,37.02803]},"properties":{"depth":0.5,"label":"0.5"}},{"type":"Feature","geometry":{"type":"Point","coordinates":[28.18393,37.0322]},"properties":{"depth":0.4,"label":"0.4"}},{"type":"Feature","geometry":{"type":"Point","coordinates":[28.19227,37.03324]},"properties":{"depth":10.1,"label":"10"}},{"type":"Feature","geometry":{"type":"Point","coordinates":[28.20062,37.03324]},"properties":{"depth":22.6,"label":"23"}},{"type":"Feature","geometry":{"type":"Point","coordinates":[28.21626,37.03324]},"properties":{"depth":20.4,"label":"20"}},{"type":"Feature","geometry":{"type":"Point","coordinates":[28.2246,37.03324]},"properties":{"depth":16.1,"label":"16"}},{"type":"Feature","geometry":{"type":"Point","coordinates":[28.22668,37.03324]},"properties":{"depth":15.0,"label":"15"}},{"type":"Feature","geometry":{"type":"Point","coordinates":[28.23502,37.03324]},"properties":{"depth":16.9,"label":"17"}},{"type":"Feature","geometry":{"type":"Point","coordinates":[28.24441,37.03324]},"properties":{"depth":14.2,"label":"14"}},{"type":"Feature","geometry":{"type":"Point","coordinates":[28.25066,37.03324]},"properties":{"depth":31.6,"label":"32"}},{"type":"Feature","geometry":{"type":"Point","coordinates":[28.259,37.03324]},"properties":{"depth":44.6,"label":"45"}},{"type":"Feature","geometry":{"type":"Point","coordinates":[28.27464,37.02594]},"properties":{"depth":38.8,"label":"39"}},{"type":"Feature","geometry":{"type":"Point","coordinates":[28.28299,37.02594]},"properties":{"depth":28.2,"label":"28"}},{"type":"Feature","geometry":{"type":"Point","coordinates":[28.29133,37.02594]},"properties":{"depth":23.2,"label":"23"}},{"type":"Feature","geometry":{"type":"Point","coordinates":[28.29967,37.02594]},"properties":{"depth":12.3,"label":"12"}},{"type":"Feature","geometry":{"type":"Point","coordinates":[28.30801,37.02594]},"properties":{"depth":4.7,"label":"4.7"}},{"type":"Feature","geometry":{"type":"Point","coordinates":[28.30905,37.02594]},"properties":{"depth":0.2,"label":"0.2"}},{"type":"Feature","geometry":{"type":"Point","coordinates":[28.31948,37.02594]},"properties":{"depth":0.9,"label":"0.9"}},{"type":"Feature","geometry":{"type":"Point","coordinates":[27.84403,37.01759]},"properties":{"depth":0.3,"label":"0.3"}},{"type":"Feature","geometry":{"type":"Point","coordinates":[27.8555,37.01864]},"properties":{"depth":0.8,"label":"0.8"}},{"type":"Feature","geometry":{"type":"Point","coordinates":[27.86384,37.01968]},"properties":{"depth":0.2,"label":"0.2"}},{"type":"Feature","geometry":{"type":"Point","coordinates":[27.87009,37.02177]},"properties":{"depth":0.3,"label":"0.3"}},{"type":"Feature","geometry":{"type":"Point","coordinates":[27.88365,37.0249]},"properties":{"depth":0.7,"label":"0.7"}},{"type":"Feature","geometry":{"type":"Point","coordinates":[27.8972,37.0249]},"properties":{"depth":0.4,"label":"0.4"}},{"type":"Feature","geometry":{"type":"Point","coordinates":[27.91701,37.0249]},"properties":{"depth":1.0,"label":"1.0"}},{"type":"Feature","geometry":{"type":"Point","coordinates":[27.93265,37.0249]},"properties":{"depth":1.8,"label":"1.8"}},{"type":"Feature","geometry":{"type":"Point","coordinates":[27.9754,37.0249]},"properties":{"depth":0.6,"label":"0.6"}},{"type":"Feature","geometry":{"type":"Point","coordinates":[27.99,37.0249]},"properties":{"depth":3.1,"label":"3.1"}},{"type":"Feature","geometry":{"type":"Point","coordinates":[27.99834,37.0249]},"properties":{"depth":0.9,"label":"0.9"}},{"type":"Feature","geometry":{"type":"Point","coordinates":[28.00877,37.02177]},"properties":{"depth":3.0,"label":"3.0"}},{"type":"Feature","geometry":{"type":"Point","coordinates":[28.01919,37.02177]},"properties":{"depth":0.5,"label":"0.5"}},{"type":"Feature","geometry":{"type":"Point","coordinates":[28.02962,37.02072]},"properties":{"depth":0.8,"label":"0.8"}},{"type":"Feature","geometry":{"type":"Point","coordinates":[28.04109,37.02177]},"properties":{"depth":0.8,"label":"0.8"}},{"type":"Feature","geometry":{"type":"Point","coordinates":[28.04943,37.02177]},"properties":{"depth":0.7,"label":"0.7"}},{"type":"Feature","geometry":{"type":"Point","coordinates":[28.05047,37.02177]},"properties":{"depth":0.5,"label":"0.5"}},{"type":"Feature","geometry":{"type":"Point","coordinates":[28.06403,37.02385]},"properties":{"depth":0.4,"label":"0.4"}},{"type":"Feature","geometry":{"type":"Point","coordinates":[28.06716,37.02281]},"properties":{"depth":0.3,"label":"0.3"}},{"type":"Feature","geometry":{"type":"Point","coordinates":[28.09844,37.01864]},"properties":{"depth":0.3,"label":"0.3"}},{"type":"Feature","geometry":{"type":"Point","coordinates":[28.1318,37.0249]},"properties":{"depth":12.4,"label":"12"}},{"type":"Feature","geometry":{"type":"Point","coordinates":[28.13806,37.0249]},"properties":{"depth":11.6,"label":"12"}},{"type":"Feature","geometry":{"type":"Point","coordinates":[28.14223,37.0249]},"properties":{"depth":13.6,"label":"14"}},{"type":"Feature","geometry":{"type":"Point","coordinates":[28.15787,37.0249]},"properties":{"depth":9.3,"label":"9.3"}},{"type":"Feature","geometry":{"type":"Point","coordinates":[28.16204,37.0249]},"properties":{"depth":8.6,"label":"8.6"}},{"type":"Feature","geometry":{"type":"Point","coordinates":[28.16725,37.0249]},"properties":{"depth":9.2,"label":"9.2"}},{"type":"Feature","geometry":{"type":"Point","coordinates":[28.17559,37.0249]},"properties":{"depth":16.3,"label":"16"}},{"type":"Feature","geometry":{"type":"Point","coordinates":[28.18393,37.0249]},"properties":{"depth":21.2,"label":"21"}},{"type":"Feature","geometry":{"type":"Point","coordinates":[28.19227,37.0249]},"properties":{"depth":42.1,"label":"42"}},{"type":"Feature","geometry":{"type":"Point","coordinates":[28.20791,37.0249]},"properties":{"depth":60.1,"label":"60"}},{"type":"Feature","geometry":{"type":"Point","coordinates":[28.21626,37.0249]},"properties":{"depth":46.4,"label":"46"}},{"type":"Feature","geometry":{"type":"Point","coordinates":[28.21834,37.0249]},"properties":{"depth":44.9,"label":"45"}},{"type":"Feature","geometry":{"type":"Point","coordinates":[28.22564,37.0249]},"properties":{"depth":46.1,"label":"46"}},{"type":"Feature","geometry":{"type":"Point","coordinates":[28.23398,37.0249]},"properties":{"depth":49.6,"label":"50"}},{"type":"Feature","geometry":{"type":"Point","coordinates":[28.24754,37.01759]},"properties":{"depth":50.4,"label":"50"}},{"type":"Feature","geometry":{"type":"Point","coordinates":[28.25796,37.01759]},"properties":{"depth":36.0,"label":"36"}},{"type":"Feature","geometry":{"type":"Point","coordinates":[28.2663,37.01759]},"properties":{"depth":6.0,"label":"6.0"}},{"type":"Feature","geometry":{"type":"Point","coordinates":[28.27882,37.02072]},"properties":{"depth":0.4,"label":"0.4"}},{"type":"Feature","geometry":{"type":"Point","coordinates":[28.28507,37.02072]},"properties":{"depth":0.2,"label":"0.2"}},{"type":"Feature","geometry":{"type":"Point","coordinates":[28.29237,37.02281]},"properties":{"depth":0.9,"label":"0.9"}},{"type":"Feature","geometry":{"type":"Point","coordinates":[28.30697,37.02385]},"properties":{"depth":1.0,"label":"1.0"}},{"type":"Feature","geometry":{"type":"Point","coordinates":[28.31844,37.0249]},"properties":{"depth":0.6,"label":"0.6"}},{"type":"Feature","geometry":{"type":"Point","coordinates":[27.82839,37.01134]},"properties":{"depth":0.6,"label":"0.6"}},{"type":"Feature","geometry":{"type":"Point","coordinates":[27.84194,37.01655]},"properties":{"depth":0.3,"label":"0.3"}},{"type":"Feature","geometry":{"type":"Point","coordinates":[27.85028,37.01655]},"properties":{"depth":5.4,"label":"5.4"}},{"type":"Feature","geometry":{"type":"Point","coordinates":[27.86175,37.01655]},"properties":{"depth":20.0,"label":"20"}},{"type":"Feature","geometry":{"type":"Point","coordinates":[27.86697,37.01655]},"properties":{"depth":32.0,"label":"32"}},{"type":"Feature","geometry":{"type":"Point","coordinates":[27.87531,37.01655]},"properties":{"depth":52.3,"label":"52"}},{"type":"Feature","geometry":{"type":"Point","coordinates":[27.88365,37.01655]},"properties":{"depth":58.2,"label":"58"}},{"type":"Feature","geometry":{"type":"Point","coordinates":[27.89929,37.01655]},"properties":{"depth":43.5,"label":"43"}},{"type":"Feature","geometry":{"type":"Point","coordinates":[27.90763,37.01655]},"properties":{"depth":24.5,"label":"25"}},{"type":"Feature","geometry":{"type":"Point","coordinates":[27.91493,37.01655]},"properties":{"depth":20.6,"label":"21"}},{"type":"Feature","geometry":{"type":"Point","coordinates":[27.91701,37.01655]},"properties":{"depth":21.3,"label":"21"}},{"type":"Feature","geometry":{"type":"Point","coordinates":[27.93265,37.01655]},"properties":{"depth":18.2,"label":"18"}},{"type":"Feature","geometry":{"type":"Point","coordinates":[27.941,37.01655]},"properties":{"depth":2.2,"label":"2.2"}},{"type":"Feature","geometry":{"type":"Point","coordinates":[27.95872,37.01655]},"properties":{"depth":0.9,"label":"0.9"}},{"type":"Feature","geometry":{"type":"Point","coordinates":[27.96706,37.01655]},"properties":{"depth":7.5,"label":"7.5"}},{"type":"Feature","geometry":{"type":"Point","coordinates":[27.9754,37.01655]},"properties":{"depth":22.2,"label":"22"}},{"type":"Feature","geometry":{"type":"Point","coordinates":[27.98374,37.01655]},"properties":{"depth":35.1,"label":"35"}},{"type":"Feature","geometry":{"type":"Point","coordinates":[27.99938,37.01655]},"properties":{"depth":30.0,"label":"30"}},{"type":"Feature","geometry":{"type":"Point","coordinates":[28.00251,37.01655]},"properties":{"depth":29.0,"label":"29"}},{"type":"Feature","geometry":{"type":"Point","coordinates":[28.00877,37.01655]},"properties":{"depth":30.5,"label":"30"}},{"type":"Feature","geometry":{"type":"Point","coordinates":[28.02336,37.01655]},"properties":{"depth":27.4,"label":"27"}},{"type":"Feature","geometry":{"type":"Point","coordinates":[28.02962,37.01655]},"properties":{"depth":27.5,"label":"27"}},{"type":"Feature","geometry":{"type":"Point","coordinates":[28.04109,37.01655]},"properties":{"depth":31.3,"label":"31"}},{"type":"Feature","geometry":{"type":"Point","coordinates":[28.04839,37.01655]},"properties":{"depth":23.7,"label":"24"}},{"type":"Feature","geometry":{"type":"Point","coordinates":[28.05047,37.01655]},"properties":{"depth":24.8,"label":"25"}},{"type":"Feature","geometry":{"type":"Point","coordinates":[28.06611,37.01655]},"properties":{"depth":24.0,"label":"24"}},{"type":"Feature","geometry":{"type":"Point","coordinates":[28.07445,37.01655]},"properties":{"depth":14.8,"label":"15"}},{"type":"Feature","geometry":{"type":"Point","coordinates":[28.07967,37.01655]},"properties":{"depth":12.4,"label":"12"}},{"type":"Feature","geometry":{"type":"Point","coordinates":[28.09114,37.01655]},"properties":{"depth":8.7,"label":"8.7"}},{"type":"Feature","geometry":{"type":"Point","coordinates":[28.09635,37.01551]},"properties":{"depth":0.3,"label":"0.3"}},{"type":"Feature","geometry":{"type":"Point","coordinates":[28.1172,37.01655]},"properties":{"depth":0.3,"label":"0.3"}},{"type":"Feature","geometry":{"type":"Point","coordinates":[28.12555,37.01655]},"properties":{"depth":19.3,"label":"19"}},{"type":"Feature","geometry":{"type":"Point","coordinates":[28.13389,37.01655]},"properties":{"depth":39.0,"label":"39"}},{"type":"Feature","geometry":{"type":"Point","coordinates":[28.14953,37.01655]},"properties":{"depth":43.5,"label":"44"}},{"type":"Feature","geometry":{"type":"Point","coordinates":[28.15787,37.01655]},"properties":{"depth":36.7,"label":"37"}},{"type":"Feature","geometry":{"type":"Point","coordinates":[28.15995,37.01655]},"properties":{"depth":36.1,"label":"36"}},{"type":"Feature","geometry":{"type":"Point","coordinates":[28.16725,37.01655]},"properties":{"depth":37.4,"label":"37"}},{"type":"Feature","geometry":{"type":"Point","coordinates":[28.17559,37.01655]},"properties":{"depth":41.2,"label":"41"}},{"type":"Feature","geometry":{"type":"Point","coordinates":[28.18393,37.01655]},"properties":{"depth":46.6,"label":"47"}},{"type":"Feature","geometry":{"type":"Point","coordinates":[28.19957,37.00925]},"properties":{"depth":44.1,"label":"44"}},{"type":"Feature","geometry":{"type":"Point","coordinates":[28.20791,37.00925]},"properties":{"depth":40.1,"label":"40"}},{"type":"Feature","geometry":{"type":"Point","coordinates":[28.21626,37.00925]},"properties":{"depth":31.1,"label":"31"}},{"type":"Feature","geometry":{"type":"Point","coordinates":[28.2246,37.00925]},"properties":{"depth":26.0,"label":"26"}},{"type":"Feature","geometry":{"type":"Point","coordinates":[28.23294,37.00925]},"properties":{"depth":22.9,"label":"23"}},{"type":"Feature","geometry":{"type":"Point","coordinates":[28.24128,37.00925]},"properties":{"depth":20.4,"label":"20"}},{"type":"Feature","geometry":{"type":"Point","coordinates":[28.24962,37.00925]},"properties":{"depth":12.8,"label":"13"}},{"type":"Feature","geometry":{"type":"Point","coordinates":[28.25483,37.00925]},"properties":{"depth":0.2,"label":"0.2"}},{"type":"Feature","geometry":{"type":"Point","coordinates":[27.71995,37.0009]},"properties":{"depth":0.6,"label":"0.6"}},{"type":"Feature","geometry":{"type":"Point","coordinates":[27.72621,37.0009]},"properties":{"depth":0.4,"label":"0.4"}},{"type":"Feature","geometry":{"type":"Point","coordinates":[27.81692,37.00716]},"properties":{"depth":0.5,"label":"0.5"}},{"type":"Feature","geometry":{"type":"Point","coordinates":[27.83256,37.00821]},"properties":{"depth":18.7,"label":"19"}},{"type":"Feature","geometry":{"type":"Point","coordinates":[27.8336,37.00821]},"properties":{"depth":19.1,"label":"19"}},{"type":"Feature","geometry":{"type":"Point","coordinates":[27.84194,37.00821]},"properties":{"depth":58.3,"label":"58"}},{"type":"Feature","geometry":{"type":"Point","coordinates":[27.85028,37.00821]},"properties":{"depth":98.3,"label":"98"}},{"type":"Feature","geometry":{"type":"Point","coordinates":[27.89095,37.00821]},"properties":{"depth":118.3,"label":"118"}},{"type":"Feature","geometry":{"type":"Point","coordinates":[27.89929,37.00821]},"properties":{"depth":90.9,"label":"91"}},{"type":"Feature","geometry":{"type":"Point","coordinates":[27.90763,37.00821]},"properties":{"depth":64.5,"label":"65"}},{"type":"Feature","geometry":{"type":"Point","coordinates":[27.91597,37.00821]},"properties":{"depth":49.5,"label":"49"}},{"type":"Feature","geometry":{"type":"Point","coordinates":[27.92431,37.00821]},"properties":{"depth":45.3,"label":"45"}},{"type":"Feature","geometry":{"type":"Point","coordinates":[27.93265,37.00821]},"properties":{"depth":35.6,"label":"36"}},{"type":"Feature","geometry":{"type":"Point","coordinates":[27.941,37.00821]},"properties":{"depth":30.7,"label":"31"}},{"type":"Feature","geometry":{"type":"Point","coordinates":[27.94934,37.00821]},"properties":{"depth":29.8,"label":"30"}},{"type":"Feature","geometry":{"type":"Point","coordinates":[27.95038,37.00821]},"properties":{"depth":29.9,"label":"30"}},{"type":"Feature","geometry":{"type":"Point","coordinates":[27.95872,37.00821]},"properties":{"depth":34.3,"label":"34"}},{"type":"Feature","geometry":{"type":"Point","coordinates":[27.96706,37.00821]},"properties":{"depth":41.7,"label":"42"}},{"type":"Feature","geometry":{"type":"Point","coordinates":[27.9754,37.00821]},"properties":{"depth":51.0,"label":"51"}},{"type":"Feature","geometry":{"type":"Point","coordinates":[27.98374,37.00821]},"properties":{"depth":66.0,"label":"66"}},{"type":"Feature","geometry":{"type":"Point","coordinates":[27.99834,37.00821]},"properties":{"depth":64.6,"label":"65"}},{"type":"Feature","geometry":{"type":"Point","coordinates":[28.00043,37.00821]},"properties":{"depth":65.8,"label":"66"}},{"type":"Feature","geometry":{"type":"Point","coordinates":[28.00877,37.00821]},"properties":{"depth":72.9,"label":"73"}},{"type":"Feature","geometry":{"type":"Point","coordinates":[28.01711,37.00821]},"properties":{"depth":81.5,"label":"82"}},{"type":"Feature","geometry":{"type":"Point","coordinates":[28.02545,37.00821]},"properties":{"depth":86.9,"label":"87"}},{"type":"Feature","geometry":{"type":"Point","coordinates":[28.04109,37.00821]},"properties":{"depth":79.3,"label":"79"}},{"type":"Feature","geometry":{"type":"Point","coordinates":[28.04839,37.00821]},"properties":{"depth":64.1,"label":"64"}},{"type":"Feature","geometry":{"type":"Point","coordinates":[28.05047,37.00821]},"properties":{"depth":64.7,"label":"65"}},{"type":"Feature","geometry":{"type":"Point","coordinates":[28.06611,37.00821]},"properties":{"depth":56.7,"label":"57"}},{"type":"Feature","geometry":{"type":"Point","coordinates":[28.07445,37.00821]},"properties":{"depth":43.3,"label":"43"}},{"type":"Feature","geometry":{"type":"Point","coordinates":[28.0828,37.00821]},"properties":{"depth":37.7,"label":"38"}},{"type":"Feature","geometry":{"type":"Point","coordinates":[28.09114,37.00821]},"properties":{"depth":23.3,"label":"23"}},{"type":"Feature","geometry":{"type":"Point","coordinates":[28.09948,37.00821]},"properties":{"depth":12.9,"label":"13"}},{"type":"Feature","geometry":{"type":"Point","coordinates":[28.10052,37.00821]},"properties":{"depth":12.6,"label":"13"}},{"type":"Feature","geometry":{"type":"Point","coordinates":[28.10886,37.00821]},"properties":{"depth":15.6,"label":"16"}},{"type":"Feature","geometry":{"type":"Point","coordinates":[28.1172,37.00821]},"properties":{"depth":20.7,"label":"21"}},{"type":"Feature","geometry":{"type":"Point","coordinates":[28.12555,37.00821]},"properties":{"depth":36.1,"label":"36"}},{"type":"Feature","geometry":{"type":"Point","coordinates":[28.13389,37.00821]},"properties":{"depth":56.1,"label":"56"}},{"type":"Feature","geometry":{"type":"Point","coordinates":[28.14953,37.00821]},"properties":{"depth":71.8,"label":"72"}},{"type":"Feature","geometry":{"type":"Point","coordinates":[28.15787,37.00821]},"properties":{"depth":63.3,"label":"63"}},{"type":"Feature","geometry":{"type":"Point","coordinates":[28.15995,37.00821]},"properties":{"depth":62.5,"label":"62"}},{"type":"Feature","geometry":{"type":"Point","coordinates":[28.17455,37.0009]},"properties":{"depth":62.2,"label":"62"}},{"type":"Feature","geometry":{"type":"Point","coordinates":[28.18289,37.0009]},"properties":{"depth":51.1,"label":"51"}},{"type":"Feature","geometry":{"type":"Point","coordinates":[28.19123,37.0009]},"properties":{"depth":32.9,"label":"33"}},{"type":"Feature","geometry":{"type":"Point","coordinates":[28.19957,37.0009]},"properties":{"depth":16.2,"label":"16"}},{"type":"Feature","geometry":{"type":"Point","coordinates":[28.20791,37.0009]},"properties":{"depth":2.9,"label":"2.9"}},{"type":"Feature","geometry":{"type":"Point","coordinates":[28.21626,37.0009]},"properties":{"depth":2.8,"label":"2.8"}},{"type":"Feature","geometry":{"type":"Point","coordinates":[28.22147,37.0009]},"properties":{"depth":0.3,"label":"0.3"}},{"type":"Feature","geometry":{"type":"Point","coordinates":[28.22564,37.0009]},"properties":{"depth":2.7,"label":"2.7"}},{"type":"Feature","geometry":{"type":"Point","coordinates":[28.25171,37.00716]},"properties":{"depth":1.4,"label":"1.4"}},{"type":"Feature","geometry":{"type":"Point","coordinates":[27.57398,36.99256]},"properties":{"depth":0.3,"label":"0.3"}},{"type":"Feature","geometry":{"type":"Point","coordinates":[27.57502,36.99256]},"properties":{"depth":0.3,"label":"0.3"}},{"type":"Feature","geometry":{"type":"Point","coordinates":[27.58336,36.9936]},"properties":{"depth":0.3,"label":"0.3"}},{"type":"Feature","geometry":{"type":"Point","coordinates":[27.67199,36.99673]},"properties":{"depth":0.2,"label":"0.2"}},{"type":"Feature","geometry":{"type":"Point","coordinates":[27.68346,36.99986]},"properties":{"depth":0.4,"label":"0.4"}},{"type":"Feature","geometry":{"type":"Point","coordinates":[27.71787,36.99986]},"properties":{"depth":1.1,"label":"1.1"}},{"type":"Feature","geometry":{"type":"Point","coordinates":[27.73664,36.99256]},"properties":{"depth":0.6,"label":"0.6"}},{"type":"Feature","geometry":{"type":"Point","coordinates":[27.80545,36.99777]},"properties":{"depth":0.5,"label":"0.5"}},{"type":"Feature","geometry":{"type":"Point","coordinates":[27.80858,36.99986]},"properties":{"depth":2.6,"label":"2.6"}},{"type":"Feature","geometry":{"type":"Point","coordinates":[27.81692,36.99986]},"properties":{"depth":46.0,"label":"46"}},{"type":"Feature","geometry":{"type":"Point","coordinates":[27.82526,36.99986]},"properties":{"depth":102.9,"label":"103"}},{"type":"Feature","geometry":{"type":"Point","coordinates":[27.90763,36.99986]},"properties":{"depth":104.2,"label":"104"}},{"type":"Feature","geometry":{"type":"Point","coordinates":[27.91597,36.99986]},"properties":{"depth":79.0,"label":"79"}},{"type":"Feature","geometry":{"type":"Point","coordinates":[27.92431,36.99986]},"properties":{"depth":63.6,"label":"64"}},{"type":"Feature","geometry":{"type":"Point","coordinates":[27.92536,36.99986]},"properties":{"depth":63.7,"label":"64"}},{"type":"Feature","geometry":{"type":"Point","coordinates":[27.93682,36.99986]},"properties":{"depth":64.4,"label":"64"}},{"type":"Feature","geometry":{"type":"Point","coordinates":[27.94204,36.99986]},"properties":{"depth":64.3,"label":"64"}},{"type":"Feature","geometry":{"type":"Point","coordinates":[27.95142,36.99986]},"properties":{"depth":64.6,"label":"65"}},{"type":"Feature","geometry":{"type":"Point","coordinates":[27.95872,36.99986]},"properties":{"depth":67.2,"label":"67"}},{"type":"Feature","geometry":{"type":"Point","coordinates":[27.96706,36.99986]},"properties":{"depth":75.2,"label":"75"}},{"type":"Feature","geometry":{"type":"Point","coordinates":[27.9827,36.99986]},"properties":{"depth":80.1,"label":"80"}},{"type":"Feature","geometry":{"type":"Point","coordinates":[27.98791,36.99986]},"properties":{"depth":78.9,"label":"79"}},{"type":"Feature","geometry":{"type":"Point","coordinates":[27.99209,36.99882]},"properties":{"depth":79.5,"label":"80"}},{"type":"Feature","geometry":{"type":"Point","coordinates":[28.00043,36.99673]},"properties":{"depth":85.2,"label":"85"}},{"type":"Feature","geometry":{"type":"Point","coordinates":[28.00877,36.99256]},"properties":{"depth":93.3,"label":"93"}},{"type":"Feature","geometry":{"type":"Point","coordinates":[28.01711,36.99256]},"properties":{"depth":106.3,"label":"106"}},{"type":"Feature","geometry":{"type":"Point","coordinates":[28.02545,36.99256]},"properties":{"depth":117.9,"label":"118"}},{"type":"Feature","geometry":{"type":"Point","coordinates":[28.04109,36.99256]},"properties":{"depth":107.0,"label":"107"}},{"type":"Feature","geometry":{"type":"Point","coordinates":[28.04943,36.99256]},"properties":{"depth":91.9,"label":"92"}},{"type":"Feature","geometry":{"type":"Point","coordinates":[28.05777,36.99256]},"properties":{"depth":81.8,"label":"82"}},{"type":"Feature","geometry":{"type":"Point","coordinates":[28.06611,36.99256]},"properties":{"depth":75.0,"label":"75"}},{"type":"Feature","geometry":{"type":"Point","coordinates":[28.07445,36.99673]},"properties":{"depth":66.3,"label":"66"}},{"type":"Feature","geometry":{"type":"Point","coordinates":[28.0828,36.99986]},"properties":{"depth":61.4,"label":"61"}},{"type":"Feature","geometry":{"type":"Point","coordinates":[28.09114,36.99986]},"properties":{"depth":52.0,"label":"52"}},{"type":"Feature","geometry":{"type":"Point","coordinates":[28.09948,36.99986]},"properties":{"depth":51.2,"label":"51"}},{"type":"Feature","geometry":{"type":"Point","coordinates":[28.10365,36.99986]},"properties":{"depth":50.0,"label":"50"}},{"type":"Feature","geometry":{"type":"Point","coordinates":[28.11199,36.99986]},"properties":{"depth":49.6,"label":"50"}},{"type":"Feature","geometry":{"type":"Point","coordinates":[28.1172,36.99986]},"properties":{"depth":51.1,"label":"51"}},{"type":"Feature","geometry":{"type":"Point","coordinates":[28.12555,36.99986]},"properties":{"depth":60.1,"label":"60"}},{"type":"Feature","geometry":{"type":"Point","coordinates":[28.13389,36.99986]},"properties":{"depth":70.5,"label":"71"}},{"type":"Feature","geometry":{"type":"Point","coordinates":[28.14953,36.99256]},"properties":{"depth":69.9,"label":"70"}},{"type":"Feature","geometry":{"type":"Point","coordinates":[28.15787,36.99256]},"properties":{"depth":59.8,"label":"60"}},{"type":"Feature","geometry":{"type":"Point","coordinates":[28.16621,36.99256]},"properties":{"depth":54.8,"label":"55"}},{"type":"Feature","geometry":{"type":"Point","coordinates":[28.17455,36.99256]},"properties":{"depth":48.6,"label":"49"}},{"type":"Feature","geometry":{"type":"Point","coordinates":[28.18289,36.99256]},"properties":{"depth":38.8,"label":"39"}},{"type":"Feature","geometry":{"type":"Point","coordinates":[28.19123,36.99256]},"properties":{"depth":22.9,"label":"23"}},{"type":"Feature","geometry":{"type":"Point","coordinates":[28.19957,36.99256]},"properties":{"depth":1.8,"label":"1.8"}},{"type":"Feature","geometry":{"type":"Point","coordinates":[28.20374,36.99673]},"properties":{"depth":0.4,"label":"0.4"}},{"type":"Feature","geometry":{"type":"Point","coordinates":[28.24545,36.99256]},"properties":{"depth":0.2,"label":"0.2"}},{"type":"Feature","geometry":{"type":"Point","coordinates":[27.58336,36.98421]},"properties":{"depth":0.2,"label":"0.2"}},{"type":"Feature","geometry":{"type":"Point","coordinates":[27.59692,36.99152]},"properties":{"depth":0.2,"label":"0.2"}},{"type":"Feature","geometry":{"type":"Point","coordinates":[27.60526,36.98943]},"properties":{"depth":0.3,"label":"0.3"}},{"type":"Feature","geometry":{"type":"Point","coordinates":[27.65009,36.99152]},"properties":{"depth":0.7,"label":"0.7"}},{"type":"Feature","geometry":{"type":"Point","coordinates":[27.65844,36.99152]},"properties":{"depth":4.7,"label":"4.7"}},{"type":"Feature","geometry":{"type":"Point","coordinates":[27.66678,36.99152]},"properties":{"depth":16.2,"label":"16"}},{"type":"Feature","geometry":{"type":"Point","coordinates":[27.67512,36.99152]},"properties":{"depth":37.9,"label":"38"}},{"type":"Feature","geometry":{"type":"Point","coordinates":[27.69076,36.99152]},"properties":{"depth":43.1,"label":"43"}},{"type":"Feature","geometry":{"type":"Point","coordinates":[27.69701,36.99152]},"properties":{"depth":31.7,"label":"32"}},{"type":"Feature","geometry":{"type":"Point","coordinates":[27.70014,36.99152]},"properties":{"depth":33.0,"label":"33"}},{"type":"Feature","geometry":{"type":"Point","coordinates":[27.70848,36.99152]},"properties":{"depth":40.5,"label":"40"}},{"type":"Feature","geometry":{"type":"Point","coordinates":[27.72412,36.99152]},"properties":{"depth":36.8,"label":"37"}},{"type":"Feature","geometry":{"type":"Point","coordinates":[27.73246,36.99152]},"properties":{"depth":1.6,"label":"1.6"}},{"type":"Feature","geometry":{"type":"Point","coordinates":[27.73351,36.99152]},"properties":{"depth":1.5,"label":"1.5"}},{"type":"Feature","geometry":{"type":"Point","coordinates":[27.74185,36.99152]},"properties":{"depth":5.0,"label":"5.0"}},{"type":"Feature","geometry":{"type":"Point","coordinates":[27.75749,36.98943]},"properties":{"depth":0.8,"label":"0.8"}},{"type":"Feature","geometry":{"type":"Point","coordinates":[27.76583,36.99047]},"properties":{"depth":0.4,"label":"0.4"}},{"type":"Feature","geometry":{"type":"Point","coordinates":[27.77521,36.99152]},"properties":{"depth":0.2,"label":"0.2"}},{"type":"Feature","geometry":{"type":"Point","coordinates":[27.78355,36.99152]},"properties":{"depth":3.7,"label":"3.7"}},{"type":"Feature","geometry":{"type":"Point","coordinates":[27.79815,36.99152]},"properties":{"depth":12.2,"label":"12"}},{"type":"Feature","geometry":{"type":"Point","coordinates":[27.80024,36.99152]},"properties":{"depth":14.6,"label":"15"}},{"type":"Feature","geometry":{"type":"Point","coordinates":[27.80858,36.99152]},"properties":{"depth":65.3,"label":"65"}},{"type":"Feature","geometry":{"type":"Point","coordinates":[27.91597,36.99152]},"properties":{"depth":110.0,"label":"110"}},{"type":"Feature","geometry":{"type":"Point","coordinates":[27.92431,36.99152]},"properties":{"depth":98.0,"label":"98"}},{"type":"Feature","geometry":{"type":"Point","coordinates":[27.9264,36.99152]},"properties":{"depth":97.6,"label":"98"}},{"type":"Feature","geometry":{"type":"Point","coordinates":[27.9337,36.99152]},"properties":{"depth":99.9,"label":"100"}},{"type":"Feature","geometry":{"type":"Point","coordinates":[27.94204,36.99152]},"properties":{"depth":103.7,"label":"104"}},{"type":"Feature","geometry":{"type":"Point","coordinates":[27.95038,36.99152]},"properties":{"depth":104.4,"label":"104"}},{"type":"Feature","geometry":{"type":"Point","coordinates":[27.95872,36.99152]},"properties":{"depth":105.2,"label":"105"}},{"type":"Feature","geometry":{"type":"Point","coordinates":[27.97436,36.99152]},"properties":{"depth":104.6,"label":"105"}},{"type":"Feature","geometry":{"type":"Point","coordinates":[27.9827,36.99152]},"properties":{"depth":96.0,"label":"96"}},{"type":"Feature","geometry":{"type":"Point","coordinates":[27.99104,36.99152]},"properties":{"depth":88.7,"label":"89"}},{"type":"Feature","geometry":{"type":"Point","coordinates":[27.99521,36.99152]},"properties":{"depth":87.8,"label":"88"}},{"type":"Feature","geometry":{"type":"Point","coordinates":[28.00043,36.99152]},"properties":{"depth":88.3,"label":"88"}},{"type":"Feature","geometry":{"type":"Point","coordinates":[28.00877,36.99152]},"properties":{"depth":93.4,"label":"93"}},{"type":"Feature","geometry":{"type":"Point","coordinates":[28.01711,36.98421]},"properties":{"depth":101.3,"label":"101"}},{"type":"Feature","geometry":{"type":"Point","coordinates":[28.02545,36.98421]},"properties":{"depth":107.0,"label":"107"}},{"type":"Feature","geometry":{"type":"Point","coordinates":[28.04109,36.98421]},"properties":{"depth":99.6,"label":"100"}},{"type":"Feature","geometry":{"type":"Point","coordinates":[28.04943,36.98421]},"properties":{"depth":86.5,"label":"86"}},{"type":"Feature","geometry":{"type":"Point","coordinates":[28.05777,36.98526]},"properties":{"depth":79.8,"label":"80"}},{"type":"Feature","geometry":{"type":"Point","coordinates":[28.06611,36.99047]},"properties":{"depth":74.8,"label":"75"}},{"type":"Feature","geometry":{"type":"Point","coordinates":[28.07445,36.99152]},"properties":{"depth":68.9,"label":"69"}},{"type":"Feature","geometry":{"type":"Point","coordinates":[28.07654,36.99152]},"properties":{"depth":68.4,"label":"68"}},{"type":"Feature","geometry":{"type":"Point","coordinates":[28.08384,36.99152]},"properties":{"depth":75.3,"label":"75"}},{"type":"Feature","geometry":{"type":"Point","coordinates":[28.09948,36.99152]},"properties":{"depth":87.8,"label":"88"}},{"type":"Feature","geometry":{"type":"Point","coordinates":[28.10782,36.99152]},"properties":{"depth":84.9,"label":"85"}},{"type":"Feature","geometry":{"type":"Point","coordinates":[28.11616,36.99152]},"properties":{"depth":80.2,"label":"80"}},{"type":"Feature","geometry":{"type":"Point","coordinates":[28.1245,36.99152]},"properties":{"depth":78.6,"label":"79"}},{"type":"Feature","geometry":{"type":"Point","coordinates":[28.13284,36.99047]},"properties":{"depth":75.9,"label":"76"}},{"type":"Feature","geometry":{"type":"Point","coordinates":[28.13389,36.99047]},"properties":{"depth":75.9,"label":"76"}},{"type":"Feature","geometry":{"type":"Point","coordinates":[28.14953,36.9863]},"properties":{"depth":67.1,"label":"67"}},{"type":"Feature","geometry":{"type":"Point","coordinates":[28.15787,36.9863]},"properties":{"depth":55.2,"label":"55"}},{"type":"Feature","geometry":{"type":"Point","coordinates":[28.16621,36.9863]},"properties":{"depth":49.3,"label":"49"}},{"type":"Feature","geometry":{"type":"Point","coordinates":[28.17455,36.9863]},"properties":{"depth":40.9,"label":"41"}},{"type":"Feature","geometry":{"type":"Point","coordinates":[28.18289,36.98526]},"properties":{"depth":29.7,"label":"30"}},{"type":"Feature","geometry":{"type":"Point","coordinates":[28.19123,36.98421]},"properties":{"depth":13.1,"label":"13"}},{"type":"Feature","geometry":{"type":"Point","coordinates":[28.19853,36.98421]},"properties":{"depth":0.2,"label":"0.2"}},{"type":"Feature","geometry":{"type":"Point","coordinates":[27.55834,36.98108]},"properties":{"depth":0.3,"label":"0.3"}},{"type":"Feature","geometry":{"type":"Point","coordinates":[27.60109,36.97587]},"properties":{"depth":0.9,"label":"0.9"}},{"type":"Feature","geometry":{"type":"Point","coordinates":[27.61986,36.979]},"properties":{"depth":0.5,"label":"0.5"}},{"type":"Feature","geometry":{"type":"Point","coordinates":[27.63654,36.97691]},"properties":{"depth":0.8,"label":"0.8"}},{"type":"Feature","geometry":{"type":"Point","coordinates":[27.65844,36.97796]},"properties":{"depth":1.7,"label":"1.7"}},{"type":"Feature","geometry":{"type":"Point","coordinates":[27.66678,36.98108]},"properties":{"depth":59.8,"label":"60"}},{"type":"Feature","geometry":{"type":"Point","coordinates":[27.67512,36.98317]},"properties":{"depth":97.9,"label":"98"}},{"type":"Feature","geometry":{"type":"Point","coordinates":[27.69076,36.98317]},"properties":{"depth":98.2,"label":"98"}},{"type":"Feature","geometry":{"type":"Point","coordinates":[27.69493,36.98317]},"properties":{"depth":92.3,"label":"92"}},{"type":"Feature","geometry":{"type":"Point","coordinates":[27.70014,36.98317]},"properties":{"depth":105.7,"label":"106"}},{"type":"Feature","geometry":{"type":"Point","coordinates":[27.72412,36.98317]},"properties":{"depth":115.9,"label":"116"}},{"type":"Feature","geometry":{"type":"Point","coordinates":[27.73246,36.98317]},"properties":{"depth":77.3,"label":"77"}},{"type":"Feature","geometry":{"type":"Point","coordinates":[27.74081,36.98317]},"properties":{"depth":59.7,"label":"60"}},{"type":"Feature","geometry":{"type":"Point","coordinates":[27.74915,36.98317]},"properties":{"depth":56.2,"label":"56"}},{"type":"Feature","geometry":{"type":"Point","coordinates":[27.75749,36.98317]},"properties":{"depth":36.0,"label":"36"}},{"type":"Feature","geometry":{"type":"Point","coordinates":[27.75957,36.98317]},"properties":{"depth":34.8,"label":"35"}},{"type":"Feature","geometry":{"type":"Point","coordinates":[27.76687,36.98317]},"properties":{"depth":36.6,"label":"37"}},{"type":"Feature","geometry":{"type":"Point","coordinates":[27.77521,36.98317]},"properties":{"depth":44.3,"label":"44"}},{"type":"Feature","geometry":{"type":"Point","coordinates":[27.78355,36.98317]},"properties":{"depth":56.7,"label":"57"}},{"type":"Feature","geometry":{"type":"Point","coordinates":[27.7919,36.98317]},"properties":{"depth":69.1,"label":"69"}},{"type":"Feature","geometry":{"type":"Point","coordinates":[27.80024,36.98317]},"properties":{"depth":72.8,"label":"73"}},{"type":"Feature","geometry":{"type":"Point","coordinates":[27.80858,36.98317]},"properties":{"depth":114.0,"label":"114"}},{"type":"Feature","geometry":{"type":"Point","coordinates":[27.9827,36.97587]},"properties":{"depth":113.0,"label":"113"}},{"type":"Feature","geometry":{"type":"Point","coordinates":[27.99104,36.98317]},"properties":{"depth":103.2,"label":"103"}},{"type":"Feature","geometry":{"type":"Point","coordinates":[27.99938,36.98317]},"properties":{"depth":97.1,"label":"97"}},{"type":"Feature","geometry":{"type":"Point","coordinates":[28.00251,36.98317]},"properties":{"depth":96.6,"label":"97"}},{"type":"Feature","geometry":{"type":"Point","coordinates":[28.00877,36.98317]},"properties":{"depth":97.5,"label":"97"}},{"type":"Feature","geometry":{"type":"Point","coordinates":[28.01711,36.98213]},"properties":{"depth":101.2,"label":"101"}},{"type":"Feature","geometry":{"type":"Point","coordinates":[28.03275,36.97587]},"properties":{"depth":102.7,"label":"103"}},{"type":"Feature","geometry":{"type":"Point","coordinates":[28.04109,36.98004]},"properties":{"depth":97.9,"label":"98"}},{"type":"Feature","geometry":{"type":"Point","coordinates":[28.04943,36.98108]},"properties":{"depth":85.5,"label":"85"}},{"type":"Feature","geometry":{"type":"Point","coordinates":[28.05777,36.98317]},"properties":{"depth":79.9,"label":"80"}},{"type":"Feature","geometry":{"type":"Point","coordinates":[28.06611,36.98317]},"properties":{"depth":77.7,"label":"78"}},{"type":"Feature","geometry":{"type":"Point","coordinates":[28.07028,36.98317]},"properties":{"depth":76.8,"label":"77"}},{"type":"Feature","geometry":{"type":"Point","coordinates":[28.0755,36.98317]},"properties":{"depth":77.5,"label":"78"}},{"type":"Feature","geometry":{"type":"Point","coordinates":[28.08384,36.98317]},"properties":{"depth":84.0,"label":"84"}},{"type":"Feature","geometry":{"type":"Point","coordinates":[28.09218,36.97587]},"properties":{"depth":88.7,"label":"89"}},{"type":"Feature","geometry":{"type":"Point","coordinates":[28.10052,36.97587]},"properties":{"depth":91.0,"label":"91"}},{"type":"Feature","geometry":{"type":"Point","coordinates":[28.11616,36.98317]},"properties":{"depth":88.4,"label":"88"}},{"type":"Feature","geometry":{"type":"Point","coordinates":[28.1245,36.98317]},"properties":{"depth":85.3,"label":"85"}},{"type":"Feature","geometry":{"type":"Point","coordinates":[28.13284,36.98317]},"properties":{"depth":80.9,"label":"81"}},{"type":"Feature","geometry":{"type":"Point","coordinates":[28.14118,36.98317]},"properties":{"depth":77.3,"label":"77"}},{"type":"Feature","geometry":{"type":"Point","coordinates":[28.14953,36.98317]},"properties":{"depth":68.0,"label":"68"}},{"type":"Feature","geometry":{"type":"Point","coordinates":[28.15787,36.98317]},"properties":{"depth":56.5,"label":"57"}},{"type":"Feature","geometry":{"type":"Point","coordinates":[28.16621,36.98317]},"properties":{"depth":51.5,"label":"52"}},{"type":"Feature","geometry":{"type":"Point","coordinates":[28.17455,36.98317]},"properties":{"depth":43.6,"label":"44"}},{"type":"Feature","geometry":{"type":"Point","coordinates":[28.18289,36.98317]},"properties":{"depth":30.3,"label":"30"}},{"type":"Feature","geometry":{"type":"Point","coordinates":[28.19123,36.98108]},"properties":{"depth":12.7,"label":"13"}},{"type":"Feature","geometry":{"type":"Point","coordinates":[28.19957,36.98004]},"properties":{"depth":0.3,"label":"0.3"}},{"type":"Feature","geometry":{"type":"Point","coordinates":[27.5573,36.97483]},"properties":{"depth":20.1,"label":"20"}},{"type":"Feature","geometry":{"type":"Point","coordinates":[27.56564,36.97378]},"properties":{"depth":0.3,"label":"0.3"}},{"type":"Feature","geometry":{"type":"Point","coordinates":[27.56877,36.97483]},"properties":{"depth":0.4,"label":"0.4"}},{"type":"Feature","geometry":{"type":"Point","coordinates":[27.57919,36.97483]},"properties":{"depth":6.0,"label":"6.0"}},{"type":"Feature","geometry":{"type":"Point","coordinates":[27.59588,36.96752]},"properties":{"depth":0.5,"label":"0.5"}},{"type":"Feature","geometry":{"type":"Point","coordinates":[27.61569,36.97483]},"properties":{"depth":28.0,"label":"28"}},{"type":"Feature","geometry":{"type":"Point","coordinates":[27.62403,36.97483]},"properties":{"depth":16.2,"label":"16"}},{"type":"Feature","geometry":{"type":"Point","coordinates":[27.62611,36.97483]},"properties":{"depth":14.7,"label":"15"}},{"type":"Feature","geometry":{"type":"Point","coordinates":[27.63654,36.97483]},"properties":{"depth":16.3,"label":"16"}},{"type":"Feature","geometry":{"type":"Point","coordinates":[27.64175,36.97483]},"properties":{"depth":24.0,"label":"24"}},{"type":"Feature","geometry":{"type":"Point","coordinates":[27.65635,36.97483]},"properties":{"depth":16.0,"label":"16"}},{"type":"Feature","geometry":{"type":"Point","coordinates":[27.65844,36.97483]},"properties":{"depth":19.5,"label":"19"}},{"type":"Feature","geometry":{"type":"Point","coordinates":[27.66678,36.97483]},"properties":{"depth":78.2,"label":"78"}},{"type":"Feature","geometry":{"type":"Point","coordinates":[27.74081,36.97483]},"properties":{"depth":116.2,"label":"116"}},{"type":"Feature","geometry":{"type":"Point","coordinates":[27.74915,36.97483]},"properties":{"depth":103.2,"label":"103"}},{"type":"Feature","geometry":{"type":"Point","coordinates":[27.75749,36.97483]},"properties":{"depth":81.6,"label":"82"}},{"type":"Feature","geometry":{"type":"Point","coordinates":[27.7627,36.97483]},"properties":{"depth":78.7,"label":"79"}},{"type":"Feature","geometry":{"type":"Point","coordinates":[27.76687,36.97483]},"properties":{"depth":80.1,"label":"80"}},{"type":"Feature","geometry":{"type":"Point","coordinates":[27.77521,36.97483]},"properties":{"depth":90.1,"label":"90"}},{"type":"Feature","geometry":{"type":"Point","coordinates":[27.78355,36.97483]},"properties":{"depth":107.5,"label":"108"}},{"type":"Feature","geometry":{"type":"Point","coordinates":[27.95768,36.97065]},"properties":{"depth":115.2,"label":"115"}},{"type":"Feature","geometry":{"type":"Point","coordinates":[27.96602,36.96752]},"properties":{"depth":113.3,"label":"113"}},{"type":"Feature","geometry":{"type":"Point","coordinates":[27.97436,36.96752]},"properties":{"depth":111.1,"label":"111"}},{"type":"Feature","geometry":{"type":"Point","coordinates":[27.9827,36.96752]},"properties":{"depth":106.7,"label":"107"}},{"type":"Feature","geometry":{"type":"Point","coordinates":[27.99104,36.96752]},"properties":{"depth":104.2,"label":"104"}},{"type":"Feature","geometry":{"type":"Point","coordinates":[27.99938,36.96752]},"properties":{"depth":101.2,"label":"101"}},{"type":"Feature","geometry":{"type":"Point","coordinates":[28.00773,36.96752]},"properties":{"depth":99.6,"label":"100"}},{"type":"Feature","geometry":{"type":"Point","coordinates":[28.00877,36.96752]},"properties":{"depth":99.6,"label":"100"}},{"type":"Feature","geometry":{"type":"Point","coordinates":[28.01711,36.96752]},"properties":{"depth":101.1,"label":"101"}},{"type":"Feature","geometry":{"type":"Point","coordinates":[28.03275,36.96752]},"properties":{"depth":99.6,"label":"100"}},{"type":"Feature","geometry":{"type":"Point","coordinates":[28.04109,36.96752]},"properties":{"depth":94.5,"label":"95"}},{"type":"Feature","geometry":{"type":"Point","coordinates":[28.04943,36.96752]},"properties":{"depth":85.2,"label":"85"}},{"type":"Feature","geometry":{"type":"Point","coordinates":[28.05777,36.96752]},"properties":{"depth":79.4,"label":"79"}},{"type":"Feature","geometry":{"type":"Point","coordinates":[28.05882,36.96752]},"properties":{"depth":79.5,"label":"80"}},{"type":"Feature","geometry":{"type":"Point","coordinates":[28.06716,36.97483]},"properties":{"depth":83.3,"label":"83"}},{"type":"Feature","geometry":{"type":"Point","coordinates":[28.0828,36.96752]},"properties":{"depth":85.3,"label":"85"}},{"type":"Feature","geometry":{"type":"Point","coordinates":[28.09114,36.96752]},"properties":{"depth":78.5,"label":"79"}},{"type":"Feature","geometry":{"type":"Point","coordinates":[28.09322,36.96752]},"properties":{"depth":78.2,"label":"78"}},{"type":"Feature","geometry":{"type":"Point","coordinates":[28.10052,36.96752]},"properties":{"depth":83.1,"label":"83"}},{"type":"Feature","geometry":{"type":"Point","coordinates":[28.11616,36.96752]},"properties":{"depth":86.3,"label":"86"}},{"type":"Feature","geometry":{"type":"Point","coordinates":[28.1245,36.96752]},"properties":{"depth":81.9,"label":"82"}},{"type":"Feature","geometry":{"type":"Point","coordinates":[28.13284,36.96752]},"properties":{"depth":80.5,"label":"81"}},{"type":"Feature","geometry":{"type":"Point","coordinates":[28.14118,36.96752]},"properties":{"depth":80.3,"label":"80"}},{"type":"Feature","geometry":{"type":"Point","coordinates":[28.14953,36.97483]},"properties":{"depth":73.7,"label":"74"}},{"type":"Feature","geometry":{"type":"Point","coordinates":[28.15787,36.96752]},"properties":{"depth":62.3,"label":"62"}},{"type":"Feature","geometry":{"type":"Point","coordinates":[28.16621,36.96752]},"properties":{"depth":51.2,"label":"51"}},{"type":"Feature","geometry":{"type":"Point","coordinates":[28.17455,36.96752]},"properties":{"depth":44.6,"label":"45"}},{"type":"Feature","geometry":{"type":"Point","coordinates":[28.18289,36.96752]},"properties":{"depth":25.2,"label":"25"}},{"type":"Feature","geometry":{"type":"Point","coordinates":[28.19123,36.96752]},"properties":{"depth":8.8,"label":"8.8"}},{"type":"Feature","geometry":{"type":"Point","coordinates":[28.19957,36.96752]},"properties":{"depth":0.3,"label":"0.3"}},{"type":"Feature","geometry":{"type":"Point","coordinates":[27.5573,36.96648]},"properties":{"depth":63.7,"label":"64"}},{"type":"Feature","geometry":{"type":"Point","coordinates":[27.56043,36.96648]},"properties":{"depth":62.4,"label":"62"}},{"type":"Feature","geometry":{"type":"Point","coordinates":[27.56668,36.96648]},"properties":{"depth":67.0,"label":"67"}},{"type":"Feature","geometry":{"type":"Point","coordinates":[27.58232,36.96648]},"properties":{"depth":58.5,"label":"59"}},{"type":"Feature","geometry":{"type":"Point","coordinates":[27.59066,36.96648]},"properties":{"depth":11.6,"label":"12"}},{"type":"Feature","geometry":{"type":"Point","coordinates":[27.59796,36.96648]},"properties":{"depth":0.6,"label":"0.6"}},{"type":"Feature","geometry":{"type":"Point","coordinates":[27.60318,36.96648]},"properties":{"depth":0.8,"label":"0.8"}},{"type":"Feature","geometry":{"type":"Point","coordinates":[27.60839,36.96544]},"properties":{"depth":39.3,"label":"39"}},{"type":"Feature","geometry":{"type":"Point","coordinates":[27.6209,36.96648]},"properties":{"depth":85.1,"label":"85"}},{"type":"Feature","geometry":{"type":"Point","coordinates":[27.62507,36.96648]},"properties":{"depth":89.3,"label":"89"}},{"type":"Feature","geometry":{"type":"Point","coordinates":[27.63341,36.96648]},"properties":{"depth":102.0,"label":"102"}},{"type":"Feature","geometry":{"type":"Point","coordinates":[27.64905,36.96648]},"properties":{"depth":107.4,"label":"107"}},{"type":"Feature","geometry":{"type":"Point","coordinates":[27.65739,36.96648]},"properties":{"depth":91.9,"label":"92"}},{"type":"Feature","geometry":{"type":"Point","coordinates":[27.65844,36.96648]},"properties":{"depth":93.1,"label":"93"}},{"type":"Feature","geometry":{"type":"Point","coordinates":[27.74498,36.96022]},"properties":{"depth":117.5,"label":"117"}},{"type":"Feature","geometry":{"type":"Point","coordinates":[27.75749,36.96648]},"properties":{"depth":114.9,"label":"115"}},{"type":"Feature","geometry":{"type":"Point","coordinates":[27.76062,36.96648]},"properties":{"depth":114.1,"label":"114"}},{"type":"Feature","geometry":{"type":"Point","coordinates":[27.76687,36.96648]},"properties":{"depth":117.1,"label":"117"}},{"type":"Feature","geometry":{"type":"Point","coordinates":[27.95768,36.96648]},"properties":{"depth":115.7,"label":"116"}},{"type":"Feature","geometry":{"type":"Point","coordinates":[27.96602,36.96439]},"properties":{"depth":112.7,"label":"113"}},{"type":"Feature","geometry":{"type":"Point","coordinates":[27.97436,36.96231]},"properties":{"depth":109.3,"label":"109"}},{"type":"Feature","geometry":{"type":"Point","coordinates":[27.9827,36.96544]},"properties":{"depth":106.6,"label":"107"}},{"type":"Feature","geometry":{"type":"Point","coordinates":[27.99104,36.96648]},"properties":{"depth":104.2,"label":"104"}},{"type":"Feature","geometry":{"type":"Point","coordinates":[27.99938,36.96231]},"properties":{"depth":101.1,"label":"101"}},{"type":"Feature","geometry":{"type":"Point","coordinates":[28.00773,36.96335]},"properties":{"depth":98.9,"label":"99"}},{"type":"Feature","geometry":{"type":"Point","coordinates":[28.00877,36.96335]},"properties":{"depth":98.9,"label":"99"}},{"type":"Feature","geometry":{"type":"Point","coordinates":[28.02441,36.95918]},"properties":{"depth":99.6,"label":"100"}},{"type":"Feature","geometry":{"type":"Point","coordinates":[28.03275,36.95918]},"properties":{"depth":95.1,"label":"95"}},{"type":"Feature","geometry":{"type":"Point","coordinates":[28.04109,36.95918]},"properties":{"depth":88.8,"label":"89"}},{"type":"Feature","geometry":{"type":"Point","coordinates":[28.04943,36.95918]},"properties":{"depth":79.3,"label":"79"}},{"type":"Feature","geometry":{"type":"Point","coordinates":[28.05777,36.95918]},"properties":{"depth":74.9,"label":"75"}},{"type":"Feature","geometry":{"type":"Point","coordinates":[28.06611,36.95918]},"properties":{"depth":67.6,"label":"68"}},{"type":"Feature","geometry":{"type":"Point","coordinates":[28.07028,36.95918]},"properties":{"depth":66.4,"label":"66"}},{"type":"Feature","geometry":{"type":"Point","coordinates":[28.0828,36.95918]},"properties":{"depth":65.3,"label":"65"}},{"type":"Feature","geometry":{"type":"Point","coordinates":[28.09114,36.95918]},"properties":{"depth":63.5,"label":"64"}},{"type":"Feature","geometry":{"type":"Point","coordinates":[28.09531,36.95918]},"properties":{"depth":62.4,"label":"62"}},{"type":"Feature","geometry":{"type":"Point","coordinates":[28.10052,36.95918]},"properties":{"depth":67.6,"label":"68"}},{"type":"Feature","geometry":{"type":"Point","coordinates":[28.11616,36.95918]},"properties":{"depth":77.2,"label":"77"}},{"type":"Feature","geometry":{"type":"Point","coordinates":[28.1245,36.95918]},"properties":{"depth":70.9,"label":"71"}},{"type":"Feature","geometry":{"type":"Point","coordinates":[28.12867,36.95918]},"properties":{"depth":69.8,"label":"70"}},{"type":"Feature","geometry":{"type":"Point","coordinates":[28.14118,36.95918]},"properties":{"depth":66.4,"label":"66"}},{"type":"Feature","geometry":{"type":"Point","coordinates":[28.14953,36.95918]},"properties":{"depth":51.5,"label":"52"}},{"type":"Feature","geometry":{"type":"Point","coordinates":[28.15787,36.95918]},"properties":{"depth":36.6,"label":"37"}},{"type":"Feature","geometry":{"type":"Point","coordinates":[28.16621,36.95918]},"properties":{"depth":24.4,"label":"24"}},{"type":"Feature","geometry":{"type":"Point","coordinates":[28.17455,36.95918]},"properties":{"depth":16.6,"label":"17"}},{"type":"Feature","geometry":{"type":"Point","coordinates":[28.17976,36.95918]},"properties":{"depth":9.5,"label":"9.5"}},{"type":"Feature","geometry":{"type":"Point","coordinates":[28.18915,36.96022]},"properties":{"depth":0.3,"label":"0.3"}},{"type":"Feature","geometry":{"type":"Point","coordinates":[27.59066,36.95814]},"properties":{"depth":105.8,"label":"106"}},{"type":"Feature","geometry":{"type":"Point","coordinates":[27.599,36.95814]},"properties":{"depth":65.7,"label":"66"}},{"type":"Feature","geometry":{"type":"Point","coordinates":[27.60318,36.95814]},"properties":{"depth":53.0,"label":"53"}},{"type":"Feature","geometry":{"type":"Point","coordinates":[27.60839,36.95814]},"properties":{"depth":68.8,"label":"69"}},{"type":"Feature","geometry":{"type":"Point","coordinates":[27.74498,36.95814]},"properties":{"depth":118.1,"label":"118"}},{"type":"Feature","geometry":{"type":"Point","coordinates":[27.95768,36.95814]},"properties":{"depth":120.0,"label":"120"}},{"type":"Feature","geometry":{"type":"Point","coordinates":[27.96602,36.95814]},"properties":{"depth":114.9,"label":"115"}},{"type":"Feature","geometry":{"type":"Point","coordinates":[27.97436,36.95814]},"properties":{"depth":111.1,"label":"111"}},{"type":"Feature","geometry":{"type":"Point","coordinates":[27.9827,36.95814]},"properties":{"depth":109.3,"label":"109"}},{"type":"Feature","geometry":{"type":"Point","coordinates":[27.99104,36.95814]},"properties":{"depth":106.4,"label":"106"}},{"type":"Feature","geometry":{"type":"Point","coordinates":[27.99938,36.95814]},"properties":{"depth":102.2,"label":"102"}},{"type":"Feature","geometry":{"type":"Point","coordinates":[28.00773,36.95814]},"properties":{"depth":98.8,"label":"99"}},{"type":"Feature","geometry":{"type":"Point","coordinates":[28.00877,36.95814]},"properties":{"depth":98.8,"label":"99"}},{"type":"Feature","geometry":{"type":"Point","coordinates":[28.02441,36.95396]},"properties":{"depth":99.3,"label":"99"}},{"type":"Feature","geometry":{"type":"Point","coordinates":[28.03275,36.95083]},"properties":{"depth":81.8,"label":"82"}},{"type":"Feature","geometry":{"type":"Point","coordinates":[28.04109,36.95083]},"properties":{"depth":61.3,"label":"61"}},{"type":"Feature","geometry":{"type":"Point","coordinates":[28.04943,36.95083]},"properties":{"depth":51.6,"label":"52"}},{"type":"Feature","geometry":{"type":"Point","coordinates":[28.05777,36.95083]},"properties":{"depth":47.9,"label":"48"}},{"type":"Feature","geometry":{"type":"Point","coordinates":[28.06611,36.95083]},"properties":{"depth":36.1,"label":"36"}},{"type":"Feature","geometry":{"type":"Point","coordinates":[28.07445,36.95083]},"properties":{"depth":31.0,"label":"31"}},{"type":"Feature","geometry":{"type":"Point","coordinates":[28.0755,36.95083]},"properties":{"depth":31.0,"label":"31"}},{"type":"Feature","geometry":{"type":"Point","coordinates":[28.08384,36.95083]},"properties":{"depth":32.4,"label":"32"}},{"type":"Feature","geometry":{"type":"Point","coordinates":[28.09531,36.95083]},"properties":{"depth":33.4,"label":"33"}},{"type":"Feature","geometry":{"type":"Point","coordinates":[28.10052,36.95083]},"properties":{"depth":35.8,"label":"36"}},{"type":"Feature","geometry":{"type":"Point","coordinates":[28.10886,36.95083]},"properties":{"depth":44.7,"label":"45"}},{"type":"Feature","geometry":{"type":"Point","coordinates":[28.1245,36.95083]},"properties":{"depth":40.9,"label":"41"}},{"type":"Feature","geometry":{"type":"Point","coordinates":[28.12555,36.95083]},"properties":{"depth":40.9,"label":"41"}},{"type":"Feature","geometry":{"type":"Point","coordinates":[28.14118,36.95083]},"properties":{"depth":46.4,"label":"46"}},{"type":"Feature","geometry":{"type":"Point","coordinates":[28.14953,36.95083]},"properties":{"depth":23.3,"label":"23"}},{"type":"Feature","geometry":{"type":"Point","coordinates":[28.15787,36.95083]},"properties":{"depth":11.4,"label":"11"}},{"type":"Feature","geometry":{"type":"Point","coordinates":[28.16412,36.95083]},"properties":{"depth":0.9,"label":"0.9"}},{"type":"Feature","geometry":{"type":"Point","coordinates":[27.60526,36.94979]},"properties":{"depth":108.5,"label":"108"}},{"type":"Feature","geometry":{"type":"Point","coordinates":[27.60839,36.94979]},"properties":{"depth":112.3,"label":"112"}},{"type":"Feature","geometry":{"type":"Point","coordinates":[27.99104,36.94979]},"properties":{"depth":113.0,"label":"113"}},{"type":"Feature","geometry":{"type":"Point","coordinates":[27.99938,36.94249]},"properties":{"depth":103.0,"label":"103"}},{"type":"Feature","geometry":{"type":"Point","coordinates":[28.00773,36.94249]},"properties":{"depth":95.0,"label":"95"}},{"type":"Feature","geometry":{"type":"Point","coordinates":[28.01607,36.94249]},"properties":{"depth":85.7,"label":"86"}},{"type":"Feature","geometry":{"type":"Point","coordinates":[28.02441,36.94249]},"properties":{"depth":76.1,"label":"76"}},{"type":"Feature","geometry":{"type":"Point","coordinates":[28.03275,36.94249]},"properties":{"depth":55.6,"label":"56"}},{"type":"Feature","geometry":{"type":"Point","coordinates":[28.04109,36.94249]},"properties":{"depth":27.9,"label":"28"}},{"type":"Feature","geometry":{"type":"Point","coordinates":[28.04943,36.94249]},"properties":{"depth":20.1,"label":"20"}},{"type":"Feature","geometry":{"type":"Point","coordinates":[28.05777,36.94249]},"properties":{"depth":19.7,"label":"20"}},{"type":"Feature","geometry":{"type":"Point","coordinates":[28.06611,36.94249]},"properties":{"depth":10.0,"label":"10.0"}},{"type":"Feature","geometry":{"type":"Point","coordinates":[28.07237,36.94353]},"properties":{"depth":1.0,"label":"1.0"}},{"type":"Feature","geometry":{"type":"Point","coordinates":[28.07654,36.94249]},"properties":{"depth":0.6,"label":"0.6"}},{"type":"Feature","geometry":{"type":"Point","coordinates":[28.08384,36.94249]},"properties":{"depth":2.7,"label":"2.7"}},{"type":"Feature","geometry":{"type":"Point","coordinates":[28.09844,36.94249]},"properties":{"depth":2.5,"label":"2.5"}},{"type":"Feature","geometry":{"type":"Point","coordinates":[28.10052,36.94249]},"properties":{"depth":2.9,"label":"2.9"}},{"type":"Feature","geometry":{"type":"Point","coordinates":[28.10886,36.94249]},"properties":{"depth":13.4,"label":"13"}},{"type":"Feature","geometry":{"type":"Point","coordinates":[28.1245,36.94249]},"properties":{"depth":11.6,"label":"12"}},{"type":"Feature","geometry":{"type":"Point","coordinates":[28.12555,36.94249]},"properties":{"depth":11.7,"label":"12"}},{"type":"Feature","geometry":{"type":"Point","coordinates":[28.13597,36.94249]},"properties":{"depth":20.6,"label":"21"}},{"type":"Feature","geometry":{"type":"Point","coordinates":[28.14953,36.94353]},"properties":{"depth":16.8,"label":"17"}},{"type":"Feature","geometry":{"type":"Point","coordinates":[28.15578,36.94249]},"properties":{"depth":0.4,"label":"0.4"}},{"type":"Feature","geometry":{"type":"Point","coordinates":[27.99104,36.94145]},"properties":{"depth":119.2,"label":"119"}},{"type":"Feature","geometry":{"type":"Point","coordinates":[27.99938,36.93414]},"properties":{"depth":93.0,"label":"93"}},{"type":"Feature","geometry":{"type":"Point","coordinates":[28.00773,36.93414]},"properties":{"depth":65.8,"label":"66"}},{"type":"Feature","geometry":{"type":"Point","coordinates":[28.01607,36.93414]},"properties":{"depth":45.9,"label":"46"}},{"type":"Feature","geometry":{"type":"Point","coordinates":[28.02441,36.93414]},"properties":{"depth":35.4,"label":"35"}},{"type":"Feature","geometry":{"type":"Point","coordinates":[28.03275,36.93414]},"properties":{"depth":23.5,"label":"24"}},{"type":"Feature","geometry":{"type":"Point","coordinates":[28.04109,36.93414]},"properties":{"depth":3.6,"label":"3.6"}},{"type":"Feature","geometry":{"type":"Point","coordinates":[28.04318,36.93727]},"properties":{"depth":0.6,"label":"0.6"}},{"type":"Feature","geometry":{"type":"Point","coordinates":[28.05152,36.93727]},"properties":{"depth":1.3,"label":"1.3"}},{"type":"Feature","geometry":{"type":"Point","coordinates":[28.0609,36.93727]},"properties":{"depth":0.8,"label":"0.8"}},{"type":"Feature","geometry":{"type":"Point","coordinates":[28.07028,36.94145]},"properties":{"depth":1.0,"label":"1.0"}},{"type":"Feature","geometry":{"type":"Point","coordinates":[28.10469,36.9404]},"properties":{"depth":0.7,"label":"0.7"}},{"type":"Feature","geometry":{"type":"Point","coordinates":[28.11408,36.93519]},"properties":{"depth":1.2,"label":"1.2"}},{"type":"Feature","geometry":{"type":"Point","coordinates":[28.12137,36.93832]},"properties":{"depth":0.3,"label":"0.3"}},{"type":"Feature","geometry":{"type":"Point","coordinates":[28.14223,36.93414]},"properties":{"depth":5.9,"label":"5.9"}},{"type":"Feature","geometry":{"type":"Point","coordinates":[28.15265,36.93519]},"properties":{"depth":0.4,"label":"0.4"}},{"type":"Feature","geometry":{"type":"Point","coordinates":[28.16412,36.9404]},"properties":{"depth":0.2,"label":"0.2"}},{"type":"Feature","geometry":{"type":"Point","coordinates":[27.99938,36.9331]},"properties":{"depth":93.2,"label":"93"}},{"type":"Feature","geometry":{"type":"Point","coordinates":[28.00773,36.93102]},"properties":{"depth":61.4,"label":"61"}},{"type":"Feature","geometry":{"type":"Point","coordinates":[28.01607,36.9258]},"properties":{"depth":25.1,"label":"25"}},{"type":"Feature","geometry":{"type":"Point","coordinates":[28.03692,36.9258]},"properties":{"depth":2.3,"label":"2.3"}},{"type":"Feature","geometry":{"type":"Point","coordinates":[28.04318,36.9331]},"properties":{"depth":0.5,"label":"0.5"}},{"type":"Feature","geometry":{"type":"Point","coordinates":[28.14953,36.92997]},"properties":{"depth":0.4,"label":"0.4"}},{"type":"Feature","geometry":{"type":"Point","coordinates":[28.15682,36.92789]},"properties":{"depth":0.6,"label":"0.6"}},{"type":"Feature","geometry":{"type":"Point","coordinates":[28.00773,36.92476]},"properties":{"depth":78.7,"label":"79"}},{"type":"Feature","geometry":{"type":"Point","coordinates":[28.01607,36.92476]},"properties":{"depth":24.6,"label":"25"}},{"type":"Feature","geometry":{"type":"Point","coordinates":[28.04213,36.92371]},"properties":{"depth":0.3,"label":"0.3"}},{"type":"Feature","geometry":{"type":"Point","coordinates":[28.16829,36.92267]},"properties":{"depth":1.0,"label":"1.0"}},{"type":"Feature","geometry":{"type":"Point","coordinates":[28.63436,36.92476]},"properties":{"depth":1.4,"label":"1.4"}},{"type":"Feature","geometry":{"type":"Point","coordinates":[28.64583,36.92476]},"properties":{"depth":2.0,"label":"2.0"}},{"type":"Feature","geometry":{"type":"Point","coordinates":[27.99938,36.90911]},"properties":{"depth":88.7,"label":"89"}},{"type":"Feature","geometry":{"type":"Point","coordinates":[28.00773,36.90911]},"properties":{"depth":44.1,"label":"44"}},{"type":"Feature","geometry":{"type":"Point","coordinates":[28.01607,36.90911]},"properties":{"depth":7.1,"label":"7.1"}},{"type":"Feature","geometry":{"type":"Point","coordinates":[28.02441,36.90911]},"properties":{"depth":0.9,"label":"0.9"}},{"type":"Feature","geometry":{"type":"Point","coordinates":[28.16725,36.91641]},"properties":{"depth":1.0,"label":"1.0"}},{"type":"Feature","geometry":{"type":"Point","coordinates":[28.62602,36.90911]},"properties":{"depth":0.5,"label":"0.5"}},{"type":"Feature","geometry":{"type":"Point","coordinates":[28.63436,36.91433]},"properties":{"depth":2.0,"label":"2.0"}},{"type":"Feature","geometry":{"type":"Point","coordinates":[28.6427,36.91641]},"properties":{"depth":2.0,"label":"2.0"}},{"type":"Feature","geometry":{"type":"Point","coordinates":[27.99938,36.90702]},"properties":{"depth":86.4,"label":"86"}},{"type":"Feature","geometry":{"type":"Point","coordinates":[28.00773,36.90598]},"properties":{"depth":39.9,"label":"40"}},{"type":"Feature","geometry":{"type":"Point","coordinates":[28.02232,36.90181]},"properties":{"depth":0.3,"label":"0.3"}},{"type":"Feature","geometry":{"type":"Point","coordinates":[28.02545,36.90076]},"properties":{"depth":0.9,"label":"0.9"}},{"type":"Feature","geometry":{"type":"Point","coordinates":[28.03379,36.90807]},"properties":{"depth":0.9,"label":"0.9"}},{"type":"Feature","geometry":{"type":"Point","coordinates":[28.16308,36.90807]},"properties":{"depth":0.2,"label":"0.2"}},{"type":"Feature","geometry":{"type":"Point","coordinates":[28.62498,36.90598]},"properties":{"depth":1.6,"label":"1.6"}},{"type":"Feature","geometry":{"type":"Point","coordinates":[28.62915,36.90807]},"properties":{"depth":0.7,"label":"0.7"}},{"type":"Feature","geometry":{"type":"Point","coordinates":[28.63436,36.90807]},"properties":{"depth":2.0,"label":"2.0"}},{"type":"Feature","geometry":{"type":"Point","coordinates":[28.6427,36.90807]},"properties":{"depth":2.0,"label":"2.0"}},{"type":"Feature","geometry":{"type":"Point","coordinates":[27.99938,36.89972]},"properties":{"depth":103.9,"label":"104"}},{"type":"Feature","geometry":{"type":"Point","coordinates":[28.00773,36.89972]},"properties":{"depth":59.4,"label":"59"}},{"type":"Feature","geometry":{"type":"Point","coordinates":[28.01607,36.89972]},"properties":{"depth":18.5,"label":"19"}},{"type":"Feature","geometry":{"type":"Point","coordinates":[28.02441,36.89972]},"properties":{"depth":4.2,"label":"4.2"}},{"type":"Feature","geometry":{"type":"Point","coordinates":[28.03275,36.89659]},"properties":{"depth":0.8,"label":"0.8"}},{"type":"Feature","geometry":{"type":"Point","coordinates":[28.59891,36.89242]},"properties":{"depth":0.3,"label":"0.3"}},{"type":"Feature","geometry":{"type":"Point","coordinates":[28.61038,36.89972]},"properties":{"depth":0.6,"label":"0.6"}},{"type":"Feature","geometry":{"type":"Point","coordinates":[28.62289,36.89764]},"properties":{"depth":0.9,"label":"0.9"}},{"type":"Feature","geometry":{"type":"Point","coordinates":[28.62602,36.89972]},"properties":{"depth":2.0,"label":"2.0"}},{"type":"Feature","geometry":{"type":"Point","coordinates":[28.00773,36.89138]},"properties":{"depth":100.3,"label":"100"}},{"type":"Feature","geometry":{"type":"Point","coordinates":[28.01607,36.89138]},"properties":{"depth":65.4,"label":"65"}},{"type":"Feature","geometry":{"type":"Point","coordinates":[28.02441,36.89138]},"properties":{"depth":40.2,"label":"40"}},{"type":"Feature","geometry":{"type":"Point","coordinates":[28.03275,36.88408]},"properties":{"depth":3.4,"label":"3.4"}},{"type":"Feature","geometry":{"type":"Point","coordinates":[28.04318,36.89138]},"properties":{"depth":0.3,"label":"0.3"}},{"type":"Feature","geometry":{"type":"Point","coordinates":[28.59265,36.89033]},"properties":{"depth":0.8,"label":"0.8"}},{"type":"Feature","geometry":{"type":"Point","coordinates":[28.601,36.89138]},"properties":{"depth":2.0,"label":"2.0"}},{"type":"Feature","geometry":{"type":"Point","coordinates":[28.60934,36.89138]},"properties":{"depth":2.0,"label":"2.0"}},{"type":"Feature","geometry":{"type":"Point","coordinates":[28.61768,36.89138]},"properties":{"depth":2.0,"label":"2.0"}},{"type":"Feature","geometry":{"type":"Point","coordinates":[28.62602,36.89138]},"properties":{"depth":2.0,"label":"2.0"}},{"type":"Feature","geometry":{"type":"Point","coordinates":[28.64166,36.88825]},"properties":{"depth":0.6,"label":"0.6"}},{"type":"Feature","geometry":{"type":"Point","coordinates":[27.99938,36.87573]},"properties":{"depth":104.9,"label":"105"}},{"type":"Feature","geometry":{"type":"Point","coordinates":[28.00773,36.87573]},"properties":{"depth":79.7,"label":"80"}},{"type":"Feature","geometry":{"type":"Point","coordinates":[28.01607,36.87573]},"properties":{"depth":42.8,"label":"43"}},{"type":"Feature","geometry":{"type":"Point","coordinates":[28.02441,36.87573]},"properties":{"depth":11.8,"label":"12"}},{"type":"Feature","geometry":{"type":"Point","coordinates":[28.03275,36.88303]},"properties":{"depth":3.6,"label":"3.6"}},{"type":"Feature","geometry":{"type":"Point","coordinates":[28.03379,36.88303]},"properties":{"depth":0.2,"label":"0.2"}},{"type":"Feature","geometry":{"type":"Point","coordinates":[28.04213,36.88303]},"properties":{"depth":0.3,"label":"0.3"}},{"type":"Feature","geometry":{"type":"Point","coordinates":[28.59891,36.8799]},"properties":{"depth":0.8,"label":"0.8"}},{"type":"Feature","geometry":{"type":"Point","coordinates":[28.601,36.87782]},"properties":{"depth":0.4,"label":"0.4"}},{"type":"Feature","geometry":{"type":"Point","coordinates":[28.60934,36.88303]},"properties":{"depth":2.0,"label":"2.0"}},{"type":"Feature","geometry":{"type":"Point","coordinates":[28.61768,36.88303]},"properties":{"depth":2.0,"label":"2.0"}},{"type":"Feature","geometry":{"type":"Point","coordinates":[28.62602,36.88303]},"properties":{"depth":2.0,"label":"2.0"}},{"type":"Feature","geometry":{"type":"Point","coordinates":[28.64166,36.88303]},"properties":{"depth":2.0,"label":"2.0"}},{"type":"Feature","geometry":{"type":"Point","coordinates":[28.64791,36.88303]},"properties":{"depth":0.2,"label":"0.2"}},{"type":"Feature","geometry":{"type":"Point","coordinates":[27.9827,36.86739]},"properties":{"depth":110.2,"label":"110"}},{"type":"Feature","geometry":{"type":"Point","coordinates":[27.99104,36.86739]},"properties":{"depth":96.6,"label":"97"}},{"type":"Feature","geometry":{"type":"Point","coordinates":[27.99938,36.86739]},"properties":{"depth":70.0,"label":"70"}},{"type":"Feature","geometry":{"type":"Point","coordinates":[28.00773,36.86739]},"properties":{"depth":38.0,"label":"38"}},{"type":"Feature","geometry":{"type":"Point","coordinates":[28.01607,36.86739]},"properties":{"depth":6.0,"label":"6.0"}},{"type":"Feature","geometry":{"type":"Point","coordinates":[28.45815,36.87364]},"properties":{"depth":0.7,"label":"0.7"}},{"type":"Feature","geometry":{"type":"Point","coordinates":[28.60829,36.87156]},"properties":{"depth":0.7,"label":"0.7"}},{"type":"Feature","geometry":{"type":"Point","coordinates":[28.61768,36.86947]},"properties":{"depth":1.5,"label":"1.5"}},{"type":"Feature","geometry":{"type":"Point","coordinates":[28.62602,36.87469]},"properties":{"depth":2.0,"label":"2.0"}},{"type":"Feature","geometry":{"type":"Point","coordinates":[28.64166,36.86739]},"properties":{"depth":1.3,"label":"1.3"}},{"type":"Feature","geometry":{"type":"Point","coordinates":[27.97436,36.85904]},"properties":{"depth":91.3,"label":"91"}},{"type":"Feature","geometry":{"type":"Point","coordinates":[27.9827,36.85904]},"properties":{"depth":71.6,"label":"72"}},{"type":"Feature","geometry":{"type":"Point","coordinates":[27.99104,36.85904]},"properties":{"depth":51.7,"label":"52"}},{"type":"Feature","geometry":{"type":"Point","coordinates":[27.99938,36.85904]},"properties":{"depth":30.2,"label":"30"}},{"type":"Feature","geometry":{"type":"Point","coordinates":[28.00773,36.85904]},"properties":{"depth":11.5,"label":"11"}},{"type":"Feature","geometry":{"type":"Point","coordinates":[28.01294,36.85904]},"properties":{"depth":0.3,"label":"0.3"}},{"type":"Feature","geometry":{"type":"Point","coordinates":[28.02128,36.86113]},"properties":{"depth":0.6,"label":"0.6"}},{"type":"Feature","geometry":{"type":"Point","coordinates":[28.03275,36.86008]},"properties":{"depth":0.8,"label":"0.8"}},{"type":"Feature","geometry":{"type":"Point","coordinates":[28.04109,36.86634]},"properties":{"depth":0.4,"label":"0.4"}},{"type":"Feature","geometry":{"type":"Point","coordinates":[28.04526,36.86634]},"properties":{"depth":0.7,"label":"0.7"}},{"type":"Feature","geometry":{"type":"Point","coordinates":[28.42896,36.85904]},"properties":{"depth":0.4,"label":"0.4"}},{"type":"Feature","geometry":{"type":"Point","coordinates":[28.45502,36.86634]},"properties":{"depth":0.6,"label":"0.6"}},{"type":"Feature","geometry":{"type":"Point","coordinates":[28.46649,36.85904]},"properties":{"depth":1.4,"label":"1.4"}},{"type":"Feature","geometry":{"type":"Point","coordinates":[28.46754,36.86217]},"properties":{"depth":1.2,"label":"1.2"}},{"type":"Feature","geometry":{"type":"Point","coordinates":[28.62498,36.8653]},"properties":{"depth":0.7,"label":"0.7"}},{"type":"Feature","geometry":{"type":"Point","coordinates":[27.96602,36.8507]},"properties":{"depth":114.7,"label":"115"}},{"type":"Feature","geometry":{"type":"Point","coordinates":[27.97436,36.85174]},"properties":{"depth":81.1,"label":"81"}},{"type":"Feature","geometry":{"type":"Point","coordinates":[27.9827,36.85278]},"properties":{"depth":60.8,"label":"61"}},{"type":"Feature","geometry":{"type":"Point","coordinates":[27.99104,36.85278]},"properties":{"depth":34.9,"label":"35"}},{"type":"Feature","geometry":{"type":"Point","coordinates":[27.99938,36.85278]},"properties":{"depth":4.2,"label":"4.2"}},{"type":"Feature","geometry":{"type":"Point","coordinates":[28.40498,36.858]},"properties":{"depth":0.2,"label":"0.2"}},{"type":"Feature","geometry":{"type":"Point","coordinates":[28.41227,36.85382]},"properties":{"depth":0.3,"label":"0.3"}},{"type":"Feature","geometry":{"type":"Point","coordinates":[28.4227,36.85487]},"properties":{"depth":0.5,"label":"0.5"}},{"type":"Feature","geometry":{"type":"Point","coordinates":[28.44981,36.8507]},"properties":{"depth":2.7,"label":"2.7"}},{"type":"Feature","geometry":{"type":"Point","coordinates":[28.45294,36.85174]},"properties":{"depth":0.9,"label":"0.9"}},{"type":"Feature","geometry":{"type":"Point","coordinates":[28.46649,36.85487]},"properties":{"depth":0.2,"label":"0.2"}},{"type":"Feature","geometry":{"type":"Point","coordinates":[27.96602,36.84235]},"properties":{"depth":113.0,"label":"113"}},{"type":"Feature","geometry":{"type":"Point","coordinates":[27.97436,36.84965]},"properties":{"depth":82.4,"label":"82"}},{"type":"Feature","geometry":{"type":"Point","coordinates":[27.9827,36.84965]},"properties":{"depth":64.2,"label":"64"}},{"type":"Feature","geometry":{"type":"Point","coordinates":[27.99104,36.84965]},"properties":{"depth":40.1,"label":"40"}},{"type":"Feature","geometry":{"type":"Point","coordinates":[27.99938,36.84965]},"properties":{"depth":12.7,"label":"13"}},{"type":"Feature","geometry":{"type":"Point","coordinates":[28.00564,36.84965]},"properties":{"depth":1.6,"label":"1.6"}},{"type":"Feature","geometry":{"type":"Point","coordinates":[28.25796,36.84235]},"properties":{"depth":0.4,"label":"0.4"}},{"type":"Feature","geometry":{"type":"Point","coordinates":[28.39246,36.84965]},"properties":{"depth":5.8,"label":"5.8"}},{"type":"Feature","geometry":{"type":"Point","coordinates":[28.4081,36.84235]},"properties":{"depth":4.6,"label":"4.6"}},{"type":"Feature","geometry":{"type":"Point","coordinates":[28.40915,36.84235]},"properties":{"depth":5.3,"label":"5.3"}},{"type":"Feature","geometry":{"type":"Point","coordinates":[28.42479,36.84235]},"properties":{"depth":11.7,"label":"12"}},{"type":"Feature","geometry":{"type":"Point","coordinates":[28.42583,36.84235]},"properties":{"depth":11.4,"label":"11"}},{"type":"Feature","geometry":{"type":"Point","coordinates":[28.44147,36.84965]},"properties":{"depth":14.5,"label":"14"}},{"type":"Feature","geometry":{"type":"Point","coordinates":[28.44981,36.84757]},"properties":{"depth":1.6,"label":"1.6"}},{"type":"Feature","geometry":{"type":"Point","coordinates":[28.4519,36.84965]},"properties":{"depth":0.5,"label":"0.5"}},{"type":"Feature","geometry":{"type":"Point","coordinates":[27.95768,36.83401]},"properties":{"depth":116.7,"label":"117"}},{"type":"Feature","geometry":{"type":"Point","coordinates":[27.96602,36.83401]},"properties":{"depth":106.3,"label":"106"}},{"type":"Feature","geometry":{"type":"Point","coordinates":[27.97436,36.84131]},"properties":{"depth":99.5,"label":"100"}},{"type":"Feature","geometry":{"type":"Point","coordinates":[27.9827,36.83401]},"properties":{"depth":86.7,"label":"87"}},{"type":"Feature","geometry":{"type":"Point","coordinates":[27.99104,36.83401]},"properties":{"depth":47.4,"label":"47"}},{"type":"Feature","geometry":{"type":"Point","coordinates":[27.99938,36.83401]},"properties":{"depth":8.5,"label":"8.5"}},{"type":"Feature","geometry":{"type":"Point","coordinates":[28.00251,36.83713]},"properties":{"depth":0.4,"label":"0.4"}},{"type":"Feature","geometry":{"type":"Point","coordinates":[28.25171,36.83609]},"properties":{"depth":0.3,"label":"0.3"}},{"type":"Feature","geometry":{"type":"Point","coordinates":[28.259,36.84131]},"properties":{"depth":2.2,"label":"2.2"}},{"type":"Feature","geometry":{"type":"Point","coordinates":[28.26735,36.84131]},"properties":{"depth":11.9,"label":"12"}},{"type":"Feature","geometry":{"type":"Point","coordinates":[28.28299,36.84131]},"properties":{"depth":2.9,"label":"2.9"}},{"type":"Feature","geometry":{"type":"Point","coordinates":[28.28716,36.84131]},"properties":{"depth":0.3,"label":"0.3"}},{"type":"Feature","geometry":{"type":"Point","coordinates":[28.29341,36.83713]},"properties":{"depth":0.2,"label":"0.2"}},{"type":"Feature","geometry":{"type":"Point","coordinates":[28.39664,36.83713]},"properties":{"depth":0.4,"label":"0.4"}},{"type":"Feature","geometry":{"type":"Point","coordinates":[28.40289,36.84026]},"properties":{"depth":0.7,"label":"0.7"}},{"type":"Feature","geometry":{"type":"Point","coordinates":[28.41645,36.83922]},"properties":{"depth":1.0,"label":"1.0"}},{"type":"Feature","geometry":{"type":"Point","coordinates":[28.4227,36.83922]},"properties":{"depth":0.3,"label":"0.3"}},{"type":"Feature","geometry":{"type":"Point","coordinates":[28.42791,36.83713]},"properties":{"depth":0.6,"label":"0.6"}},{"type":"Feature","geometry":{"type":"Point","coordinates":[28.43417,36.83401]},"properties":{"depth":29.3,"label":"29"}},{"type":"Feature","geometry":{"type":"Point","coordinates":[28.44981,36.83401]},"properties":{"depth":0.9,"label":"0.9"}},{"type":"Feature","geometry":{"type":"Point","coordinates":[27.87427,36.82566]},"properties":{"depth":111.5,"label":"111"}},{"type":"Feature","geometry":{"type":"Point","coordinates":[27.88261,36.82566]},"properties":{"depth":90.5,"label":"90"}},{"type":"Feature","geometry":{"type":"Point","coordinates":[27.88886,36.82566]},"properties":{"depth":86.8,"label":"87"}},{"type":"Feature","geometry":{"type":"Point","coordinates":[27.89199,36.82566]},"properties":{"depth":88.5,"label":"88"}},{"type":"Feature","geometry":{"type":"Point","coordinates":[27.90033,36.82566]},"properties":{"depth":111.1,"label":"111"}},{"type":"Feature","geometry":{"type":"Point","coordinates":[27.91597,36.82566]},"properties":{"depth":107.5,"label":"107"}},{"type":"Feature","geometry":{"type":"Point","coordinates":[27.92431,36.82566]},"properties":{"depth":104.0,"label":"104"}},{"type":"Feature","geometry":{"type":"Point","coordinates":[27.92536,36.82566]},"properties":{"depth":104.1,"label":"104"}},{"type":"Feature","geometry":{"type":"Point","coordinates":[27.941,36.82566]},"properties":{"depth":104.8,"label":"105"}},{"type":"Feature","geometry":{"type":"Point","coordinates":[27.94308,36.82566]},"properties":{"depth":104.0,"label":"104"}},{"type":"Feature","geometry":{"type":"Point","coordinates":[27.95768,36.82566]},"properties":{"depth":101.4,"label":"101"}},{"type":"Feature","geometry":{"type":"Point","coordinates":[27.96602,36.82566]},"properties":{"depth":94.9,"label":"95"}},{"type":"Feature","geometry":{"type":"Point","coordinates":[27.97436,36.82566]},"properties":{"depth":86.8,"label":"87"}},{"type":"Feature","geometry":{"type":"Point","coordinates":[27.9827,36.82566]},"properties":{"depth":79.1,"label":"79"}},{"type":"Feature","geometry":{"type":"Point","coordinates":[27.99104,36.83088]},"properties":{"depth":45.4,"label":"45"}},{"type":"Feature","geometry":{"type":"Point","coordinates":[27.99938,36.83296]},"properties":{"depth":9.4,"label":"9.4"}},{"type":"Feature","geometry":{"type":"Point","coordinates":[28.02024,36.82566]},"properties":{"depth":0.2,"label":"0.2"}},{"type":"Feature","geometry":{"type":"Point","coordinates":[28.24545,36.8267]},"properties":{"depth":0.3,"label":"0.3"}},{"type":"Feature","geometry":{"type":"Point","coordinates":[28.25066,36.83296]},"properties":{"depth":3.1,"label":"3.1"}},{"type":"Feature","geometry":{"type":"Point","coordinates":[28.259,36.83296]},"properties":{"depth":16.5,"label":"17"}},{"type":"Feature","geometry":{"type":"Point","coordinates":[28.27464,36.82566]},"properties":{"depth":11.8,"label":"12"}},{"type":"Feature","geometry":{"type":"Point","coordinates":[28.27882,36.82566]},"properties":{"depth":7.2,"label":"7.2"}},{"type":"Feature","geometry":{"type":"Point","coordinates":[28.29133,36.83296]},"properties":{"depth":6.6,"label":"6.6"}},{"type":"Feature","geometry":{"type":"Point","coordinates":[28.29863,36.82983]},"properties":{"depth":0.4,"label":"0.4"}},{"type":"Feature","geometry":{"type":"Point","coordinates":[28.42791,36.83296]},"properties":{"depth":0.2,"label":"0.2"}},{"type":"Feature","geometry":{"type":"Point","coordinates":[28.43417,36.83296]},"properties":{"depth":29.8,"label":"30"}},{"type":"Feature","geometry":{"type":"Point","coordinates":[28.44981,36.83088]},"properties":{"depth":0.7,"label":"0.7"}},{"type":"Feature","geometry":{"type":"Point","coordinates":[28.56346,36.82566]},"properties":{"depth":0.4,"label":"0.4"}},{"type":"Feature","geometry":{"type":"Point","coordinates":[27.62403,36.81732]},"properties":{"depth":106.3,"label":"106"}},{"type":"Feature","geometry":{"type":"Point","coordinates":[27.63237,36.81732]},"properties":{"depth":67.6,"label":"68"}},{"type":"Feature","geometry":{"type":"Point","coordinates":[27.63967,36.81732]},"properties":{"depth":53.2,"label":"53"}},{"type":"Feature","geometry":{"type":"Point","coordinates":[27.64175,36.81732]},"properties":{"depth":54.6,"label":"55"}},{"type":"Feature","geometry":{"type":"Point","coordinates":[27.65009,36.81732]},"properties":{"depth":93.5,"label":"94"}},{"type":"Feature","geometry":{"type":"Point","coordinates":[27.80754,36.81732]},"properties":{"depth":92.8,"label":"93"}},{"type":"Feature","geometry":{"type":"Point","coordinates":[27.81588,36.81732]},"properties":{"depth":49.6,"label":"50"}},{"type":"Feature","geometry":{"type":"Point","coordinates":[27.82422,36.81732]},"properties":{"depth":47.2,"label":"47"}},{"type":"Feature","geometry":{"type":"Point","coordinates":[27.82526,36.81732]},"properties":{"depth":46.8,"label":"47"}},{"type":"Feature","geometry":{"type":"Point","coordinates":[27.8336,36.81732]},"properties":{"depth":68.6,"label":"69"}},{"type":"Feature","geometry":{"type":"Point","coordinates":[27.84194,36.81732]},"properties":{"depth":98.9,"label":"99"}},{"type":"Feature","geometry":{"type":"Point","coordinates":[27.86592,36.81732]},"properties":{"depth":96.6,"label":"97"}},{"type":"Feature","geometry":{"type":"Point","coordinates":[27.87427,36.81732]},"properties":{"depth":66.9,"label":"67"}},{"type":"Feature","geometry":{"type":"Point","coordinates":[27.88261,36.81732]},"properties":{"depth":45.3,"label":"45"}},{"type":"Feature","geometry":{"type":"Point","coordinates":[27.89095,36.81732]},"properties":{"depth":38.4,"label":"38"}},{"type":"Feature","geometry":{"type":"Point","coordinates":[27.89199,36.81732]},"properties":{"depth":38.5,"label":"39"}},{"type":"Feature","geometry":{"type":"Point","coordinates":[27.90033,36.81732]},"properties":{"depth":48.1,"label":"48"}},{"type":"Feature","geometry":{"type":"Point","coordinates":[27.90867,36.81732]},"properties":{"depth":50.1,"label":"50"}},{"type":"Feature","geometry":{"type":"Point","coordinates":[27.91701,36.81732]},"properties":{"depth":54.7,"label":"55"}},{"type":"Feature","geometry":{"type":"Point","coordinates":[27.92536,36.81732]},"properties":{"depth":65.3,"label":"65"}},{"type":"Feature","geometry":{"type":"Point","coordinates":[27.9337,36.81732]},"properties":{"depth":72.2,"label":"72"}},{"type":"Feature","geometry":{"type":"Point","coordinates":[27.94204,36.81732]},"properties":{"depth":75.7,"label":"76"}},{"type":"Feature","geometry":{"type":"Point","coordinates":[27.95768,36.81732]},"properties":{"depth":81.1,"label":"81"}},{"type":"Feature","geometry":{"type":"Point","coordinates":[27.96498,36.81732]},"properties":{"depth":76.0,"label":"76"}},{"type":"Feature","geometry":{"type":"Point","coordinates":[27.97436,36.81732]},"properties":{"depth":73.3,"label":"73"}},{"type":"Feature","geometry":{"type":"Point","coordinates":[27.9827,36.81732]},"properties":{"depth":62.0,"label":"62"}},{"type":"Feature","geometry":{"type":"Point","coordinates":[27.98896,36.81732]},"properties":{"depth":58.7,"label":"59"}},{"type":"Feature","geometry":{"type":"Point","coordinates":[27.99938,36.82462]},"properties":{"depth":36.1,"label":"36"}},{"type":"Feature","geometry":{"type":"Point","coordinates":[28.00773,36.82462]},"properties":{"depth":21.2,"label":"21"}},{"type":"Feature","geometry":{"type":"Point","coordinates":[28.01607,36.82462]},"properties":{"depth":6.0,"label":"6.0"}},{"type":"Feature","geometry":{"type":"Point","coordinates":[28.02024,36.82462]},"properties":{"depth":2.2,"label":"2.2"}},{"type":"Feature","geometry":{"type":"Point","coordinates":[28.02545,36.82462]},"properties":{"depth":3.3,"label":"3.3"}},{"type":"Feature","geometry":{"type":"Point","coordinates":[28.04109,36.82462]},"properties":{"depth":7.1,"label":"7.1"}},{"type":"Feature","geometry":{"type":"Point","coordinates":[28.04943,36.82462]},"properties":{"depth":2.4,"label":"2.4"}},{"type":"Feature","geometry":{"type":"Point","coordinates":[28.24545,36.82045]},"properties":{"depth":0.2,"label":"0.2"}},{"type":"Feature","geometry":{"type":"Point","coordinates":[28.25066,36.81836]},"properties":{"depth":4.1,"label":"4.1"}},{"type":"Feature","geometry":{"type":"Point","coordinates":[28.2663,36.81732]},"properties":{"depth":4.5,"label":"4.5"}},{"type":"Feature","geometry":{"type":"Point","coordinates":[28.27464,36.81732]},"properties":{"depth":2.1,"label":"2.1"}},{"type":"Feature","geometry":{"type":"Point","coordinates":[28.29654,36.8194]},"properties":{"depth":0.4,"label":"0.4"}},{"type":"Feature","geometry":{"type":"Point","coordinates":[28.42583,36.82253]},"properties":{"depth":0.3,"label":"0.3"}},{"type":"Feature","geometry":{"type":"Point","coordinates":[28.43417,36.82462]},"properties":{"depth":35.5,"label":"36"}},{"type":"Feature","geometry":{"type":"Point","coordinates":[28.44981,36.82357]},"properties":{"depth":8.9,"label":"8.9"}},{"type":"Feature","geometry":{"type":"Point","coordinates":[28.45502,36.82149]},"properties":{"depth":0.2,"label":"0.2"}},{"type":"Feature","geometry":{"type":"Point","coordinates":[28.56346,36.81836]},"properties":{"depth":0.3,"label":"0.3"}},{"type":"Feature","geometry":{"type":"Point","coordinates":[28.60621,36.82045]},"properties":{"depth":1.0,"label":"1.0"}},{"type":"Feature","geometry":{"type":"Point","coordinates":[27.62403,36.80897]},"properties":{"depth":63.9,"label":"64"}},{"type":"Feature","geometry":{"type":"Point","coordinates":[27.63237,36.80897]},"properties":{"depth":34.9,"label":"35"}},{"type":"Feature","geometry":{"type":"Point","coordinates":[27.63967,36.8121]},"properties":{"depth":2.7,"label":"2.7"}},{"type":"Feature","geometry":{"type":"Point","coordinates":[27.65009,36.80897]},"properties":{"depth":6.8,"label":"6.8"}},{"type":"Feature","geometry":{"type":"Point","coordinates":[27.65844,36.80897]},"properties":{"depth":34.0,"label":"34"}},{"type":"Feature","geometry":{"type":"Point","coordinates":[27.66678,36.80897]},"properties":{"depth":78.0,"label":"78"}},{"type":"Feature","geometry":{"type":"Point","coordinates":[27.67512,36.80897]},"properties":{"depth":95.9,"label":"96"}},{"type":"Feature","geometry":{"type":"Point","coordinates":[27.78251,36.80897]},"properties":{"depth":98.8,"label":"99"}},{"type":"Feature","geometry":{"type":"Point","coordinates":[27.79085,36.80897]},"properties":{"depth":86.1,"label":"86"}},{"type":"Feature","geometry":{"type":"Point","coordinates":[27.79919,36.80897]},"properties":{"depth":31.6,"label":"32"}},{"type":"Feature","geometry":{"type":"Point","coordinates":[27.80441,36.81001]},"properties":{"depth":2.4,"label":"2.4"}},{"type":"Feature","geometry":{"type":"Point","coordinates":[27.81588,36.81419]},"properties":{"depth":0.8,"label":"0.8"}},{"type":"Feature","geometry":{"type":"Point","coordinates":[27.819,36.81419]},"properties":{"depth":0.8,"label":"0.8"}},{"type":"Feature","geometry":{"type":"Point","coordinates":[27.82735,36.81419]},"properties":{"depth":0.7,"label":"0.7"}},{"type":"Feature","geometry":{"type":"Point","coordinates":[27.84507,36.80897]},"properties":{"depth":1.3,"label":"1.3"}},{"type":"Feature","geometry":{"type":"Point","coordinates":[27.85028,36.80897]},"properties":{"depth":18.4,"label":"18"}},{"type":"Feature","geometry":{"type":"Point","coordinates":[27.86592,36.80897]},"properties":{"depth":28.5,"label":"29"}},{"type":"Feature","geometry":{"type":"Point","coordinates":[27.87427,36.80897]},"properties":{"depth":18.6,"label":"19"}},{"type":"Feature","geometry":{"type":"Point","coordinates":[27.88261,36.80897]},"properties":{"depth":1.7,"label":"1.7"}},{"type":"Feature","geometry":{"type":"Point","coordinates":[27.90763,36.81001]},"properties":{"depth":0.4,"label":"0.4"}},{"type":"Feature","geometry":{"type":"Point","coordinates":[27.91076,36.80897]},"properties":{"depth":0.4,"label":"0.4"}},{"type":"Feature","geometry":{"type":"Point","coordinates":[27.91701,36.80897]},"properties":{"depth":16.9,"label":"17"}},{"type":"Feature","geometry":{"type":"Point","coordinates":[27.92536,36.80897]},"properties":{"depth":33.6,"label":"34"}},{"type":"Feature","geometry":{"type":"Point","coordinates":[27.93787,36.80897]},"properties":{"depth":34.4,"label":"34"}},{"type":"Feature","geometry":{"type":"Point","coordinates":[27.94204,36.80897]},"properties":{"depth":36.3,"label":"36"}},{"type":"Feature","geometry":{"type":"Point","coordinates":[27.95768,36.80897]},"properties":{"depth":40.8,"label":"41"}},{"type":"Feature","geometry":{"type":"Point","coordinates":[27.96185,36.80897]},"properties":{"depth":38.5,"label":"39"}},{"type":"Feature","geometry":{"type":"Point","coordinates":[27.96706,36.80897]},"properties":{"depth":40.2,"label":"40"}},{"type":"Feature","geometry":{"type":"Point","coordinates":[27.9827,36.80897]},"properties":{"depth":30.9,"label":"31"}},{"type":"Feature","geometry":{"type":"Point","coordinates":[27.98791,36.80897]},"properties":{"depth":28.8,"label":"29"}},{"type":"Feature","geometry":{"type":"Point","coordinates":[27.99209,36.80897]},"properties":{"depth":29.0,"label":"29"}},{"type":"Feature","geometry":{"type":"Point","coordinates":[28.00773,36.80897]},"properties":{"depth":30.9,"label":"31"}},{"type":"Feature","geometry":{"type":"Point","coordinates":[28.00877,36.80897]},"properties":{"depth":30.7,"label":"31"}},{"type":"Feature","geometry":{"type":"Point","coordinates":[28.02441,36.81627]},"properties":{"depth":29.9,"label":"30"}},{"type":"Feature","geometry":{"type":"Point","coordinates":[28.03066,36.81627]},"properties":{"depth":27.8,"label":"28"}},{"type":"Feature","geometry":{"type":"Point","coordinates":[28.04109,36.80897]},"properties":{"depth":19.2,"label":"19"}},{"type":"Feature","geometry":{"type":"Point","coordinates":[28.04943,36.80897]},"properties":{"depth":6.5,"label":"6.5"}},{"type":"Feature","geometry":{"type":"Point","coordinates":[28.05464,36.80897]},"properties":{"depth":0.3,"label":"0.3"}},{"type":"Feature","geometry":{"type":"Point","coordinates":[28.26735,36.81523]},"properties":{"depth":0.4,"label":"0.4"}},{"type":"Feature","geometry":{"type":"Point","coordinates":[28.31844,36.81314]},"properties":{"depth":0.5,"label":"0.5"}},{"type":"Feature","geometry":{"type":"Point","coordinates":[28.32782,36.80897]},"properties":{"depth":0.6,"label":"0.6"}},{"type":"Feature","geometry":{"type":"Point","coordinates":[28.42583,36.81627]},"properties":{"depth":0.8,"label":"0.8"}},{"type":"Feature","geometry":{"type":"Point","coordinates":[28.43417,36.81627]},"properties":{"depth":39.3,"label":"39"}},{"type":"Feature","geometry":{"type":"Point","coordinates":[28.44981,36.81627]},"properties":{"depth":23.2,"label":"23"}},{"type":"Feature","geometry":{"type":"Point","coordinates":[28.45815,36.81523]},"properties":{"depth":0.9,"label":"0.9"}},{"type":"Feature","geometry":{"type":"Point","coordinates":[28.55095,36.81419]},"properties":{"depth":0.8,"label":"0.8"}},{"type":"Feature","geometry":{"type":"Point","coordinates":[28.56659,36.81627]},"properties":{"depth":2.1,"label":"2.1"}},{"type":"Feature","geometry":{"type":"Point","coordinates":[28.57389,36.81523]},"properties":{"depth":0.2,"label":"0.2"}},{"type":"Feature","geometry":{"type":"Point","coordinates":[28.58118,36.81523]},"properties":{"depth":0.3,"label":"0.3"}},{"type":"Feature","geometry":{"type":"Point","coordinates":[28.58431,36.81523]},"properties":{"depth":0.3,"label":"0.3"}},{"type":"Feature","geometry":{"type":"Point","coordinates":[27.61569,36.80063]},"properties":{"depth":107.1,"label":"107"}},{"type":"Feature","geometry":{"type":"Point","coordinates":[27.62403,36.80063]},"properties":{"depth":8.7,"label":"8.7"}},{"type":"Feature","geometry":{"type":"Point","coordinates":[27.62507,36.80063]},"properties":{"depth":3.9,"label":"3.9"}},{"type":"Feature","geometry":{"type":"Point","coordinates":[27.63967,36.80271]},"properties":{"depth":0.3,"label":"0.3"}},{"type":"Feature","geometry":{"type":"Point","coordinates":[27.65635,36.80688]},"properties":{"depth":0.5,"label":"0.5"}},{"type":"Feature","geometry":{"type":"Point","coordinates":[27.66261,36.80376]},"properties":{"depth":0.2,"label":"0.2"}},{"type":"Feature","geometry":{"type":"Point","coordinates":[27.66678,36.80271]},"properties":{"depth":0.4,"label":"0.4"}},{"type":"Feature","geometry":{"type":"Point","coordinates":[27.67512,36.80271]},"properties":{"depth":1.1,"label":"1.1"}},{"type":"Feature","geometry":{"type":"Point","coordinates":[27.68346,36.80063]},"properties":{"depth":13.1,"label":"13"}},{"type":"Feature","geometry":{"type":"Point","coordinates":[27.6918,36.80063]},"properties":{"depth":89.7,"label":"90"}},{"type":"Feature","geometry":{"type":"Point","coordinates":[27.77417,36.80063]},"properties":{"depth":72.6,"label":"73"}},{"type":"Feature","geometry":{"type":"Point","coordinates":[27.78147,36.80063]},"properties":{"depth":1.8,"label":"1.8"}},{"type":"Feature","geometry":{"type":"Point","coordinates":[27.78877,36.80271]},"properties":{"depth":0.3,"label":"0.3"}},{"type":"Feature","geometry":{"type":"Point","coordinates":[27.79711,36.80584]},"properties":{"depth":0.7,"label":"0.7"}},{"type":"Feature","geometry":{"type":"Point","coordinates":[27.80128,36.80793]},"properties":{"depth":1.4,"label":"1.4"}},{"type":"Feature","geometry":{"type":"Point","coordinates":[27.84924,36.80688]},"properties":{"depth":0.7,"label":"0.7"}},{"type":"Feature","geometry":{"type":"Point","coordinates":[27.85967,36.8048]},"properties":{"depth":0.7,"label":"0.7"}},{"type":"Feature","geometry":{"type":"Point","coordinates":[27.92953,36.80063]},"properties":{"depth":1.3,"label":"1.3"}},{"type":"Feature","geometry":{"type":"Point","coordinates":[27.93682,36.80063]},"properties":{"depth":0.4,"label":"0.4"}},{"type":"Feature","geometry":{"type":"Point","coordinates":[27.94308,36.80063]},"properties":{"depth":0.4,"label":"0.4"}},{"type":"Feature","geometry":{"type":"Point","coordinates":[27.95768,36.80063]},"properties":{"depth":1.1,"label":"1.1"}},{"type":"Feature","geometry":{"type":"Point","coordinates":[27.95872,36.80063]},"properties":{"depth":0.5,"label":"0.5"}},{"type":"Feature","geometry":{"type":"Point","coordinates":[27.96706,36.80063]},"properties":{"depth":5.7,"label":"5.7"}},{"type":"Feature","geometry":{"type":"Point","coordinates":[27.98166,36.80063]},"properties":{"depth":1.0,"label":"1.0"}},{"type":"Feature","geometry":{"type":"Point","coordinates":[27.98791,36.80167]},"properties":{"depth":1.0,"label":"1.0"}},{"type":"Feature","geometry":{"type":"Point","coordinates":[27.99417,36.80063]},"properties":{"depth":0.8,"label":"0.8"}},{"type":"Feature","geometry":{"type":"Point","coordinates":[28.00668,36.80063]},"properties":{"depth":2.8,"label":"2.8"}},{"type":"Feature","geometry":{"type":"Point","coordinates":[28.01502,36.80063]},"properties":{"depth":2.9,"label":"2.9"}},{"type":"Feature","geometry":{"type":"Point","coordinates":[28.01711,36.80063]},"properties":{"depth":4.6,"label":"4.6"}},{"type":"Feature","geometry":{"type":"Point","coordinates":[28.03275,36.80063]},"properties":{"depth":10.0,"label":"10"}},{"type":"Feature","geometry":{"type":"Point","coordinates":[28.04109,36.80167]},"properties":{"depth":0.5,"label":"0.5"}},{"type":"Feature","geometry":{"type":"Point","coordinates":[28.05882,36.8048]},"properties":{"depth":0.5,"label":"0.5"}},{"type":"Feature","geometry":{"type":"Point","coordinates":[28.31009,36.80063]},"properties":{"depth":0.4,"label":"0.4"}},{"type":"Feature","geometry":{"type":"Point","coordinates":[28.32469,36.80793]},"properties":{"depth":5.2,"label":"5.2"}},{"type":"Feature","geometry":{"type":"Point","coordinates":[28.33303,36.80793]},"properties":{"depth":0.6,"label":"0.6"}},{"type":"Feature","geometry":{"type":"Point","coordinates":[28.33825,36.80584]},"properties":{"depth":0.3,"label":"0.3"}},{"type":"Feature","geometry":{"type":"Point","coordinates":[28.35493,36.80271]},"properties":{"depth":0.3,"label":"0.3"}},{"type":"Feature","geometry":{"type":"Point","coordinates":[28.41749,36.80793]},"properties":{"depth":1.0,"label":"1.0"}},{"type":"Feature","geometry":{"type":"Point","coordinates":[28.42583,36.80793]},"properties":{"depth":14.9,"label":"15"}},{"type":"Feature","geometry":{"type":"Point","coordinates":[28.43417,36.80793]},"properties":{"depth":47.4,"label":"47"}},{"type":"Feature","geometry":{"type":"Point","coordinates":[28.44981,36.80793]},"properties":{"depth":44.7,"label":"45"}},{"type":"Feature","geometry":{"type":"Point","coordinates":[28.45815,36.80793]},"properties":{"depth":14.9,"label":"15"}},{"type":"Feature","geometry":{"type":"Point","coordinates":[28.46441,36.80793]},"properties":{"depth":8.0,"label":"8.0"}},{"type":"Feature","geometry":{"type":"Point","coordinates":[28.46754,36.80793]},"properties":{"depth":9.0,"label":"9.0"}},{"type":"Feature","geometry":{"type":"Point","coordinates":[28.48318,36.80271]},"properties":{"depth":14.1,"label":"14"}},{"type":"Feature","geometry":{"type":"Point","coordinates":[28.48943,36.80376]},"properties":{"depth":1.3,"label":"1.3"}},{"type":"Feature","geometry":{"type":"Point","coordinates":[28.49464,36.8048]},"properties":{"depth":0.4,"label":"0.4"}},{"type":"Feature","geometry":{"type":"Point","coordinates":[28.54261,36.80793]},"properties":{"depth":4.4,"label":"4.4"}},{"type":"Feature","geometry":{"type":"Point","coordinates":[28.55095,36.80793]},"properties":{"depth":13.3,"label":"13"}},{"type":"Feature","geometry":{"type":"Point","coordinates":[28.56659,36.80793]},"properties":{"depth":27.2,"label":"27"}},{"type":"Feature","geometry":{"type":"Point","coordinates":[28.57493,36.80793]},"properties":{"depth":20.0,"label":"20"}},{"type":"Feature","geometry":{"type":"Point","coordinates":[28.58014,36.80793]},"properties":{"depth":17.4,"label":"17"}},{"type":"Feature","geometry":{"type":"Point","coordinates":[28.59161,36.8048]},"properties":{"depth":1.8,"label":"1.8"}},{"type":"Feature","geometry":{"type":"Point","coordinates":[28.5937,36.80376]},"properties":{"depth":0.2,"label":"0.2"}},{"type":"Feature","geometry":{"type":"Point","coordinates":[27.61569,36.79228]},"properties":{"depth":72.2,"label":"72"}},{"type":"Feature","geometry":{"type":"Point","coordinates":[27.68242,36.79854]},"properties":{"depth":0.6,"label":"0.6"}},{"type":"Feature","geometry":{"type":"Point","coordinates":[27.68346,36.79645]},"properties":{"depth":0.9,"label":"0.9"}},{"type":"Feature","geometry":{"type":"Point","coordinates":[27.6918,36.79228]},"properties":{"depth":34.3,"label":"34"}},{"type":"Feature","geometry":{"type":"Point","coordinates":[27.70744,36.79228]},"properties":{"depth":51.0,"label":"51"}},{"type":"Feature","geometry":{"type":"Point","coordinates":[27.71265,36.79228]},"properties":{"depth":47.0,"label":"47"}},{"type":"Feature","geometry":{"type":"Point","coordinates":[27.71682,36.79228]},"properties":{"depth":53.2,"label":"53"}},{"type":"Feature","geometry":{"type":"Point","coordinates":[27.72517,36.79228]},"properties":{"depth":58.1,"label":"58"}},{"type":"Feature","geometry":{"type":"Point","coordinates":[27.74081,36.79228]},"properties":{"depth":58.0,"label":"58"}},{"type":"Feature","geometry":{"type":"Point","coordinates":[27.74915,36.79228]},"properties":{"depth":39.9,"label":"40"}},{"type":"Feature","geometry":{"type":"Point","coordinates":[27.75749,36.79228]},"properties":{"depth":23.8,"label":"24"}},{"type":"Feature","geometry":{"type":"Point","coordinates":[27.76583,36.79228]},"properties":{"depth":22.0,"label":"22"}},{"type":"Feature","geometry":{"type":"Point","coordinates":[27.77417,36.79228]},"properties":{"depth":5.0,"label":"5.0"}},{"type":"Feature","geometry":{"type":"Point","coordinates":[27.9264,36.79958]},"properties":{"depth":0.7,"label":"0.7"}},{"type":"Feature","geometry":{"type":"Point","coordinates":[27.94829,36.79958]},"properties":{"depth":1.1,"label":"1.1"}},{"type":"Feature","geometry":{"type":"Point","coordinates":[27.95664,36.79958]},"properties":{"depth":0.5,"label":"0.5"}},{"type":"Feature","geometry":{"type":"Point","coordinates":[27.96498,36.79958]},"properties":{"depth":0.9,"label":"0.9"}},{"type":"Feature","geometry":{"type":"Point","coordinates":[27.96915,36.7975]},"properties":{"depth":0.5,"label":"0.5"}},{"type":"Feature","geometry":{"type":"Point","coordinates":[27.98062,36.79958]},"properties":{"depth":0.5,"label":"0.5"}},{"type":"Feature","geometry":{"type":"Point","coordinates":[27.99521,36.79958]},"properties":{"depth":0.5,"label":"0.5"}},{"type":"Feature","geometry":{"type":"Point","coordinates":[28.00773,36.7975]},"properties":{"depth":0.4,"label":"0.4"}},{"type":"Feature","geometry":{"type":"Point","coordinates":[28.039,36.79854]},"properties":{"depth":0.3,"label":"0.3"}},{"type":"Feature","geometry":{"type":"Point","coordinates":[28.10052,36.79958]},"properties":{"depth":0.7,"label":"0.7"}},{"type":"Feature","geometry":{"type":"Point","coordinates":[28.11512,36.79958]},"properties":{"depth":1.8,"label":"1.8"}},{"type":"Feature","geometry":{"type":"Point","coordinates":[28.26943,36.79854]},"properties":{"depth":0.2,"label":"0.2"}},{"type":"Feature","geometry":{"type":"Point","coordinates":[28.28299,36.79228]},"properties":{"depth":0.4,"label":"0.4"}},{"type":"Feature","geometry":{"type":"Point","coordinates":[28.31739,36.79541]},"properties":{"depth":5.0,"label":"5.0"}},{"type":"Feature","geometry":{"type":"Point","coordinates":[28.33303,36.79958]},"properties":{"depth":20.2,"label":"20"}},{"type":"Feature","geometry":{"type":"Point","coordinates":[28.33408,36.79958]},"properties":{"depth":19.6,"label":"20"}},{"type":"Feature","geometry":{"type":"Point","coordinates":[28.34972,36.79958]},"properties":{"depth":15.7,"label":"16"}},{"type":"Feature","geometry":{"type":"Point","coordinates":[28.35597,36.79958]},"properties":{"depth":2.1,"label":"2.1"}},{"type":"Feature","geometry":{"type":"Point","coordinates":[28.36536,36.79437]},"properties":{"depth":0.8,"label":"0.8"}},{"type":"Feature","geometry":{"type":"Point","coordinates":[28.37265,36.79437]},"properties":{"depth":0.2,"label":"0.2"}},{"type":"Feature","geometry":{"type":"Point","coordinates":[28.41436,36.7975]},"properties":{"depth":0.3,"label":"0.3"}},{"type":"Feature","geometry":{"type":"Point","coordinates":[28.41749,36.79958]},"properties":{"depth":8.3,"label":"8.3"}},{"type":"Feature","geometry":{"type":"Point","coordinates":[28.42583,36.79958]},"properties":{"depth":44.6,"label":"45"}},{"type":"Feature","geometry":{"type":"Point","coordinates":[28.43938,36.79228]},"properties":{"depth":53.8,"label":"54"}},{"type":"Feature","geometry":{"type":"Point","coordinates":[28.44251,36.79228]},"properties":{"depth":63.2,"label":"63"}},{"type":"Feature","geometry":{"type":"Point","coordinates":[28.45815,36.79958]},"properties":{"depth":63.8,"label":"64"}},{"type":"Feature","geometry":{"type":"Point","coordinates":[28.46649,36.79958]},"properties":{"depth":48.3,"label":"48"}},{"type":"Feature","geometry":{"type":"Point","coordinates":[28.47483,36.79958]},"properties":{"depth":40.8,"label":"41"}},{"type":"Feature","geometry":{"type":"Point","coordinates":[28.48318,36.79958]},"properties":{"depth":19.5,"label":"20"}},{"type":"Feature","geometry":{"type":"Point","coordinates":[28.48839,36.79854]},"properties":{"depth":1.7,"label":"1.7"}},{"type":"Feature","geometry":{"type":"Point","coordinates":[28.49673,36.79645]},"properties":{"depth":0.4,"label":"0.4"}},{"type":"Feature","geometry":{"type":"Point","coordinates":[28.5082,36.79228]},"properties":{"depth":0.5,"label":"0.5"}},{"type":"Feature","geometry":{"type":"Point","coordinates":[28.51863,36.79437]},"properties":{"depth":1.1,"label":"1.1"}},{"type":"Feature","geometry":{"type":"Point","coordinates":[28.54365,36.79437]},"properties":{"depth":0.2,"label":"0.2"}},{"type":"Feature","geometry":{"type":"Point","coordinates":[28.55095,36.79228]},"properties":{"depth":25.1,"label":"25"}},{"type":"Feature","geometry":{"type":"Point","coordinates":[28.55929,36.79958]},"properties":{"depth":51.4,"label":"51"}},{"type":"Feature","geometry":{"type":"Point","coordinates":[28.57493,36.79958]},"properties":{"depth":52.6,"label":"53"}},{"type":"Feature","geometry":{"type":"Point","coordinates":[28.58327,36.79958]},"properties":{"depth":29.0,"label":"29"}},{"type":"Feature","geometry":{"type":"Point","coordinates":[28.59161,36.79958]},"properties":{"depth":4.6,"label":"4.6"}},{"type":"Feature","geometry":{"type":"Point","coordinates":[28.64583,36.79958]},"properties":{"depth":0.3,"label":"0.3"}},{"type":"Feature","geometry":{"type":"Point","coordinates":[27.61569,36.79019]},"properties":{"depth":63.1,"label":"63"}},{"type":"Feature","geometry":{"type":"Point","coordinates":[27.62403,36.79124]},"properties":{"depth":0.3,"label":"0.3"}},{"type":"Feature","geometry":{"type":"Point","coordinates":[27.62507,36.78394]},"properties":{"depth":1.4,"label":"1.4"}},{"type":"Feature","geometry":{"type":"Point","coordinates":[27.68867,36.78915]},"properties":{"depth":0.6,"label":"0.6"}},{"type":"Feature","geometry":{"type":"Point","coordinates":[27.69493,36.78707]},"properties":{"depth":0.3,"label":"0.3"}},{"type":"Feature","geometry":{"type":"Point","coordinates":[27.70118,36.78707]},"properties":{"depth":0.7,"label":"0.7"}},{"type":"Feature","geometry":{"type":"Point","coordinates":[27.72204,36.78602]},"properties":{"depth":0.8,"label":"0.8"}},{"type":"Feature","geometry":{"type":"Point","coordinates":[27.74393,36.78707]},"properties":{"depth":0.3,"label":"0.3"}},{"type":"Feature","geometry":{"type":"Point","coordinates":[27.7554,36.79019]},"properties":{"depth":0.8,"label":"0.8"}},{"type":"Feature","geometry":{"type":"Point","coordinates":[27.76374,36.79019]},"properties":{"depth":0.2,"label":"0.2"}},{"type":"Feature","geometry":{"type":"Point","coordinates":[27.77209,36.79019]},"properties":{"depth":0.6,"label":"0.6"}},{"type":"Feature","geometry":{"type":"Point","coordinates":[28.08384,36.78394]},"properties":{"depth":0.8,"label":"0.8"}},{"type":"Feature","geometry":{"type":"Point","coordinates":[28.09218,36.79124]},"properties":{"depth":4.8,"label":"4.8"}},{"type":"Feature","geometry":{"type":"Point","coordinates":[28.10052,36.79124]},"properties":{"depth":20.9,"label":"21"}},{"type":"Feature","geometry":{"type":"Point","coordinates":[28.11616,36.79124]},"properties":{"depth":17.0,"label":"17"}},{"type":"Feature","geometry":{"type":"Point","coordinates":[28.12346,36.78602]},"properties":{"depth":0.2,"label":"0.2"}},{"type":"Feature","geometry":{"type":"Point","coordinates":[28.259,36.79124]},"properties":{"depth":1.0,"label":"1.0"}},{"type":"Feature","geometry":{"type":"Point","coordinates":[28.26735,36.79124]},"properties":{"depth":5.8,"label":"5.8"}},{"type":"Feature","geometry":{"type":"Point","coordinates":[28.28299,36.79124]},"properties":{"depth":1.4,"label":"1.4"}},{"type":"Feature","geometry":{"type":"Point","coordinates":[28.29237,36.79019]},"properties":{"depth":1.6,"label":"1.6"}},{"type":"Feature","geometry":{"type":"Point","coordinates":[28.30801,36.79124]},"properties":{"depth":5.7,"label":"5.7"}},{"type":"Feature","geometry":{"type":"Point","coordinates":[28.31218,36.79124]},"properties":{"depth":5.1,"label":"5.1"}},{"type":"Feature","geometry":{"type":"Point","coordinates":[28.31739,36.79124]},"properties":{"depth":12.2,"label":"12"}},{"type":"Feature","geometry":{"type":"Point","coordinates":[28.32573,36.79124]},"properties":{"depth":41.3,"label":"41"}},{"type":"Feature","geometry":{"type":"Point","coordinates":[28.3372,36.79124]},"properties":{"depth":53.1,"label":"53"}},{"type":"Feature","geometry":{"type":"Point","coordinates":[28.34972,36.79124]},"properties":{"depth":40.9,"label":"41"}},{"type":"Feature","geometry":{"type":"Point","coordinates":[28.35806,36.79124]},"properties":{"depth":23.3,"label":"23"}},{"type":"Feature","geometry":{"type":"Point","coordinates":[28.3664,36.79124]},"properties":{"depth":11.4,"label":"11"}},{"type":"Feature","geometry":{"type":"Point","coordinates":[28.37474,36.79124]},"properties":{"depth":7.9,"label":"7.9"}},{"type":"Feature","geometry":{"type":"Point","coordinates":[28.40915,36.78811]},"properties":{"depth":0.9,"label":"0.9"}},{"type":"Feature","geometry":{"type":"Point","coordinates":[28.41749,36.79124]},"properties":{"depth":29.7,"label":"30"}},{"type":"Feature","geometry":{"type":"Point","coordinates":[28.43313,36.78394]},"properties":{"depth":34.6,"label":"35"}},{"type":"Feature","geometry":{"type":"Point","coordinates":[28.44147,36.78394]},"properties":{"depth":13.2,"label":"13"}},{"type":"Feature","geometry":{"type":"Point","coordinates":[28.44355,36.78394]},"properties":{"depth":10.1,"label":"10"}},{"type":"Feature","geometry":{"type":"Point","coordinates":[28.45085,36.78394]},"properties":{"depth":43.7,"label":"44"}},{"type":"Feature","geometry":{"type":"Point","coordinates":[28.45919,36.78394]},"properties":{"depth":75.6,"label":"76"}},{"type":"Feature","geometry":{"type":"Point","coordinates":[28.47483,36.79124]},"properties":{"depth":73.8,"label":"74"}},{"type":"Feature","geometry":{"type":"Point","coordinates":[28.48318,36.79124]},"properties":{"depth":46.8,"label":"47"}},{"type":"Feature","geometry":{"type":"Point","coordinates":[28.49152,36.79124]},"properties":{"depth":28.0,"label":"28"}},{"type":"Feature","geometry":{"type":"Point","coordinates":[28.49986,36.79019]},"properties":{"depth":3.1,"label":"3.1"}},{"type":"Feature","geometry":{"type":"Point","coordinates":[28.5009,36.79019]},"properties":{"depth":0.4,"label":"0.4"}},{"type":"Feature","geometry":{"type":"Point","coordinates":[28.50924,36.79124]},"properties":{"depth":4.6,"label":"4.6"}},{"type":"Feature","geometry":{"type":"Point","coordinates":[28.52801,36.78811]},"properties":{"depth":0.3,"label":"0.3"}},{"type":"Feature","geometry":{"type":"Point","coordinates":[28.54052,36.78498]},"properties":{"depth":0.3,"label":"0.3"}},{"type":"Feature","geometry":{"type":"Point","coordinates":[28.54365,36.79019]},"properties":{"depth":0.2,"label":"0.2"}},{"type":"Feature","geometry":{"type":"Point","coordinates":[28.55095,36.79019]},"properties":{"depth":24.9,"label":"25"}},{"type":"Feature","geometry":{"type":"Point","coordinates":[28.55929,36.78811]},"properties":{"depth":53.9,"label":"54"}},{"type":"Feature","geometry":{"type":"Point","coordinates":[28.57493,36.78394]},"properties":{"depth":63.6,"label":"64"}},{"type":"Feature","geometry":{"type":"Point","coordinates":[28.58327,36.79124]},"properties":{"depth":39.5,"label":"40"}},{"type":"Feature","geometry":{"type":"Point","coordinates":[28.59161,36.79124]},"properties":{"depth":20.5,"label":"20"}},{"type":"Feature","geometry":{"type":"Point","coordinates":[28.59995,36.79124]},"properties":{"depth":10.0,"label":"10.0"}},{"type":"Feature","geometry":{"type":"Point","coordinates":[28.60829,36.79124]},"properties":{"depth":7.2,"label":"7.2"}},{"type":"Feature","geometry":{"type":"Point","coordinates":[28.61664,36.79124]},"properties":{"depth":0.8,"label":"0.8"}},{"type":"Feature","geometry":{"type":"Point","coordinates":[28.63645,36.78915]},"properties":{"depth":0.8,"label":"0.8"}},{"type":"Feature","geometry":{"type":"Point","coordinates":[28.65,36.79124]},"properties":{"depth":2.9,"label":"2.9"}},{"type":"Feature","geometry":{"type":"Point","coordinates":[27.599,36.77559]},"properties":{"depth":103.8,"label":"104"}},{"type":"Feature","geometry":{"type":"Point","coordinates":[27.60735,36.77559]},"properties":{"depth":78.4,"label":"78"}},{"type":"Feature","geometry":{"type":"Point","coordinates":[27.61569,36.77559]},"properties":{"depth":18.4,"label":"18"}},{"type":"Feature","geometry":{"type":"Point","coordinates":[27.62299,36.77663]},"properties":{"depth":0.7,"label":"0.7"}},{"type":"Feature","geometry":{"type":"Point","coordinates":[28.08175,36.77976]},"properties":{"depth":0.2,"label":"0.2"}},{"type":"Feature","geometry":{"type":"Point","coordinates":[28.08384,36.78289]},"properties":{"depth":1.2,"label":"1.2"}},{"type":"Feature","geometry":{"type":"Point","coordinates":[28.09948,36.77559]},"properties":{"depth":24.8,"label":"25"}},{"type":"Feature","geometry":{"type":"Point","coordinates":[28.10782,36.77559]},"properties":{"depth":12.3,"label":"12"}},{"type":"Feature","geometry":{"type":"Point","coordinates":[28.11199,36.77559]},"properties":{"depth":0.3,"label":"0.3"}},{"type":"Feature","geometry":{"type":"Point","coordinates":[28.12137,36.77976]},"properties":{"depth":0.4,"label":"0.4"}},{"type":"Feature","geometry":{"type":"Point","coordinates":[28.25692,36.77872]},"properties":{"depth":0.3,"label":"0.3"}},{"type":"Feature","geometry":{"type":"Point","coordinates":[28.259,36.77872]},"properties":{"depth":4.6,"label":"4.6"}},{"type":"Feature","geometry":{"type":"Point","coordinates":[28.26735,36.77559]},"properties":{"depth":25.6,"label":"26"}},{"type":"Feature","geometry":{"type":"Point","coordinates":[28.28299,36.78289]},"properties":{"depth":29.2,"label":"29"}},{"type":"Feature","geometry":{"type":"Point","coordinates":[28.29028,36.78289]},"properties":{"depth":22.8,"label":"23"}},{"type":"Feature","geometry":{"type":"Point","coordinates":[28.29237,36.78289]},"properties":{"depth":23.4,"label":"23"}},{"type":"Feature","geometry":{"type":"Point","coordinates":[28.30801,36.78289]},"properties":{"depth":34.1,"label":"34"}},{"type":"Feature","geometry":{"type":"Point","coordinates":[28.30905,36.78289]},"properties":{"depth":34.2,"label":"34"}},{"type":"Feature","geometry":{"type":"Point","coordinates":[28.31739,36.78289]},"properties":{"depth":39.5,"label":"40"}},{"type":"Feature","geometry":{"type":"Point","coordinates":[28.32573,36.78289]},"properties":{"depth":56.8,"label":"57"}},{"type":"Feature","geometry":{"type":"Point","coordinates":[28.33408,36.78289]},"properties":{"depth":75.4,"label":"75"}},{"type":"Feature","geometry":{"type":"Point","coordinates":[28.34972,36.78289]},"properties":{"depth":68.1,"label":"68"}},{"type":"Feature","geometry":{"type":"Point","coordinates":[28.35806,36.78289]},"properties":{"depth":53.4,"label":"53"}},{"type":"Feature","geometry":{"type":"Point","coordinates":[28.3664,36.78289]},"properties":{"depth":44.4,"label":"44"}},{"type":"Feature","geometry":{"type":"Point","coordinates":[28.37474,36.78289]},"properties":{"depth":26.9,"label":"27"}},{"type":"Feature","geometry":{"type":"Point","coordinates":[28.38308,36.78289]},"properties":{"depth":8.1,"label":"8.1"}},{"type":"Feature","geometry":{"type":"Point","coordinates":[28.38412,36.78289]},"properties":{"depth":8.7,"label":"8.7"}},{"type":"Feature","geometry":{"type":"Point","coordinates":[28.39768,36.78289]},"properties":{"depth":2.8,"label":"2.8"}},{"type":"Feature","geometry":{"type":"Point","coordinates":[28.40081,36.78289]},"properties":{"depth":3.4,"label":"3.4"}},{"type":"Feature","geometry":{"type":"Point","coordinates":[28.40915,36.78289]},"properties":{"depth":15.6,"label":"16"}},{"type":"Feature","geometry":{"type":"Point","coordinates":[28.42479,36.77559]},"properties":{"depth":44.3,"label":"44"}},{"type":"Feature","geometry":{"type":"Point","coordinates":[28.43313,36.77559]},"properties":{"depth":7.1,"label":"7.1"}},{"type":"Feature","geometry":{"type":"Point","coordinates":[28.43521,36.77559]},"properties":{"depth":0.7,"label":"0.7"}},{"type":"Feature","geometry":{"type":"Point","coordinates":[28.45085,36.77559]},"properties":{"depth":26.5,"label":"27"}},{"type":"Feature","geometry":{"type":"Point","coordinates":[28.45919,36.77663]},"properties":{"depth":67.6,"label":"68"}},{"type":"Feature","geometry":{"type":"Point","coordinates":[28.47483,36.78289]},"properties":{"depth":97.0,"label":"97"}},{"type":"Feature","geometry":{"type":"Point","coordinates":[28.48318,36.78289]},"properties":{"depth":81.8,"label":"82"}},{"type":"Feature","geometry":{"type":"Point","coordinates":[28.49152,36.78289]},"properties":{"depth":60.0,"label":"60"}},{"type":"Feature","geometry":{"type":"Point","coordinates":[28.49986,36.78289]},"properties":{"depth":37.7,"label":"38"}},{"type":"Feature","geometry":{"type":"Point","coordinates":[28.50611,36.78289]},"properties":{"depth":33.0,"label":"33"}},{"type":"Feature","geometry":{"type":"Point","coordinates":[28.51654,36.78289]},"properties":{"depth":23.6,"label":"24"}},{"type":"Feature","geometry":{"type":"Point","coordinates":[28.52071,36.78289]},"properties":{"depth":18.3,"label":"18"}},{"type":"Feature","geometry":{"type":"Point","coordinates":[28.53322,36.78289]},"properties":{"depth":5.7,"label":"5.7"}},{"type":"Feature","geometry":{"type":"Point","coordinates":[28.53739,36.78289]},"properties":{"depth":3.9,"label":"3.9"}},{"type":"Feature","geometry":{"type":"Point","coordinates":[28.54261,36.78289]},"properties":{"depth":11.0,"label":"11"}},{"type":"Feature","geometry":{"type":"Point","coordinates":[28.55095,36.78289]},"properties":{"depth":32.7,"label":"33"}},{"type":"Feature","geometry":{"type":"Point","coordinates":[28.55929,36.78289]},"properties":{"depth":57.4,"label":"57"}},{"type":"Feature","geometry":{"type":"Point","coordinates":[28.57493,36.78185]},"properties":{"depth":62.8,"label":"63"}},{"type":"Feature","geometry":{"type":"Point","coordinates":[28.58327,36.78289]},"properties":{"depth":55.1,"label":"55"}},{"type":"Feature","geometry":{"type":"Point","coordinates":[28.59161,36.78289]},"properties":{"depth":42.4,"label":"42"}},{"type":"Feature","geometry":{"type":"Point","coordinates":[28.59995,36.78289]},"properties":{"depth":32.6,"label":"33"}},{"type":"Feature","geometry":{"type":"Point","coordinates":[28.60829,36.77976]},"properties":{"depth":16.9,"label":"17"}},{"type":"Feature","geometry":{"type":"Point","coordinates":[28.61664,36.77559]},"properties":{"depth":3.6,"label":"3.6"}},{"type":"Feature","geometry":{"type":"Point","coordinates":[28.62498,36.78289]},"properties":{"depth":1.0,"label":"1.0"}},{"type":"Feature","geometry":{"type":"Point","coordinates":[28.64479,36.78185]},"properties":{"depth":0.3,"label":"0.3"}},{"type":"Feature","geometry":{"type":"Point","coordinates":[27.5573,36.76725]},"properties":{"depth":54.6,"label":"55"}},{"type":"Feature","geometry":{"type":"Point","coordinates":[27.56564,36.76725]},"properties":{"depth":42.4,"label":"42"}},{"type":"Feature","geometry":{"type":"Point","coordinates":[27.57398,36.76725]},"properties":{"depth":18.7,"label":"19"}},{"type":"Feature","geometry":{"type":"Point","coordinates":[27.57815,36.76725]},"properties":{"depth":0.4,"label":"0.4"}},{"type":"Feature","geometry":{"type":"Point","coordinates":[27.58545,36.76829]},"properties":{"depth":3.2,"label":"3.2"}},{"type":"Feature","geometry":{"type":"Point","coordinates":[27.59379,36.76725]},"properties":{"depth":1.8,"label":"1.8"}},{"type":"Feature","geometry":{"type":"Point","coordinates":[27.60005,36.76725]},"properties":{"depth":10.1,"label":"10"}},{"type":"Feature","geometry":{"type":"Point","coordinates":[28.09114,36.76725]},"properties":{"depth":11.9,"label":"12"}},{"type":"Feature","geometry":{"type":"Point","coordinates":[28.09948,36.76933]},"properties":{"depth":0.8,"label":"0.8"}},{"type":"Feature","geometry":{"type":"Point","coordinates":[28.10261,36.76933]},"properties":{"depth":0.2,"label":"0.2"}},{"type":"Feature","geometry":{"type":"Point","coordinates":[28.25796,36.77142]},"properties":{"depth":0.3,"label":"0.3"}},{"type":"Feature","geometry":{"type":"Point","coordinates":[28.26109,36.76933]},"properties":{"depth":0.6,"label":"0.6"}},{"type":"Feature","geometry":{"type":"Point","coordinates":[28.26943,36.76725]},"properties":{"depth":1.1,"label":"1.1"}},{"type":"Feature","geometry":{"type":"Point","coordinates":[28.27569,36.76725]},"properties":{"depth":7.7,"label":"7.7"}},{"type":"Feature","geometry":{"type":"Point","coordinates":[28.28403,36.76725]},"properties":{"depth":31.1,"label":"31"}},{"type":"Feature","geometry":{"type":"Point","coordinates":[28.29237,36.76725]},"properties":{"depth":51.7,"label":"52"}},{"type":"Feature","geometry":{"type":"Point","coordinates":[28.30071,36.77455]},"properties":{"depth":58.8,"label":"59"}},{"type":"Feature","geometry":{"type":"Point","coordinates":[28.30905,36.77455]},"properties":{"depth":61.3,"label":"61"}},{"type":"Feature","geometry":{"type":"Point","coordinates":[28.31739,36.77455]},"properties":{"depth":67.1,"label":"67"}},{"type":"Feature","geometry":{"type":"Point","coordinates":[28.32573,36.77455]},"properties":{"depth":76.1,"label":"76"}},{"type":"Feature","geometry":{"type":"Point","coordinates":[28.33408,36.77455]},"properties":{"depth":78.3,"label":"78"}},{"type":"Feature","geometry":{"type":"Point","coordinates":[28.34242,36.77455]},"properties":{"depth":80.1,"label":"80"}},{"type":"Feature","geometry":{"type":"Point","coordinates":[28.35076,36.77455]},"properties":{"depth":81.8,"label":"82"}},{"type":"Feature","geometry":{"type":"Point","coordinates":[28.3664,36.77455]},"properties":{"depth":74.6,"label":"75"}},{"type":"Feature","geometry":{"type":"Point","coordinates":[28.37474,36.77455]},"properties":{"depth":56.4,"label":"56"}},{"type":"Feature","geometry":{"type":"Point","coordinates":[28.38308,36.77455]},"properties":{"depth":47.0,"label":"47"}},{"type":"Feature","geometry":{"type":"Point","coordinates":[28.39142,36.77455]},"properties":{"depth":43.0,"label":"43"}},{"type":"Feature","geometry":{"type":"Point","coordinates":[28.39455,36.77455]},"properties":{"depth":42.8,"label":"43"}},{"type":"Feature","geometry":{"type":"Point","coordinates":[28.40081,36.77455]},"properties":{"depth":46.1,"label":"46"}},{"type":"Feature","geometry":{"type":"Point","coordinates":[28.40915,36.77455]},"properties":{"depth":64.4,"label":"64"}},{"type":"Feature","geometry":{"type":"Point","coordinates":[28.42479,36.76933]},"properties":{"depth":35.4,"label":"35"}},{"type":"Feature","geometry":{"type":"Point","coordinates":[28.43209,36.76829]},"properties":{"depth":0.9,"label":"0.9"}},{"type":"Feature","geometry":{"type":"Point","coordinates":[28.45085,36.77455]},"properties":{"depth":26.6,"label":"27"}},{"type":"Feature","geometry":{"type":"Point","coordinates":[28.45919,36.77455]},"properties":{"depth":68.0,"label":"68"}},{"type":"Feature","geometry":{"type":"Point","coordinates":[28.47066,36.77455]},"properties":{"depth":103.5,"label":"104"}},{"type":"Feature","geometry":{"type":"Point","coordinates":[28.47588,36.77455]},"properties":{"depth":103.7,"label":"104"}},{"type":"Feature","geometry":{"type":"Point","coordinates":[28.49152,36.77455]},"properties":{"depth":96.7,"label":"97"}},{"type":"Feature","geometry":{"type":"Point","coordinates":[28.49986,36.77455]},"properties":{"depth":81.0,"label":"81"}},{"type":"Feature","geometry":{"type":"Point","coordinates":[28.50507,36.77455]},"properties":{"depth":78.0,"label":"78"}},{"type":"Feature","geometry":{"type":"Point","coordinates":[28.51654,36.77455]},"properties":{"depth":69.3,"label":"69"}},{"type":"Feature","geometry":{"type":"Point","coordinates":[28.52488,36.77455]},"properties":{"depth":66.5,"label":"67"}},{"type":"Feature","geometry":{"type":"Point","coordinates":[28.53322,36.77455]},"properties":{"depth":56.9,"label":"57"}},{"type":"Feature","geometry":{"type":"Point","coordinates":[28.53635,36.77455]},"properties":{"depth":55.9,"label":"56"}},{"type":"Feature","geometry":{"type":"Point","coordinates":[28.54261,36.77455]},"properties":{"depth":57.2,"label":"57"}},{"type":"Feature","geometry":{"type":"Point","coordinates":[28.55095,36.77455]},"properties":{"depth":62.1,"label":"62"}},{"type":"Feature","geometry":{"type":"Point","coordinates":[28.56659,36.77455]},"properties":{"depth":76.2,"label":"76"}},{"type":"Feature","geometry":{"type":"Point","coordinates":[28.57493,36.77455]},"properties":{"depth":68.5,"label":"69"}},{"type":"Feature","geometry":{"type":"Point","coordinates":[28.58327,36.76933]},"properties":{"depth":48.7,"label":"49"}},{"type":"Feature","geometry":{"type":"Point","coordinates":[28.5864,36.76933]},"properties":{"depth":43.5,"label":"43"}},{"type":"Feature","geometry":{"type":"Point","coordinates":[28.59995,36.76829]},"properties":{"depth":33.3,"label":"33"}},{"type":"Feature","geometry":{"type":"Point","coordinates":[28.60829,36.76725]},"properties":{"depth":12.6,"label":"13"}},{"type":"Feature","geometry":{"type":"Point","coordinates":[28.61664,36.77246]},"properties":{"depth":0.8,"label":"0.8"}},{"type":"Feature","geometry":{"type":"Point","coordinates":[28.62498,36.7735]},"properties":{"depth":0.7,"label":"0.7"}},{"type":"Feature","geometry":{"type":"Point","coordinates":[27.55209,36.76099]},"properties":{"depth":1.0,"label":"1.0"}},{"type":"Feature","geometry":{"type":"Point","coordinates":[27.55834,36.76412]},"properties":{"depth":6.5,"label":"6.5"}},{"type":"Feature","geometry":{"type":"Point","coordinates":[27.56877,36.76412]},"properties":{"depth":0.2,"label":"0.2"}},{"type":"Feature","geometry":{"type":"Point","coordinates":[27.57502,36.7662]},"properties":{"depth":1.1,"label":"1.1"}},{"type":"Feature","geometry":{"type":"Point","coordinates":[27.59692,36.7662]},"properties":{"depth":0.4,"label":"0.4"}},{"type":"Feature","geometry":{"type":"Point","coordinates":[27.60005,36.76516]},"properties":{"depth":1.5,"label":"1.5"}},{"type":"Feature","geometry":{"type":"Point","coordinates":[27.61047,36.7662]},"properties":{"depth":0.3,"label":"0.3"}},{"type":"Feature","geometry":{"type":"Point","coordinates":[27.76896,36.7589]},"properties":{"depth":0.2,"label":"0.2"}},{"type":"Feature","geometry":{"type":"Point","coordinates":[28.01919,36.76099]},"properties":{"depth":0.2,"label":"0.2"}},{"type":"Feature","geometry":{"type":"Point","coordinates":[28.03379,36.7589]},"properties":{"depth":0.5,"label":"0.5"}},{"type":"Feature","geometry":{"type":"Point","coordinates":[28.06716,36.7662]},"properties":{"depth":0.7,"label":"0.7"}},{"type":"Feature","geometry":{"type":"Point","coordinates":[28.0755,36.7662]},"properties":{"depth":17.6,"label":"18"}},{"type":"Feature","geometry":{"type":"Point","coordinates":[28.28924,36.7589]},"properties":{"depth":18.8,"label":"19"}},{"type":"Feature","geometry":{"type":"Point","coordinates":[28.29237,36.7589]},"properties":{"depth":25.8,"label":"26"}},{"type":"Feature","geometry":{"type":"Point","coordinates":[28.30071,36.7589]},"properties":{"depth":41.6,"label":"42"}},{"type":"Feature","geometry":{"type":"Point","coordinates":[28.30905,36.7589]},"properties":{"depth":66.4,"label":"66"}},{"type":"Feature","geometry":{"type":"Point","coordinates":[28.31739,36.7662]},"properties":{"depth":74.7,"label":"75"}},{"type":"Feature","geometry":{"type":"Point","coordinates":[28.32573,36.7662]},"properties":{"depth":78.2,"label":"78"}},{"type":"Feature","geometry":{"type":"Point","coordinates":[28.33512,36.7662]},"properties":{"depth":79.5,"label":"80"}},{"type":"Feature","geometry":{"type":"Point","coordinates":[28.34242,36.7662]},"properties":{"depth":81.8,"label":"82"}},{"type":"Feature","geometry":{"type":"Point","coordinates":[28.35076,36.7662]},"properties":{"depth":84.2,"label":"84"}},{"type":"Feature","geometry":{"type":"Point","coordinates":[28.3591,36.7662]},"properties":{"depth":87.0,"label":"87"}},{"type":"Feature","geometry":{"type":"Point","coordinates":[28.36744,36.7662]},"properties":{"depth":91.6,"label":"92"}},{"type":"Feature","geometry":{"type":"Point","coordinates":[28.38308,36.7662]},"properties":{"depth":84.2,"label":"84"}},{"type":"Feature","geometry":{"type":"Point","coordinates":[28.39142,36.7662]},"properties":{"depth":80.4,"label":"80"}},{"type":"Feature","geometry":{"type":"Point","coordinates":[28.39246,36.7662]},"properties":{"depth":80.5,"label":"80"}},{"type":"Feature","geometry":{"type":"Point","coordinates":[28.40081,36.7662]},"properties":{"depth":85.9,"label":"86"}},{"type":"Feature","geometry":{"type":"Point","coordinates":[28.41645,36.7662]},"properties":{"depth":79.3,"label":"79"}},{"type":"Feature","geometry":{"type":"Point","coordinates":[28.42479,36.7662]},"properties":{"depth":41.7,"label":"42"}},{"type":"Feature","geometry":{"type":"Point","coordinates":[28.43313,36.7662]},"properties":{"depth":11.1,"label":"11"}},{"type":"Feature","geometry":{"type":"Point","coordinates":[28.43417,36.7662]},"properties":{"depth":11.8,"label":"12"}},{"type":"Feature","geometry":{"type":"Point","coordinates":[28.44251,36.7662]},"properties":{"depth":13.6,"label":"14"}},{"type":"Feature","geometry":{"type":"Point","coordinates":[28.45085,36.7662]},"properties":{"depth":40.7,"label":"41"}},{"type":"Feature","geometry":{"type":"Point","coordinates":[28.45919,36.7662]},"properties":{"depth":79.6,"label":"80"}},{"type":"Feature","geometry":{"type":"Point","coordinates":[28.47483,36.7662]},"properties":{"depth":108.1,"label":"108"}},{"type":"Feature","geometry":{"type":"Point","coordinates":[28.47692,36.7662]},"properties":{"depth":108.0,"label":"108"}},{"type":"Feature","geometry":{"type":"Point","coordinates":[28.48422,36.7662]},"properties":{"depth":108.6,"label":"109"}},{"type":"Feature","geometry":{"type":"Point","coordinates":[28.49256,36.7662]},"properties":{"depth":113.8,"label":"114"}},{"type":"Feature","geometry":{"type":"Point","coordinates":[28.50611,36.7662]},"properties":{"depth":112.8,"label":"113"}},{"type":"Feature","geometry":{"type":"Point","coordinates":[28.50924,36.7662]},"properties":{"depth":113.3,"label":"113"}},{"type":"Feature","geometry":{"type":"Point","coordinates":[28.52488,36.7662]},"properties":{"depth":115.1,"label":"115"}},{"type":"Feature","geometry":{"type":"Point","coordinates":[28.53322,36.7662]},"properties":{"depth":105.8,"label":"106"}},{"type":"Feature","geometry":{"type":"Point","coordinates":[28.53531,36.7662]},"properties":{"depth":104.6,"label":"105"}},{"type":"Feature","geometry":{"type":"Point","coordinates":[28.54991,36.7662]},"properties":{"depth":105.9,"label":"106"}},{"type":"Feature","geometry":{"type":"Point","coordinates":[28.55825,36.7662]},"properties":{"depth":95.6,"label":"96"}},{"type":"Feature","geometry":{"type":"Point","coordinates":[28.56659,36.7662]},"properties":{"depth":89.0,"label":"89"}},{"type":"Feature","geometry":{"type":"Point","coordinates":[28.57493,36.7662]},"properties":{"depth":77.8,"label":"78"}},{"type":"Feature","geometry":{"type":"Point","coordinates":[28.58327,36.7662]},"properties":{"depth":55.0,"label":"55"}},{"type":"Feature","geometry":{"type":"Point","coordinates":[28.58744,36.7662]},"properties":{"depth":50.0,"label":"50"}},{"type":"Feature","geometry":{"type":"Point","coordinates":[28.59995,36.7662]},"properties":{"depth":34.2,"label":"34"}},{"type":"Feature","geometry":{"type":"Point","coordinates":[28.60829,36.76516]},"properties":{"depth":12.2,"label":"12"}},{"type":"Feature","geometry":{"type":"Point","coordinates":[28.61246,36.75994]},"properties":{"depth":0.3,"label":"0.3"}},{"type":"Feature","geometry":{"type":"Point","coordinates":[27.72517,36.75786]},"properties":{"depth":0.9,"label":"0.9"}},{"type":"Feature","geometry":{"type":"Point","coordinates":[27.73351,36.75786]},"properties":{"depth":7.3,"label":"7.3"}},{"type":"Feature","geometry":{"type":"Point","coordinates":[27.74915,36.75369]},"properties":{"depth":9.1,"label":"9.1"}},{"type":"Feature","geometry":{"type":"Point","coordinates":[27.75749,36.75264]},"properties":{"depth":1.2,"label":"1.2"}},{"type":"Feature","geometry":{"type":"Point","coordinates":[27.80858,36.75786]},"properties":{"depth":1.0,"label":"1.0"}},{"type":"Feature","geometry":{"type":"Point","coordinates":[27.82422,36.75786]},"properties":{"depth":2.5,"label":"2.5"}},{"type":"Feature","geometry":{"type":"Point","coordinates":[27.87427,36.75056]},"properties":{"depth":0.4,"label":"0.4"}},{"type":"Feature","geometry":{"type":"Point","coordinates":[27.98896,36.75682]},"properties":{"depth":0.3,"label":"0.3"}},{"type":"Feature","geometry":{"type":"Point","coordinates":[27.99626,36.75786]},"properties":{"depth":0.5,"label":"0.5"}},{"type":"Feature","geometry":{"type":"Point","coordinates":[28.00043,36.75786]},"properties":{"depth":2.4,"label":"2.4"}},{"type":"Feature","geometry":{"type":"Point","coordinates":[28.01085,36.75786]},"properties":{"depth":0.2,"label":"0.2"}},{"type":"Feature","geometry":{"type":"Point","coordinates":[28.01711,36.75786]},"properties":{"depth":1.9,"label":"1.9"}},{"type":"Feature","geometry":{"type":"Point","coordinates":[28.03275,36.75786]},"properties":{"depth":5.7,"label":"5.7"}},{"type":"Feature","geometry":{"type":"Point","coordinates":[28.03588,36.75786]},"properties":{"depth":1.7,"label":"1.7"}},{"type":"Feature","geometry":{"type":"Point","coordinates":[28.04943,36.75786]},"properties":{"depth":1.6,"label":"1.6"}},{"type":"Feature","geometry":{"type":"Point","coordinates":[28.05152,36.75786]},"properties":{"depth":0.8,"label":"0.8"}},{"type":"Feature","geometry":{"type":"Point","coordinates":[28.05882,36.75786]},"properties":{"depth":0.7,"label":"0.7"}},{"type":"Feature","geometry":{"type":"Point","coordinates":[28.06716,36.75786]},"properties":{"depth":24.3,"label":"24"}},{"type":"Feature","geometry":{"type":"Point","coordinates":[28.0828,36.75056]},"properties":{"depth":3.5,"label":"3.5"}},{"type":"Feature","geometry":{"type":"Point","coordinates":[28.09009,36.75577]},"properties":{"depth":0.2,"label":"0.2"}},{"type":"Feature","geometry":{"type":"Point","coordinates":[28.28299,36.75056]},"properties":{"depth":3.3,"label":"3.3"}},{"type":"Feature","geometry":{"type":"Point","coordinates":[28.29028,36.75056]},"properties":{"depth":0.9,"label":"0.9"}},{"type":"Feature","geometry":{"type":"Point","coordinates":[28.29237,36.75056]},"properties":{"depth":1.8,"label":"1.8"}},{"type":"Feature","geometry":{"type":"Point","coordinates":[28.30071,36.75056]},"properties":{"depth":23.5,"label":"24"}},{"type":"Feature","geometry":{"type":"Point","coordinates":[28.30905,36.75056]},"properties":{"depth":50.5,"label":"51"}},{"type":"Feature","geometry":{"type":"Point","coordinates":[28.31739,36.75786]},"properties":{"depth":79.7,"label":"80"}},{"type":"Feature","geometry":{"type":"Point","coordinates":[28.32573,36.75786]},"properties":{"depth":80.3,"label":"80"}},{"type":"Feature","geometry":{"type":"Point","coordinates":[28.33408,36.75786]},"properties":{"depth":82.1,"label":"82"}},{"type":"Feature","geometry":{"type":"Point","coordinates":[28.34242,36.75786]},"properties":{"depth":85.8,"label":"86"}},{"type":"Feature","geometry":{"type":"Point","coordinates":[28.35076,36.75786]},"properties":{"depth":89.7,"label":"90"}},{"type":"Feature","geometry":{"type":"Point","coordinates":[28.3591,36.75786]},"properties":{"depth":94.5,"label":"95"}},{"type":"Feature","geometry":{"type":"Point","coordinates":[28.36744,36.75786]},"properties":{"depth":102.8,"label":"103"}},{"type":"Feature","geometry":{"type":"Point","coordinates":[28.37578,36.75786]},"properties":{"depth":108.5,"label":"109"}},{"type":"Feature","geometry":{"type":"Point","coordinates":[28.38412,36.75786]},"properties":{"depth":109.4,"label":"109"}},{"type":"Feature","geometry":{"type":"Point","coordinates":[28.39246,36.75786]},"properties":{"depth":112.6,"label":"113"}},{"type":"Feature","geometry":{"type":"Point","coordinates":[28.40706,36.75786]},"properties":{"depth":117.3,"label":"117"}},{"type":"Feature","geometry":{"type":"Point","coordinates":[28.41645,36.75786]},"properties":{"depth":106.5,"label":"107"}},{"type":"Feature","geometry":{"type":"Point","coordinates":[28.42479,36.75786]},"properties":{"depth":76.6,"label":"77"}},{"type":"Feature","geometry":{"type":"Point","coordinates":[28.43313,36.75786]},"properties":{"depth":59.2,"label":"59"}},{"type":"Feature","geometry":{"type":"Point","coordinates":[28.44147,36.75786]},"properties":{"depth":53.9,"label":"54"}},{"type":"Feature","geometry":{"type":"Point","coordinates":[28.44251,36.75786]},"properties":{"depth":54.0,"label":"54"}},{"type":"Feature","geometry":{"type":"Point","coordinates":[28.45085,36.75786]},"properties":{"depth":67.5,"label":"68"}},{"type":"Feature","geometry":{"type":"Point","coordinates":[28.45919,36.75786]},"properties":{"depth":100.6,"label":"101"}},{"type":"Feature","geometry":{"type":"Point","coordinates":[28.46754,36.75786]},"properties":{"depth":111.5,"label":"111"}},{"type":"Feature","geometry":{"type":"Point","coordinates":[28.47588,36.75786]},"properties":{"depth":113.0,"label":"113"}},{"type":"Feature","geometry":{"type":"Point","coordinates":[28.48422,36.75786]},"properties":{"depth":114.6,"label":"115"}},{"type":"Feature","geometry":{"type":"Point","coordinates":[28.49256,36.75786]},"properties":{"depth":119.8,"label":"120"}},{"type":"Feature","geometry":{"type":"Point","coordinates":[28.56659,36.75786]},"properties":{"depth":108.7,"label":"109"}},{"type":"Feature","geometry":{"type":"Point","coordinates":[28.57493,36.75786]},"properties":{"depth":98.7,"label":"99"}},{"type":"Feature","geometry":{"type":"Point","coordinates":[28.58327,36.75786]},"properties":{"depth":87.2,"label":"87"}},{"type":"Feature","geometry":{"type":"Point","coordinates":[28.59161,36.75786]},"properties":{"depth":79.3,"label":"79"}},{"type":"Feature","geometry":{"type":"Point","coordinates":[28.59995,36.75786]},"properties":{"depth":50.8,"label":"51"}},{"type":"Feature","geometry":{"type":"Point","coordinates":[28.60829,36.75786]},"properties":{"depth":19.2,"label":"19"}},{"type":"Feature","geometry":{"type":"Point","coordinates":[28.61664,36.75577]},"properties":{"depth":0.3,"label":"0.3"}},{"type":"Feature","geometry":{"type":"Point","coordinates":[28.62602,36.75577]},"properties":{"depth":0.2,"label":"0.2"}},{"type":"Feature","geometry":{"type":"Point","coordinates":[27.71682,36.74951]},"properties":{"depth":8.3,"label":"8.3"}},{"type":"Feature","geometry":{"type":"Point","coordinates":[27.72517,36.74951]},"properties":{"depth":22.1,"label":"22"}},{"type":"Feature","geometry":{"type":"Point","coordinates":[27.73351,36.74951]},"properties":{"depth":31.6,"label":"32"}},{"type":"Feature","geometry":{"type":"Point","coordinates":[27.74915,36.74951]},"properties":{"depth":21.6,"label":"22"}},{"type":"Feature","geometry":{"type":"Point","coordinates":[27.75749,36.74951]},"properties":{"depth":3.8,"label":"3.8"}},{"type":"Feature","geometry":{"type":"Point","coordinates":[27.75957,36.74951]},"properties":{"depth":0.8,"label":"0.8"}},{"type":"Feature","geometry":{"type":"Point","coordinates":[27.77417,36.74951]},"properties":{"depth":3.1,"label":"3.1"}},{"type":"Feature","geometry":{"type":"Point","coordinates":[27.77521,36.74951]},"properties":{"depth":3.4,"label":"3.4"}},{"type":"Feature","geometry":{"type":"Point","coordinates":[27.79085,36.74951]},"properties":{"depth":3.4,"label":"3.4"}},{"type":"Feature","geometry":{"type":"Point","coordinates":[27.7919,36.74951]},"properties":{"depth":3.9,"label":"3.9"}},{"type":"Feature","geometry":{"type":"Point","coordinates":[27.80024,36.74951]},"properties":{"depth":25.9,"label":"26"}},{"type":"Feature","geometry":{"type":"Point","coordinates":[27.80858,36.74951]},"properties":{"depth":38.7,"label":"39"}},{"type":"Feature","geometry":{"type":"Point","coordinates":[27.82422,36.74951]},"properties":{"depth":34.6,"label":"35"}},{"type":"Feature","geometry":{"type":"Point","coordinates":[27.83256,36.74951]},"properties":{"depth":4.0,"label":"4.0"}},{"type":"Feature","geometry":{"type":"Point","coordinates":[27.84403,36.74534]},"properties":{"depth":0.5,"label":"0.5"}},{"type":"Feature","geometry":{"type":"Point","coordinates":[27.8628,36.74325]},"properties":{"depth":0.7,"label":"0.7"}},{"type":"Feature","geometry":{"type":"Point","coordinates":[27.87531,36.74951]},"properties":{"depth":2.9,"label":"2.9"}},{"type":"Feature","geometry":{"type":"Point","coordinates":[27.89616,36.74951]},"properties":{"depth":0.2,"label":"0.2"}},{"type":"Feature","geometry":{"type":"Point","coordinates":[27.95038,36.74951]},"properties":{"depth":10.1,"label":"10"}},{"type":"Feature","geometry":{"type":"Point","coordinates":[27.9754,36.74951]},"properties":{"depth":14.5,"label":"15"}},{"type":"Feature","geometry":{"type":"Point","coordinates":[27.98479,36.74951]},"properties":{"depth":21.5,"label":"22"}},{"type":"Feature","geometry":{"type":"Point","coordinates":[27.99209,36.74951]},"properties":{"depth":28.3,"label":"28"}},{"type":"Feature","geometry":{"type":"Point","coordinates":[28.00043,36.74951]},"properties":{"depth":33.0,"label":"33"}},{"type":"Feature","geometry":{"type":"Point","coordinates":[28.00877,36.74951]},"properties":{"depth":35.7,"label":"36"}},{"type":"Feature","geometry":{"type":"Point","coordinates":[28.01711,36.74951]},"properties":{"depth":43.3,"label":"43"}},{"type":"Feature","geometry":{"type":"Point","coordinates":[28.03275,36.74951]},"properties":{"depth":39.3,"label":"39"}},{"type":"Feature","geometry":{"type":"Point","coordinates":[28.04109,36.74221]},"properties":{"depth":28.4,"label":"28"}},{"type":"Feature","geometry":{"type":"Point","coordinates":[28.04735,36.74221]},"properties":{"depth":22.0,"label":"22"}},{"type":"Feature","geometry":{"type":"Point","coordinates":[28.05047,36.74221]},"properties":{"depth":23.3,"label":"23"}},{"type":"Feature","geometry":{"type":"Point","coordinates":[28.05882,36.74221]},"properties":{"depth":31.8,"label":"32"}},{"type":"Feature","geometry":{"type":"Point","coordinates":[28.07445,36.74534]},"properties":{"depth":24.3,"label":"24"}},{"type":"Feature","geometry":{"type":"Point","coordinates":[28.08384,36.74221]},"properties":{"depth":0.5,"label":"0.5"}},{"type":"Feature","geometry":{"type":"Point","coordinates":[28.27569,36.74638]},"properties":{"depth":0.3,"label":"0.3"}},{"type":"Feature","geometry":{"type":"Point","coordinates":[28.30071,36.74221]},"properties":{"depth":5.8,"label":"5.8"}},{"type":"Feature","geometry":{"type":"Point","coordinates":[28.30905,36.74221]},"properties":{"depth":36.5,"label":"36"}},{"type":"Feature","geometry":{"type":"Point","coordinates":[28.31739,36.74221]},"properties":{"depth":71.6,"label":"72"}},{"type":"Feature","geometry":{"type":"Point","coordinates":[28.32678,36.74951]},"properties":{"depth":87.0,"label":"87"}},{"type":"Feature","geometry":{"type":"Point","coordinates":[28.33408,36.74951]},"properties":{"depth":87.8,"label":"88"}},{"type":"Feature","geometry":{"type":"Point","coordinates":[28.34242,36.74951]},"properties":{"depth":93.4,"label":"93"}},{"type":"Feature","geometry":{"type":"Point","coordinates":[28.35076,36.74951]},"properties":{"depth":102.5,"label":"103"}},{"type":"Feature","geometry":{"type":"Point","coordinates":[28.3591,36.74951]},"properties":{"depth":108.0,"label":"108"}},{"type":"Feature","geometry":{"type":"Point","coordinates":[28.36744,36.74951]},"properties":{"depth":116.1,"label":"116"}},{"type":"Feature","geometry":{"type":"Point","coordinates":[28.43313,36.74951]},"properties":{"depth":107.6,"label":"108"}},{"type":"Feature","geometry":{"type":"Point","coordinates":[28.44147,36.74951]},"properties":{"depth":94.7,"label":"95"}},{"type":"Feature","geometry":{"type":"Point","coordinates":[28.44668,36.74951]},"properties":{"depth":92.6,"label":"93"}},{"type":"Feature","geometry":{"type":"Point","coordinates":[28.45085,36.74951]},"properties":{"depth":93.3,"label":"93"}},{"type":"Feature","geometry":{"type":"Point","coordinates":[28.45919,36.74951]},"properties":{"depth":104.3,"label":"104"}},{"type":"Feature","geometry":{"type":"Point","coordinates":[28.46754,36.74951]},"properties":{"depth":115.7,"label":"116"}},{"type":"Feature","geometry":{"type":"Point","coordinates":[28.47588,36.74951]},"properties":{"depth":119.0,"label":"119"}},{"type":"Feature","geometry":{"type":"Point","coordinates":[28.57493,36.74951]},"properties":{"depth":117.4,"label":"117"}},{"type":"Feature","geometry":{"type":"Point","coordinates":[28.58327,36.74951]},"properties":{"depth":112.2,"label":"112"}},{"type":"Feature","geometry":{"type":"Point","coordinates":[28.59161,36.74221]},"properties":{"depth":104.1,"label":"104"}},{"type":"Feature","geometry":{"type":"Point","coordinates":[28.59995,36.74221]},"properties":{"depth":53.7,"label":"54"}},{"type":"Feature","geometry":{"type":"Point","coordinates":[28.60829,36.74221]},"properties":{"depth":16.9,"label":"17"}},{"type":"Feature","geometry":{"type":"Point","coordinates":[28.61664,36.74221]},"properties":{"depth":1.0,"label":"1.0"}},{"type":"Feature","geometry":{"type":"Point","coordinates":[28.62185,36.74743]},"properties":{"depth":0.2,"label":"0.2"}},{"type":"Feature","geometry":{"type":"Point","coordinates":[27.70848,36.74117]},"properties":{"depth":4.7,"label":"4.7"}},{"type":"Feature","geometry":{"type":"Point","coordinates":[27.71682,36.737]},"properties":{"depth":10.4,"label":"10"}},{"type":"Feature","geometry":{"type":"Point","coordinates":[27.72517,36.73387]},"properties":{"depth":36.7,"label":"37"}},{"type":"Feature","geometry":{"type":"Point","coordinates":[27.73351,36.74117]},"properties":{"depth":54.4,"label":"54"}},{"type":"Feature","geometry":{"type":"Point","coordinates":[27.74915,36.74117]},"properties":{"depth":49.5,"label":"50"}},{"type":"Feature","geometry":{"type":"Point","coordinates":[27.75749,36.74117]},"properties":{"depth":38.8,"label":"39"}},{"type":"Feature","geometry":{"type":"Point","coordinates":[27.75853,36.74117]},"properties":{"depth":38.7,"label":"39"}},{"type":"Feature","geometry":{"type":"Point","coordinates":[27.77209,36.74117]},"properties":{"depth":45.1,"label":"45"}},{"type":"Feature","geometry":{"type":"Point","coordinates":[27.77521,36.74117]},"properties":{"depth":45.6,"label":"46"}},{"type":"Feature","geometry":{"type":"Point","coordinates":[27.78877,36.74117]},"properties":{"depth":46.3,"label":"46"}},{"type":"Feature","geometry":{"type":"Point","coordinates":[27.7919,36.74117]},"properties":{"depth":48.5,"label":"48"}},{"type":"Feature","geometry":{"type":"Point","coordinates":[27.80024,36.74117]},"properties":{"depth":65.6,"label":"66"}},{"type":"Feature","geometry":{"type":"Point","coordinates":[27.80858,36.74117]},"properties":{"depth":80.8,"label":"81"}},{"type":"Feature","geometry":{"type":"Point","coordinates":[27.82422,36.74117]},"properties":{"depth":62.1,"label":"62"}},{"type":"Feature","geometry":{"type":"Point","coordinates":[27.83256,36.74117]},"properties":{"depth":28.4,"label":"28"}},{"type":"Feature","geometry":{"type":"Point","coordinates":[27.83673,36.74117]},"properties":{"depth":15.3,"label":"15"}},{"type":"Feature","geometry":{"type":"Point","coordinates":[27.84194,36.74117]},"properties":{"depth":22.3,"label":"22"}},{"type":"Feature","geometry":{"type":"Point","coordinates":[27.85758,36.74013]},"properties":{"depth":1.0,"label":"1.0"}},{"type":"Feature","geometry":{"type":"Point","coordinates":[27.86801,36.74117]},"properties":{"depth":4.0,"label":"4.0"}},{"type":"Feature","geometry":{"type":"Point","coordinates":[27.88261,36.74117]},"properties":{"depth":16.7,"label":"17"}},{"type":"Feature","geometry":{"type":"Point","coordinates":[27.89095,36.74013]},"properties":{"depth":0.3,"label":"0.3"}},{"type":"Feature","geometry":{"type":"Point","coordinates":[27.89825,36.74013]},"properties":{"depth":0.3,"label":"0.3"}},{"type":"Feature","geometry":{"type":"Point","coordinates":[27.90033,36.74117]},"properties":{"depth":0.6,"label":"0.6"}},{"type":"Feature","geometry":{"type":"Point","coordinates":[27.91597,36.74117]},"properties":{"depth":16.5,"label":"17"}},{"type":"Feature","geometry":{"type":"Point","coordinates":[27.92014,36.74117]},"properties":{"depth":0.9,"label":"0.9"}},{"type":"Feature","geometry":{"type":"Point","coordinates":[27.92744,36.74117]},"properties":{"depth":0.4,"label":"0.4"}},{"type":"Feature","geometry":{"type":"Point","coordinates":[27.9337,36.74117]},"properties":{"depth":1.9,"label":"1.9"}},{"type":"Feature","geometry":{"type":"Point","coordinates":[27.94204,36.74117]},"properties":{"depth":24.8,"label":"25"}},{"type":"Feature","geometry":{"type":"Point","coordinates":[27.95038,36.74117]},"properties":{"depth":51.9,"label":"52"}},{"type":"Feature","geometry":{"type":"Point","coordinates":[27.96602,36.74117]},"properties":{"depth":41.6,"label":"42"}},{"type":"Feature","geometry":{"type":"Point","coordinates":[27.96915,36.74117]},"properties":{"depth":40.6,"label":"41"}},{"type":"Feature","geometry":{"type":"Point","coordinates":[27.9754,36.74117]},"properties":{"depth":44.7,"label":"45"}},{"type":"Feature","geometry":{"type":"Point","coordinates":[27.98374,36.74117]},"properties":{"depth":56.0,"label":"56"}},{"type":"Feature","geometry":{"type":"Point","coordinates":[27.99938,36.73387]},"properties":{"depth":55.5,"label":"56"}},{"type":"Feature","geometry":{"type":"Point","coordinates":[28.00668,36.73387]},"properties":{"depth":51.2,"label":"51"}},{"type":"Feature","geometry":{"type":"Point","coordinates":[28.01607,36.73387]},"properties":{"depth":44.2,"label":"44"}},{"type":"Feature","geometry":{"type":"Point","coordinates":[28.02441,36.73387]},"properties":{"depth":40.7,"label":"41"}},{"type":"Feature","geometry":{"type":"Point","coordinates":[28.03275,36.73387]},"properties":{"depth":25.7,"label":"26"}},{"type":"Feature","geometry":{"type":"Point","coordinates":[28.04109,36.73387]},"properties":{"depth":15.8,"label":"16"}},{"type":"Feature","geometry":{"type":"Point","coordinates":[28.04526,36.73491]},"properties":{"depth":1.2,"label":"1.2"}},{"type":"Feature","geometry":{"type":"Point","coordinates":[28.0536,36.73595]},"properties":{"depth":1.2,"label":"1.2"}},{"type":"Feature","geometry":{"type":"Point","coordinates":[28.06611,36.73387]},"properties":{"depth":0.8,"label":"0.8"}},{"type":"Feature","geometry":{"type":"Point","coordinates":[28.06716,36.73387]},"properties":{"depth":2.4,"label":"2.4"}},{"type":"Feature","geometry":{"type":"Point","coordinates":[28.0828,36.74117]},"properties":{"depth":7.1,"label":"7.1"}},{"type":"Feature","geometry":{"type":"Point","coordinates":[28.11199,36.73387]},"properties":{"depth":1.0,"label":"1.0"}},{"type":"Feature","geometry":{"type":"Point","coordinates":[28.11929,36.73387]},"properties":{"depth":0.4,"label":"0.4"}},{"type":"Feature","geometry":{"type":"Point","coordinates":[28.27673,36.73387]},"properties":{"depth":0.2,"label":"0.2"}},{"type":"Feature","geometry":{"type":"Point","coordinates":[28.29863,36.74117]},"properties":{"depth":0.4,"label":"0.4"}},{"type":"Feature","geometry":{"type":"Point","coordinates":[28.30905,36.73387]},"properties":{"depth":23.1,"label":"23"}},{"type":"Feature","geometry":{"type":"Point","coordinates":[28.31739,36.73491]},"properties":{"depth":63.1,"label":"63"}},{"type":"Feature","geometry":{"type":"Point","coordinates":[28.32573,36.74117]},"properties":{"depth":96.8,"label":"97"}},{"type":"Feature","geometry":{"type":"Point","coordinates":[28.33408,36.74117]},"properties":{"depth":100.5,"label":"101"}},{"type":"Feature","geometry":{"type":"Point","coordinates":[28.34242,36.74117]},"properties":{"depth":106.5,"label":"107"}},{"type":"Feature","geometry":{"type":"Point","coordinates":[28.35076,36.74117]},"properties":{"depth":115.2,"label":"115"}},{"type":"Feature","geometry":{"type":"Point","coordinates":[28.44981,36.74117]},"properties":{"depth":116.1,"label":"116"}},{"type":"Feature","geometry":{"type":"Point","coordinates":[28.45085,36.74117]},"properties":{"depth":116.0,"label":"116"}},{"type":"Feature","geometry":{"type":"Point","coordinates":[28.59161,36.73908]},"properties":{"depth":102.4,"label":"102"}},{"type":"Feature","geometry":{"type":"Point","coordinates":[28.59995,36.73595]},"properties":{"depth":48.4,"label":"48"}},{"type":"Feature","geometry":{"type":"Point","coordinates":[28.60725,36.73491]},"properties":{"depth":0.6,"label":"0.6"}},{"type":"Feature","geometry":{"type":"Point","coordinates":[28.61559,36.74117]},"properties":{"depth":0.3,"label":"0.3"}},{"type":"Feature","geometry":{"type":"Point","coordinates":[27.71682,36.72552]},"properties":{"depth":4.0,"label":"4.0"}},{"type":"Feature","geometry":{"type":"Point","coordinates":[27.72517,36.73282]},"properties":{"depth":36.3,"label":"36"}},{"type":"Feature","geometry":{"type":"Point","coordinates":[27.73351,36.73282]},"properties":{"depth":72.3,"label":"72"}},{"type":"Feature","geometry":{"type":"Point","coordinates":[27.74915,36.73282]},"properties":{"depth":83.1,"label":"83"}},{"type":"Feature","geometry":{"type":"Point","coordinates":[27.75749,36.73282]},"properties":{"depth":74.5,"label":"74"}},{"type":"Feature","geometry":{"type":"Point","coordinates":[27.75853,36.73282]},"properties":{"depth":74.6,"label":"75"}},{"type":"Feature","geometry":{"type":"Point","coordinates":[27.76687,36.73282]},"properties":{"depth":81.9,"label":"82"}},{"type":"Feature","geometry":{"type":"Point","coordinates":[27.77521,36.73282]},"properties":{"depth":85.6,"label":"86"}},{"type":"Feature","geometry":{"type":"Point","coordinates":[27.78564,36.73282]},"properties":{"depth":87.1,"label":"87"}},{"type":"Feature","geometry":{"type":"Point","coordinates":[27.7919,36.73282]},"properties":{"depth":88.9,"label":"89"}},{"type":"Feature","geometry":{"type":"Point","coordinates":[27.80024,36.73282]},"properties":{"depth":105.7,"label":"106"}},{"type":"Feature","geometry":{"type":"Point","coordinates":[27.80858,36.73282]},"properties":{"depth":119.8,"label":"120"}},{"type":"Feature","geometry":{"type":"Point","coordinates":[27.82422,36.73282]},"properties":{"depth":105.9,"label":"106"}},{"type":"Feature","geometry":{"type":"Point","coordinates":[27.83152,36.73282]},"properties":{"depth":87.5,"label":"88"}},{"type":"Feature","geometry":{"type":"Point","coordinates":[27.8336,36.73282]},"properties":{"depth":87.6,"label":"88"}},{"type":"Feature","geometry":{"type":"Point","coordinates":[27.84924,36.73282]},"properties":{"depth":89.7,"label":"90"}},{"type":"Feature","geometry":{"type":"Point","coordinates":[27.85758,36.73282]},"properties":{"depth":63.0,"label":"63"}},{"type":"Feature","geometry":{"type":"Point","coordinates":[27.8628,36.73282]},"properties":{"depth":54.6,"label":"55"}},{"type":"Feature","geometry":{"type":"Point","coordinates":[27.86697,36.73282]},"properties":{"depth":56.7,"label":"57"}},{"type":"Feature","geometry":{"type":"Point","coordinates":[27.88261,36.73282]},"properties":{"depth":52.1,"label":"52"}},{"type":"Feature","geometry":{"type":"Point","coordinates":[27.89095,36.73282]},"properties":{"depth":45.5,"label":"46"}},{"type":"Feature","geometry":{"type":"Point","coordinates":[27.89199,36.73282]},"properties":{"depth":45.3,"label":"45"}},{"type":"Feature","geometry":{"type":"Point","coordinates":[27.90033,36.73282]},"properties":{"depth":56.6,"label":"57"}},{"type":"Feature","geometry":{"type":"Point","coordinates":[27.91597,36.73282]},"properties":{"depth":64.9,"label":"65"}},{"type":"Feature","geometry":{"type":"Point","coordinates":[27.92431,36.73282]},"properties":{"depth":48.8,"label":"49"}},{"type":"Feature","geometry":{"type":"Point","coordinates":[27.92536,36.73282]},"properties":{"depth":49.0,"label":"49"}},{"type":"Feature","geometry":{"type":"Point","coordinates":[27.9337,36.73282]},"properties":{"depth":53.5,"label":"54"}},{"type":"Feature","geometry":{"type":"Point","coordinates":[27.94204,36.73282]},"properties":{"depth":68.9,"label":"69"}},{"type":"Feature","geometry":{"type":"Point","coordinates":[27.95038,36.73282]},"properties":{"depth":93.5,"label":"93"}},{"type":"Feature","geometry":{"type":"Point","coordinates":[27.96602,36.73282]},"properties":{"depth":81.4,"label":"81"}},{"type":"Feature","geometry":{"type":"Point","coordinates":[27.97123,36.73282]},"properties":{"depth":79.1,"label":"79"}},{"type":"Feature","geometry":{"type":"Point","coordinates":[27.9827,36.72552]},"properties":{"depth":79.0,"label":"79"}},{"type":"Feature","geometry":{"type":"Point","coordinates":[27.99104,36.72552]},"properties":{"depth":42.8,"label":"43"}},{"type":"Feature","geometry":{"type":"Point","coordinates":[27.99938,36.72552]},"properties":{"depth":22.1,"label":"22"}},{"type":"Feature","geometry":{"type":"Point","coordinates":[28.00147,36.72552]},"properties":{"depth":20.5,"label":"20"}},{"type":"Feature","geometry":{"type":"Point","coordinates":[28.01607,36.72552]},"properties":{"depth":5.0,"label":"5.0"}},{"type":"Feature","geometry":{"type":"Point","coordinates":[28.01815,36.72552]},"properties":{"depth":2.0,"label":"2.0"}},{"type":"Feature","geometry":{"type":"Point","coordinates":[28.03483,36.72552]},"properties":{"depth":0.6,"label":"0.6"}},{"type":"Feature","geometry":{"type":"Point","coordinates":[28.06924,36.72552]},"properties":{"depth":1.4,"label":"1.4"}},{"type":"Feature","geometry":{"type":"Point","coordinates":[28.0755,36.72656]},"properties":{"depth":1.3,"label":"1.3"}},{"type":"Feature","geometry":{"type":"Point","coordinates":[28.09739,36.72761]},"properties":{"depth":0.3,"label":"0.3"}},{"type":"Feature","geometry":{"type":"Point","coordinates":[28.10052,36.72552]},"properties":{"depth":4.2,"label":"4.2"}},{"type":"Feature","geometry":{"type":"Point","coordinates":[28.11616,36.72969]},"properties":{"depth":1.7,"label":"1.7"}},{"type":"Feature","geometry":{"type":"Point","coordinates":[28.26422,36.72865]},"properties":{"depth":0.3,"label":"0.3"}},{"type":"Feature","geometry":{"type":"Point","coordinates":[28.3028,36.73282]},"properties":{"depth":0.4,"label":"0.4"}},{"type":"Feature","geometry":{"type":"Point","coordinates":[28.30905,36.73074]},"properties":{"depth":21.2,"label":"21"}},{"type":"Feature","geometry":{"type":"Point","coordinates":[28.31739,36.73282]},"properties":{"depth":63.0,"label":"63"}},{"type":"Feature","geometry":{"type":"Point","coordinates":[28.32573,36.73282]},"properties":{"depth":99.7,"label":"100"}},{"type":"Feature","geometry":{"type":"Point","coordinates":[28.33408,36.73282]},"properties":{"depth":112.0,"label":"112"}},{"type":"Feature","geometry":{"type":"Point","coordinates":[28.59161,36.73282]},"properties":{"depth":108.2,"label":"108"}},{"type":"Feature","geometry":{"type":"Point","coordinates":[28.59995,36.73282]},"properties":{"depth":51.9,"label":"52"}},{"type":"Feature","geometry":{"type":"Point","coordinates":[28.60725,36.73282]},"properties":{"depth":0.5,"label":"0.5"}},{"type":"Feature","geometry":{"type":"Point","coordinates":[27.70014,36.71718]},"properties":{"depth":8.9,"label":"8.9"}},{"type":"Feature","geometry":{"type":"Point","coordinates":[27.71682,36.72448]},"properties":{"depth":5.5,"label":"5.5"}},{"type":"Feature","geometry":{"type":"Point","coordinates":[27.72517,36.72448]},"properties":{"depth":48.0,"label":"48"}},{"type":"Feature","geometry":{"type":"Point","coordinates":[27.73351,36.72448]},"properties":{"depth":87.1,"label":"87"}},{"type":"Feature","geometry":{"type":"Point","coordinates":[27.74185,36.72448]},"properties":{"depth":105.3,"label":"105"}},{"type":"Feature","geometry":{"type":"Point","coordinates":[27.7554,36.72448]},"properties":{"depth":103.6,"label":"104"}},{"type":"Feature","geometry":{"type":"Point","coordinates":[27.75853,36.72448]},"properties":{"depth":104.5,"label":"104"}},{"type":"Feature","geometry":{"type":"Point","coordinates":[27.76687,36.72448]},"properties":{"depth":111.7,"label":"112"}},{"type":"Feature","geometry":{"type":"Point","coordinates":[27.77521,36.72448]},"properties":{"depth":117.1,"label":"117"}},{"type":"Feature","geometry":{"type":"Point","coordinates":[27.86592,36.72448]},"properties":{"depth":114.2,"label":"114"}},{"type":"Feature","geometry":{"type":"Point","coordinates":[27.87427,36.72448]},"properties":{"depth":108.2,"label":"108"}},{"type":"Feature","geometry":{"type":"Point","coordinates":[27.88156,36.72448]},"properties":{"depth":98.6,"label":"99"}},{"type":"Feature","geometry":{"type":"Point","coordinates":[27.88991,36.72448]},"properties":{"depth":98.8,"label":"99"}},{"type":"Feature","geometry":{"type":"Point","coordinates":[27.89199,36.72448]},"properties":{"depth":99.2,"label":"99"}},{"type":"Feature","geometry":{"type":"Point","coordinates":[27.90033,36.72448]},"properties":{"depth":116.3,"label":"116"}},{"type":"Feature","geometry":{"type":"Point","coordinates":[27.91597,36.72448]},"properties":{"depth":119.2,"label":"119"}},{"type":"Feature","geometry":{"type":"Point","coordinates":[27.92431,36.72448]},"properties":{"depth":102.0,"label":"102"}},{"type":"Feature","geometry":{"type":"Point","coordinates":[27.9264,36.72448]},"properties":{"depth":101.6,"label":"102"}},{"type":"Feature","geometry":{"type":"Point","coordinates":[27.9337,36.72448]},"properties":{"depth":105.4,"label":"105"}},{"type":"Feature","geometry":{"type":"Point","coordinates":[27.94204,36.72448]},"properties":{"depth":116.5,"label":"116"}},{"type":"Feature","geometry":{"type":"Point","coordinates":[27.95768,36.71822]},"properties":{"depth":109.1,"label":"109"}},{"type":"Feature","geometry":{"type":"Point","coordinates":[27.96602,36.72448]},"properties":{"depth":105.1,"label":"105"}},{"type":"Feature","geometry":{"type":"Point","coordinates":[27.97436,36.71718]},"properties":{"depth":94.4,"label":"94"}},{"type":"Feature","geometry":{"type":"Point","coordinates":[27.9827,36.71718]},"properties":{"depth":64.0,"label":"64"}},{"type":"Feature","geometry":{"type":"Point","coordinates":[27.99104,36.71718]},"properties":{"depth":35.3,"label":"35"}},{"type":"Feature","geometry":{"type":"Point","coordinates":[27.99938,36.72031]},"properties":{"depth":0.7,"label":"0.7"}},{"type":"Feature","geometry":{"type":"Point","coordinates":[28.00355,36.72031]},"properties":{"depth":1.8,"label":"1.8"}},{"type":"Feature","geometry":{"type":"Point","coordinates":[28.01398,36.72135]},"properties":{"depth":0.7,"label":"0.7"}},{"type":"Feature","geometry":{"type":"Point","coordinates":[28.03483,36.72448]},"properties":{"depth":0.5,"label":"0.5"}},{"type":"Feature","geometry":{"type":"Point","coordinates":[28.09739,36.72239]},"properties":{"depth":0.2,"label":"0.2"}},{"type":"Feature","geometry":{"type":"Point","coordinates":[28.10052,36.72448]},"properties":{"depth":4.8,"label":"4.8"}},{"type":"Feature","geometry":{"type":"Point","coordinates":[28.259,36.72448]},"properties":{"depth":8.6,"label":"8.6"}},{"type":"Feature","geometry":{"type":"Point","coordinates":[28.26735,36.72448]},"properties":{"depth":14.9,"label":"15"}},{"type":"Feature","geometry":{"type":"Point","coordinates":[28.2809,36.72448]},"properties":{"depth":0.3,"label":"0.3"}},{"type":"Feature","geometry":{"type":"Point","coordinates":[28.28507,36.71926]},"properties":{"depth":0.3,"label":"0.3"}},{"type":"Feature","geometry":{"type":"Point","coordinates":[28.29237,36.71926]},"properties":{"depth":0.8,"label":"0.8"}},{"type":"Feature","geometry":{"type":"Point","coordinates":[28.30071,36.72448]},"properties":{"depth":5.2,"label":"5.2"}},{"type":"Feature","geometry":{"type":"Point","coordinates":[28.30905,36.72448]},"properties":{"depth":38.6,"label":"39"}},{"type":"Feature","geometry":{"type":"Point","coordinates":[28.31739,36.72448]},"properties":{"depth":77.3,"label":"77"}},{"type":"Feature","geometry":{"type":"Point","coordinates":[28.32573,36.72448]},"properties":{"depth":112.8,"label":"113"}},{"type":"Feature","geometry":{"type":"Point","coordinates":[28.59995,36.72448]},"properties":{"depth":87.3,"label":"87"}},{"type":"Feature","geometry":{"type":"Point","coordinates":[28.60829,36.72448]},"properties":{"depth":35.9,"label":"36"}},{"type":"Feature","geometry":{"type":"Point","coordinates":[28.61664,36.71718]},"properties":{"depth":4.5,"label":"4.5"}},{"type":"Feature","geometry":{"type":"Point","coordinates":[28.62185,36.71926]},"properties":{"depth":0.3,"label":"0.3"}},{"type":"Feature","geometry":{"type":"Point","coordinates":[28.64896,36.71926]},"properties":{"depth":0.4,"label":"0.4"}},{"type":"Feature","geometry":{"type":"Point","coordinates":[27.70014,36.71613]},"properties":{"depth":10.1,"label":"10"}},{"type":"Feature","geometry":{"type":"Point","coordinates":[27.7137,36.71613]},"properties":{"depth":50.3,"label":"50"}},{"type":"Feature","geometry":{"type":"Point","coordinates":[27.71682,36.71613]},"properties":{"depth":53.4,"label":"53"}},{"type":"Feature","geometry":{"type":"Point","coordinates":[27.72517,36.71613]},"properties":{"depth":81.3,"label":"81"}},{"type":"Feature","geometry":{"type":"Point","coordinates":[27.73351,36.71613]},"properties":{"depth":115.2,"label":"115"}},{"type":"Feature","geometry":{"type":"Point","coordinates":[27.87427,36.71613]},"properties":{"depth":119.2,"label":"119"}},{"type":"Feature","geometry":{"type":"Point","coordinates":[27.87739,36.71613]},"properties":{"depth":113.7,"label":"114"}},{"type":"Feature","geometry":{"type":"Point","coordinates":[27.95768,36.71613]},"properties":{"depth":109.4,"label":"109"}},{"type":"Feature","geometry":{"type":"Point","coordinates":[27.96602,36.70883]},"properties":{"depth":94.3,"label":"94"}},{"type":"Feature","geometry":{"type":"Point","coordinates":[27.97436,36.70883]},"properties":{"depth":68.0,"label":"68"}},{"type":"Feature","geometry":{"type":"Point","coordinates":[27.9827,36.70883]},"properties":{"depth":33.8,"label":"34"}},{"type":"Feature","geometry":{"type":"Point","coordinates":[27.99104,36.70883]},"properties":{"depth":11.3,"label":"11"}},{"type":"Feature","geometry":{"type":"Point","coordinates":[28.00355,36.71196]},"properties":{"depth":0.5,"label":"0.5"}},{"type":"Feature","geometry":{"type":"Point","coordinates":[28.04109,36.70883]},"properties":{"depth":1.0,"label":"1.0"}},{"type":"Feature","geometry":{"type":"Point","coordinates":[28.04318,36.71613]},"properties":{"depth":2.6,"label":"2.6"}},{"type":"Feature","geometry":{"type":"Point","coordinates":[28.10886,36.71613]},"properties":{"depth":1.7,"label":"1.7"}},{"type":"Feature","geometry":{"type":"Point","coordinates":[28.25066,36.71613]},"properties":{"depth":0.2,"label":"0.2"}},{"type":"Feature","geometry":{"type":"Point","coordinates":[28.259,36.71613]},"properties":{"depth":24.3,"label":"24"}},{"type":"Feature","geometry":{"type":"Point","coordinates":[28.27464,36.71613]},"properties":{"depth":38.2,"label":"38"}},{"type":"Feature","geometry":{"type":"Point","coordinates":[28.28299,36.71613]},"properties":{"depth":17.4,"label":"17"}},{"type":"Feature","geometry":{"type":"Point","coordinates":[28.28924,36.71613]},"properties":{"depth":9.7,"label":"9.7"}},{"type":"Feature","geometry":{"type":"Point","coordinates":[28.29237,36.71613]},"properties":{"depth":13.5,"label":"14"}},{"type":"Feature","geometry":{"type":"Point","coordinates":[28.30071,36.71613]},"properties":{"depth":50.6,"label":"51"}},{"type":"Feature","geometry":{"type":"Point","coordinates":[28.30905,36.71613]},"properties":{"depth":79.8,"label":"80"}},{"type":"Feature","geometry":{"type":"Point","coordinates":[28.31739,36.71613]},"properties":{"depth":111.6,"label":"112"}},{"type":"Feature","geometry":{"type":"Point","coordinates":[28.60829,36.71613]},"properties":{"depth":53.2,"label":"53"}},{"type":"Feature","geometry":{"type":"Point","coordinates":[28.61559,36.70987]},"properties":{"depth":1.6,"label":"1.6"}},{"type":"Feature","geometry":{"type":"Point","coordinates":[28.6427,36.71092]},"properties":{"depth":0.5,"label":"0.5"}},{"type":"Feature","geometry":{"type":"Point","coordinates":[27.68346,36.70049]},"properties":{"depth":0.3,"label":"0.3"}},{"type":"Feature","geometry":{"type":"Point","coordinates":[27.70014,36.70779]},"properties":{"depth":23.0,"label":"23"}},{"type":"Feature","geometry":{"type":"Point","coordinates":[27.70848,36.70779]},"properties":{"depth":77.4,"label":"77"}},{"type":"Feature","geometry":{"type":"Point","coordinates":[27.71682,36.70779]},"properties":{"depth":105.3,"label":"105"}},{"type":"Feature","geometry":{"type":"Point","coordinates":[27.95768,36.70049]},"properties":{"depth":101.5,"label":"101"}},{"type":"Feature","geometry":{"type":"Point","coordinates":[27.96602,36.70049]},"properties":{"depth":63.5,"label":"64"}},{"type":"Feature","geometry":{"type":"Point","coordinates":[27.97436,36.70049]},"properties":{"depth":33.5,"label":"33"}},{"type":"Feature","geometry":{"type":"Point","coordinates":[27.9827,36.70049]},"properties":{"depth":13.2,"label":"13"}},{"type":"Feature","geometry":{"type":"Point","coordinates":[28.00043,36.7057]},"properties":{"depth":0.7,"label":"0.7"}},{"type":"Feature","geometry":{"type":"Point","coordinates":[28.01398,36.70675]},"properties":{"depth":0.3,"label":"0.3"}},{"type":"Feature","geometry":{"type":"Point","coordinates":[28.24232,36.70779]},"properties":{"depth":6.7,"label":"6.7"}},{"type":"Feature","geometry":{"type":"Point","coordinates":[28.25066,36.70779]},"properties":{"depth":16.4,"label":"16"}},{"type":"Feature","geometry":{"type":"Point","coordinates":[28.259,36.70779]},"properties":{"depth":46.2,"label":"46"}},{"type":"Feature","geometry":{"type":"Point","coordinates":[28.27464,36.70779]},"properties":{"depth":71.6,"label":"72"}},{"type":"Feature","geometry":{"type":"Point","coordinates":[28.28299,36.70779]},"properties":{"depth":62.2,"label":"62"}},{"type":"Feature","geometry":{"type":"Point","coordinates":[28.28611,36.70779]},"properties":{"depth":61.5,"label":"62"}},{"type":"Feature","geometry":{"type":"Point","coordinates":[28.29237,36.70779]},"properties":{"depth":67.3,"label":"67"}},{"type":"Feature","geometry":{"type":"Point","coordinates":[28.30071,36.70779]},"properties":{"depth":93.3,"label":"93"}},{"type":"Feature","geometry":{"type":"Point","coordinates":[28.60829,36.70779]},"properties":{"depth":66.2,"label":"66"}},{"type":"Feature","geometry":{"type":"Point","coordinates":[28.61768,36.70362]},"properties":{"depth":0.3,"label":"0.3"}},{"type":"Feature","geometry":{"type":"Point","coordinates":[28.63853,36.70257]},"properties":{"depth":0.3,"label":"0.3"}},{"type":"Feature","geometry":{"type":"Point","coordinates":[28.6427,36.70779]},"properties":{"depth":10.9,"label":"11"}},{"type":"Feature","geometry":{"type":"Point","coordinates":[27.68867,36.69944]},"properties":{"depth":1.1,"label":"1.1"}},{"type":"Feature","geometry":{"type":"Point","coordinates":[27.6918,36.69944]},"properties":{"depth":5.9,"label":"5.9"}},{"type":"Feature","geometry":{"type":"Point","coordinates":[27.70014,36.69944]},"properties":{"depth":52.8,"label":"53"}},{"type":"Feature","geometry":{"type":"Point","coordinates":[27.70848,36.69944]},"properties":{"depth":103.0,"label":"103"}},{"type":"Feature","geometry":{"type":"Point","coordinates":[27.93265,36.69214]},"properties":{"depth":116.4,"label":"116"}},{"type":"Feature","geometry":{"type":"Point","coordinates":[27.93995,36.69214]},"properties":{"depth":108.1,"label":"108"}},{"type":"Feature","geometry":{"type":"Point","coordinates":[27.94934,36.69214]},"properties":{"depth":95.4,"label":"95"}},{"type":"Feature","geometry":{"type":"Point","coordinates":[27.95768,36.69214]},"properties":{"depth":62.7,"label":"63"}},{"type":"Feature","geometry":{"type":"Point","coordinates":[27.96602,36.69214]},"properties":{"depth":29.2,"label":"29"}},{"type":"Feature","geometry":{"type":"Point","coordinates":[27.97436,36.69318]},"properties":{"depth":0.7,"label":"0.7"}},{"type":"Feature","geometry":{"type":"Point","coordinates":[27.99521,36.6984]},"properties":{"depth":0.3,"label":"0.3"}},{"type":"Feature","geometry":{"type":"Point","coordinates":[28.22564,36.69631]},"properties":{"depth":0.2,"label":"0.2"}},{"type":"Feature","geometry":{"type":"Point","coordinates":[28.24232,36.69944]},"properties":{"depth":24.4,"label":"24"}},{"type":"Feature","geometry":{"type":"Point","coordinates":[28.25066,36.69944]},"properties":{"depth":51.6,"label":"52"}},{"type":"Feature","geometry":{"type":"Point","coordinates":[28.259,36.69944]},"properties":{"depth":74.2,"label":"74"}},{"type":"Feature","geometry":{"type":"Point","coordinates":[28.26735,36.69944]},"properties":{"depth":101.9,"label":"102"}},{"type":"Feature","geometry":{"type":"Point","coordinates":[28.27569,36.69944]},"properties":{"depth":109.0,"label":"109"}},{"type":"Feature","geometry":{"type":"Point","coordinates":[28.28403,36.69944]},"properties":{"depth":110.8,"label":"111"}},{"type":"Feature","geometry":{"type":"Point","coordinates":[28.29237,36.69944]},"properties":{"depth":117.1,"label":"117"}},{"type":"Feature","geometry":{"type":"Point","coordinates":[28.60829,36.69944]},"properties":{"depth":105.7,"label":"106"}},{"type":"Feature","geometry":{"type":"Point","coordinates":[28.61664,36.69944]},"properties":{"depth":38.2,"label":"38"}},{"type":"Feature","geometry":{"type":"Point","coordinates":[28.62498,36.6984]},"properties":{"depth":1.1,"label":"1.1"}},{"type":"Feature","geometry":{"type":"Point","coordinates":[28.62915,36.69736]},"properties":{"depth":1.0,"label":"1.0"}},{"type":"Feature","geometry":{"type":"Point","coordinates":[28.6354,36.69944]},"properties":{"depth":0.5,"label":"0.5"}},{"type":"Feature","geometry":{"type":"Point","coordinates":[28.6427,36.69944]},"properties":{"depth":65.2,"label":"65"}},{"type":"Feature","geometry":{"type":"Point","coordinates":[27.68346,36.6911]},"properties":{"depth":19.3,"label":"19"}},{"type":"Feature","geometry":{"type":"Point","coordinates":[27.6918,36.6911]},"properties":{"depth":61.8,"label":"62"}},{"type":"Feature","geometry":{"type":"Point","coordinates":[27.70014,36.6911]},"properties":{"depth":94.7,"label":"95"}},{"type":"Feature","geometry":{"type":"Point","coordinates":[27.92431,36.6838]},"properties":{"depth":118.5,"label":"118"}},{"type":"Feature","geometry":{"type":"Point","coordinates":[27.93265,36.6838]},"properties":{"depth":53.1,"label":"53"}},{"type":"Feature","geometry":{"type":"Point","coordinates":[27.9337,36.6838]},"properties":{"depth":52.6,"label":"53"}},{"type":"Feature","geometry":{"type":"Point","coordinates":[27.94934,36.6838]},"properties":{"depth":44.0,"label":"44"}},{"type":"Feature","geometry":{"type":"Point","coordinates":[27.95768,36.6838]},"properties":{"depth":23.0,"label":"23"}},{"type":"Feature","geometry":{"type":"Point","coordinates":[27.96498,36.68588]},"properties":{"depth":2.4,"label":"2.4"}},{"type":"Feature","geometry":{"type":"Point","coordinates":[28.04526,36.68588]},"properties":{"depth":0.3,"label":"0.3"}},{"type":"Feature","geometry":{"type":"Point","coordinates":[28.19957,36.68588]},"properties":{"depth":0.4,"label":"0.4"}},{"type":"Feature","geometry":{"type":"Point","coordinates":[28.23398,36.6911]},"properties":{"depth":23.9,"label":"24"}},{"type":"Feature","geometry":{"type":"Point","coordinates":[28.24232,36.6911]},"properties":{"depth":52.7,"label":"53"}},{"type":"Feature","geometry":{"type":"Point","coordinates":[28.25066,36.6911]},"properties":{"depth":79.5,"label":"80"}},{"type":"Feature","geometry":{"type":"Point","coordinates":[28.259,36.6911]},"properties":{"depth":98.8,"label":"99"}},{"type":"Feature","geometry":{"type":"Point","coordinates":[28.26735,36.6911]},"properties":{"depth":112.3,"label":"112"}},{"type":"Feature","geometry":{"type":"Point","coordinates":[28.62498,36.6911]},"properties":{"depth":84.5,"label":"84"}},{"type":"Feature","geometry":{"type":"Point","coordinates":[28.63019,36.6911]},"properties":{"depth":78.3,"label":"78"}},{"type":"Feature","geometry":{"type":"Point","coordinates":[28.63436,36.6911]},"properties":{"depth":85.0,"label":"85"}},{"type":"Feature","geometry":{"type":"Point","coordinates":[27.55,36.67858]},"properties":{"depth":0.3,"label":"0.3"}},{"type":"Feature","geometry":{"type":"Point","coordinates":[27.58441,36.67754]},"properties":{"depth":1.6,"label":"1.6"}},{"type":"Feature","geometry":{"type":"Point","coordinates":[27.59588,36.67858]},"properties":{"depth":0.3,"label":"0.3"}},{"type":"Feature","geometry":{"type":"Point","coordinates":[27.60213,36.67962]},"properties":{"depth":0.4,"label":"0.4"}},{"type":"Feature","geometry":{"type":"Point","coordinates":[27.60943,36.67962]},"properties":{"depth":0.4,"label":"0.4"}},{"type":"Feature","geometry":{"type":"Point","coordinates":[27.67408,36.67962]},"properties":{"depth":0.3,"label":"0.3"}},{"type":"Feature","geometry":{"type":"Point","coordinates":[27.67512,36.68275]},"properties":{"depth":1.6,"label":"1.6"}},{"type":"Feature","geometry":{"type":"Point","coordinates":[27.68346,36.68275]},"properties":{"depth":52.9,"label":"53"}},{"type":"Feature","geometry":{"type":"Point","coordinates":[27.6918,36.68275]},"properties":{"depth":107.6,"label":"108"}},{"type":"Feature","geometry":{"type":"Point","coordinates":[27.85758,36.67545]},"properties":{"depth":100.6,"label":"101"}},{"type":"Feature","geometry":{"type":"Point","coordinates":[27.85967,36.67545]},"properties":{"depth":99.6,"label":"100"}},{"type":"Feature","geometry":{"type":"Point","coordinates":[27.92431,36.68275]},"properties":{"depth":119.8,"label":"120"}},{"type":"Feature","geometry":{"type":"Point","coordinates":[27.93265,36.68275]},"properties":{"depth":53.2,"label":"53"}},{"type":"Feature","geometry":{"type":"Point","coordinates":[27.941,36.68067]},"properties":{"depth":49.9,"label":"50"}},{"type":"Feature","geometry":{"type":"Point","coordinates":[27.94934,36.67962]},"properties":{"depth":35.5,"label":"36"}},{"type":"Feature","geometry":{"type":"Point","coordinates":[27.95768,36.67858]},"properties":{"depth":14.8,"label":"15"}},{"type":"Feature","geometry":{"type":"Point","coordinates":[27.96289,36.68067]},"properties":{"depth":1.0,"label":"1.0"}},{"type":"Feature","geometry":{"type":"Point","coordinates":[28.05047,36.68275]},"properties":{"depth":0.5,"label":"0.5"}},{"type":"Feature","geometry":{"type":"Point","coordinates":[28.16621,36.67962]},"properties":{"depth":0.2,"label":"0.2"}},{"type":"Feature","geometry":{"type":"Point","coordinates":[28.16725,36.67962]},"properties":{"depth":0.2,"label":"0.2"}},{"type":"Feature","geometry":{"type":"Point","coordinates":[28.17768,36.67754]},"properties":{"depth":0.3,"label":"0.3"}},{"type":"Feature","geometry":{"type":"Point","coordinates":[28.19019,36.68275]},"properties":{"depth":0.3,"label":"0.3"}},{"type":"Feature","geometry":{"type":"Point","coordinates":[28.19227,36.68275]},"properties":{"depth":3.8,"label":"3.8"}},{"type":"Feature","geometry":{"type":"Point","coordinates":[28.20062,36.68275]},"properties":{"depth":11.8,"label":"12"}},{"type":"Feature","geometry":{"type":"Point","coordinates":[28.20896,36.68275]},"properties":{"depth":17.0,"label":"17"}},{"type":"Feature","geometry":{"type":"Point","coordinates":[28.22251,36.68275]},"properties":{"depth":17.9,"label":"18"}},{"type":"Feature","geometry":{"type":"Point","coordinates":[28.22564,36.68275]},"properties":{"depth":19.4,"label":"19"}},{"type":"Feature","geometry":{"type":"Point","coordinates":[28.23398,36.68275]},"properties":{"depth":43.8,"label":"44"}},{"type":"Feature","geometry":{"type":"Point","coordinates":[28.24232,36.68275]},"properties":{"depth":79.0,"label":"79"}},{"type":"Feature","geometry":{"type":"Point","coordinates":[28.25066,36.68275]},"properties":{"depth":103.4,"label":"103"}},{"type":"Feature","geometry":{"type":"Point","coordinates":[28.259,36.68275]},"properties":{"depth":111.1,"label":"111"}},{"type":"Feature","geometry":{"type":"Point","coordinates":[27.5573,36.67441]},"properties":{"depth":1.4,"label":"1.4"}},{"type":"Feature","geometry":{"type":"Point","coordinates":[27.56564,36.67441]},"properties":{"depth":0.3,"label":"0.3"}},{"type":"Feature","geometry":{"type":"Point","coordinates":[27.56668,36.67441]},"properties":{"depth":2.7,"label":"2.7"}},{"type":"Feature","geometry":{"type":"Point","coordinates":[27.58232,36.67441]},"properties":{"depth":32.0,"label":"32"}},{"type":"Feature","geometry":{"type":"Point","coordinates":[27.58441,36.67441]},"properties":{"depth":31.3,"label":"31"}},{"type":"Feature","geometry":{"type":"Point","coordinates":[27.59796,36.67441]},"properties":{"depth":18.9,"label":"19"}},{"type":"Feature","geometry":{"type":"Point","coordinates":[27.60005,36.67441]},"properties":{"depth":22.1,"label":"22"}},{"type":"Feature","geometry":{"type":"Point","coordinates":[27.61569,36.67337]},"properties":{"depth":1.0,"label":"1.0"}},{"type":"Feature","geometry":{"type":"Point","coordinates":[27.6282,36.67024]},"properties":{"depth":0.9,"label":"0.9"}},{"type":"Feature","geometry":{"type":"Point","coordinates":[27.67408,36.67232]},"properties":{"depth":0.8,"label":"0.8"}},{"type":"Feature","geometry":{"type":"Point","coordinates":[27.67512,36.66711]},"properties":{"depth":0.8,"label":"0.8"}},{"type":"Feature","geometry":{"type":"Point","coordinates":[27.68346,36.66711]},"properties":{"depth":63.5,"label":"63"}},{"type":"Feature","geometry":{"type":"Point","coordinates":[27.83256,36.66711]},"properties":{"depth":96.7,"label":"97"}},{"type":"Feature","geometry":{"type":"Point","coordinates":[27.8409,36.66711]},"properties":{"depth":60.9,"label":"61"}},{"type":"Feature","geometry":{"type":"Point","coordinates":[27.84924,36.66711]},"properties":{"depth":34.0,"label":"34"}},{"type":"Feature","geometry":{"type":"Point","coordinates":[27.8555,36.66815]},"properties":{"depth":3.3,"label":"3.3"}},{"type":"Feature","geometry":{"type":"Point","coordinates":[27.86175,36.66711]},"properties":{"depth":2.4,"label":"2.4"}},{"type":"Feature","geometry":{"type":"Point","coordinates":[27.86697,36.66711]},"properties":{"depth":60.0,"label":"60"}},{"type":"Feature","geometry":{"type":"Point","coordinates":[27.93265,36.67441]},"properties":{"depth":76.6,"label":"77"}},{"type":"Feature","geometry":{"type":"Point","coordinates":[27.941,36.67441]},"properties":{"depth":65.1,"label":"65"}},{"type":"Feature","geometry":{"type":"Point","coordinates":[27.94934,36.67441]},"properties":{"depth":45.5,"label":"45"}},{"type":"Feature","geometry":{"type":"Point","coordinates":[27.95768,36.67441]},"properties":{"depth":21.8,"label":"22"}},{"type":"Feature","geometry":{"type":"Point","coordinates":[27.96602,36.67441]},"properties":{"depth":0.7,"label":"0.7"}},{"type":"Feature","geometry":{"type":"Point","coordinates":[27.97227,36.67441]},"properties":{"depth":0.3,"label":"0.3"}},{"type":"Feature","geometry":{"type":"Point","coordinates":[27.9827,36.67337]},"properties":{"depth":0.7,"label":"0.7"}},{"type":"Feature","geometry":{"type":"Point","coordinates":[27.98479,36.67337]},"properties":{"depth":0.6,"label":"0.6"}},{"type":"Feature","geometry":{"type":"Point","coordinates":[27.99209,36.66919]},"properties":{"depth":0.3,"label":"0.3"}},{"type":"Feature","geometry":{"type":"Point","coordinates":[28.00981,36.66711]},"properties":{"depth":0.6,"label":"0.6"}},{"type":"Feature","geometry":{"type":"Point","coordinates":[28.04943,36.67232]},"properties":{"depth":0.4,"label":"0.4"}},{"type":"Feature","geometry":{"type":"Point","coordinates":[28.05673,36.67232]},"properties":{"depth":0.3,"label":"0.3"}},{"type":"Feature","geometry":{"type":"Point","coordinates":[28.16621,36.66919]},"properties":{"depth":0.2,"label":"0.2"}},{"type":"Feature","geometry":{"type":"Point","coordinates":[28.16725,36.66815]},"properties":{"depth":2.1,"label":"2.1"}},{"type":"Feature","geometry":{"type":"Point","coordinates":[28.17664,36.67441]},"properties":{"depth":8.8,"label":"8.8"}},{"type":"Feature","geometry":{"type":"Point","coordinates":[28.18393,36.67441]},"properties":{"depth":20.5,"label":"20"}},{"type":"Feature","geometry":{"type":"Point","coordinates":[28.19227,36.67441]},"properties":{"depth":36.5,"label":"37"}},{"type":"Feature","geometry":{"type":"Point","coordinates":[28.20062,36.67441]},"properties":{"depth":48.1,"label":"48"}},{"type":"Feature","geometry":{"type":"Point","coordinates":[28.20896,36.67441]},"properties":{"depth":53.2,"label":"53"}},{"type":"Feature","geometry":{"type":"Point","coordinates":[28.2173,36.67441]},"properties":{"depth":56.1,"label":"56"}},{"type":"Feature","geometry":{"type":"Point","coordinates":[28.22564,36.67441]},"properties":{"depth":59.5,"label":"59"}},{"type":"Feature","geometry":{"type":"Point","coordinates":[28.23398,36.67441]},"properties":{"depth":76.8,"label":"77"}},{"type":"Feature","geometry":{"type":"Point","coordinates":[28.24232,36.67441]},"properties":{"depth":103.5,"label":"103"}},{"type":"Feature","geometry":{"type":"Point","coordinates":[28.25066,36.67441]},"properties":{"depth":115.1,"label":"115"}},{"type":"Feature","geometry":{"type":"Point","coordinates":[27.5573,36.66606]},"properties":{"depth":46.3,"label":"46"}},{"type":"Feature","geometry":{"type":"Point","coordinates":[27.55938,36.66606]},"properties":{"depth":44.6,"label":"45"}},{"type":"Feature","geometry":{"type":"Point","coordinates":[27.56668,36.66606]},"properties":{"depth":74.7,"label":"75"}},{"type":"Feature","geometry":{"type":"Point","coordinates":[27.57502,36.66606]},"properties":{"depth":116.7,"label":"117"}},{"type":"Feature","geometry":{"type":"Point","coordinates":[27.599,36.66606]},"properties":{"depth":106.8,"label":"107"}},{"type":"Feature","geometry":{"type":"Point","coordinates":[27.60735,36.66606]},"properties":{"depth":93.6,"label":"94"}},{"type":"Feature","geometry":{"type":"Point","coordinates":[27.61569,36.66606]},"properties":{"depth":65.7,"label":"66"}},{"type":"Feature","geometry":{"type":"Point","coordinates":[27.62403,36.66606]},"properties":{"depth":46.3,"label":"46"}},{"type":"Feature","geometry":{"type":"Point","coordinates":[27.63237,36.66606]},"properties":{"depth":42.9,"label":"43"}},{"type":"Feature","geometry":{"type":"Point","coordinates":[27.64071,36.66606]},"properties":{"depth":31.2,"label":"31"}},{"type":"Feature","geometry":{"type":"Point","coordinates":[27.66678,36.65876]},"properties":{"depth":1.4,"label":"1.4"}},{"type":"Feature","geometry":{"type":"Point","coordinates":[27.68346,36.65876]},"properties":{"depth":37.3,"label":"37"}},{"type":"Feature","geometry":{"type":"Point","coordinates":[27.80754,36.65876]},"properties":{"depth":112.6,"label":"113"}},{"type":"Feature","geometry":{"type":"Point","coordinates":[27.81588,36.65876]},"properties":{"depth":56.0,"label":"56"}},{"type":"Feature","geometry":{"type":"Point","coordinates":[27.82213,36.65876]},"properties":{"depth":28.9,"label":"29"}},{"type":"Feature","geometry":{"type":"Point","coordinates":[27.83152,36.65876]},"properties":{"depth":2.6,"label":"2.6"}},{"type":"Feature","geometry":{"type":"Point","coordinates":[27.83882,36.66189]},"properties":{"depth":0.4,"label":"0.4"}},{"type":"Feature","geometry":{"type":"Point","coordinates":[27.84611,36.66293]},"properties":{"depth":0.2,"label":"0.2"}},{"type":"Feature","geometry":{"type":"Point","coordinates":[27.85445,36.66606]},"properties":{"depth":1.2,"label":"1.2"}},{"type":"Feature","geometry":{"type":"Point","coordinates":[27.86071,36.66189]},"properties":{"depth":0.5,"label":"0.5"}},{"type":"Feature","geometry":{"type":"Point","coordinates":[27.86697,36.65876]},"properties":{"depth":32.7,"label":"33"}},{"type":"Feature","geometry":{"type":"Point","coordinates":[27.87531,36.65876]},"properties":{"depth":102.7,"label":"103"}},{"type":"Feature","geometry":{"type":"Point","coordinates":[27.93265,36.66606]},"properties":{"depth":95.0,"label":"95"}},{"type":"Feature","geometry":{"type":"Point","coordinates":[27.941,36.66606]},"properties":{"depth":83.8,"label":"84"}},{"type":"Feature","geometry":{"type":"Point","coordinates":[27.94934,36.66606]},"properties":{"depth":78.5,"label":"79"}},{"type":"Feature","geometry":{"type":"Point","coordinates":[27.95246,36.66606]},"properties":{"depth":77.1,"label":"77"}},{"type":"Feature","geometry":{"type":"Point","coordinates":[27.96602,36.66606]},"properties":{"depth":84.5,"label":"84"}},{"type":"Feature","geometry":{"type":"Point","coordinates":[27.97436,36.66606]},"properties":{"depth":71.3,"label":"71"}},{"type":"Feature","geometry":{"type":"Point","coordinates":[27.9827,36.66606]},"properties":{"depth":64.5,"label":"64"}},{"type":"Feature","geometry":{"type":"Point","coordinates":[27.99104,36.66606]},"properties":{"depth":34.9,"label":"35"}},{"type":"Feature","geometry":{"type":"Point","coordinates":[27.99313,36.66606]},"properties":{"depth":33.6,"label":"34"}},{"type":"Feature","geometry":{"type":"Point","coordinates":[28.00773,36.66606]},"properties":{"depth":8.6,"label":"8.6"}},{"type":"Feature","geometry":{"type":"Point","coordinates":[28.01607,36.66606]},"properties":{"depth":0.6,"label":"0.6"}},{"type":"Feature","geometry":{"type":"Point","coordinates":[28.02441,36.66606]},"properties":{"depth":0.7,"label":"0.7"}},{"type":"Feature","geometry":{"type":"Point","coordinates":[28.04318,36.66293]},"properties":{"depth":0.6,"label":"0.6"}},{"type":"Feature","geometry":{"type":"Point","coordinates":[28.05256,36.65876]},"properties":{"depth":1.0,"label":"1.0"}},{"type":"Feature","geometry":{"type":"Point","coordinates":[28.05882,36.66085]},"properties":{"depth":0.7,"label":"0.7"}},{"type":"Feature","geometry":{"type":"Point","coordinates":[28.07445,36.65876]},"properties":{"depth":0.3,"label":"0.3"}},{"type":"Feature","geometry":{"type":"Point","coordinates":[28.15787,36.66085]},"properties":{"depth":0.3,"label":"0.3"}},{"type":"Feature","geometry":{"type":"Point","coordinates":[28.16517,36.66502]},"properties":{"depth":0.3,"label":"0.3"}},{"type":"Feature","geometry":{"type":"Point","coordinates":[28.16725,36.66606]},"properties":{"depth":3.9,"label":"3.9"}},{"type":"Feature","geometry":{"type":"Point","coordinates":[28.17559,36.66606]},"properties":{"depth":29.0,"label":"29"}},{"type":"Feature","geometry":{"type":"Point","coordinates":[28.18393,36.66606]},"properties":{"depth":48.1,"label":"48"}},{"type":"Feature","geometry":{"type":"Point","coordinates":[28.19227,36.66606]},"properties":{"depth":63.1,"label":"63"}},{"type":"Feature","geometry":{"type":"Point","coordinates":[28.20062,36.66606]},"properties":{"depth":78.9,"label":"79"}},{"type":"Feature","geometry":{"type":"Point","coordinates":[28.20896,36.66606]},"properties":{"depth":87.7,"label":"88"}},{"type":"Feature","geometry":{"type":"Point","coordinates":[28.2173,36.66606]},"properties":{"depth":91.7,"label":"92"}},{"type":"Feature","geometry":{"type":"Point","coordinates":[28.22564,36.66606]},"properties":{"depth":96.1,"label":"96"}},{"type":"Feature","geometry":{"type":"Point","coordinates":[28.23398,36.66606]},"properties":{"depth":105.2,"label":"105"}},{"type":"Feature","geometry":{"type":"Point","coordinates":[28.24232,36.66606]},"properties":{"depth":112.8,"label":"113"}},{"type":"Feature","geometry":{"type":"Point","coordinates":[27.64071,36.65772]},"properties":{"depth":102.5,"label":"103"}},{"type":"Feature","geometry":{"type":"Point","coordinates":[27.64905,36.65772]},"properties":{"depth":59.8,"label":"60"}},{"type":"Feature","geometry":{"type":"Point","coordinates":[27.65635,36.65772]},"properties":{"depth":40.1,"label":"40"}},{"type":"Feature","geometry":{"type":"Point","coordinates":[27.66573,36.65772]},"properties":{"depth":10.9,"label":"11"}},{"type":"Feature","geometry":{"type":"Point","coordinates":[27.66991,36.65772]},"properties":{"depth":0.8,"label":"0.8"}},{"type":"Feature","geometry":{"type":"Point","coordinates":[27.68033,36.65772]},"properties":{"depth":2.1,"label":"2.1"}},{"type":"Feature","geometry":{"type":"Point","coordinates":[27.68346,36.65772]},"properties":{"depth":36.9,"label":"37"}},{"type":"Feature","geometry":{"type":"Point","coordinates":[27.79919,36.65042]},"properties":{"depth":120.0,"label":"120"}},{"type":"Feature","geometry":{"type":"Point","coordinates":[27.80754,36.65042]},"properties":{"depth":49.2,"label":"49"}},{"type":"Feature","geometry":{"type":"Point","coordinates":[27.81588,36.6525]},"properties":{"depth":2.4,"label":"2.4"}},{"type":"Feature","geometry":{"type":"Point","coordinates":[27.83047,36.65668]},"properties":{"depth":1.2,"label":"1.2"}},{"type":"Feature","geometry":{"type":"Point","coordinates":[27.86801,36.65355]},"properties":{"depth":1.2,"label":"1.2"}},{"type":"Feature","geometry":{"type":"Point","coordinates":[27.87531,36.65042]},"properties":{"depth":83.5,"label":"84"}},{"type":"Feature","geometry":{"type":"Point","coordinates":[27.941,36.65772]},"properties":{"depth":99.7,"label":"100"}},{"type":"Feature","geometry":{"type":"Point","coordinates":[27.94204,36.65772]},"properties":{"depth":99.6,"label":"100"}},{"type":"Feature","geometry":{"type":"Point","coordinates":[28.00773,36.65772]},"properties":{"depth":105.7,"label":"106"}},{"type":"Feature","geometry":{"type":"Point","coordinates":[28.01607,36.65772]},"properties":{"depth":65.4,"label":"65"}},{"type":"Feature","geometry":{"type":"Point","coordinates":[28.02441,36.65772]},"properties":{"depth":22.8,"label":"23"}},{"type":"Feature","geometry":{"type":"Point","coordinates":[28.02858,36.65668]},"properties":{"depth":2.2,"label":"2.2"}},{"type":"Feature","geometry":{"type":"Point","coordinates":[28.03483,36.6525]},"properties":{"depth":1.3,"label":"1.3"}},{"type":"Feature","geometry":{"type":"Point","coordinates":[28.0609,36.65146]},"properties":{"depth":0.3,"label":"0.3"}},{"type":"Feature","geometry":{"type":"Point","coordinates":[28.07237,36.65355]},"properties":{"depth":0.5,"label":"0.5"}},{"type":"Feature","geometry":{"type":"Point","coordinates":[28.08175,36.65772]},"properties":{"depth":0.2,"label":"0.2"}},{"type":"Feature","geometry":{"type":"Point","coordinates":[28.08592,36.65355]},"properties":{"depth":0.5,"label":"0.5"}},{"type":"Feature","geometry":{"type":"Point","coordinates":[28.15891,36.65772]},"properties":{"depth":8.9,"label":"8.9"}},{"type":"Feature","geometry":{"type":"Point","coordinates":[28.16725,36.65772]},"properties":{"depth":26.4,"label":"26"}},{"type":"Feature","geometry":{"type":"Point","coordinates":[28.17559,36.65772]},"properties":{"depth":48.4,"label":"48"}},{"type":"Feature","geometry":{"type":"Point","coordinates":[28.18393,36.65772]},"properties":{"depth":73.8,"label":"74"}},{"type":"Feature","geometry":{"type":"Point","coordinates":[28.19227,36.65772]},"properties":{"depth":80.4,"label":"80"}},{"type":"Feature","geometry":{"type":"Point","coordinates":[28.20062,36.65772]},"properties":{"depth":86.4,"label":"86"}},{"type":"Feature","geometry":{"type":"Point","coordinates":[28.20896,36.65772]},"properties":{"depth":91.8,"label":"92"}},{"type":"Feature","geometry":{"type":"Point","coordinates":[28.2173,36.65772]},"properties":{"depth":97.8,"label":"98"}},{"type":"Feature","geometry":{"type":"Point","coordinates":[28.22564,36.65772]},"properties":{"depth":101.9,"label":"102"}},{"type":"Feature","geometry":{"type":"Point","coordinates":[28.23398,36.65772]},"properties":{"depth":111.3,"label":"111"}},{"type":"Feature","geometry":{"type":"Point","coordinates":[27.67408,36.64937]},"properties":{"depth":109.4,"label":"109"}},{"type":"Feature","geometry":{"type":"Point","coordinates":[27.67929,36.64937]},"properties":{"depth":97.1,"label":"97"}},{"type":"Feature","geometry":{"type":"Point","coordinates":[27.68346,36.64937]},"properties":{"depth":108.0,"label":"108"}},{"type":"Feature","geometry":{"type":"Point","coordinates":[27.79919,36.64207]},"properties":{"depth":89.2,"label":"89"}},{"type":"Feature","geometry":{"type":"Point","coordinates":[27.80754,36.64416]},"properties":{"depth":9.5,"label":"9.5"}},{"type":"Feature","geometry":{"type":"Point","coordinates":[27.81275,36.6452]},"properties":{"depth":0.3,"label":"0.3"}},{"type":"Feature","geometry":{"type":"Point","coordinates":[27.81796,36.64937]},"properties":{"depth":1.1,"label":"1.1"}},{"type":"Feature","geometry":{"type":"Point","coordinates":[27.83986,36.64312]},"properties":{"depth":1.3,"label":"1.3"}},{"type":"Feature","geometry":{"type":"Point","coordinates":[27.8555,36.6452]},"properties":{"depth":0.4,"label":"0.4"}},{"type":"Feature","geometry":{"type":"Point","coordinates":[27.86384,36.64937]},"properties":{"depth":0.2,"label":"0.2"}},{"type":"Feature","geometry":{"type":"Point","coordinates":[27.86801,36.64937]},"properties":{"depth":2.7,"label":"2.7"}},{"type":"Feature","geometry":{"type":"Point","coordinates":[27.87531,36.64937]},"properties":{"depth":91.5,"label":"92"}},{"type":"Feature","geometry":{"type":"Point","coordinates":[28.02441,36.64937]},"properties":{"depth":93.1,"label":"93"}},{"type":"Feature","geometry":{"type":"Point","coordinates":[28.03275,36.64937]},"properties":{"depth":30.5,"label":"31"}},{"type":"Feature","geometry":{"type":"Point","coordinates":[28.03796,36.64833]},"properties":{"depth":0.5,"label":"0.5"}},{"type":"Feature","geometry":{"type":"Point","coordinates":[28.06924,36.64416]},"properties":{"depth":0.7,"label":"0.7"}},{"type":"Feature","geometry":{"type":"Point","coordinates":[28.0755,36.64937]},"properties":{"depth":23.3,"label":"23"}},{"type":"Feature","geometry":{"type":"Point","coordinates":[28.09114,36.64833]},"properties":{"depth":0.2,"label":"0.2"}},{"type":"Feature","geometry":{"type":"Point","coordinates":[28.15057,36.64937]},"properties":{"depth":2.7,"label":"2.7"}},{"type":"Feature","geometry":{"type":"Point","coordinates":[28.15891,36.64937]},"properties":{"depth":30.5,"label":"30"}},{"type":"Feature","geometry":{"type":"Point","coordinates":[28.16725,36.64937]},"properties":{"depth":52.8,"label":"53"}},{"type":"Feature","geometry":{"type":"Point","coordinates":[28.17559,36.64937]},"properties":{"depth":69.6,"label":"70"}},{"type":"Feature","geometry":{"type":"Point","coordinates":[28.18393,36.64937]},"properties":{"depth":80.7,"label":"81"}},{"type":"Feature","geometry":{"type":"Point","coordinates":[28.19227,36.64937]},"properties":{"depth":85.2,"label":"85"}},{"type":"Feature","geometry":{"type":"Point","coordinates":[28.20062,36.64937]},"properties":{"depth":90.3,"label":"90"}},{"type":"Feature","geometry":{"type":"Point","coordinates":[28.20896,36.64937]},"properties":{"depth":96.1,"label":"96"}},{"type":"Feature","geometry":{"type":"Point","coordinates":[28.2173,36.64937]},"properties":{"depth":102.3,"label":"102"}},{"type":"Feature","geometry":{"type":"Point","coordinates":[28.22564,36.64937]},"properties":{"depth":106.9,"label":"107"}},{"type":"Feature","geometry":{"type":"Point","coordinates":[28.23398,36.64937]},"properties":{"depth":115.3,"label":"115"}},{"type":"Feature","geometry":{"type":"Point","coordinates":[27.79085,36.63373]},"properties":{"depth":35.1,"label":"35"}},{"type":"Feature","geometry":{"type":"Point","coordinates":[27.79502,36.63373]},"properties":{"depth":15.4,"label":"15"}},{"type":"Feature","geometry":{"type":"Point","coordinates":[27.80754,36.63373]},"properties":{"depth":15.4,"label":"15"}},{"type":"Feature","geometry":{"type":"Point","coordinates":[27.81275,36.63581]},"properties":{"depth":1.2,"label":"1.2"}},{"type":"Feature","geometry":{"type":"Point","coordinates":[27.82005,36.64103]},"properties":{"depth":1.4,"label":"1.4"}},{"type":"Feature","geometry":{"type":"Point","coordinates":[27.82943,36.63477]},"properties":{"depth":0.2,"label":"0.2"}},{"type":"Feature","geometry":{"type":"Point","coordinates":[27.84194,36.64103]},"properties":{"depth":15.1,"label":"15"}},{"type":"Feature","geometry":{"type":"Point","coordinates":[27.85028,36.64103]},"properties":{"depth":44.1,"label":"44"}},{"type":"Feature","geometry":{"type":"Point","coordinates":[27.86592,36.63373]},"properties":{"depth":49.1,"label":"49"}},{"type":"Feature","geometry":{"type":"Point","coordinates":[27.87218,36.63373]},"properties":{"depth":14.4,"label":"14"}},{"type":"Feature","geometry":{"type":"Point","coordinates":[27.87531,36.63373]},"properties":{"depth":35.6,"label":"36"}},{"type":"Feature","geometry":{"type":"Point","coordinates":[28.03275,36.64103]},"properties":{"depth":79.0,"label":"79"}},{"type":"Feature","geometry":{"type":"Point","coordinates":[28.04109,36.64103]},"properties":{"depth":32.8,"label":"33"}},{"type":"Feature","geometry":{"type":"Point","coordinates":[28.04943,36.6379]},"properties":{"depth":12.9,"label":"13"}},{"type":"Feature","geometry":{"type":"Point","coordinates":[28.05777,36.63373]},"properties":{"depth":0.9,"label":"0.9"}},{"type":"Feature","geometry":{"type":"Point","coordinates":[28.06716,36.63999]},"properties":{"depth":0.3,"label":"0.3"}},{"type":"Feature","geometry":{"type":"Point","coordinates":[28.0828,36.63373]},"properties":{"depth":10.5,"label":"11"}},{"type":"Feature","geometry":{"type":"Point","coordinates":[28.09009,36.63686]},"properties":{"depth":0.9,"label":"0.9"}},{"type":"Feature","geometry":{"type":"Point","coordinates":[28.09322,36.64103]},"properties":{"depth":0.8,"label":"0.8"}},{"type":"Feature","geometry":{"type":"Point","coordinates":[28.14118,36.63373]},"properties":{"depth":0.7,"label":"0.7"}},{"type":"Feature","geometry":{"type":"Point","coordinates":[28.14327,36.63686]},"properties":{"depth":0.4,"label":"0.4"}},{"type":"Feature","geometry":{"type":"Point","coordinates":[28.15057,36.64103]},"properties":{"depth":12.8,"label":"13"}},{"type":"Feature","geometry":{"type":"Point","coordinates":[28.15891,36.64103]},"properties":{"depth":43.2,"label":"43"}},{"type":"Feature","geometry":{"type":"Point","coordinates":[28.16725,36.64103]},"properties":{"depth":73.9,"label":"74"}},{"type":"Feature","geometry":{"type":"Point","coordinates":[28.17559,36.64103]},"properties":{"depth":79.7,"label":"80"}},{"type":"Feature","geometry":{"type":"Point","coordinates":[28.18393,36.64103]},"properties":{"depth":83.6,"label":"84"}},{"type":"Feature","geometry":{"type":"Point","coordinates":[28.19227,36.64103]},"properties":{"depth":87.0,"label":"87"}},{"type":"Feature","geometry":{"type":"Point","coordinates":[28.20062,36.64103]},"properties":{"depth":93.1,"label":"93"}},{"type":"Feature","geometry":{"type":"Point","coordinates":[28.20896,36.64103]},"properties":{"depth":101.4,"label":"101"}},{"type":"Feature","geometry":{"type":"Point","coordinates":[28.2173,36.64103]},"properties":{"depth":108.3,"label":"108"}},{"type":"Feature","geometry":{"type":"Point","coordinates":[28.22564,36.64103]},"properties":{"depth":115.2,"label":"115"}},{"type":"Feature","geometry":{"type":"Point","coordinates":[27.78251,36.62538]},"properties":{"depth":82.0,"label":"82"}},{"type":"Feature","geometry":{"type":"Point","coordinates":[27.79085,36.62955]},"properties":{"depth":9.1,"label":"9.1"}},{"type":"Feature","geometry":{"type":"Point","coordinates":[27.7919,36.63164]},"properties":{"depth":1.6,"label":"1.6"}},{"type":"Feature","geometry":{"type":"Point","coordinates":[27.80336,36.6306]},"properties":{"depth":2.1,"label":"2.1"}},{"type":"Feature","geometry":{"type":"Point","coordinates":[27.81275,36.63268]},"properties":{"depth":2.5,"label":"2.5"}},{"type":"Feature","geometry":{"type":"Point","coordinates":[27.82318,36.62851]},"properties":{"depth":0.5,"label":"0.5"}},{"type":"Feature","geometry":{"type":"Point","coordinates":[27.82526,36.63268]},"properties":{"depth":4.7,"label":"4.7"}},{"type":"Feature","geometry":{"type":"Point","coordinates":[27.8336,36.62538]},"properties":{"depth":8.1,"label":"8.1"}},{"type":"Feature","geometry":{"type":"Point","coordinates":[27.8482,36.62538]},"properties":{"depth":2.8,"label":"2.8"}},{"type":"Feature","geometry":{"type":"Point","coordinates":[27.85028,36.62643]},"properties":{"depth":1.6,"label":"1.6"}},{"type":"Feature","geometry":{"type":"Point","coordinates":[27.85967,36.62747]},"properties":{"depth":1.0,"label":"1.0"}},{"type":"Feature","geometry":{"type":"Point","coordinates":[27.87114,36.63268]},"properties":{"depth":1.0,"label":"1.0"}},{"type":"Feature","geometry":{"type":"Point","coordinates":[27.87531,36.62538]},"properties":{"depth":7.1,"label":"7.1"}},{"type":"Feature","geometry":{"type":"Point","coordinates":[27.88365,36.62538]},"properties":{"depth":84.0,"label":"84"}},{"type":"Feature","geometry":{"type":"Point","coordinates":[28.02441,36.62538]},"properties":{"depth":107.5,"label":"107"}},{"type":"Feature","geometry":{"type":"Point","coordinates":[28.02858,36.62538]},"properties":{"depth":87.6,"label":"88"}},{"type":"Feature","geometry":{"type":"Point","coordinates":[28.04109,36.62538]},"properties":{"depth":65.0,"label":"65"}},{"type":"Feature","geometry":{"type":"Point","coordinates":[28.04943,36.62538]},"properties":{"depth":5.2,"label":"5.2"}},{"type":"Feature","geometry":{"type":"Point","coordinates":[28.05047,36.62538]},"properties":{"depth":0.7,"label":"0.7"}},{"type":"Feature","geometry":{"type":"Point","coordinates":[28.05882,36.63268]},"properties":{"depth":2.5,"label":"2.5"}},{"type":"Feature","geometry":{"type":"Point","coordinates":[28.07445,36.62538]},"properties":{"depth":18.2,"label":"18"}},{"type":"Feature","geometry":{"type":"Point","coordinates":[28.07758,36.62538]},"properties":{"depth":1.1,"label":"1.1"}},{"type":"Feature","geometry":{"type":"Point","coordinates":[28.08384,36.63268]},"properties":{"depth":1.8,"label":"1.8"}},{"type":"Feature","geometry":{"type":"Point","coordinates":[28.14223,36.63268]},"properties":{"depth":4.0,"label":"4.0"}},{"type":"Feature","geometry":{"type":"Point","coordinates":[28.15057,36.63268]},"properties":{"depth":32.3,"label":"32"}},{"type":"Feature","geometry":{"type":"Point","coordinates":[28.15891,36.63268]},"properties":{"depth":58.9,"label":"59"}},{"type":"Feature","geometry":{"type":"Point","coordinates":[28.17038,36.62538]},"properties":{"depth":79.6,"label":"80"}},{"type":"Feature","geometry":{"type":"Point","coordinates":[28.17559,36.6306]},"properties":{"depth":80.6,"label":"81"}},{"type":"Feature","geometry":{"type":"Point","coordinates":[28.18393,36.62851]},"properties":{"depth":84.1,"label":"84"}},{"type":"Feature","geometry":{"type":"Point","coordinates":[28.19227,36.63268]},"properties":{"depth":88.1,"label":"88"}},{"type":"Feature","geometry":{"type":"Point","coordinates":[28.20062,36.63268]},"properties":{"depth":95.3,"label":"95"}},{"type":"Feature","geometry":{"type":"Point","coordinates":[28.20896,36.63268]},"properties":{"depth":107.0,"label":"107"}},{"type":"Feature","geometry":{"type":"Point","coordinates":[28.2173,36.63268]},"properties":{"depth":117.8,"label":"118"}},{"type":"Feature","geometry":{"type":"Point","coordinates":[27.76583,36.61704]},"properties":{"depth":92.4,"label":"92"}},{"type":"Feature","geometry":{"type":"Point","coordinates":[27.77313,36.61704]},"properties":{"depth":53.1,"label":"53"}},{"type":"Feature","geometry":{"type":"Point","coordinates":[27.7773,36.61704]},"properties":{"depth":45.3,"label":"45"}},{"type":"Feature","geometry":{"type":"Point","coordinates":[27.79085,36.62225]},"properties":{"depth":6.3,"label":"6.3"}},{"type":"Feature","geometry":{"type":"Point","coordinates":[27.79711,36.62225]},"properties":{"depth":0.7,"label":"0.7"}},{"type":"Feature","geometry":{"type":"Point","coordinates":[27.82005,36.62225]},"properties":{"depth":0.5,"label":"0.5"}},{"type":"Feature","geometry":{"type":"Point","coordinates":[27.82943,36.62434]},"properties":{"depth":0.3,"label":"0.3"}},{"type":"Feature","geometry":{"type":"Point","coordinates":[27.84194,36.62017]},"properties":{"depth":0.7,"label":"0.7"}},{"type":"Feature","geometry":{"type":"Point","coordinates":[27.87427,36.62434]},"properties":{"depth":0.2,"label":"0.2"}},{"type":"Feature","geometry":{"type":"Point","coordinates":[27.88365,36.61704]},"properties":{"depth":35.7,"label":"36"}},{"type":"Feature","geometry":{"type":"Point","coordinates":[27.96602,36.61704]},"properties":{"depth":91.3,"label":"91"}},{"type":"Feature","geometry":{"type":"Point","coordinates":[27.97436,36.61704]},"properties":{"depth":61.9,"label":"62"}},{"type":"Feature","geometry":{"type":"Point","coordinates":[27.9827,36.61704]},"properties":{"depth":51.8,"label":"52"}},{"type":"Feature","geometry":{"type":"Point","coordinates":[27.98374,36.61704]},"properties":{"depth":51.5,"label":"51"}},{"type":"Feature","geometry":{"type":"Point","coordinates":[27.99834,36.61704]},"properties":{"depth":40.3,"label":"40"}},{"type":"Feature","geometry":{"type":"Point","coordinates":[28.00043,36.61704]},"properties":{"depth":42.4,"label":"42"}},{"type":"Feature","geometry":{"type":"Point","coordinates":[28.01607,36.61704]},"properties":{"depth":75.4,"label":"75"}},{"type":"Feature","geometry":{"type":"Point","coordinates":[28.02441,36.61704]},"properties":{"depth":28.0,"label":"28"}},{"type":"Feature","geometry":{"type":"Point","coordinates":[28.02858,36.61704]},"properties":{"depth":11.7,"label":"12"}},{"type":"Feature","geometry":{"type":"Point","coordinates":[28.03379,36.61704]},"properties":{"depth":57.7,"label":"58"}},{"type":"Feature","geometry":{"type":"Point","coordinates":[28.05882,36.61912]},"properties":{"depth":0.3,"label":"0.3"}},{"type":"Feature","geometry":{"type":"Point","coordinates":[28.07341,36.62017]},"properties":{"depth":1.8,"label":"1.8"}},{"type":"Feature","geometry":{"type":"Point","coordinates":[28.07654,36.62225]},"properties":{"depth":0.6,"label":"0.6"}},{"type":"Feature","geometry":{"type":"Point","coordinates":[28.13389,36.6233]},"properties":{"depth":0.6,"label":"0.6"}},{"type":"Feature","geometry":{"type":"Point","coordinates":[28.14223,36.62434]},"properties":{"depth":22.5,"label":"22"}},{"type":"Feature","geometry":{"type":"Point","coordinates":[28.15057,36.62434]},"properties":{"depth":49.4,"label":"49"}},{"type":"Feature","geometry":{"type":"Point","coordinates":[28.15891,36.61704]},"properties":{"depth":74.2,"label":"74"}},{"type":"Feature","geometry":{"type":"Point","coordinates":[28.16725,36.61704]},"properties":{"depth":76.9,"label":"77"}},{"type":"Feature","geometry":{"type":"Point","coordinates":[28.17559,36.61912]},"properties":{"depth":80.8,"label":"81"}},{"type":"Feature","geometry":{"type":"Point","coordinates":[28.18393,36.62434]},"properties":{"depth":85.1,"label":"85"}},{"type":"Feature","geometry":{"type":"Point","coordinates":[28.19227,36.62434]},"properties":{"depth":91.5,"label":"92"}},{"type":"Feature","geometry":{"type":"Point","coordinates":[28.20062,36.62434]},"properties":{"depth":103.9,"label":"104"}},{"type":"Feature","geometry":{"type":"Point","coordinates":[27.76583,36.60869]},"properties":{"depth":14.7,"label":"15"}},{"type":"Feature","geometry":{"type":"Point","coordinates":[27.76896,36.61078]},"properties":{"depth":0.5,"label":"0.5"}},{"type":"Feature","geometry":{"type":"Point","coordinates":[27.77521,36.60869]},"properties":{"depth":1.5,"label":"1.5"}},{"type":"Feature","geometry":{"type":"Point","coordinates":[27.78877,36.61078]},"properties":{"depth":0.6,"label":"0.6"}},{"type":"Feature","geometry":{"type":"Point","coordinates":[27.79607,36.61495]},"properties":{"depth":0.4,"label":"0.4"}},{"type":"Feature","geometry":{"type":"Point","coordinates":[27.88052,36.61287]},"properties":{"depth":0.3,"label":"0.3"}},{"type":"Feature","geometry":{"type":"Point","coordinates":[27.88365,36.60869]},"properties":{"depth":13.4,"label":"13"}},{"type":"Feature","geometry":{"type":"Point","coordinates":[27.89199,36.60869]},"properties":{"depth":113.8,"label":"114"}},{"type":"Feature","geometry":{"type":"Point","coordinates":[27.94934,36.60869]},"properties":{"depth":97.9,"label":"98"}},{"type":"Feature","geometry":{"type":"Point","coordinates":[27.95768,36.60869]},"properties":{"depth":46.9,"label":"47"}},{"type":"Feature","geometry":{"type":"Point","coordinates":[27.96602,36.60869]},"properties":{"depth":6.1,"label":"6.1"}},{"type":"Feature","geometry":{"type":"Point","coordinates":[27.97019,36.60869]},"properties":{"depth":0.8,"label":"0.8"}},{"type":"Feature","geometry":{"type":"Point","coordinates":[27.97853,36.61078]},"properties":{"depth":0.2,"label":"0.2"}},{"type":"Feature","geometry":{"type":"Point","coordinates":[27.98583,36.61182]},"properties":{"depth":0.4,"label":"0.4"}},{"type":"Feature","geometry":{"type":"Point","coordinates":[27.99417,36.60869]},"properties":{"depth":0.2,"label":"0.2"}},{"type":"Feature","geometry":{"type":"Point","coordinates":[28.01607,36.60869]},"properties":{"depth":13.4,"label":"13"}},{"type":"Feature","geometry":{"type":"Point","coordinates":[28.02441,36.61287]},"properties":{"depth":6.6,"label":"6.6"}},{"type":"Feature","geometry":{"type":"Point","coordinates":[28.02649,36.61391]},"properties":{"depth":0.2,"label":"0.2"}},{"type":"Feature","geometry":{"type":"Point","coordinates":[28.03379,36.60869]},"properties":{"depth":17.0,"label":"17"}},{"type":"Feature","geometry":{"type":"Point","coordinates":[28.04943,36.60869]},"properties":{"depth":2.6,"label":"2.6"}},{"type":"Feature","geometry":{"type":"Point","coordinates":[28.06299,36.61287]},"properties":{"depth":0.3,"label":"0.3"}},{"type":"Feature","geometry":{"type":"Point","coordinates":[28.0682,36.61495]},"properties":{"depth":0.9,"label":"0.9"}},{"type":"Feature","geometry":{"type":"Point","coordinates":[28.13389,36.61599]},"properties":{"depth":12.0,"label":"12"}},{"type":"Feature","geometry":{"type":"Point","coordinates":[28.14223,36.61599]},"properties":{"depth":36.3,"label":"36"}},{"type":"Feature","geometry":{"type":"Point","coordinates":[28.15057,36.61599]},"properties":{"depth":62.0,"label":"62"}},{"type":"Feature","geometry":{"type":"Point","coordinates":[28.15891,36.60974]},"properties":{"depth":64.1,"label":"64"}},{"type":"Feature","geometry":{"type":"Point","coordinates":[28.16725,36.61287]},"properties":{"depth":75.7,"label":"76"}},{"type":"Feature","geometry":{"type":"Point","coordinates":[28.17559,36.61599]},"properties":{"depth":81.2,"label":"81"}},{"type":"Feature","geometry":{"type":"Point","coordinates":[28.18393,36.61599]},"properties":{"depth":89.9,"label":"90"}},{"type":"Feature","geometry":{"type":"Point","coordinates":[28.19227,36.61599]},"properties":{"depth":104.4,"label":"104"}},{"type":"Feature","geometry":{"type":"Point","coordinates":[27.75749,36.60035]},"properties":{"depth":77.1,"label":"77"}},{"type":"Feature","geometry":{"type":"Point","coordinates":[27.77209,36.60243]},"properties":{"depth":0.3,"label":"0.3"}},{"type":"Feature","geometry":{"type":"Point","coordinates":[27.77626,36.60661]},"properties":{"depth":0.9,"label":"0.9"}},{"type":"Feature","geometry":{"type":"Point","coordinates":[27.78355,36.60348]},"properties":{"depth":3.4,"label":"3.4"}},{"type":"Feature","geometry":{"type":"Point","coordinates":[27.88365,36.60661]},"properties":{"depth":9.1,"label":"9.1"}},{"type":"Feature","geometry":{"type":"Point","coordinates":[27.89199,36.60765]},"properties":{"depth":113.5,"label":"114"}},{"type":"Feature","geometry":{"type":"Point","coordinates":[27.94934,36.60035]},"properties":{"depth":61.5,"label":"61"}},{"type":"Feature","geometry":{"type":"Point","coordinates":[27.95664,36.60243]},"properties":{"depth":0.4,"label":"0.4"}},{"type":"Feature","geometry":{"type":"Point","coordinates":[27.95976,36.60452]},"properties":{"depth":0.6,"label":"0.6"}},{"type":"Feature","geometry":{"type":"Point","coordinates":[28.01607,36.60765]},"properties":{"depth":5.1,"label":"5.1"}},{"type":"Feature","geometry":{"type":"Point","coordinates":[28.01711,36.60661]},"properties":{"depth":0.5,"label":"0.5"}},{"type":"Feature","geometry":{"type":"Point","coordinates":[28.02962,36.60452]},"properties":{"depth":0.5,"label":"0.5"}},{"type":"Feature","geometry":{"type":"Point","coordinates":[28.04109,36.60556]},"properties":{"depth":2.9,"label":"2.9"}},{"type":"Feature","geometry":{"type":"Point","coordinates":[28.0463,36.60661]},"properties":{"depth":0.6,"label":"0.6"}},{"type":"Feature","geometry":{"type":"Point","coordinates":[28.05673,36.60765]},"properties":{"depth":1.8,"label":"1.8"}},{"type":"Feature","geometry":{"type":"Point","coordinates":[28.12033,36.60661]},"properties":{"depth":0.2,"label":"0.2"}},{"type":"Feature","geometry":{"type":"Point","coordinates":[28.12763,36.60243]},"properties":{"depth":0.6,"label":"0.6"}},{"type":"Feature","geometry":{"type":"Point","coordinates":[28.13389,36.60035]},"properties":{"depth":9.6,"label":"9.6"}},{"type":"Feature","geometry":{"type":"Point","coordinates":[28.14223,36.60035]},"properties":{"depth":34.1,"label":"34"}},{"type":"Feature","geometry":{"type":"Point","coordinates":[28.15057,36.60035]},"properties":{"depth":56.7,"label":"57"}},{"type":"Feature","geometry":{"type":"Point","coordinates":[28.15891,36.60765]},"properties":{"depth":65.0,"label":"65"}},{"type":"Feature","geometry":{"type":"Point","coordinates":[28.16725,36.60765]},"properties":{"depth":79.7,"label":"80"}},{"type":"Feature","geometry":{"type":"Point","coordinates":[28.17559,36.60765]},"properties":{"depth":92.8,"label":"93"}},{"type":"Feature","geometry":{"type":"Point","coordinates":[28.18393,36.60765]},"properties":{"depth":110.7,"label":"111"}},{"type":"Feature","geometry":{"type":"Point","coordinates":[27.75749,36.59826]},"properties":{"depth":70.6,"label":"71"}},{"type":"Feature","geometry":{"type":"Point","coordinates":[27.7627,36.5993]},"properties":{"depth":1.1,"label":"1.1"}},{"type":"Feature","geometry":{"type":"Point","coordinates":[27.76896,36.59305]},"properties":{"depth":2.7,"label":"2.7"}},{"type":"Feature","geometry":{"type":"Point","coordinates":[27.87427,36.59826]},"properties":{"depth":0.5,"label":"0.5"}},{"type":"Feature","geometry":{"type":"Point","coordinates":[27.88365,36.5993]},"properties":{"depth":21.4,"label":"21"}},{"type":"Feature","geometry":{"type":"Point","coordinates":[27.94934,36.5993]},"properties":{"depth":62.0,"label":"62"}},{"type":"Feature","geometry":{"type":"Point","coordinates":[27.95664,36.59826]},"properties":{"depth":1.1,"label":"1.1"}},{"type":"Feature","geometry":{"type":"Point","coordinates":[27.96393,36.59409]},"properties":{"depth":0.3,"label":"0.3"}},{"type":"Feature","geometry":{"type":"Point","coordinates":[27.96706,36.59305]},"properties":{"depth":1.1,"label":"1.1"}},{"type":"Feature","geometry":{"type":"Point","coordinates":[28.12242,36.59513]},"properties":{"depth":0.5,"label":"0.5"}},{"type":"Feature","geometry":{"type":"Point","coordinates":[28.13389,36.59722]},"properties":{"depth":8.3,"label":"8.3"}},{"type":"Feature","geometry":{"type":"Point","coordinates":[28.14223,36.5993]},"properties":{"depth":34.1,"label":"34"}},{"type":"Feature","geometry":{"type":"Point","coordinates":[28.15057,36.5993]},"properties":{"depth":56.6,"label":"57"}},{"type":"Feature","geometry":{"type":"Point","coordinates":[28.15891,36.5993]},"properties":{"depth":78.1,"label":"78"}},{"type":"Feature","geometry":{"type":"Point","coordinates":[28.16725,36.5993]},"properties":{"depth":106.2,"label":"106"}},{"type":"Feature","geometry":{"type":"Point","coordinates":[27.75749,36.58366]},"properties":{"depth":49.0,"label":"49"}},{"type":"Feature","geometry":{"type":"Point","coordinates":[27.76583,36.58366]},"properties":{"depth":7.1,"label":"7.1"}},{"type":"Feature","geometry":{"type":"Point","coordinates":[27.78147,36.5847]},"properties":{"depth":0.7,"label":"0.7"}},{"type":"Feature","geometry":{"type":"Point","coordinates":[27.78773,36.58366]},"properties":{"depth":1.2,"label":"1.2"}},{"type":"Feature","geometry":{"type":"Point","coordinates":[27.80024,36.58366]},"properties":{"depth":1.4,"label":"1.4"}},{"type":"Feature","geometry":{"type":"Point","coordinates":[27.80962,36.58783]},"properties":{"depth":0.3,"label":"0.3"}},{"type":"Feature","geometry":{"type":"Point","coordinates":[27.87531,36.5847]},"properties":{"depth":0.3,"label":"0.3"}},{"type":"Feature","geometry":{"type":"Point","coordinates":[27.88365,36.59096]},"properties":{"depth":35.6,"label":"36"}},{"type":"Feature","geometry":{"type":"Point","coordinates":[27.94934,36.59096]},"properties":{"depth":83.2,"label":"83"}},{"type":"Feature","geometry":{"type":"Point","coordinates":[27.95768,36.59096]},"properties":{"depth":39.0,"label":"39"}},{"type":"Feature","geometry":{"type":"Point","coordinates":[27.96602,36.58366]},"properties":{"depth":5.3,"label":"5.3"}},{"type":"Feature","geometry":{"type":"Point","coordinates":[28.06507,36.58783]},"properties":{"depth":0.2,"label":"0.2"}},{"type":"Feature","geometry":{"type":"Point","coordinates":[28.06716,36.58992]},"properties":{"depth":0.6,"label":"0.6"}},{"type":"Feature","geometry":{"type":"Point","coordinates":[28.08384,36.58366]},"properties":{"depth":0.4,"label":"0.4"}},{"type":"Feature","geometry":{"type":"Point","coordinates":[28.10886,36.59096]},"properties":{"depth":3.8,"label":"3.8"}},{"type":"Feature","geometry":{"type":"Point","coordinates":[28.1245,36.59096]},"properties":{"depth":17.2,"label":"17"}},{"type":"Feature","geometry":{"type":"Point","coordinates":[28.12763,36.59096]},"properties":{"depth":16.3,"label":"16"}},{"type":"Feature","geometry":{"type":"Point","coordinates":[28.13389,36.59096]},"properties":{"depth":26.3,"label":"26"}},{"type":"Feature","geometry":{"type":"Point","coordinates":[28.14223,36.59096]},"properties":{"depth":46.6,"label":"47"}},{"type":"Feature","geometry":{"type":"Point","coordinates":[28.15057,36.59096]},"properties":{"depth":69.3,"label":"69"}},{"type":"Feature","geometry":{"type":"Point","coordinates":[28.15891,36.59096]},"properties":{"depth":108.7,"label":"109"}},{"type":"Feature","geometry":{"type":"Point","coordinates":[27.74915,36.57531]},"properties":{"depth":20.8,"label":"21"}},{"type":"Feature","geometry":{"type":"Point","coordinates":[27.75436,36.57531]},"properties":{"depth":4.3,"label":"4.3"}},{"type":"Feature","geometry":{"type":"Point","coordinates":[27.76583,36.57949]},"properties":{"depth":0.2,"label":"0.2"}},{"type":"Feature","geometry":{"type":"Point","coordinates":[27.77104,36.58157]},"properties":{"depth":0.7,"label":"0.7"}},{"type":"Feature","geometry":{"type":"Point","coordinates":[27.77521,36.58261]},"properties":{"depth":12.4,"label":"12"}},{"type":"Feature","geometry":{"type":"Point","coordinates":[27.79085,36.58261]},"properties":{"depth":2.7,"label":"2.7"}},{"type":"Feature","geometry":{"type":"Point","coordinates":[27.79815,36.58157]},"properties":{"depth":0.8,"label":"0.8"}},{"type":"Feature","geometry":{"type":"Point","coordinates":[27.80024,36.57531]},"properties":{"depth":1.3,"label":"1.3"}},{"type":"Feature","geometry":{"type":"Point","coordinates":[27.81171,36.58157]},"properties":{"depth":1.5,"label":"1.5"}},{"type":"Feature","geometry":{"type":"Point","coordinates":[27.87531,36.57844]},"properties":{"depth":1.1,"label":"1.1"}},{"type":"Feature","geometry":{"type":"Point","coordinates":[27.88365,36.57531]},"properties":{"depth":46.7,"label":"47"}},{"type":"Feature","geometry":{"type":"Point","coordinates":[27.94934,36.57531]},"properties":{"depth":106.5,"label":"107"}},{"type":"Feature","geometry":{"type":"Point","coordinates":[27.95768,36.57531]},"properties":{"depth":48.2,"label":"48"}},{"type":"Feature","geometry":{"type":"Point","coordinates":[28.0536,36.5774]},"properties":{"depth":0.3,"label":"0.3"}},{"type":"Feature","geometry":{"type":"Point","coordinates":[28.06716,36.58261]},"properties":{"depth":12.3,"label":"12"}},{"type":"Feature","geometry":{"type":"Point","coordinates":[28.0828,36.58261]},"properties":{"depth":3.5,"label":"3.5"}},{"type":"Feature","geometry":{"type":"Point","coordinates":[28.08905,36.58053]},"properties":{"depth":0.7,"label":"0.7"}},{"type":"Feature","geometry":{"type":"Point","coordinates":[28.09218,36.58261]},"properties":{"depth":0.8,"label":"0.8"}},{"type":"Feature","geometry":{"type":"Point","coordinates":[28.10052,36.58261]},"properties":{"depth":17.9,"label":"18"}},{"type":"Feature","geometry":{"type":"Point","coordinates":[28.10886,36.58261]},"properties":{"depth":39.9,"label":"40"}},{"type":"Feature","geometry":{"type":"Point","coordinates":[28.1172,36.58261]},"properties":{"depth":57.9,"label":"58"}},{"type":"Feature","geometry":{"type":"Point","coordinates":[28.12555,36.58261]},"properties":{"depth":65.4,"label":"65"}},{"type":"Feature","geometry":{"type":"Point","coordinates":[28.13389,36.58261]},"properties":{"depth":77.1,"label":"77"}},{"type":"Feature","geometry":{"type":"Point","coordinates":[28.14223,36.58261]},"properties":{"depth":87.9,"label":"88"}},{"type":"Feature","geometry":{"type":"Point","coordinates":[28.15057,36.58261]},"properties":{"depth":106.2,"label":"106"}},{"type":"Feature","geometry":{"type":"Point","coordinates":[27.74081,36.56697]},"properties":{"depth":77.6,"label":"78"}},{"type":"Feature","geometry":{"type":"Point","coordinates":[27.74602,36.56697]},"properties":{"depth":0.3,"label":"0.3"}},{"type":"Feature","geometry":{"type":"Point","coordinates":[27.75123,36.56905]},"properties":{"depth":0.3,"label":"0.3"}},{"type":"Feature","geometry":{"type":"Point","coordinates":[27.75853,36.57218]},"properties":{"depth":34.5,"label":"34"}},{"type":"Feature","geometry":{"type":"Point","coordinates":[27.76687,36.57427]},"properties":{"depth":77.6,"label":"78"}},{"type":"Feature","geometry":{"type":"Point","coordinates":[27.78251,36.57114]},"properties":{"depth":101.4,"label":"101"}},{"type":"Feature","geometry":{"type":"Point","coordinates":[27.79085,36.57114]},"properties":{"depth":14.8,"label":"15"}},{"type":"Feature","geometry":{"type":"Point","coordinates":[27.79502,36.57218]},"properties":{"depth":0.4,"label":"0.4"}},{"type":"Feature","geometry":{"type":"Point","coordinates":[27.80962,36.56697]},"properties":{"depth":2.3,"label":"2.3"}},{"type":"Feature","geometry":{"type":"Point","coordinates":[27.81796,36.56801]},"properties":{"depth":1.0,"label":"1.0"}},{"type":"Feature","geometry":{"type":"Point","coordinates":[27.87531,36.56801]},"properties":{"depth":0.4,"label":"0.4"}},{"type":"Feature","geometry":{"type":"Point","coordinates":[27.88365,36.57114]},"properties":{"depth":37.3,"label":"37"}},{"type":"Feature","geometry":{"type":"Point","coordinates":[27.94934,36.5701]},"properties":{"depth":101.0,"label":"101"}},{"type":"Feature","geometry":{"type":"Point","coordinates":[27.95768,36.57427]},"properties":{"depth":48.7,"label":"49"}},{"type":"Feature","geometry":{"type":"Point","coordinates":[27.96602,36.57427]},"properties":{"depth":8.3,"label":"8.3"}},{"type":"Feature","geometry":{"type":"Point","coordinates":[27.97227,36.57114]},"properties":{"depth":0.4,"label":"0.4"}},{"type":"Feature","geometry":{"type":"Point","coordinates":[27.97749,36.56697]},"properties":{"depth":1.0,"label":"1.0"}},{"type":"Feature","geometry":{"type":"Point","coordinates":[28.01919,36.56697]},"properties":{"depth":0.3,"label":"0.3"}},{"type":"Feature","geometry":{"type":"Point","coordinates":[28.05152,36.57114]},"properties":{"depth":0.4,"label":"0.4"}},{"type":"Feature","geometry":{"type":"Point","coordinates":[28.05882,36.57427]},"properties":{"depth":18.7,"label":"19"}},{"type":"Feature","geometry":{"type":"Point","coordinates":[28.06716,36.57427]},"properties":{"depth":42.3,"label":"42"}},{"type":"Feature","geometry":{"type":"Point","coordinates":[28.0828,36.57427]},"properties":{"depth":35.1,"label":"35"}},{"type":"Feature","geometry":{"type":"Point","coordinates":[28.08801,36.57427]},"properties":{"depth":30.9,"label":"31"}},{"type":"Feature","geometry":{"type":"Point","coordinates":[28.09218,36.57427]},"properties":{"depth":34.5,"label":"35"}},{"type":"Feature","geometry":{"type":"Point","coordinates":[28.10052,36.57427]},"properties":{"depth":54.9,"label":"55"}},{"type":"Feature","geometry":{"type":"Point","coordinates":[28.10886,36.57427]},"properties":{"depth":80.3,"label":"80"}},{"type":"Feature","geometry":{"type":"Point","coordinates":[28.1172,36.57427]},"properties":{"depth":101.3,"label":"101"}},{"type":"Feature","geometry":{"type":"Point","coordinates":[28.12555,36.57427]},"properties":{"depth":114.2,"label":"114"}},{"type":"Feature","geometry":{"type":"Point","coordinates":[27.74081,36.56071]},"properties":{"depth":64.5,"label":"65"}},{"type":"Feature","geometry":{"type":"Point","coordinates":[27.7481,36.55967]},"properties":{"depth":0.2,"label":"0.2"}},{"type":"Feature","geometry":{"type":"Point","coordinates":[27.75019,36.55967]},"properties":{"depth":6.8,"label":"6.8"}},{"type":"Feature","geometry":{"type":"Point","coordinates":[27.75853,36.56592]},"properties":{"depth":117.7,"label":"118"}},{"type":"Feature","geometry":{"type":"Point","coordinates":[27.79711,36.56384]},"properties":{"depth":0.7,"label":"0.7"}},{"type":"Feature","geometry":{"type":"Point","coordinates":[27.80649,36.56592]},"properties":{"depth":2.0,"label":"2.0"}},{"type":"Feature","geometry":{"type":"Point","coordinates":[27.81275,36.56592]},"properties":{"depth":6.4,"label":"6.4"}},{"type":"Feature","geometry":{"type":"Point","coordinates":[27.81796,36.56592]},"properties":{"depth":5.7,"label":"5.7"}},{"type":"Feature","geometry":{"type":"Point","coordinates":[27.8409,36.5628]},"properties":{"depth":8.7,"label":"8.7"}},{"type":"Feature","geometry":{"type":"Point","coordinates":[27.87009,36.56384]},"properties":{"depth":0.3,"label":"0.3"}},{"type":"Feature","geometry":{"type":"Point","coordinates":[27.87531,36.56592]},"properties":{"depth":3.3,"label":"3.3"}},{"type":"Feature","geometry":{"type":"Point","coordinates":[27.88365,36.56592]},"properties":{"depth":53.0,"label":"53"}},{"type":"Feature","geometry":{"type":"Point","coordinates":[27.941,36.55862]},"properties":{"depth":101.7,"label":"102"}},{"type":"Feature","geometry":{"type":"Point","coordinates":[27.94412,36.55862]},"properties":{"depth":96.6,"label":"97"}},{"type":"Feature","geometry":{"type":"Point","coordinates":[27.95768,36.56592]},"properties":{"depth":78.5,"label":"78"}},{"type":"Feature","geometry":{"type":"Point","coordinates":[27.96602,36.56592]},"properties":{"depth":45.6,"label":"46"}},{"type":"Feature","geometry":{"type":"Point","coordinates":[27.97436,36.56592]},"properties":{"depth":13.5,"label":"14"}},{"type":"Feature","geometry":{"type":"Point","coordinates":[27.97853,36.56592]},"properties":{"depth":0.7,"label":"0.7"}},{"type":"Feature","geometry":{"type":"Point","coordinates":[28.00147,36.56175]},"properties":{"depth":0.6,"label":"0.6"}},{"type":"Feature","geometry":{"type":"Point","coordinates":[28.02545,36.55967]},"properties":{"depth":0.8,"label":"0.8"}},{"type":"Feature","geometry":{"type":"Point","coordinates":[28.05047,36.56592]},"properties":{"depth":16.5,"label":"17"}},{"type":"Feature","geometry":{"type":"Point","coordinates":[28.05882,36.56592]},"properties":{"depth":38.9,"label":"39"}},{"type":"Feature","geometry":{"type":"Point","coordinates":[28.06716,36.56592]},"properties":{"depth":67.5,"label":"67"}},{"type":"Feature","geometry":{"type":"Point","coordinates":[28.0828,36.56592]},"properties":{"depth":70.4,"label":"70"}},{"type":"Feature","geometry":{"type":"Point","coordinates":[28.08488,36.56592]},"properties":{"depth":69.7,"label":"70"}},{"type":"Feature","geometry":{"type":"Point","coordinates":[28.09218,36.56592]},"properties":{"depth":74.3,"label":"74"}},{"type":"Feature","geometry":{"type":"Point","coordinates":[28.10052,36.56592]},"properties":{"depth":88.4,"label":"88"}},{"type":"Feature","geometry":{"type":"Point","coordinates":[28.10886,36.56592]},"properties":{"depth":112.8,"label":"113"}},{"type":"Feature","geometry":{"type":"Point","coordinates":[28.1172,36.56592]},"properties":{"depth":118.9,"label":"119"}},{"type":"Feature","geometry":{"type":"Point","coordinates":[27.74081,36.55758]},"properties":{"depth":91.7,"label":"92"}},{"type":"Feature","geometry":{"type":"Point","coordinates":[27.7481,36.55758]},"properties":{"depth":9.8,"label":"9.8"}},{"type":"Feature","geometry":{"type":"Point","coordinates":[27.75019,36.55758]},"properties":{"depth":31.8,"label":"32"}},{"type":"Feature","geometry":{"type":"Point","coordinates":[27.83256,36.55028]},"properties":{"depth":43.5,"label":"43"}},{"type":"Feature","geometry":{"type":"Point","coordinates":[27.83777,36.55028]},"properties":{"depth":2.1,"label":"2.1"}},{"type":"Feature","geometry":{"type":"Point","coordinates":[27.84716,36.55758]},"properties":{"depth":0.4,"label":"0.4"}},{"type":"Feature","geometry":{"type":"Point","coordinates":[27.88365,36.55549]},"properties":{"depth":52.4,"label":"52"}},{"type":"Feature","geometry":{"type":"Point","coordinates":[27.941,36.55758]},"properties":{"depth":101.7,"label":"102"}},{"type":"Feature","geometry":{"type":"Point","coordinates":[27.94412,36.55758]},"properties":{"depth":96.9,"label":"97"}},{"type":"Feature","geometry":{"type":"Point","coordinates":[27.95038,36.55758]},"properties":{"depth":114.2,"label":"114"}},{"type":"Feature","geometry":{"type":"Point","coordinates":[27.96602,36.55758]},"properties":{"depth":76.3,"label":"76"}},{"type":"Feature","geometry":{"type":"Point","coordinates":[27.97436,36.55758]},"properties":{"depth":24.9,"label":"25"}},{"type":"Feature","geometry":{"type":"Point","coordinates":[27.99209,36.55758]},"properties":{"depth":2.2,"label":"2.2"}},{"type":"Feature","geometry":{"type":"Point","coordinates":[28.0046,36.55758]},"properties":{"depth":19.9,"label":"20"}},{"type":"Feature","geometry":{"type":"Point","coordinates":[28.00877,36.55758]},"properties":{"depth":24.5,"label":"25"}},{"type":"Feature","geometry":{"type":"Point","coordinates":[28.02441,36.55758]},"properties":{"depth":12.1,"label":"12"}},{"type":"Feature","geometry":{"type":"Point","coordinates":[28.03275,36.55758]},"properties":{"depth":1.7,"label":"1.7"}},{"type":"Feature","geometry":{"type":"Point","coordinates":[28.03379,36.55445]},"properties":{"depth":0.9,"label":"0.9"}},{"type":"Feature","geometry":{"type":"Point","coordinates":[28.04213,36.55758]},"properties":{"depth":21.1,"label":"21"}},{"type":"Feature","geometry":{"type":"Point","coordinates":[28.05047,36.55758]},"properties":{"depth":49.8,"label":"50"}},{"type":"Feature","geometry":{"type":"Point","coordinates":[28.05882,36.55758]},"properties":{"depth":74.2,"label":"74"}},{"type":"Feature","geometry":{"type":"Point","coordinates":[28.06716,36.55758]},"properties":{"depth":91.6,"label":"92"}},{"type":"Feature","geometry":{"type":"Point","coordinates":[28.0755,36.55758]},"properties":{"depth":92.0,"label":"92"}},{"type":"Feature","geometry":{"type":"Point","coordinates":[28.08384,36.55758]},"properties":{"depth":99.4,"label":"99"}},{"type":"Feature","geometry":{"type":"Point","coordinates":[28.09218,36.55758]},"properties":{"depth":109.3,"label":"109"}},{"type":"Feature","geometry":{"type":"Point","coordinates":[28.10052,36.55758]},"properties":{"depth":113.6,"label":"114"}},{"type":"Feature","geometry":{"type":"Point","coordinates":[27.83256,36.54924]},"properties":{"depth":4.0,"label":"4.0"}},{"type":"Feature","geometry":{"type":"Point","coordinates":[27.86697,36.54402]},"properties":{"depth":0.2,"label":"0.2"}},{"type":"Feature","geometry":{"type":"Point","coordinates":[27.87531,36.54611]},"properties":{"depth":1.4,"label":"1.4"}},{"type":"Feature","geometry":{"type":"Point","coordinates":[27.88365,36.54924]},"properties":{"depth":60.0,"label":"60"}},{"type":"Feature","geometry":{"type":"Point","coordinates":[27.94412,36.54924]},"properties":{"depth":117.5,"label":"118"}},{"type":"Feature","geometry":{"type":"Point","coordinates":[27.96602,36.54924]},"properties":{"depth":89.0,"label":"89"}},{"type":"Feature","geometry":{"type":"Point","coordinates":[27.97436,36.54924]},"properties":{"depth":40.7,"label":"41"}},{"type":"Feature","geometry":{"type":"Point","coordinates":[27.97957,36.54924]},"properties":{"depth":17.9,"label":"18"}},{"type":"Feature","geometry":{"type":"Point","coordinates":[27.98374,36.54924]},"properties":{"depth":23.7,"label":"24"}},{"type":"Feature","geometry":{"type":"Point","coordinates":[27.99209,36.54924]},"properties":{"depth":51.0,"label":"51"}},{"type":"Feature","geometry":{"type":"Point","coordinates":[28.00043,36.54924]},"properties":{"depth":76.0,"label":"76"}},{"type":"Feature","geometry":{"type":"Point","coordinates":[28.01607,36.54924]},"properties":{"depth":78.6,"label":"79"}},{"type":"Feature","geometry":{"type":"Point","coordinates":[28.02441,36.54924]},"properties":{"depth":66.3,"label":"66"}},{"type":"Feature","geometry":{"type":"Point","coordinates":[28.03275,36.54924]},"properties":{"depth":43.4,"label":"43"}},{"type":"Feature","geometry":{"type":"Point","coordinates":[28.03588,36.54924]},"properties":{"depth":40.2,"label":"40"}},{"type":"Feature","geometry":{"type":"Point","coordinates":[28.04213,36.54924]},"properties":{"depth":59.6,"label":"60"}},{"type":"Feature","geometry":{"type":"Point","coordinates":[28.05047,36.54924]},"properties":{"depth":93.4,"label":"93"}},{"type":"Feature","geometry":{"type":"Point","coordinates":[28.06611,36.54924]},"properties":{"depth":113.8,"label":"114"}},{"type":"Feature","geometry":{"type":"Point","coordinates":[28.06924,36.54924]},"properties":{"depth":112.9,"label":"113"}},{"type":"Feature","geometry":{"type":"Point","coordinates":[28.0755,36.54924]},"properties":{"depth":114.6,"label":"115"}},{"type":"Feature","geometry":{"type":"Point","coordinates":[27.82422,36.53776]},"properties":{"depth":90.2,"label":"90"}},{"type":"Feature","geometry":{"type":"Point","coordinates":[27.8336,36.5388]},"properties":{"depth":0.4,"label":"0.4"}},{"type":"Feature","geometry":{"type":"Point","coordinates":[27.84924,36.53567]},"properties":{"depth":0.7,"label":"0.7"}},{"type":"Feature","geometry":{"type":"Point","coordinates":[27.8555,36.53672]},"properties":{"depth":0.2,"label":"0.2"}},{"type":"Feature","geometry":{"type":"Point","coordinates":[27.86384,36.54089]},"properties":{"depth":0.5,"label":"0.5"}},{"type":"Feature","geometry":{"type":"Point","coordinates":[27.86697,36.54089]},"properties":{"depth":10.3,"label":"10"}},{"type":"Feature","geometry":{"type":"Point","coordinates":[27.87531,36.54089]},"properties":{"depth":74.9,"label":"75"}},{"type":"Feature","geometry":{"type":"Point","coordinates":[27.88365,36.54089]},"properties":{"depth":116.8,"label":"117"}},{"type":"Feature","geometry":{"type":"Point","coordinates":[27.97436,36.54089]},"properties":{"depth":104.3,"label":"104"}},{"type":"Feature","geometry":{"type":"Point","coordinates":[27.98062,36.54089]},"properties":{"depth":96.6,"label":"97"}},{"type":"Feature","geometry":{"type":"Point","coordinates":[27.98374,36.54089]},"properties":{"depth":97.6,"label":"98"}},{"type":"Feature","geometry":{"type":"Point","coordinates":[27.99209,36.54089]},"properties":{"depth":111.1,"label":"111"}},{"type":"Feature","geometry":{"type":"Point","coordinates":[28.03588,36.54089]},"properties":{"depth":118.6,"label":"119"}},{"type":"Feature","geometry":{"type":"Point","coordinates":[27.83256,36.53255]},"properties":{"depth":70.1,"label":"70"}},{"type":"Feature","geometry":{"type":"Point","coordinates":[27.8409,36.53255]},"properties":{"depth":28.0,"label":"28"}},{"type":"Feature","geometry":{"type":"Point","coordinates":[27.84611,36.53255]},"properties":{"depth":11.2,"label":"11"}},{"type":"Feature","geometry":{"type":"Point","coordinates":[27.8555,36.52942]},"properties":{"depth":1.4,"label":"1.4"}},{"type":"Feature","geometry":{"type":"Point","coordinates":[27.86592,36.53046]},"properties":{"depth":3.0,"label":"3.0"}},{"type":"Feature","geometry":{"type":"Point","coordinates":[27.87218,36.52629]},"properties":{"depth":1.1,"label":"1.1"}},{"type":"Feature","geometry":{"type":"Point","coordinates":[27.87531,36.52524]},"properties":{"depth":7.3,"label":"7.3"}},{"type":"Feature","geometry":{"type":"Point","coordinates":[27.88365,36.52524]},"properties":{"depth":95.3,"label":"95"}},{"type":"Feature","geometry":{"type":"Point","coordinates":[27.84924,36.52211]},"properties":{"depth":1.3,"label":"1.3"}},{"type":"Feature","geometry":{"type":"Point","coordinates":[27.85341,36.52316]},"properties":{"depth":1.9,"label":"1.9"}},{"type":"Feature","geometry":{"type":"Point","coordinates":[27.86384,36.5169]},"properties":{"depth":0.2,"label":"0.2"}},{"type":"Feature","geometry":{"type":"Point","coordinates":[27.87635,36.52003]},"properties":{"depth":0.2,"label":"0.2"}},{"type":"Feature","geometry":{"type":"Point","coordinates":[27.88365,36.5242]},"properties":{"depth":98.3,"label":"98"}},{"type":"Feature","geometry":{"type":"Point","coordinates":[27.85758,36.51586]},"properties":{"depth":8.1,"label":"8.1"}},{"type":"Feature","geometry":{"type":"Point","coordinates":[27.87322,36.51586]},"properties":{"depth":0.8,"label":"0.8"}},{"type":"Feature","geometry":{"type":"Point","coordinates":[27.87531,36.51586]},"properties":{"depth":15.5,"label":"16"}},{"type":"Feature","geometry":{"type":"Point","coordinates":[28.22147,36.45848]},"properties":{"depth":20.8,"label":"21"}},{"type":"Feature","geometry":{"type":"Point","coordinates":[28.22564,36.45848]},"properties":{"depth":43.1,"label":"43"}},{"type":"Feature","geometry":{"type":"Point","coordinates":[28.23398,36.45848]},"properties":{"depth":58.3,"label":"58"}},{"type":"Feature","geometry":{"type":"Point","coordinates":[28.24441,36.45848]},"properties":{"depth":66.9,"label":"67"}},{"type":"Feature","geometry":{"type":"Point","coordinates":[28.25066,36.45848]},"properties":{"depth":99.6,"label":"100"}},{"type":"Feature","geometry":{"type":"Point","coordinates":[28.27882,36.45848]},"properties":{"depth":112.9,"label":"113"}},{"type":"Feature","geometry":{"type":"Point","coordinates":[28.20791,36.45014]},"properties":{"depth":63.5,"label":"63"}},{"type":"Feature","geometry":{"type":"Point","coordinates":[28.21626,36.45014]},"properties":{"depth":2.9,"label":"2.9"}},{"type":"Feature","geometry":{"type":"Point","coordinates":[28.22251,36.4564]},"properties":{"depth":0.7,"label":"0.7"}},{"type":"Feature","geometry":{"type":"Point","coordinates":[28.22668,36.45223]},"properties":{"depth":0.3,"label":"0.3"}},{"type":"Feature","geometry":{"type":"Point","coordinates":[28.23398,36.45014]},"properties":{"depth":30.1,"label":"30"}},{"type":"Feature","geometry":{"type":"Point","coordinates":[28.24232,36.45014]},"properties":{"depth":47.3,"label":"47"}},{"type":"Feature","geometry":{"type":"Point","coordinates":[28.25066,36.45014]},"properties":{"depth":63.2,"label":"63"}},{"type":"Feature","geometry":{"type":"Point","coordinates":[28.259,36.45014]},"properties":{"depth":102.4,"label":"102"}},{"type":"Feature","geometry":{"type":"Point","coordinates":[28.28299,36.45014]},"properties":{"depth":83.9,"label":"84"}},{"type":"Feature","geometry":{"type":"Point","coordinates":[28.29133,36.45014]},"properties":{"depth":24.1,"label":"24"}},{"type":"Feature","geometry":{"type":"Point","coordinates":[28.29237,36.45014]},"properties":{"depth":22.5,"label":"23"}},{"type":"Feature","geometry":{"type":"Point","coordinates":[28.19123,36.44179]},"properties":{"depth":106.8,"label":"107"}},{"type":"Feature","geometry":{"type":"Point","coordinates":[28.19957,36.44179]},"properties":{"depth":60.3,"label":"60"}},{"type":"Feature","geometry":{"type":"Point","coordinates":[28.20791,36.44388]},"properties":{"depth":2.0,"label":"2.0"}},{"type":"Feature","geometry":{"type":"Point","coordinates":[28.20896,36.44492]},"properties":{"depth":1.0,"label":"1.0"}},{"type":"Feature","geometry":{"type":"Point","coordinates":[28.2319,36.44492]},"properties":{"depth":1.4,"label":"1.4"}},{"type":"Feature","geometry":{"type":"Point","coordinates":[28.23711,36.44284]},"properties":{"depth":0.2,"label":"0.2"}},{"type":"Feature","geometry":{"type":"Point","coordinates":[28.24232,36.44179]},"properties":{"depth":21.5,"label":"22"}},{"type":"Feature","geometry":{"type":"Point","coordinates":[28.25066,36.4491]},"properties":{"depth":58.7,"label":"59"}},{"type":"Feature","geometry":{"type":"Point","coordinates":[28.259,36.44805]},"properties":{"depth":98.9,"label":"99"}},{"type":"Feature","geometry":{"type":"Point","coordinates":[28.28299,36.44805]},"properties":{"depth":82.4,"label":"82"}},{"type":"Feature","geometry":{"type":"Point","coordinates":[28.29133,36.4491]},"properties":{"depth":27.4,"label":"27"}},{"type":"Feature","geometry":{"type":"Point","coordinates":[28.29237,36.4491]},"properties":{"depth":25.6,"label":"26"}},{"type":"Feature","geometry":{"type":"Point","coordinates":[28.1245,36.43345]},"properties":{"depth":101.3,"label":"101"}},{"type":"Feature","geometry":{"type":"Point","coordinates":[28.13284,36.43345]},"properties":{"depth":87.7,"label":"88"}},{"type":"Feature","geometry":{"type":"Point","coordinates":[28.13597,36.43345]},"properties":{"depth":86.7,"label":"87"}},{"type":"Feature","geometry":{"type":"Point","coordinates":[28.14953,36.43345]},"properties":{"depth":90.0,"label":"90"}},{"type":"Feature","geometry":{"type":"Point","coordinates":[28.15787,36.43345]},"properties":{"depth":83.5,"label":"83"}},{"type":"Feature","geometry":{"type":"Point","coordinates":[28.161,36.43345]},"properties":{"depth":81.1,"label":"81"}},{"type":"Feature","geometry":{"type":"Point","coordinates":[28.17455,36.43345]},"properties":{"depth":77.1,"label":"77"}},{"type":"Feature","geometry":{"type":"Point","coordinates":[28.18289,36.43345]},"properties":{"depth":69.3,"label":"69"}},{"type":"Feature","geometry":{"type":"Point","coordinates":[28.19123,36.43345]},"properties":{"depth":49.2,"label":"49"}},{"type":"Feature","geometry":{"type":"Point","coordinates":[28.19957,36.43345]},"properties":{"depth":9.9,"label":"9.9"}},{"type":"Feature","geometry":{"type":"Point","coordinates":[28.2027,36.43449]},"properties":{"depth":1.2,"label":"1.2"}},{"type":"Feature","geometry":{"type":"Point","coordinates":[28.23919,36.43449]},"properties":{"depth":0.4,"label":"0.4"}},{"type":"Feature","geometry":{"type":"Point","coordinates":[28.24232,36.43554]},"properties":{"depth":13.8,"label":"14"}},{"type":"Feature","geometry":{"type":"Point","coordinates":[28.25066,36.43449]},"properties":{"depth":55.1,"label":"55"}},{"type":"Feature","geometry":{"type":"Point","coordinates":[28.259,36.43449]},"properties":{"depth":100.8,"label":"101"}},{"type":"Feature","geometry":{"type":"Point","coordinates":[28.09948,36.4251]},"properties":{"depth":109.5,"label":"110"}},{"type":"Feature","geometry":{"type":"Point","coordinates":[28.10782,36.4251]},"properties":{"depth":72.4,"label":"72"}},{"type":"Feature","geometry":{"type":"Point","coordinates":[28.11616,36.4251]},"properties":{"depth":56.5,"label":"57"}},{"type":"Feature","geometry":{"type":"Point","coordinates":[28.12137,36.4251]},"properties":{"depth":50.4,"label":"50"}},{"type":"Feature","geometry":{"type":"Point","coordinates":[28.13284,36.4251]},"properties":{"depth":46.5,"label":"47"}},{"type":"Feature","geometry":{"type":"Point","coordinates":[28.14118,36.4251]},"properties":{"depth":41.8,"label":"42"}},{"type":"Feature","geometry":{"type":"Point","coordinates":[28.14953,36.4251]},"properties":{"depth":27.3,"label":"27"}},{"type":"Feature","geometry":{"type":"Point","coordinates":[28.15265,36.4251]},"properties":{"depth":24.9,"label":"25"}},{"type":"Feature","geometry":{"type":"Point","coordinates":[28.15891,36.4251]},"properties":{"depth":31.1,"label":"31"}},{"type":"Feature","geometry":{"type":"Point","coordinates":[28.16725,36.4251]},"properties":{"depth":41.1,"label":"41"}},{"type":"Feature","geometry":{"type":"Point","coordinates":[28.18289,36.4251]},"properties":{"depth":32.1,"label":"32"}},{"type":"Feature","geometry":{"type":"Point","coordinates":[28.19123,36.4251]},"properties":{"depth":10.1,"label":"10"}},{"type":"Feature","geometry":{"type":"Point","coordinates":[28.19957,36.43032]},"properties":{"depth":1.3,"label":"1.3"}},{"type":"Feature","geometry":{"type":"Point","coordinates":[28.24232,36.4251]},"properties":{"depth":16.1,"label":"16"}},{"type":"Feature","geometry":{"type":"Point","coordinates":[28.25066,36.4251]},"properties":{"depth":57.9,"label":"58"}},{"type":"Feature","geometry":{"type":"Point","coordinates":[28.259,36.43241]},"properties":{"depth":101.5,"label":"102"}},{"type":"Feature","geometry":{"type":"Point","coordinates":[28.04943,36.41676]},"properties":{"depth":110.7,"label":"111"}},{"type":"Feature","geometry":{"type":"Point","coordinates":[28.05777,36.41676]},"properties":{"depth":100.0,"label":"100"}},{"type":"Feature","geometry":{"type":"Point","coordinates":[28.06611,36.41676]},"properties":{"depth":94.6,"label":"95"}},{"type":"Feature","geometry":{"type":"Point","coordinates":[28.07445,36.41676]},"properties":{"depth":86.6,"label":"87"}},{"type":"Feature","geometry":{"type":"Point","coordinates":[28.0828,36.41676]},"properties":{"depth":79.1,"label":"79"}},{"type":"Feature","geometry":{"type":"Point","coordinates":[28.09114,36.41676]},"properties":{"depth":64.1,"label":"64"}},{"type":"Feature","geometry":{"type":"Point","coordinates":[28.09948,36.41676]},"properties":{"depth":46.2,"label":"46"}},{"type":"Feature","geometry":{"type":"Point","coordinates":[28.10782,36.41676]},"properties":{"depth":15.8,"label":"16"}},{"type":"Feature","geometry":{"type":"Point","coordinates":[28.11408,36.41676]},"properties":{"depth":0.2,"label":"0.2"}},{"type":"Feature","geometry":{"type":"Point","coordinates":[28.12137,36.41885]},"properties":{"depth":0.5,"label":"0.5"}},{"type":"Feature","geometry":{"type":"Point","coordinates":[28.14118,36.42093]},"properties":{"depth":1.0,"label":"1.0"}},{"type":"Feature","geometry":{"type":"Point","coordinates":[28.14536,36.42197]},"properties":{"depth":1.1,"label":"1.1"}},{"type":"Feature","geometry":{"type":"Point","coordinates":[28.17038,36.41989]},"properties":{"depth":0.5,"label":"0.5"}},{"type":"Feature","geometry":{"type":"Point","coordinates":[28.18289,36.41989]},"properties":{"depth":1.4,"label":"1.4"}},{"type":"Feature","geometry":{"type":"Point","coordinates":[28.18393,36.41989]},"properties":{"depth":0.4,"label":"0.4"}},{"type":"Feature","geometry":{"type":"Point","coordinates":[28.19332,36.42406]},"properties":{"depth":1.2,"label":"1.2"}},{"type":"Feature","geometry":{"type":"Point","coordinates":[28.23294,36.42093]},"properties":{"depth":0.4,"label":"0.4"}},{"type":"Feature","geometry":{"type":"Point","coordinates":[28.24232,36.42406]},"properties":{"depth":16.6,"label":"17"}},{"type":"Feature","geometry":{"type":"Point","coordinates":[28.25066,36.42197]},"properties":{"depth":52.2,"label":"52"}},{"type":"Feature","geometry":{"type":"Point","coordinates":[28.259,36.42302]},"properties":{"depth":106.2,"label":"106"}},{"type":"Feature","geometry":{"type":"Point","coordinates":[28.03275,36.40841]},"properties":{"depth":97.4,"label":"97"}},{"type":"Feature","geometry":{"type":"Point","coordinates":[28.04109,36.40841]},"properties":{"depth":86.1,"label":"86"}},{"type":"Feature","geometry":{"type":"Point","coordinates":[28.04943,36.40841]},"properties":{"depth":74.4,"label":"74"}},{"type":"Feature","geometry":{"type":"Point","coordinates":[28.05777,36.40841]},"properties":{"depth":62.2,"label":"62"}},{"type":"Feature","geometry":{"type":"Point","coordinates":[28.06611,36.40841]},"properties":{"depth":49.3,"label":"49"}},{"type":"Feature","geometry":{"type":"Point","coordinates":[28.07445,36.40841]},"properties":{"depth":31.1,"label":"31"}},{"type":"Feature","geometry":{"type":"Point","coordinates":[28.0828,36.40841]},"properties":{"depth":9.8,"label":"9.8"}},{"type":"Feature","geometry":{"type":"Point","coordinates":[28.23294,36.41259]},"properties":{"depth":1.5,"label":"1.5"}},{"type":"Feature","geometry":{"type":"Point","coordinates":[28.23398,36.41572]},"properties":{"depth":1.3,"label":"1.3"}},{"type":"Feature","geometry":{"type":"Point","coordinates":[28.24232,36.41572]},"properties":{"depth":34.4,"label":"34"}},{"type":"Feature","geometry":{"type":"Point","coordinates":[28.25066,36.41572]},"properties":{"depth":62.3,"label":"62"}},{"type":"Feature","geometry":{"type":"Point","coordinates":[28.2663,36.40841]},"properties":{"depth":107.2,"label":"107"}},{"type":"Feature","geometry":{"type":"Point","coordinates":[28.26735,36.40841]},"properties":{"depth":108.8,"label":"109"}},{"type":"Feature","geometry":{"type":"Point","coordinates":[28.00773,36.40007]},"properties":{"depth":113.7,"label":"114"}},{"type":"Feature","geometry":{"type":"Point","coordinates":[28.01607,36.40007]},"properties":{"depth":90.6,"label":"91"}},{"type":"Feature","geometry":{"type":"Point","coordinates":[28.02441,36.40007]},"properties":{"depth":81.5,"label":"81"}},{"type":"Feature","geometry":{"type":"Point","coordinates":[28.03275,36.40007]},"properties":{"depth":65.1,"label":"65"}},{"type":"Feature","geometry":{"type":"Point","coordinates":[28.04109,36.40007]},"properties":{"depth":55.7,"label":"56"}},{"type":"Feature","geometry":{"type":"Point","coordinates":[28.04943,36.40007]},"properties":{"depth":30.4,"label":"30"}},{"type":"Feature","geometry":{"type":"Point","coordinates":[28.05777,36.40007]},"properties":{"depth":2.9,"label":"2.9"}},{"type":"Feature","geometry":{"type":"Point","coordinates":[28.0609,36.40007]},"properties":{"depth":0.4,"label":"0.4"}},{"type":"Feature","geometry":{"type":"Point","coordinates":[28.07967,36.40529]},"properties":{"depth":0.2,"label":"0.2"}},{"type":"Feature","geometry":{"type":"Point","coordinates":[28.08592,36.40737]},"properties":{"depth":0.2,"label":"0.2"}},{"type":"Feature","geometry":{"type":"Point","coordinates":[28.22981,36.40424]},"properties":{"depth":0.8,"label":"0.8"}},{"type":"Feature","geometry":{"type":"Point","coordinates":[28.23398,36.40007]},"properties":{"depth":2.9,"label":"2.9"}},{"type":"Feature","geometry":{"type":"Point","coordinates":[28.24232,36.4032]},"properties":{"depth":40.9,"label":"41"}},{"type":"Feature","geometry":{"type":"Point","coordinates":[28.25066,36.40424]},"properties":{"depth":73.6,"label":"74"}},{"type":"Feature","geometry":{"type":"Point","coordinates":[28.26526,36.40737]},"properties":{"depth":103.5,"label":"104"}},{"type":"Feature","geometry":{"type":"Point","coordinates":[28.26735,36.40737]},"properties":{"depth":109.6,"label":"110"}},{"type":"Feature","geometry":{"type":"Point","coordinates":[27.99104,36.39172]},"properties":{"depth":102.2,"label":"102"}},{"type":"Feature","geometry":{"type":"Point","coordinates":[27.99938,36.39172]},"properties":{"depth":90.1,"label":"90"}},{"type":"Feature","geometry":{"type":"Point","coordinates":[28.00773,36.39172]},"properties":{"depth":75.7,"label":"76"}},{"type":"Feature","geometry":{"type":"Point","coordinates":[28.01607,36.39172]},"properties":{"depth":62.1,"label":"62"}},{"type":"Feature","geometry":{"type":"Point","coordinates":[28.02441,36.39172]},"properties":{"depth":49.6,"label":"50"}},{"type":"Feature","geometry":{"type":"Point","coordinates":[28.03275,36.39172]},"properties":{"depth":28.7,"label":"29"}},{"type":"Feature","geometry":{"type":"Point","coordinates":[28.04109,36.39172]},"properties":{"depth":3.5,"label":"3.5"}},{"type":"Feature","geometry":{"type":"Point","coordinates":[28.0536,36.39694]},"properties":{"depth":0.2,"label":"0.2"}},{"type":"Feature","geometry":{"type":"Point","coordinates":[28.05882,36.39903]},"properties":{"depth":0.6,"label":"0.6"}},{"type":"Feature","geometry":{"type":"Point","coordinates":[28.24024,36.39172]},"properties":{"depth":0.7,"label":"0.7"}},{"type":"Feature","geometry":{"type":"Point","coordinates":[28.24232,36.39172]},"properties":{"depth":11.0,"label":"11"}},{"type":"Feature","geometry":{"type":"Point","coordinates":[28.25066,36.39172]},"properties":{"depth":62.4,"label":"62"}},{"type":"Feature","geometry":{"type":"Point","coordinates":[28.259,36.39172]},"properties":{"depth":110.4,"label":"110"}},{"type":"Feature","geometry":{"type":"Point","coordinates":[27.97436,36.38338]},"properties":{"depth":97.7,"label":"98"}},{"type":"Feature","geometry":{"type":"Point","coordinates":[27.9827,36.38338]},"properties":{"depth":85.8,"label":"86"}},{"type":"Feature","geometry":{"type":"Point","coordinates":[27.99104,36.38338]},"properties":{"depth":72.2,"label":"72"}},{"type":"Feature","geometry":{"type":"Point","coordinates":[27.99938,36.38338]},"properties":{"depth":60.0,"label":"60"}},{"type":"Feature","geometry":{"type":"Point","coordinates":[28.00773,36.38338]},"properties":{"depth":48.6,"label":"49"}},{"type":"Feature","geometry":{"type":"Point","coordinates":[28.01607,36.38338]},"properties":{"depth":11.1,"label":"11"}},{"type":"Feature","geometry":{"type":"Point","coordinates":[28.02441,36.38338]},"properties":{"depth":1.2,"label":"1.2"}},{"type":"Feature","geometry":{"type":"Point","coordinates":[28.24232,36.39068]},"properties":{"depth":0.6,"label":"0.6"}},{"type":"Feature","geometry":{"type":"Point","coordinates":[28.25066,36.38547]},"properties":{"depth":35.6,"label":"36"}},{"type":"Feature","geometry":{"type":"Point","coordinates":[28.259,36.39068]},"properties":{"depth":110.9,"label":"111"}},{"type":"Feature","geometry":{"type":"Point","coordinates":[27.94934,36.37503]},"properties":{"depth":113.2,"label":"113"}},{"type":"Feature","geometry":{"type":"Point","coordinates":[27.95768,36.37503]},"properties":{"depth":88.4,"label":"88"}},{"type":"Feature","geometry":{"type":"Point","coordinates":[27.96602,36.37503]},"properties":{"depth":79.0,"label":"79"}},{"type":"Feature","geometry":{"type":"Point","coordinates":[27.97436,36.37503]},"properties":{"depth":64.9,"label":"65"}},{"type":"Feature","geometry":{"type":"Point","coordinates":[27.9827,36.37503]},"properties":{"depth":51.6,"label":"52"}},{"type":"Feature","geometry":{"type":"Point","coordinates":[27.99104,36.37503]},"properties":{"depth":27.0,"label":"27"}},{"type":"Feature","geometry":{"type":"Point","coordinates":[27.99938,36.37503]},"properties":{"depth":9.5,"label":"9.5"}},{"type":"Feature","geometry":{"type":"Point","coordinates":[28.00773,36.37503]},"properties":{"depth":2.6,"label":"2.6"}},{"type":"Feature","geometry":{"type":"Point","coordinates":[28.23815,36.37503]},"properties":{"depth":1.6,"label":"1.6"}},{"type":"Feature","geometry":{"type":"Point","coordinates":[28.24232,36.38234]},"properties":{"depth":5.7,"label":"5.7"}},{"type":"Feature","geometry":{"type":"Point","coordinates":[28.25066,36.38234]},"properties":{"depth":47.6,"label":"48"}},{"type":"Feature","geometry":{"type":"Point","coordinates":[27.92431,36.36669]},"properties":{"depth":99.4,"label":"99"}},{"type":"Feature","geometry":{"type":"Point","coordinates":[27.93265,36.36669]},"properties":{"depth":87.1,"label":"87"}},{"type":"Feature","geometry":{"type":"Point","coordinates":[27.941,36.36669]},"properties":{"depth":78.1,"label":"78"}},{"type":"Feature","geometry":{"type":"Point","coordinates":[27.94934,36.36669]},"properties":{"depth":64.2,"label":"64"}},{"type":"Feature","geometry":{"type":"Point","coordinates":[27.95768,36.36669]},"properties":{"depth":57.5,"label":"57"}},{"type":"Feature","geometry":{"type":"Point","coordinates":[27.96602,36.36669]},"properties":{"depth":42.7,"label":"43"}},{"type":"Feature","geometry":{"type":"Point","coordinates":[27.97436,36.36669]},"properties":{"depth":13.2,"label":"13"}},{"type":"Feature","geometry":{"type":"Point","coordinates":[27.9827,36.36669]},"properties":{"depth":0.7,"label":"0.7"}},{"type":"Feature","geometry":{"type":"Point","coordinates":[28.00564,36.37295]},"properties":{"depth":0.4,"label":"0.4"}},{"type":"Feature","geometry":{"type":"Point","coordinates":[28.2246,36.36878]},"properties":{"depth":0.9,"label":"0.9"}},{"type":"Feature","geometry":{"type":"Point","coordinates":[28.23711,36.37399]},"properties":{"depth":1.0,"label":"1.0"}},{"type":"Feature","geometry":{"type":"Point","coordinates":[28.24232,36.37399]},"properties":{"depth":24.5,"label":"24"}},{"type":"Feature","geometry":{"type":"Point","coordinates":[28.25066,36.37399]},"properties":{"depth":76.4,"label":"76"}},{"type":"Feature","geometry":{"type":"Point","coordinates":[27.89095,36.35834]},"properties":{"depth":106.2,"label":"106"}},{"type":"Feature","geometry":{"type":"Point","coordinates":[27.89929,36.35834]},"properties":{"depth":92.6,"label":"93"}},{"type":"Feature","geometry":{"type":"Point","coordinates":[27.90763,36.35834]},"properties":{"depth":74.6,"label":"75"}},{"type":"Feature","geometry":{"type":"Point","coordinates":[27.91597,36.35834]},"properties":{"depth":64.2,"label":"64"}},{"type":"Feature","geometry":{"type":"Point","coordinates":[27.92431,36.35834]},"properties":{"depth":62.3,"label":"62"}},{"type":"Feature","geometry":{"type":"Point","coordinates":[27.93265,36.35834]},"properties":{"depth":47.6,"label":"48"}},{"type":"Feature","geometry":{"type":"Point","coordinates":[27.941,36.35834]},"properties":{"depth":28.4,"label":"28"}},{"type":"Feature","geometry":{"type":"Point","coordinates":[27.94934,36.35834]},"properties":{"depth":9.6,"label":"9.6"}},{"type":"Feature","geometry":{"type":"Point","coordinates":[27.95768,36.35834]},"properties":{"depth":6.5,"label":"6.5"}},{"type":"Feature","geometry":{"type":"Point","coordinates":[27.96602,36.35834]},"properties":{"depth":4.0,"label":"4.0"}},{"type":"Feature","geometry":{"type":"Point","coordinates":[27.97957,36.3646]},"properties":{"depth":0.3,"label":"0.3"}},{"type":"Feature","geometry":{"type":"Point","coordinates":[28.21626,36.35834]},"properties":{"depth":1.9,"label":"1.9"}},{"type":"Feature","geometry":{"type":"Point","coordinates":[28.22564,36.36565]},"properties":{"depth":7.6,"label":"7.6"}},{"type":"Feature","geometry":{"type":"Point","coordinates":[28.23398,36.36565]},"properties":{"depth":17.7,"label":"18"}},{"type":"Feature","geometry":{"type":"Point","coordinates":[28.24232,36.36565]},"properties":{"depth":43.7,"label":"44"}},{"type":"Feature","geometry":{"type":"Point","coordinates":[28.25066,36.36565]},"properties":{"depth":90.7,"label":"91"}},{"type":"Feature","geometry":{"type":"Point","coordinates":[27.86592,36.35]},"properties":{"depth":117.9,"label":"118"}},{"type":"Feature","geometry":{"type":"Point","coordinates":[27.87427,36.35]},"properties":{"depth":105.8,"label":"106"}},{"type":"Feature","geometry":{"type":"Point","coordinates":[27.88261,36.35]},"properties":{"depth":77.8,"label":"78"}},{"type":"Feature","geometry":{"type":"Point","coordinates":[27.88886,36.35]},"properties":{"depth":62.0,"label":"62"}},{"type":"Feature","geometry":{"type":"Point","coordinates":[27.89929,36.35]},"properties":{"depth":65.6,"label":"66"}},{"type":"Feature","geometry":{"type":"Point","coordinates":[27.90763,36.35]},"properties":{"depth":52.4,"label":"52"}},{"type":"Feature","geometry":{"type":"Point","coordinates":[27.91597,36.35]},"properties":{"depth":36.0,"label":"36"}},{"type":"Feature","geometry":{"type":"Point","coordinates":[27.92431,36.35]},"properties":{"depth":14.7,"label":"15"}},{"type":"Feature","geometry":{"type":"Point","coordinates":[27.93265,36.35]},"properties":{"depth":7.7,"label":"7.7"}},{"type":"Feature","geometry":{"type":"Point","coordinates":[27.93995,36.35]},"properties":{"depth":3.9,"label":"3.9"}},{"type":"Feature","geometry":{"type":"Point","coordinates":[27.94934,36.35]},"properties":{"depth":1.2,"label":"1.2"}},{"type":"Feature","geometry":{"type":"Point","coordinates":[27.96706,36.35626]},"properties":{"depth":0.3,"label":"0.3"}},{"type":"Feature","geometry":{"type":"Point","coordinates":[28.21313,36.35522]},"properties":{"depth":0.7,"label":"0.7"}},{"type":"Feature","geometry":{"type":"Point","coordinates":[28.2173,36.3573]},"properties":{"depth":5.4,"label":"5.4"}},{"type":"Feature","geometry":{"type":"Point","coordinates":[28.22564,36.3573]},"properties":{"depth":18.7,"label":"19"}},{"type":"Feature","geometry":{"type":"Point","coordinates":[28.23502,36.3573]},"properties":{"depth":39.6,"label":"40"}},{"type":"Feature","geometry":{"type":"Point","coordinates":[28.24232,36.3573]},"properties":{"depth":67.4,"label":"67"}}]}